z,condmean,condvar,z_std_diff,logLR,SNP,study,stage
0.486016053817794,-0.494494503717916,0.0532410739334304,4.2494123005529,4.03936389747554,rs7176171,UKB,pre_outlier_removal
0.00920817156433913,0.0200135044451521,0.0291294484653978,-0.0633099571921847,-0.0196300482563724,rs7177199,UKB,pre_outlier_removal
1.2808774189521,1.04225487084113,0.0646642462033602,0.938381353377903,-8.25746683480676,rs118128568,UKB,pre_outlier_removal
0.0466506119946053,0.160681426945406,0.0298530409754378,-0.659975691319722,-0.732080781338975,rs34080509,UKB,pre_outlier_removal
-0.885862487883862,-0.937206828622909,0.0371716929855036,0.266309347887404,-9.31094357879384,rs56307429,UKB,pre_outlier_removal
0.554387226144718,0.644368871049498,0.0257136975612661,-0.561140561300121,-6.62880443940801,rs35877268,UKB,pre_outlier_removal
-0.743964523921042,0.0417193289858707,0.0553997852999337,-3.33805729684064,0.182033220117448,rs113385313,UKB,pre_outlier_removal
-0.177370719628641,-0.274763665846205,0.027791331952218,0.584215160712933,-2.92116529867749,rs34666995,UKB,pre_outlier_removal
-0.860432380023211,-0.699534998891076,0.0339939404425889,-0.872666331525809,-7.46236615313823,rs112794170,UKB,pre_outlier_removal
0.526105448749265,0.648367464905945,0.0257136975611162,-0.762446346081405,-6.25973958164246,rs35806147,UKB,pre_outlier_removal
0.0695746070388829,0.246215235083862,0.0295808390083239,-1.0270352654158,-1.41153014229113,rs12595096,UKB,pre_outlier_removal
-0.167437504091211,-0.277084129621259,0.0277913319520746,0.657719305592598,-2.82296716956503,rs17272228,UKB,pre_outlier_removal
-0.115272906192639,0.956416072864897,0.116266954036569,-3.14297276051512,0.408114912370391,rs11633388,UKB,pre_outlier_removal
-0.185656844789845,-0.236701384445706,0.0280185724344073,0.304948351192305,-2.98260611488888,rs17206452,UKB,pre_outlier_removal
-0.464924331952664,-0.056933358340597,0.119757873094263,-1.17895849934497,-0.580569869406422,rs78425228,UKB,pre_outlier_removal
-0.585741571514394,-0.0542467040167706,0.0371234181970844,-2.75851338844732,-0.297511484805329,rs139381987,UKB,pre_outlier_removal
0.866039188223146,0.833205745119648,0.0281233804543542,0.195786465722704,-10.3192427062097,rs112021494,UKB,pre_outlier_removal
0.490076647475195,0.506345901222119,0.0295373124892938,-0.0946634098323184,-5.19983130032352,rs8041253,UKB,pre_outlier_removal
0.807039860172692,0.651394161050044,0.0263650289144973,0.958568158434252,-8.0224983939936,rs8041184,UKB,pre_outlier_removal
0.77924866598728,1.02576486552428,0.0276980053030093,-1.48122562503869,-9.8928400904912,rs8025327,UKB,pre_outlier_removal
0.0569493288796722,0.127414172950781,0.0379302623044517,-0.361809172011332,-0.576715145565669,rs115272266,UKB,pre_outlier_removal
0.856288873021252,1.00808691863948,0.0276980053029621,-0.912098902315566,-11.4060824078307,rs6494604,UKB,pre_outlier_removal
0.763580673410094,0.833130486600855,0.035818767907665,-0.367485871219096,-7.90627141505571,rs79741304,UKB,pre_outlier_removal
-0.293094430371422,-0.557530914723172,0.0414798893970925,1.29838228021321,-2.7599357789894,rs6494605,UKB,pre_outlier_removal
0.909012309479914,0.915329585282537,0.0280347132235582,-0.0377295633423587,-11.5352975228943,rs7495343,UKB,pre_outlier_removal
0.810917398149359,0.877188138569114,0.0293408980727421,-0.386887877024198,-9.82217896660569,rs2414922,UKB,pre_outlier_removal
1.2617046093722,1.05769511353159,0.0298447387465306,1.18090916137507,-15.0327555669331,rs4583189,UKB,pre_outlier_removal
-0.405593393562113,-0.273067495333578,0.0290219648137388,-0.777924323445846,-3.41382791248132,rs78166027,UKB,pre_outlier_removal
-0.282656616722807,-0.308501814940894,0.0290219648137394,0.151710787150881,-3.56908842520659,rs117379959,UKB,pre_outlier_removal
0.991941463257294,0.842220632601171,0.0272129501863704,0.907599848226382,-11.2740398491973,rs6494606,UKB,pre_outlier_removal
0.111182576650009,0.00588923324881133,0.0336704405132359,0.573821104379461,-0.0592213682377251,rs116311233,UKB,pre_outlier_removal
-0.124769326459183,-0.00573737264928879,0.0250506034170754,-0.752063421951599,-0.085586823949085,rs74397338,UKB,pre_outlier_removal
-0.115966332935936,-0.0820580637910238,0.0293226102980609,-0.198017834769616,-0.964429353317253,rs11857895,UKB,pre_outlier_removal
-0.0384025209732108,-0.0154061856288507,0.0250506034169957,-0.145294621300385,-0.0730995478986325,rs4619347,UKB,pre_outlier_removal
0.0512775622252256,0.204648347532355,0.0257443530463321,-0.955876203615391,-1.0818482788496,rs2091822,UKB,pre_outlier_removal
0.119929591495868,0.194848624012353,0.0257443530463437,-0.466929345357216,-2.24297981256332,rs2091823,UKB,pre_outlier_removal
0.523598904533127,0.600733511220137,0.0249614339639935,-0.48821880572674,-6.29612852776654,rs72758571,UKB,pre_outlier_removal
-0.616127098899933,-0.645029805290772,0.0350090824101383,0.154471422924164,-6.07228778924505,rs28394773,UKB,pre_outlier_removal
0.00515843384419569,0.0566863502387979,0.0255324753824471,-0.322475051340403,-0.0353444186715273,rs74019810,UKB,pre_outlier_removal
-0.0319457735030667,-0.0161290221795209,0.0250506034169627,-0.0999328310074443,-0.0637154596449578,rs74019811,UKB,pre_outlier_removal
0.336334643126518,0.31393177947344,0.0287537162741625,0.13211634310295,-3.77496022723039,rs140560805,UKB,pre_outlier_removal
0.471806567222253,0.395039151240625,0.0274693451832201,0.463183168143703,-4.5722167959387,rs11638562,UKB,pre_outlier_removal
0.347543974784182,0.310834361013454,0.0287537162742007,0.21648749924168,-3.77994667054221,rs74668433,UKB,pre_outlier_removal
0.479559399758409,0.3279676564618,0.0283715259872173,0.899982779637061,-3.79551686754042,rs11633339,UKB,pre_outlier_removal
1.04144806183445,0.764108956326643,0.0259130201242179,1.72286835591335,-10.0540677969925,rs4776323,UKB,pre_outlier_removal
1.01839043240577,0.767572942555379,0.0259130201242081,1.55811246157198,-10.1549182675927,rs4776324,UKB,pre_outlier_removal
0.518768155468591,0.601255195885354,0.0249614339639742,-0.522096709763906,-6.24097088444277,rs72758573,UKB,pre_outlier_removal
0.988126166246462,0.549667191930211,0.0268827719906166,2.67418802257761,-6.0986763198957,rs4776325,UKB,pre_outlier_removal
0.153118570040106,0.364558959060242,0.02875371627417,-1.24692679535032,-2.22618665957464,rs141095579,UKB,pre_outlier_removal
-0.0355018981408231,-0.208153048957534,0.0256312564970495,1.07841154641725,-0.766580927340566,rs143115815,UKB,pre_outlier_removal
-0.00829210665026916,-0.180050270663184,0.0263553171628221,1.05799414830491,-0.16085886819153,rs148276244,UKB,pre_outlier_removal
0.472241921636726,0.394943671878218,0.0274693451832156,0.466386001890177,-4.57153861821133,rs142927108,UKB,pre_outlier_removal
0.501360725374638,0.603135067767238,0.0249614339639878,-0.644174515573347,-6.02908171122912,rs72758574,UKB,pre_outlier_removal
-0.0282333665041327,-0.176662959911812,0.0263553171628062,0.914295062264647,-0.537790442292788,rs112090117,UKB,pre_outlier_removal
1.03923921399448,0.830672083232064,0.0265397738478789,1.28025729079579,-11.2958238584432,rs7182788,UKB,pre_outlier_removal
1.26603460889532,1.54026595886405,0.0258899127653994,-1.7043226199261,-23.1432635257571,rs117054225,UKB,pre_outlier_removal
1.23702503348356,1.57597727438338,0.0256971026470437,-2.11444517953735,-22.7552652872749,rs79270607,UKB,pre_outlier_removal
1.11750998703759,1.75425006079826,0.0328731603754719,-3.51189444553552,-17.6243447847396,rs78582923,UKB,pre_outlier_removal
0.320728622169698,0.533774212993242,0.0250605954996136,-1.34578863732163,-3.55353293383908,rs28488129,UKB,pre_outlier_removal
-0.487384988343943,-0.824511339270273,0.030789089351964,1.92129599640219,-4.52545409065863,rs75991095,UKB,pre_outlier_removal
0.553578713966246,0.597495916671522,0.0249614339639744,-0.277971265772307,-6.60219336404925,rs66689025,UKB,pre_outlier_removal
-0.56817946507772,-0.323051111380817,0.0282632934259481,-1.45808272575676,-3.27336353368714,rs58084996,UKB,pre_outlier_removal
-0.24551809063596,-0.74806878657379,0.0259736299141016,3.11826883782807,-2.13044689520253,rs28385466,UKB,pre_outlier_removal
0.0321555849824049,0.359112362115788,0.0270013548012875,-1.9897456596837,-0.480036221197292,rs67198726,UKB,pre_outlier_removal
0.763790705225192,0.707996478761326,0.0244346965937722,0.356932246569433,-9.21084309914792,rs13329337,UKB,pre_outlier_removal
0.808564416078569,0.737731457484203,0.0242646884591674,0.454724152520321,-9.88318785613387,rs12148473,UKB,pre_outlier_removal
0.886625628599731,0.760955790300674,0.028584789218072,0.74329901829709,-9.35512438951532,rs12148870,UKB,pre_outlier_removal
-0.207678067288328,-0.164365572517694,0.0251433436801089,-0.273150301150556,-2.84330505704019,rs111762059,UKB,pre_outlier_removal
0.727973405685996,0.743942222872021,0.0242646884591645,-0.102514521569699,-9.34854560613487,rs34371706,UKB,pre_outlier_removal
0.77737570501538,0.740135022921811,0.0242646884591654,0.239072854506243,-9.72912956645678,rs35331173,UKB,pre_outlier_removal
0.522102330122237,0.600895130031155,0.0249614339639717,-0.498714238960307,-6.2792117257026,rs67699114,UKB,pre_outlier_removal
-1.48719821275184,-0.526999732410634,0.172650460909057,-2.31087866630328,-1.58323881016648,rs571026806,UKB,pre_outlier_removal
0.797912596772294,0.738552342473275,0.0242646884591742,0.381073187752679,-9.837979163805,rs12148891,UKB,pre_outlier_removal
0.0218688122209902,-1.10541365027887,0.036332903958647,5.91401872378355,0.199277975313214,rs12148490,UKB,pre_outlier_removal
-0.182543578873689,-0.0870429874241812,0.0240501617176479,-0.615810459007764,-1.7422611950741,rs542984599,UKB,pre_outlier_removal
-0.213503586155394,-0.163689421206178,0.0251433436801183,-0.314153092069511,-2.85582226593013,rs117385215,UKB,pre_outlier_removal
0.72308861113464,0.660879808422433,0.0272956261872031,0.376534965849851,-7.82619621616937,rs16950269,UKB,pre_outlier_removal
-0.215108305217719,-0.163503166054685,0.0251433436801175,-0.325447873135532,-2.85856626306705,rs113099844,UKB,pre_outlier_removal
0.10727648822646,-0.200921446880223,0.0251433436801171,1.94365065402407,2.11429298050845,rs112375829,UKB,pre_outlier_removal
0.897700194360954,0.810697710892537,0.0245763501087013,0.554974408537783,-11.3020479990318,rs532923151,UKB,pre_outlier_removal
-0.193085760743272,-0.166059259798622,0.0251433436801163,-0.170442661203645,-2.79396985233008,rs78181938,UKB,pre_outlier_removal
-0.246524065132833,-0.747914950911145,0.0259736299141003,3.11107235017535,-2.13900514086325,rs28432170,UKB,pre_outlier_removal
0.800503032661523,0.738352709915366,0.0242646884591714,0.398984503830349,-9.84967567816176,rs8025612,UKB,pre_outlier_removal
1.30634923956971,1.56622699883321,0.0256971026470536,-1.62116430882661,-24.525462045268,rs76993364,UKB,pre_outlier_removal
0.583095340391614,0.575923327398108,0.13696070523463,0.0193795226702385,-3.41189374599711,rs62007580,UKB,pre_outlier_removal
-0.107929182547645,-0.0920826517276963,0.0240501617176562,-0.102182188296403,-1.2111956594712,rs7169430,UKB,pre_outlier_removal
-0.408077374956013,-0.2460937743698,0.0272749299068654,-0.980819805046927,-3.13635076316034,rs7170743,UKB,pre_outlier_removal
0.722041966226993,0.711528905894322,0.0244346965937741,0.0672551710218669,-8.9685383654056,rs3985651,UKB,pre_outlier_removal
-0.386799226679642,-0.258255614933846,0.026311600280446,-0.792459118271645,-3.3925260993593,rs80263963,UKB,pre_outlier_removal
0.337936163571895,0.394553065856008,0.0266027378067188,-0.347122637351354,-4.10562187339024,rs2414918,UKB,pre_outlier_removal
1.33374328071397,-0.377804611846719,0.200218641992863,3.82504721575304,1.12081483981818,rs56384969,UKB,pre_outlier_removal
0.340160694241278,0.413414244824839,0.0331253668963134,-0.402483731804171,-3.84647996744718,rs78166632,UKB,pre_outlier_removal
1.46998750413565,1.36562648277249,0.024841179644567,0.662143641690973,-26.1964945573955,rs17272675,UKB,pre_outlier_removal
0.015498352133293,0.106982698870872,0.0498072117323348,-0.409921480141368,-0.102152809615226,rs62007581,UKB,pre_outlier_removal
-0.200427089381208,-0.0810309081092267,0.0259902494223131,-0.740602566983083,-1.62754978350751,rs142227185,UKB,pre_outlier_removal
0.191302941042572,0.114880970075414,0.0236739681453206,0.496686898877844,-2.26441064666819,rs8026949,UKB,pre_outlier_removal
0.23793419995646,0.0893537138816907,0.0237722063774271,0.963667092442758,-1.94229551286459,rs8027723,UKB,pre_outlier_removal
-0.462100720709192,-0.558964867949547,0.024552703280542,0.618177795881775,-5.57508953010986,rs2414925,UKB,pre_outlier_removal
1.5283153743718,1.35963885686338,0.0248411796445715,1.07020880125448,-26.5500738153901,rs67278134,UKB,pre_outlier_removal
-0.458825215295557,-0.559259171096621,0.0245527032805385,0.640959975363598,-5.53477517747573,rs79390908,UKB,pre_outlier_removal
-0.464372657124495,-0.558760735166874,0.0245527032805388,0.602375757223923,-5.60264138464686,rs75502100,UKB,pre_outlier_removal
-0.984253923286947,-0.897401630997443,0.023222018021279,-0.569942845567812,-13.7755574160996,rs62007582,UKB,pre_outlier_removal
0.283823798166764,-0.594951579271973,0.131224296894814,2.4258880357917,2.4138141978186,rs117077683,UKB,pre_outlier_removal
-0.830396677408136,-1.51770752998549,0.0387992672030331,3.48932514285538,-9.66530386030141,rs78390970,UKB,pre_outlier_removal
0.164521281269634,0.0104755339092976,0.023197486611443,1.01141466680356,-0.21228481613944,rs12440274,UKB,pre_outlier_removal
-0.54436290113475,-0.639770601001834,0.0240366671150581,0.615384143031185,-6.76285535441892,rs12440279,UKB,pre_outlier_removal
-0.96383813806162,-0.898030090114407,0.0232220180212767,-0.431846127713919,-13.6467358915448,rs28499347,UKB,pre_outlier_removal
-0.0120243873805481,-0.0229157335325387,0.0247365561796936,0.0692487506671542,-0.0345462146379246,rs76790109,UKB,pre_outlier_removal
0.115230918641739,0.0416492508054641,0.0235124010079116,0.479867279043278,-0.60994596575904,rs28521380,UKB,pre_outlier_removal
0.0314374182728694,-0.0271754505223875,0.0247365561796963,0.372669078775655,0.106887190812592,rs188786429,UKB,pre_outlier_removal
-0.128517012771716,-0.0906920922891158,0.0240501617176617,-0.243904056412371,-1.39334598976248,rs181334318,UKB,pre_outlier_removal
-0.150372693117232,-0.0892158987194378,0.0240501617176646,-0.394353511930315,-1.56002715475526,rs28521086,UKB,pre_outlier_removal
0.116736410430802,0.0415835021085453,0.023512401007918,0.49011421851743,-0.61626703196221,rs6416478,UKB,pre_outlier_removal
0.134423989315212,0.0113692457717084,0.0231974866114415,0.807937736499307,-0.194919637313304,rs4293326,UKB,pre_outlier_removal
0.00608189541049558,-0.00263984601547579,0.0260828372819361,0.0540039828849822,0.00191127992691409,rs4293327,UKB,pre_outlier_removal
-1.19513744006514,-1.09147327130315,0.0236554952108559,-0.674004269441548,-18.7056888278077,rs57729347,UKB,pre_outlier_removal
-1.09136675612229,-0.972275940807922,0.0231987533088754,-0.781890515649214,-15.8441728952416,rs62007584,UKB,pre_outlier_removal
1.45870107432845,1.28867155948194,0.0241116629333723,1.09499146415276,-24.8630144176823,rs66889121,UKB,pre_outlier_removal
-1.31991961214654,-0.995253248912606,0.0326692457019442,-1.79625397690424,-12.7427874444828,rs75991252,UKB,pre_outlier_removal
-0.960416900777983,-0.898135406061682,0.023222018021277,-0.408704150334975,-13.6225873960059,rs28497057,UKB,pre_outlier_removal
-0.0180973171673717,0.0895613663924748,0.0561344733265015,-0.454395727108913,0.0890084424351673,rs78609335,UKB,pre_outlier_removal
-1.08437981719297,-0.972483804490184,0.023198753308872,-0.734653053137071,-15.8096550844993,rs62007585,UKB,pre_outlier_removal
0.0831975865796458,0.0351760352260902,0.0231139145899024,0.315863493126306,-0.385781442364825,rs7166531,UKB,pre_outlier_removal
0.0589848426868775,0.0358051909302731,0.0231139145898999,0.152464998879105,-0.280774772402329,rs6494607,UKB,pre_outlier_removal
0.054849023224377,0.0359126580732202,0.0231139145898973,0.124554627561349,-0.262157705986523,rs6494608,UKB,pre_outlier_removal
-0.534553908674431,-0.741554551920459,0.027456854197075,1.24924122135138,-5.97718597863872,rs77518050,UKB,pre_outlier_removal
0.0585828439315904,0.035815636661393,0.0231139145899038,0.149752130333093,-0.278973369053516,rs7166933,UKB,pre_outlier_removal
0.0736598086823318,0.0354238694820474,0.0231139145899032,0.251498274802662,-0.345271418369036,rs1987318,UKB,pre_outlier_removal
-0.0203465669195371,-0.022100071848726,0.024736556179698,0.0111490374046029,-0.0563498363576156,rs2414921,UKB,pre_outlier_removal
0.0551457489471034,0.0359049478079047,0.0231139145899057,0.126557066297807,-0.263499534355491,rs1987316,UKB,pre_outlier_removal
-1.2660215731759,-1.14783485592879,0.0301531057837273,-0.680616767724968,-16.6644902015413,rs8028392,UKB,pre_outlier_removal
0.0415942330011576,0.0362570769841508,0.0231139145899011,0.0351053369867253,-0.20129098061387,rs1987317,UKB,pre_outlier_removal
0.0650288620844045,0.0948059211312123,0.0237655877559297,-0.193155697216202,-0.779150051240403,rs8033006,UKB,pre_outlier_removal
0.0669470348395945,0.0355982974599397,0.0231139145899043,0.206197455407766,-0.316080658480816,rs8033112,UKB,pre_outlier_removal
-1.07939822648045,-0.972632008417322,0.0231987533088774,-0.700973396436434,-15.7833155582316,rs62007586,UKB,pre_outlier_removal
0.0863686886527788,0.0620154160963849,0.0233192981223901,0.159477563540863,-0.693454774843415,rs8033862,UKB,pre_outlier_removal
-1.0165938308653,0.745031051785202,0.0861387280324635,-6.00225177580007,4.73879003086881,rs11854227,UKB,pre_outlier_removal
0.0395775818400034,0.0614042604792806,0.0238327883466058,-0.141383987540163,-0.313023417730065,rs7174207,UKB,pre_outlier_removal
-0.00272222562245174,0.0129948171401794,0.0246973690802483,-0.100010474737193,0.0044462595226884,rs7173894,UKB,pre_outlier_removal
-0.00698164012241187,0.0134048758340151,0.0246973690802477,-0.129723203647906,0.011761908651982,rs7175238,UKB,pre_outlier_removal
-1.06994952780279,-0.675312335617786,0.043717163678236,-1.88743508458914,-5.60735251175893,rs117360433,UKB,pre_outlier_removal
0.0717191007447995,0.0354742977802634,0.0231139145899032,0.23840150410312,-0.336888068863855,rs9944217,UKB,pre_outlier_removal
-0.021966781663558,0.0379086772790316,0.0231139145898999,-0.393832999581921,0.111426887586326,rs9944222,UKB,pre_outlier_removal
0.00798446465054388,0.0371304095387437,0.023113914589902,-0.191708508021202,-0.0397108426779671,rs9302239,UKB,pre_outlier_removal
0.00777610529235469,0.0371358236494959,0.0231139145899027,-0.193114610754957,-0.0386804446882543,rs55838402,UKB,pre_outlier_removal
0.00157326976885591,0.0372970011423501,0.0231139145899036,-0.234974136842456,-0.00786061701990337,rs55980687,UKB,pre_outlier_removal
-1.07479537541306,-0.97276894471823,0.0231987533088851,-0.669854331715131,-15.7576796291372,rs62007589,UKB,pre_outlier_removal
-0.161613369773098,-0.0652363928081658,0.0272090352841239,-0.584274224761619,-1.10772228154065,rs55904916,UKB,pre_outlier_removal
-0.879457816310322,-0.617338078519897,0.0240366671150569,-1.690684613888,-7.69963964886121,rs56401320,UKB,pre_outlier_removal
-0.682912670447392,-0.630495554815736,0.0240366671150571,-0.338092856531406,-7.96615695662079,rs55855162,UKB,pre_outlier_removal
-0.0146150147952713,0.021871085270468,0.0234653045370675,-0.238184966899035,0.0422411904882061,rs55735414,UKB,pre_outlier_removal
0.0490619757021373,-0.0563994584886063,0.0233256494353884,0.690520857154291,0.363816269325546,rs141658133,UKB,pre_outlier_removal
-0.0502884652823783,-0.108438896842949,0.0242010229289934,0.373797231603145,-0.675477241266907,rs8041185,UKB,pre_outlier_removal
-1.39692402609928,-0.960591391007326,0.032669245701944,-2.41406046265499,-12.3595560133796,rs149595251,UKB,pre_outlier_removal
0.502636266655742,0.531646508714977,0.0232344949315376,-0.190320133821059,-6.10825259820556,rs28733024,UKB,pre_outlier_removal
0.470035369641311,0.532668117394485,0.0232344949315395,-0.410898775323028,-5.79888925751385,rs28570970,UKB,pre_outlier_removal
0.506290098812046,0.531532009208037,0.0232344949315421,-0.165598196480211,-6.13865824378157,rs28461657,UKB,pre_outlier_removal
0.00512809808454062,-0.00830412395647862,0.0232694535573012,0.0880551517601132,0.00568168074320119,rs7175092,UKB,pre_outlier_removal
-1.1627290953114,-0.970152888246217,0.0231987533088746,-1.26435871184944,-16.0538866600242,rs11275529,UKB,pre_outlier_removal
0.508665412467964,0.531457574414136,0.0232344949315435,-0.149526753441387,-6.15796024674032,rs9944256,UKB,pre_outlier_removal
-1.05949330614358,-0.973224186204431,0.0231987533088754,-0.566399738684902,-15.6633081660454,rs7180678,UKB,pre_outlier_removal
0.4237433235867,0.594838758481908,0.024937768615205,-1.08345187749846,-4.92559077256868,rs4271551,UKB,pre_outlier_removal
0.422972153893673,0.408174648326502,0.0234201750068069,0.0966926458094256,-4.89111139668535,rs4456448,UKB,pre_outlier_removal
0.00793627436292285,-0.00839648087793561,0.0232694535572985,0.10706964469488,0.00889011433153364,rs4360869,UKB,pre_outlier_removal
-0.0750087056208031,-0.112343724930505,0.0242669390576721,0.239667353657513,-1.02643631906882,rs4600426,UKB,pre_outlier_removal
1.41353452363507,1.29184553558399,0.0241116629333736,0.783678076818631,-24.6006750813015,rs17272836,UKB,pre_outlier_removal
0.409858628952518,0.408693666260756,0.0234201750068085,0.00761231846978551,-4.83184398288721,rs6494609,UKB,pre_outlier_removal
1.41456643576885,1.2917730203177,0.0241116629333693,0.790790598294436,-24.6079459471182,rs67440550,UKB,pre_outlier_removal
1.42602242440147,1.2909679769041,0.0241116629333775,0.869751744801294,-24.6844449748806,rs72741011,UKB,pre_outlier_removal
-0.00329163129886164,0.129195184720986,0.0246313554950418,-0.84416726459959,0.0515039402914008,rs33962024,UKB,pre_outlier_removal
-1.05322105970913,-0.973410787555123,0.0231987533088772,-0.52399418615004,-15.6204910655458,rs7165115,UKB,pre_outlier_removal
-0.0515134650851362,-0.114156738404989,0.024266939057671,0.402130434605467,-0.723370397777578,rs28461731,UKB,pre_outlier_removal
-2.96644615447022,-3.03029344788697,0.0309145785715815,0.363128910228495,-37.8704721233774,rs151152156,UKB,pre_outlier_removal
0.00248194326352906,-0.052922940498489,0.0242342098018861,0.35590461243616,0.0167366399353319,rs7170238,UKB,pre_outlier_removal
0.694479478156519,0.441228738523019,0.0255770329064104,1.58352761465715,-4.71261611170765,rs7170720,UKB,pre_outlier_removal
0.0107642982584696,-0.00742100840807457,0.0233629807916597,0.118975216342947,0.010613726269292,rs6494610,UKB,pre_outlier_removal
-0.00807047581321362,-0.028351592864245,0.0233093598445311,0.132839336680212,-0.0304283835884849,rs6494611,UKB,pre_outlier_removal
-0.0114909890582247,-0.0271399780932736,0.0233821910889832,0.102339592544077,-0.0413443612911537,rs8031411,UKB,pre_outlier_removal
-0.0139376415171685,-0.0270472676049736,0.0233821910889777,0.0857329370751356,-0.0499701486077142,rs8031564,UKB,pre_outlier_removal
0.0107647415872123,-0.02534084198464,0.0234108495274799,0.235974884437051,0.0361277604387875,rs8033116,UKB,pre_outlier_removal
-0.0337159580893931,-0.0676470470817026,0.0233415925407418,0.222091816597511,-0.299620184210266,rs8032077,UKB,pre_outlier_removal
-0.102825146169488,-0.0924273925715633,0.0240501617176641,-0.0670471807409813,-1.16280464082328,rs28550088,UKB,pre_outlier_removal
-0.0824827355039744,-0.0742177497620738,0.0233512097674655,-0.0540863178560925,-0.78891247755378,rs12439745,UKB,pre_outlier_removal
-1.01205497203025,-0.974635491914357,0.0231987533088795,-0.245677523710816,-15.2779995194756,rs62007591,UKB,pre_outlier_removal
-1.01149089763312,-0.97465227330926,0.0231987533088725,-0.241863916141324,-15.2725537144914,rs62007592,UKB,pre_outlier_removal
-0.0526034159021446,-0.0669653856079526,0.0233415925407367,0.094004526132498,-0.46089111000438,rs11858575,UKB,pre_outlier_removal
-0.0447740659088787,-0.0672479522882949,0.0233415925407386,0.147100090219392,-0.394706467200334,rs11858643,UKB,pre_outlier_removal
0.0916544038380756,-0.105563083460235,0.0240501617176659,1.2717051228075,1.1818469992909,rs28417777,UKB,pre_outlier_removal
0.537003956280865,0.455884408579443,0.0262535797421019,0.500646582603784,-5.30806236122677,rs56184919,UKB,pre_outlier_removal
-0.112794059022456,-0.0731108534030814,0.0233512097674668,-0.259688103489042,-1.04192897421744,rs11855790,UKB,pre_outlier_removal
-0.460545380387977,-0.922228723483174,0.0940578164517335,1.50538214230639,-2.60347079750882,rs76412736,UKB,pre_outlier_removal
0.383344406129141,0.568656010198914,0.0267489117242594,-1.13305125614132,-4.26970525035034,rs145989564,UKB,pre_outlier_removal
0.407166317234366,0.48631817071239,0.0237302661399793,-0.513818556371338,-5.00522466032232,rs12440714,UKB,pre_outlier_removal
-0.472140166446094,0.231963307812084,0.0603893056969292,-2.86521007106809,2.55131197889791,rs567005534,UKB,pre_outlier_removal
-2.93786652262492,-3.04093197931484,0.0309145785715833,0.586180634560733,-37.6911059628603,rs181269956,UKB,pre_outlier_removal
-0.98357835819197,-0.709525775629685,0.0434880034915587,-1.31416278374562,-6.35711908943612,rs144600157,UKB,pre_outlier_removal
0.168728614507068,-0.103182746861502,0.112232153085895,0.811649839199983,0.472678250841893,rs137890808,UKB,pre_outlier_removal
-0.112385736592436,-0.055235626587781,0.0232587504960294,-0.374734674636697,-0.794785674437277,rs4476130,UKB,pre_outlier_removal
-0.119774369030891,-0.047003724412607,0.0232057558536402,-0.47770343333377,-0.720576567184972,rs4489953,UKB,pre_outlier_removal
1.19259541965831,1.19882168533997,0.0247907967817029,-0.0395441646667835,-19.7586200647498,rs7168649,UKB,pre_outlier_removal
-0.142445820906863,-0.0542612744190498,0.0232587504960285,-0.578228236715635,-0.962065976914937,rs6494612,UKB,pre_outlier_removal
-0.025351460084441,-0.0976601812755475,0.024050161717666,0.466263780266592,-0.312363852333166,rs28742127,UKB,pre_outlier_removal
-0.116703942546811,-0.047096024970082,0.0232057558536406,-0.456941688342038,-0.705183137941363,rs6494613,UKB,pre_outlier_removal
-0.133749392860613,-0.0545431559812835,0.0232587504960303,-0.519357240147998,-0.916688155832732,rs6494614,UKB,pre_outlier_removal
0.293623567044282,0.385119915199642,0.0233391705186118,-0.598909293350741,-3.89070404960956,rs8034198,UKB,pre_outlier_removal
0.0420295398262525,-0.0651678067498519,0.0263338487404185,0.660582200215587,0.31920420226787,rs28525528,UKB,pre_outlier_removal
-0.119713856720627,-0.484864454118059,0.0262291104078498,2.25465571604562,-0.925370918239617,rs8034392,UKB,pre_outlier_removal
-0.15022769078953,-0.317857010339739,0.0243691200366774,1.0738164643169,-2.47940235512212,rs8034547,UKB,pre_outlier_removal
-0.116537909497485,-0.0471010161147326,0.0232057558536421,-0.455818998759232,-0.704344189116432,rs8036074,UKB,pre_outlier_removal
-0.11449520494345,-0.04716242216717,0.0232057558536427,-0.442006549163675,-0.693968639748971,rs8035054,UKB,pre_outlier_removal
-1.01719723230164,-0.974482508016131,0.02319875330888,-0.280443438977588,-15.3266979464767,rs62007593,UKB,pre_outlier_removal
-0.119510058498409,-0.0470116698917102,0.0232057558536411,-0.475916206737621,-0.719260598445817,rs8035520,UKB,pre_outlier_removal
0.342486155054328,0.511395032684605,0.0238316036844748,-1.09414742374129,-4.08494913772915,rs12443265,UKB,pre_outlier_removal
-1.01128572297137,-0.974658377321504,0.0231987533088831,-0.240476766419281,-15.2705677748115,rs62007594,UKB,pre_outlier_removal
-0.18104016041699,-0.0451620041396852,0.0232057558536431,-0.891973159083684,-0.965741582974602,rs11858791,UKB,pre_outlier_removal
-0.133737105757809,-0.0545435542488725,0.0232587504960312,-0.519274061862831,-0.916622161479102,rs11858855,UKB,pre_outlier_removal
-0.112485051869637,-0.109451857506828,0.024266939057675,-0.0194712010199621,-1.45946145001559,rs11858857,UKB,pre_outlier_removal
-0.105677646025705,-0.0474274881467187,0.0232057558536432,-0.382383591034349,-0.648079893942888,rs28502111,UKB,pre_outlier_removal
-1.00058816412554,-0.974976633140479,0.0231987533088753,-0.168152456724832,-15.1632478175433,rs62005862,UKB,pre_outlier_removal
0.284324879178143,0.385454511610837,0.0233391705186154,-0.66196605567511,-3.79140578780334,rs28417425,UKB,pre_outlier_removal
0.229347812177265,0.387432761615293,0.0233391705186146,-1.03477949957683,-3.10330140377407,rs60274083,UKB,pre_outlier_removal
-0.97345090529677,-0.929431050490851,0.0235661556847578,-0.286750533472751,-14.0489943149089,rs7165780,UKB,pre_outlier_removal
1.1935464552494,1.26783611720131,0.0246484453277861,-0.473187884266064,-20.689966238014,rs67226916,UKB,pre_outlier_removal
0.250689799890538,0.227013766507597,0.0248591885495418,0.15016387592882,-3.34236604492476,rs7181047,UKB,pre_outlier_removal
-1.07064633708456,-0.972892379944135,0.0231987533088781,-0.641803414927587,-15.7334898255082,rs7181229,UKB,pre_outlier_removal
-0.959127125713611,-0.930090784339028,0.0235661556847594,-0.18914615725036,-13.9231183011848,rs7181918,UKB,pre_outlier_removal
-1.06478470285442,-0.973066765449264,0.0231987533088795,-0.602173939129463,-15.697548432162,rs7183066,UKB,pre_outlier_removal
0.936558016105806,1.03050562297206,0.0248203322387255,-0.59632350283517,-14.0041687810833,rs72741014,UKB,pre_outlier_removal
-1.07116753532895,-0.972876874128645,0.0231987533088686,-0.645327144385999,-15.7365851965226,rs7182138,UKB,pre_outlier_removal
0.881979604616842,0.865418084451454,0.0233260150387408,0.108437606271657,-12.4270507725551,rs4776326,UKB,pre_outlier_removal
0.113533044812033,0.0917041512508306,0.024050161717664,0.140757881804934,-1.26291697184809,rs4776838,UKB,pre_outlier_removal
0.114204923821836,0.0916587706696767,0.0240501617176612,0.145382941725837,-1.26901551247457,rs4776327,UKB,pre_outlier_removal
0.643800836379812,-0.157900221763972,0.0745393722429109,2.9364295874435,1.2037354478787,rs370792823,UKB,pre_outlier_removal
0.922550603895646,0.863981901999298,0.0233260150387332,0.383482299490377,-12.7597936002093,rs7495316,UKB,pre_outlier_removal
0.893658043239551,0.865004676625259,0.0233260150387432,0.187609739700793,-12.5338151973888,rs7495340,UKB,pre_outlier_removal
0.897729243754195,0.864860559229942,0.023326015038745,0.215209801728031,-12.5689384651763,rs7495344,UKB,pre_outlier_removal
0.890260477223319,0.865124947872631,0.0233260150387428,0.164576476551699,-12.503674983184,rs7495307,UKB,pre_outlier_removal
0.893780768793131,0.865000332234215,0.023326015038745,0.188441738242373,-12.5348897964158,rs7495569,UKB,pre_outlier_removal
-0.08584144384927,-0.093574519165736,0.0240501617176655,0.0498647033268956,-0.993709898901944,rs28665399,UKB,pre_outlier_removal
-0.0887415900086365,-0.0933786352103557,0.0240501617176655,0.029900767008539,-1.02341204701923,rs28550224,UKB,pre_outlier_removal
0.0941479651497181,-1.2056911389328,0.105808309723491,3.99603892261731,0.324412200887299,rs574011858,UKB,pre_outlier_removal
0.500400727844025,0.364214896708317,0.0303453829429944,0.781781905582186,-4.06721097464822,rs74608334,UKB,pre_outlier_removal
0.876792575245367,0.8656017013378,0.0233260150387399,0.0732729584305077,-12.3767655299077,rs4776840,UKB,pre_outlier_removal
0.895022313880049,0.864956382484393,0.02332601503874,0.196858597418282,-12.5457056069948,rs4776841,UKB,pre_outlier_removal
-1.02598460701039,-0.927011419485322,0.0235661556847548,-0.644723033445761,-14.3965961746533,rs62005863,UKB,pre_outlier_removal
-1.04458587327418,-0.926154670405683,0.0235661556847568,-0.771474843615257,-14.4783059141078,rs62005864,UKB,pre_outlier_removal
1.24998476284633,1.33179990791194,0.0239192301929842,-0.529005400380448,-23.0436953864728,rs4259997,UKB,pre_outlier_removal
-1.11264810177335,-0.971642813924798,0.0231987533088792,-0.925769942326207,-15.9325103667777,rs62005865,UKB,pre_outlier_removal
0.0736372262563566,0.156753709943171,0.0241848988049957,-0.534459774955509,-1.34329631081595,rs10162949,UKB,pre_outlier_removal
-0.297240841561178,-0.249050523901106,0.0241105381860655,-0.31035327795282,-3.53796663864456,rs10162965,UKB,pre_outlier_removal
0.311725123823635,0.393697491762965,0.0256377405799351,-0.511950069607012,-3.93977746757682,rs7496520,UKB,pre_outlier_removal
-0.941437229038323,-0.838945019577045,0.0257741142961209,-0.638408969957,-11.5383873025669,rs62005866,UKB,pre_outlier_removal
0.0269622532973232,0.035707399488905,0.0298611138112014,-0.0506074054686529,-0.0997951895640735,rs28708990,UKB,pre_outlier_removal
-0.813202774595979,-0.909065413920324,0.024609636910649,0.611078183371521,-11.3831879257659,rs16950284,UKB,pre_outlier_removal
-0.0714790360008956,-0.0945445962248295,0.0240501617176617,0.148732201687753,-0.84205620748488,rs111319539,UKB,pre_outlier_removal
-0.813016046837169,-0.909082663246258,0.0246096369106506,0.61237843910485,-11.3802244068248,rs8023363,UKB,pre_outlier_removal
0.0730157837455902,0.317183168232142,0.127865622266097,-0.682827105961083,-0.533513600372142,rs117048171,UKB,pre_outlier_removal
-0.814138432218873,-0.908978980797584,0.0246096369106494,0.60456284683911,-11.3980030420323,rs4589502,UKB,pre_outlier_removal
-0.586298844297089,-0.814831647928881,0.0264405403054184,1.40544347890252,-6.81440619090687,rs7495093,UKB,pre_outlier_removal
-0.347462686226729,0.139971453979269,0.0235310422053214,-3.17757172822335,2.10550310616487,rs111846485,UKB,pre_outlier_removal
-0.525291212107251,-0.716324473839662,0.0257480862012007,1.19051950127952,-6.11796250783466,rs11071923,UKB,pre_outlier_removal
0.979716284552548,1.07416263951855,0.0235890526233417,-0.614936047274392,-15.6723830229929,rs28400371,UKB,pre_outlier_removal
1.07654871108904,1.00738475389844,0.0243037594910634,0.443652674473974,-15.8006502683128,rs28532310,UKB,pre_outlier_removal
-1.05516648319761,-0.973352910580168,0.0231987533088755,-0.537146851435147,-15.634031545663,rs62005867,UKB,pre_outlier_removal
-0.329577691688752,-0.162977290669544,0.0252957648651406,-1.0474954244876,-2.5702219752322,rs9652479,UKB,pre_outlier_removal
-0.305876406264097,-0.247260634365422,0.0235704985742544,-0.381794883447446,-3.54555863684411,rs10851763,UKB,pre_outlier_removal
-0.310823393710226,-0.247031829191964,0.0235704985742532,-0.415507501671768,-3.54168575676611,rs10851764,UKB,pre_outlier_removal
0.781301839237638,0.889081574947248,0.0434069437916933,-0.517317904632517,-7.29076272260529,rs62005868,UKB,pre_outlier_removal
1.00093421253219,1.07316380564018,0.0235890526233412,-0.470283691711105,-16.0520124999361,rs11856656,UKB,pre_outlier_removal
-0.854821751496962,1.90304098462139,0.143799433483784,-7.2726729715436,3.4327428532761,rs570436631,UKB,pre_outlier_removal
0.381858894952096,0.450113084813489,0.0271233625655454,-0.414436074568554,-4.46751920572428,rs17273380,UKB,pre_outlier_removal
-0.220411039825137,-0.251213528565763,0.0235704985742515,0.200632563859235,-3.35033715967951,rs4776843,UKB,pre_outlier_removal
0.264048441569163,0.112759196817613,0.0235310422053216,0.986251038352835,-2.26711716826213,rs28639465,UKB,pre_outlier_removal
0.974478427065133,1.04305020859212,0.0236260355803471,-0.446118266475958,-15.3289262096115,rs56039617,UKB,pre_outlier_removal
0.189629235486867,0.116070852945601,0.0235310422053222,0.479525370623772,-2.28164590217041,rs28428544,UKB,pre_outlier_removal
-0.216700331134137,-0.251385154096526,0.0235704985742514,0.225920217568966,-3.33012941497293,rs4776329,UKB,pre_outlier_removal
1.00126497527143,1.07314823498542,0.0235890526233423,-0.468028730273703,-16.0577038959588,rs3079,UKB,pre_outlier_removal
0.197075266885894,0.126677703146862,0.0242150136554337,0.452392368956202,-2.4287392195409,rs3080,UKB,pre_outlier_removal
0.984841656356386,1.06763038075001,0.0236629202550687,-0.538191731220563,-15.6810010092746,rs7172591,UKB,pre_outlier_removal
0.956685330454831,0.129997794303543,0.0729926648415072,3.05986157736905,-0.523877620558459,rs537554346,UKB,pre_outlier_removal
0.143768768026883,0.118111644645541,0.0235310422053212,0.167258185587158,-1.95609825330596,rs78832633,UKB,pre_outlier_removal
0.143453498212805,0.118125674158547,0.0235310422053203,0.165111490996952,-1.95310242934298,rs28767312,UKB,pre_outlier_removal
0.153738403413427,0.117667995675724,0.0235310422053202,0.235142142083802,-2.04598033283682,rs28460333,UKB,pre_outlier_removal
-0.807559966877763,-0.836409231568364,0.024204772867885,0.185431812146272,-10.9875943605058,rs34114503,UKB,pre_outlier_removal
1.0754135754935,1.16531697039936,0.0235584655610358,-0.585736909902422,-18.2119393044872,rs7163779,UKB,pre_outlier_removal
1.07457160202022,1.16535546314696,0.0235584655610331,-0.591473306887681,-18.195611489246,rs28523708,UKB,pre_outlier_removal
0.142449110580972,0.118170369427769,0.0235310422053232,0.15827254416907,-1.94349769531408,rs58356889,UKB,pre_outlier_removal
-3.1169581296621,-2.97426661076704,0.0309145785715717,-0.8115522676429,-37.5599459867198,rs181000569,UKB,pre_outlier_removal
1.06058675836562,1.16599481233191,0.0235584655610347,-0.686752573400606,-17.9180021806471,rs28376583,UKB,pre_outlier_removal
0.137780276893531,0.118378132618202,0.023531042205321,0.126482123492914,-1.89766161471154,rs28736409,UKB,pre_outlier_removal
0.146949142866615,0.117970117902911,0.0235310422053183,0.188913584094119,-1.98580387555381,rs28479935,UKB,pre_outlier_removal
-0.265071931641286,-0.328906380132012,0.0236073188288105,0.415462450017857,-3.67306468730124,rs12593678,UKB,pre_outlier_removal
-0.738285694588163,-0.8571992831874,0.0346887395828111,0.638465192379885,-7.86172823680246,rs11852410,UKB,pre_outlier_removal
1.05591446339417,1.16249466507287,0.023633370028424,-0.693288043387908,-17.749882416255,rs60833948,UKB,pre_outlier_removal
0.150305167726068,0.117820774730884,0.0235310422053211,0.211764996080029,-2.01611153673038,rs28392612,UKB,pre_outlier_removal
-0.0536613808665961,-0.128396944571957,0.0281850788525799,0.445161592657724,-0.727495331282527,rs78925491,UKB,pre_outlier_removal
-0.259182992331676,-0.329188376700134,0.0236073188288057,0.455625593889007,-3.62502331389166,rs7167328,UKB,pre_outlier_removal
1.06357682401713,1.13718268263321,0.0236144392171062,-0.478986821608888,-17.7117224260255,rs28449352,UKB,pre_outlier_removal
0.162004608397801,0.117300149391889,0.023531042205322,0.291427319807082,-2.11298150618422,rs80076171,UKB,pre_outlier_removal
1.01914410404994,1.13932442241331,0.0236144392171064,-0.782068028213172,-16.8499863704559,rs28631852,UKB,pre_outlier_removal
-0.940349981236453,-0.810413650175914,0.0357907135058312,-0.686823935149291,-8.72427190062623,rs77147996,UKB,pre_outlier_removal
-0.27266369976155,-0.328542842244494,0.0236073188288132,0.363685846588501,-3.73168052061297,rs12439378,UKB,pre_outlier_removal
-0.276029739698395,-0.294415816995895,0.0247199477762045,0.116940597136815,-3.66157221132739,rs4598854,UKB,pre_outlier_removal
-0.829086792764617,-0.834807513145467,0.0242047728678849,0.0367705575299713,-11.2146361990159,rs4598855,UKB,pre_outlier_removal
-0.815673499249167,-0.806525745181538,0.0242944807839076,-0.058689535108472,-10.7645005800065,rs4077234,UKB,pre_outlier_removal
0.152680347036638,0.117715079205163,0.0235310422053202,0.227937760953926,-2.03689984749448,rs111773837,UKB,pre_outlier_removal
-1.06905782225453,-1.15694439504379,0.0236828514879998,0.571091285737386,-17.9397009135022,rs2002705,UKB,pre_outlier_removal
2.60778116444602,0.758453423404164,0.205021177420606,4.08427073680976,-2.88839360501484,rs77458979,UKB,pre_outlier_removal
-0.284116234841808,-0.327994428443549,0.0236073188288062,0.285578433700849,-3.81298638163348,rs12917148,UKB,pre_outlier_removal
-0.918216609753698,-0.823443221898622,0.0357907135058324,-0.500957897323765,-8.82643546648075,rs139012513,UKB,pre_outlier_removal
-0.810379275679509,-0.836199458939835,0.0242047728678867,0.165962059111707,-11.0191432950351,rs35024162,UKB,pre_outlier_removal
-0.135611874401952,-0.297719716147929,0.0272418979350694,0.982167011134502,-2.39991071771628,rs28473573,UKB,pre_outlier_removal
-1.11872469110363,-1.06228235869903,0.0243274226600774,-0.361873600769753,-17.0866542887575,rs11637156,UKB,pre_outlier_removal
-0.252497976471869,-0.329508494030592,0.0236073188288062,0.501218057938439,-3.56778159881126,rs11632167,UKB,pre_outlier_removal
-1.10115230041278,-1.1602761036101,0.0236333700284241,0.384591370542631,-18.6005867522926,rs4776846,UKB,pre_outlier_removal
0.278935040133762,-0.761210646107815,0.0590278210494085,4.28120275556499,1.61355984988159,rs562922956,UKB,pre_outlier_removal
0.164127409867022,0.117205684685128,0.023531042205321,0.305881626006839,-2.12902636654157,rs57965922,UKB,pre_outlier_removal
0.163799318816766,0.117220284743211,0.0235310422053201,0.3036476307087,-2.12657832148098,rs59209208,UKB,pre_outlier_removal
0.519052434995103,0.0673898173127502,0.102290124787448,1.41220353088624,-0.763743566393558,rs11633646,UKB,pre_outlier_removal
0.45900774106723,0.434378071213425,0.027123362565548,0.149550140626652,-4.87577515889935,rs147081017,UKB,pre_outlier_removal
-0.203541515410911,-0.201791327495462,0.0279281266206472,-0.0104728233567398,-2.97445881357615,rs7342666,UKB,pre_outlier_removal
-0.241937778186329,-0.345226161359063,0.0256087004816868,0.645442723237089,-3.37480020920853,rs4776848,UKB,pre_outlier_removal
-0.778865927246395,-0.598107790133034,0.0279111317639245,-1.08195483838639,-6.89240694974289,rs4776849,UKB,pre_outlier_removal
-0.834101557830697,-0.62262128603811,0.0266867231084714,-1.29456015282678,-7.40328336774202,rs7167149,UKB,pre_outlier_removal
1.15224498244752,1.13290871240858,0.0236144392171053,0.125829909491713,-19.0494267279035,rs28666529,UKB,pre_outlier_removal
0.193015779530205,0.115920151669335,0.0235310422053229,0.502584589903347,-2.29603461615408,rs28535721,UKB,pre_outlier_removal
-0.150088001887541,-0.117830438615063,0.0235310422053218,-0.210286298437532,-2.01418322930418,rs10851766,UKB,pre_outlier_removal
-0.149018018037234,-0.117878052917269,0.0235310422053219,-0.203000702292305,-2.00461556218282,rs8035155,UKB,pre_outlier_removal
-0.851090147115037,-1.03079894552385,0.130248173906349,0.497947456998188,-4.53425077887926,rs139111503,UKB,pre_outlier_removal
1.3864638337211,1.13287679851617,0.0249230946090795,1.60629779486905,-19.7167107782634,rs28409644,UKB,pre_outlier_removal
0.166954444841199,0.117079881573223,0.0235310422053204,0.325131108237174,-2.14963327217615,rs28562203,UKB,pre_outlier_removal
-1.3922063215045,-1.14035702262332,0.0248552955382868,-1.597464738079,-19.9796051935987,rs2464857,UKB,pre_outlier_removal
1.37539736496886,1.14261196837485,0.0250465985511049,1.47089392620208,-19.8549931098224,rs35459100,UKB,pre_outlier_removal
0.165781354918791,0.11713208409777,0.0235310422053207,0.317143455512226,-2.14118875535382,rs28688182,UKB,pre_outlier_removal
-0.789101937526282,-0.648655134437593,0.0275377978479472,-0.84634465205995,-7.75482197972239,rs2447300,UKB,pre_outlier_removal
0.255414726304399,0.0840397748227493,0.122137499568075,0.490368802613498,-0.5270655020751,rs12917168,UKB,pre_outlier_removal
0.902492161193107,0.816024834092634,0.0425264633938566,0.419297623160157,-7.74600916797454,rs4776851,UKB,pre_outlier_removal
0.926177639312047,1.14434640466615,0.0297769916436976,-1.2643058993139,-12.2246863048495,rs17207763,UKB,pre_outlier_removal
0.157089501073335,0.117518871764151,0.0235310422053208,0.25796000441769,-2.07399448596412,rs12101808,UKB,pre_outlier_removal
-1.06596498473964,-0.973031651683222,0.0231987533088792,-0.610153616907124,-15.7049528791219,rs62005893,UKB,pre_outlier_removal
0.139509332503236,0.1183011896098,0.0235310422053214,0.13825538612832,-1.91486188925676,rs28771754,UKB,pre_outlier_removal
-0.227403110638891,-0.283213879882667,0.0287801419878163,0.328981549930488,-3.26573444701571,rs11856585,UKB,pre_outlier_removal
1.43026885573657,1.23067708325844,0.0258164831407322,1.24220735094829,-21.8011905068473,rs34845591,UKB,pre_outlier_removal
-0.575921770692999,-0.548980296713437,0.0262233407730066,-0.166370891252681,-6.28026655584672,rs7162265,UKB,pre_outlier_removal
-0.799486855526272,-0.575814447822217,0.0284724653637897,-1.32556148238453,-6.37533365930186,rs2470060,UKB,pre_outlier_removal
0.327251585454356,0.132695572936947,0.0282738963040109,1.15704919962707,-2.20216296053712,rs2464859,UKB,pre_outlier_removal
0.51481415538518,0.359213780841564,0.0303453829429942,0.89323211016564,-3.968709175774,rs77688586,UKB,pre_outlier_removal
1.44132905165843,1.24238057927938,0.0288854981452584,1.17057886338429,-20.1037192897517,rs12911573,UKB,pre_outlier_removal
-1.36493137563102,0.223647765645881,0.134894331669592,-4.32525787368641,0.689520471916933,rs117396914,UKB,pre_outlier_removal
-0.550070487129075,-0.402909750033311,0.0287533158883398,-0.867856632077473,-4.48222795356818,rs11634276,UKB,pre_outlier_removal
0.248713833167172,-0.383096794735657,0.0526965031777223,2.75230163655122,2.94440759994154,rs11634363,UKB,pre_outlier_removal
-0.897500819009647,-0.931165589923048,0.0255586708692581,0.210574864917428,-12.3970694513144,rs2615191,UKB,pre_outlier_removal
0.912352127678727,0.954774569845018,0.0252322081435959,-0.267065652686778,-12.9165818076299,rs73480876,UKB,pre_outlier_removal
-1.24199751118312,-0.19480980657144,0.192634203609872,-2.38593074482549,-0.545743953547921,rs76040993,UKB,pre_outlier_removal
1.41412082544494,1.26264061248058,0.0288605915406079,0.891668229522023,-20.4395407156247,rs34001763,UKB,pre_outlier_removal
-0.922336479144281,-0.953576331142046,0.0252322081435923,0.19666692999234,-13.0379488208438,rs2708286,UKB,pre_outlier_removal
-1.06852965917921,-1.41765459490907,0.0335065353884256,1.90728725598256,-14.0532165187597,rs17273637,UKB,pre_outlier_removal
-0.920467580435615,-0.953800620798878,0.0252322081435922,0.209844358930469,-13.0157789670202,rs3101487,UKB,pre_outlier_removal
0.675203208231723,0.635648385421952,0.0267452423844944,0.241866752979477,-7.44945275354779,rs3865016,UKB,pre_outlier_removal
0.727990324060816,0.673706077560417,0.0265717849737413,0.333014734204188,-8.13055744566699,rs3852628,UKB,pre_outlier_removal
0.728455470079254,0.67362259638975,0.0265717849737387,0.336380368791317,-8.13181373601941,rs3852629,UKB,pre_outlier_removal
-1.35430777538378,-1.96712688642264,0.110801862813755,1.84102111516502,-7.90537565742555,rs34444425,UKB,pre_outlier_removal
-0.846830519117618,-0.882353612795321,0.0297315745854166,0.206016415267142,-10.1603942082957,rs2615184,UKB,pre_outlier_removal
0.670812912326749,0.531510045034062,0.0272787897878245,0.84342701254843,-6.11393080031243,rs1809318,UKB,pre_outlier_removal
-0.0408027706480496,0.136787911801582,0.0382384922236402,-0.908175530942836,0.439636385984243,rs117428747,UKB,pre_outlier_removal
1.71133017492304,2.07371983697071,0.0349764397895221,-1.93770651496887,-30.3466910282718,rs2169461,UKB,pre_outlier_removal
1.55806542711874,2.01983181501426,0.0344460251270875,-2.48801365911687,-26.9829198874974,rs5813407,UKB,pre_outlier_removal
-0.328971152769576,-0.35061955433075,0.0288284054661611,0.127501567588381,-3.87476895216531,rs1809317,UKB,pre_outlier_removal
1.39576624794801,1.29012408149133,0.0300450569081327,0.609467825202971,-20.16215360779,rs2169460,UKB,pre_outlier_removal
-0.0609905171223142,0.150865572039849,0.0382384922236405,-1.08340434083803,0.715864978148362,rs118032424,UKB,pre_outlier_removal
-0.833413814511913,-0.796327022632324,0.0269152148284458,-0.226058239918985,-10.0138602254213,rs2708291,UKB,pre_outlier_removal
-1.08063131378055,-1.02495177939115,0.0293581116193121,-0.324961219779832,-13.8368292932232,rs1675997,UKB,pre_outlier_removal
0.848707225462201,0.562502297354402,0.0307987517307435,1.63083697743458,-5.68705027660433,rs72741031,UKB,pre_outlier_removal
1.14138847603569,1.06614012343819,0.0291504237870052,0.440731975364563,-14.9570667650726,rs1973147,UKB,pre_outlier_removal
-0.1019855402578,-0.240697994203315,0.0303143029835731,0.796694210814643,-1.93686039883663,rs44196,UKB,pre_outlier_removal
-0.887840292053658,-0.785592689799083,0.0368485056364073,-0.532651546629348,-8.15061552513341,rs7179173,UKB,pre_outlier_removal
0.329928292563722,-0.0443311022896074,0.0535484210922262,1.61733273228122,0.689854592924165,rs117333759,UKB,pre_outlier_removal
-0.0853608062571447,0.0379293784048108,0.0271307419599723,-0.74851010480825,0.364293073889901,rs28660295,UKB,pre_outlier_removal
-0.163520062326241,0.0538960734262109,0.0271307419599698,-1.3199605062259,0.932237187075569,rs266330,UKB,pre_outlier_removal
0.580152735698926,0.672449845693105,0.0277828394181933,-0.553732211982927,-6.67904824015955,rs4147433,UKB,pre_outlier_removal
0.45324695014249,0.581914247354356,0.0267144210876061,-0.787218505344827,-5.21991547926783,rs2035150,UKB,pre_outlier_removal
0.51910108586205,0.666835223346538,0.0265671462229988,-0.906376022211539,-6.0283351332445,rs4776855,UKB,pre_outlier_removal
0.43810034035427,0.584728554075245,0.0267144210876058,-0.897107856837484,-5.01117329273228,rs12595796,UKB,pre_outlier_removal
0.423414659528013,0.587457218167858,0.0267144210876035,-1.00365314748756,-4.79476453955199,rs1498499,UKB,pre_outlier_removal
-0.0442497747228286,0.0295310474133996,0.0271307419599721,-0.447932583290782,0.148805536706768,rs266329,UKB,pre_outlier_removal
1.01474389395778,-0.59497066827377,0.136723074595314,4.35339390447318,3.14687775308402,rs142163771,UKB,pre_outlier_removal
-1.12675864481149,-1.33873641295093,0.028618742410838,1.25304031013504,-17.2671167628074,rs34361920,UKB,pre_outlier_removal
-0.307672031571598,-0.234391492724284,0.0371234181970711,-0.380333583416757,-3.13170106198625,rs148576416,UKB,pre_outlier_removal
1.44972226139882,1.57268408269397,0.0286909043948656,-0.725935722539425,-25.7450181084113,rs266327,UKB,pre_outlier_removal
2.15681120516741,2.15122253318809,0.043551945831732,0.0267796464000949,-33.826480407384,rs117448051,UKB,pre_outlier_removal
0.373946098175578,0.555353362438543,0.0391292222603056,-0.91707333500769,-3.70405789082517,rs17208249,UKB,pre_outlier_removal
-0.231377990946229,0.0677583708116566,0.0271307419599681,-1.8160942017022,1.42648913562718,rs266325,UKB,pre_outlier_removal
0.659305870501203,0.454952879175944,0.0303896197228154,1.17224493924455,-4.72803237310272,rs924311,UKB,pre_outlier_removal
-0.420086037744326,-0.161914407863887,0.0309881795366667,-1.46659596161749,-1.96519112856352,rs28501224,UKB,pre_outlier_removal
0.681444219517572,0.513781141506273,0.0274968391838623,1.0111045109682,-5.80791042061032,rs8039656,UKB,pre_outlier_removal
0.275400027446646,-0.613992878675422,0.0572082669218759,3.71846985830154,2.27899115960868,rs141023060,UKB,pre_outlier_removal
-0.186194898440565,-0.639676795687417,0.0439714546549845,2.16259173260962,-1.15345668703044,rs79829875,UKB,pre_outlier_removal
2.28307709900838,2.34882012491284,0.0308868760109809,-0.374078455870476,-36.6337183689974,rs112446172,UKB,pre_outlier_removal
0.283179267190223,-0.450651901387534,0.0379426349850544,3.76731912234214,3.18760504291339,rs4996334,UKB,pre_outlier_removal
0.308718803192707,0.378974897354771,0.0271669330679369,-0.426249316349435,-3.85120969330106,rs2017281,UKB,pre_outlier_removal
1.42084885670026,1.4903018700039,0.0260280949855456,-0.430496774056278,-26.5290840398182,rs266280,UKB,pre_outlier_removal
1.49445455620472,1.46101559377684,0.0260889856894792,0.207025668675133,-27.3075694526664,rs266281,UKB,pre_outlier_removal
0.349216683437868,0.231324854097137,0.0339053027191923,0.640250451807674,-3.10801026850351,rs744750,UKB,pre_outlier_removal
-1.36787643090428,-1.36371028838271,0.026069193072349,-0.0258030074983193,-23.8085580424747,rs12438505,UKB,pre_outlier_removal
0.742317060405222,0.511842361444861,0.0269936606880073,1.40278904022792,-5.62913654543469,rs898889,UKB,pre_outlier_removal
0.307406063242129,0.380291215728612,0.0274195462955448,-0.440158339381239,-3.8299087818326,rs1075961,UKB,pre_outlier_removal
-1.99436629278375,-1.86717434217391,0.0314409758618301,-0.71731781861488,-35.4415510068126,rs904365,UKB,pre_outlier_removal
-1.45619515408455,-1.42265289032812,0.0258530941749111,-0.208610471926643,-26.2731412708654,rs733664,UKB,pre_outlier_removal
2.25234894491448,2.36022064059648,0.0308868760109804,-0.61379099604404,-36.4355807300935,rs77262736,UKB,pre_outlier_removal
0.848713659195207,0.81962387382076,0.0386205783150256,0.148023657401157,-8.06012654429525,rs118109855,UKB,pre_outlier_removal
-0.86035149521405,-0.859418930641371,0.0389675274670392,-0.00472419143457304,-8.36204129896596,rs62005896,UKB,pre_outlier_removal
-1.45773431416186,-1.57508710933587,0.0257331776315717,0.731554572877533,-28.5726328797438,rs8040468,UKB,pre_outlier_removal
-2.02573831188219,-1.77076306925084,0.0297073704752757,-1.47933287149396,-34.4244177933307,rs266355,UKB,pre_outlier_removal
-2.11512033844545,-1.62172951710033,0.0357604643397808,-2.60909258944836,-28.2508305813495,rs266357,UKB,pre_outlier_removal
-1.64551981333837,-1.58424441578787,0.026515909069982,-0.376298837872942,-31.4664943408402,rs266359,UKB,pre_outlier_removal
-1.6104242883503,-1.59045607145554,0.026515909069982,-0.122626977747498,-31.0624521548857,rs266360,UKB,pre_outlier_removal
-1.53260562651933,-1.50961025947717,0.026231184325365,-0.141981381097314,-28.6324786808874,rs17208550,UKB,pre_outlier_removal
-1.50371465531689,-1.56854646133931,0.0257331776315726,0.404148909221002,-29.5335659297573,rs17208578,UKB,pre_outlier_removal
0.711176303963939,0.772950740527026,0.0267995920989875,-0.377350301198817,-8.71941964032603,rs7171625,UKB,pre_outlier_removal
0.302077456327195,0.231824804925802,0.0407850264613865,0.347866289923682,-3.04654052358136,rs16950350,UKB,pre_outlier_removal
-0.783998020666595,-0.278317854322831,0.0748728187323473,-1.84805047411456,-1.59064844950601,rs8032377,UKB,pre_outlier_removal
-2.27995444778012,-1.73594638876276,0.071852166244432,-2.02948291883246,-16.7905575676237,rs1965269,UKB,pre_outlier_removal
-1.21221538282964,-0.985349433100436,0.116275858242071,-0.665310749907367,-5.45964218352546,rs113412670,UKB,pre_outlier_removal
0.395813480680168,0.572864763894364,0.0401880597555551,-0.883182711529667,-3.84499021731034,rs201551002,UKB,pre_outlier_removal
0.330232179927095,0.457237911472417,0.0405180439353499,-0.630956014893745,-3.52762115869823,rs200509060,UKB,pre_outlier_removal
-0.404889937386465,-0.823665185301477,0.106433322824634,1.28363690267838,-2.54025894735097,rs1964535,UKB,pre_outlier_removal
-0.223422222131838,0.58862916377012,0.0783170309915244,-2.90171934063292,2.04646796974805,rs11632271,UKB,pre_outlier_removal
-0.241521238682885,-0.552307487854287,0.0319145008006387,1.73967357692572,-2.13093727639772,rs266363,UKB,pre_outlier_removal
0.346092707930617,-0.80755282129159,0.136039247409069,3.12780937504015,2.25739427410413,rs62005898,UKB,pre_outlier_removal
-0.805825247626667,-0.884280454338515,0.0345893154071637,0.421842942556139,-8.72123094040835,rs266364,UKB,pre_outlier_removal
-0.144886160853375,0.0405955193068088,0.0313893905033602,-1.0469105582613,0.556602673945438,rs447287,UKB,pre_outlier_removal
0.320175085226327,0.26659726087578,0.0386691291656311,0.272460079001075,-3.27848746692861,rs35636200,UKB,pre_outlier_removal
0.181238458201381,0.107986633214306,0.0267530926184155,0.44784883889421,-1.93209881463213,rs266365,UKB,pre_outlier_removal
0.192519644768681,0.105871174311133,0.026753092618415,0.529753584886373,-1.96850605923489,rs266366,UKB,pre_outlier_removal
0.7559481195942,1.20791246815897,0.0449911245842276,-2.13079051132361,-6.43727673763163,rs8023872,UKB,pre_outlier_removal
1.1914828683023,0.980201541715115,0.0390745624697028,1.06884333426574,-10.8261309539128,rs35515716,UKB,pre_outlier_removal
-0.782136835557884,-0.216711706989176,0.0835429198498825,-1.95623164726089,-1.17682476025477,rs74693937,UKB,pre_outlier_removal
0.251970543619329,0.212508751419727,0.0316830732234277,0.221698704231254,-3.07904005870661,rs266367,UKB,pre_outlier_removal
-0.285499247028848,-0.0550576146862059,0.0285912758421384,-1.36283781376912,-1.142828531368,rs28589508,UKB,pre_outlier_removal
0.315306760220538,0.422869718847267,0.0326751363119152,-0.595050789046304,-3.66424305634812,rs391971,UKB,pre_outlier_removal
-0.286865040628619,-0.559649217627151,0.0319167826943291,1.52689657825937,-2.72314987997295,rs7168889,UKB,pre_outlier_removal
0.668358969994194,-1.72561564862366,0.188951250696979,5.50737509302745,1.98046499997637,rs113871231,UKB,pre_outlier_removal
-0.219374458885303,-0.329874163837908,0.0315437801200875,0.622163100206077,-3.09454936495412,rs4776331,UKB,pre_outlier_removal
-0.320552908753292,0.028019011781954,0.029633961590919,-2.02487184832119,0.543497391029325,rs266368,UKB,pre_outlier_removal
-1.15062682849474,-0.549577444024028,0.063716930323995,-2.38112795825595,-3.15156985364838,rs62005928,UKB,pre_outlier_removal
-0.320826461620598,0.0281052896649849,0.0296339615909191,-2.02696212327908,0.544606439457695,rs266369,UKB,pre_outlier_removal
0.230650801470425,0.0675811038954308,0.0394996609679175,0.820496214608123,-1.08543707774453,rs412588,UKB,pre_outlier_removal
-0.261632352077189,-0.253819604143639,0.0294520777156324,-0.0455245690996469,-3.34462401908197,rs57849863,UKB,pre_outlier_removal
0.140550414447711,-0.0754359074188554,0.039061340761269,1.09283016867878,0.809601186481668,rs10686819,UKB,pre_outlier_removal
1.2520274109512,-0.0346505336374243,0.168307462036516,3.13630413786716,0.0871446420154474,rs117377875,UKB,pre_outlier_removal
-0.241686373987353,-0.36340445011738,0.0271604985515113,0.738560727442029,-3.27871268156096,rs17208967,UKB,pre_outlier_removal
-0.321594070916196,-0.22148920218756,0.0272091760487084,-0.606872565623075,-3.21103589823559,rs266371,UKB,pre_outlier_removal
-0.307711780276916,-0.224373465579801,0.0272091760487042,-0.505227542848552,-3.26320662029408,rs266372,UKB,pre_outlier_removal
-0.307391714279773,-0.0882441154559308,0.0314785906017057,-1.23517666061799,-1.65138812624841,rs266373,UKB,pre_outlier_removal
-0.439314191217603,-0.536918849348889,0.0299465319902675,0.564023600936361,-4.82778477900809,rs266374,UKB,pre_outlier_removal
-1.29925099516682,-1.7770568480943,0.0387558624032747,2.42707257380513,-17.7696860534336,rs266375,UKB,pre_outlier_removal
0.251818891817724,-0.205758140769797,0.0368960327758989,2.38217894529784,2.89086623793282,rs17274866,UKB,pre_outlier_removal
1.37881243831592,1.40677949537228,0.0366773323372312,-0.146031954606809,-18.3451539988753,rs79689375,UKB,pre_outlier_removal
0.98007076528581,0.502623392913304,0.0929295256242991,1.56620514911682,-2.74101510670416,rs17209135,UKB,pre_outlier_removal
1.30877436764067,1.45076619453422,0.0366773323372327,-0.741420306672532,-17.6528748225635,rs79869818,UKB,pre_outlier_removal
-1.1687933459315,-0.776927957505981,0.0481921341270596,-1.78504359298588,-6.443071362721,rs266376,UKB,pre_outlier_removal
0.861286503089519,0.574124680743669,0.0373127798505563,1.48661290275345,-5.24876760380689,rs266377,UKB,pre_outlier_removal
0.782263748229029,0.635517183804712,0.0370936281536249,0.761935634802751,-6.30106506872575,rs266378,UKB,pre_outlier_removal
1.71267438397214,1.43784140154426,0.0286462340782301,1.62380951749694,-26.3631517533316,rs56331943,UKB,pre_outlier_removal
1.72455543374263,1.68621468897143,0.0304538230495136,0.219704845311361,-30.7204718547551,rs74019841,UKB,pre_outlier_removal
1.20717127371799,1.27572475018155,0.0271589636840838,-0.415980417355312,-19.3559479863205,rs16950373,UKB,pre_outlier_removal
1.28664023480296,1.22965876463192,0.0290400029590933,0.33437617238047,-18.7486977581129,rs16950375,UKB,pre_outlier_removal
-0.395768235872931,-1.96619280266652,0.12483808162331,4.44471109654934,-1.86740661153266,rs8182030,UKB,pre_outlier_removal
1.29834066627413,1.22627695693955,0.0290400029590937,0.422881108937783,-18.8026276081675,rs74019842,UKB,pre_outlier_removal
1.44415069516656,1.30580482989889,0.0270386096263917,0.841344783031265,-22.7941608836375,rs7163945,UKB,pre_outlier_removal
0.991327671635633,0.248908702364907,0.0874146516774774,2.51105915681516,-0.960547894033951,rs72741047,UKB,pre_outlier_removal
1.50798785919915,1.29302497845991,0.0270386096263935,1.30728806318426,-22.846148362572,rs58069103,UKB,pre_outlier_removal
1.51585119080953,1.29145078243594,0.0270386096263923,1.36468200571025,-22.8394729167713,rs61317848,UKB,pre_outlier_removal
1.56932935437736,1.45635791113231,0.0445588211671311,0.535182409683319,-17.6938995059844,rs56166115,UKB,pre_outlier_removal
1.83523112636832,2.6361937275379,0.102811899949739,-2.49798913950601,-14.0750537644875,rs266379,UKB,pre_outlier_removal
1.20544272042659,0.26199940907073,0.110658583830674,2.83611120609573,-0.889267705769154,rs16950378,UKB,pre_outlier_removal
1.34856862858492,0.901320523435971,0.0734658234916018,1.65008316625438,-5.96757909626329,rs266380,UKB,pre_outlier_removal
-0.181996324905842,-0.269996413799057,0.09306368035206,0.288464915130495,-1.49931104384829,rs149764861,UKB,pre_outlier_removal
1.41635726456593,1.21320689109734,0.0359067321301961,1.07208614666354,-16.1094568740497,rs12439732,UKB,pre_outlier_removal
-1.66785557441066,-1.37221690910901,0.0465670341354797,-1.3700043423123,-16.0419821591473,rs17209331,UKB,pre_outlier_removal
0.353602465255053,0.520344945255135,0.0409929660706564,-0.823553059677906,-3.56665808516115,rs7181907,UKB,pre_outlier_removal
1.03658409351191,1.96337222934145,0.0604432575629978,-3.76969778476792,-10.0114413743805,rs7182253,UKB,pre_outlier_removal
0.910117142344218,2.34609045298231,0.175932622347768,-3.42352244924022,-3.63569850081633,rs147633426,UKB,pre_outlier_removal
-0.454457647732012,-0.277989221704734,0.0260849009388989,-1.09262822781267,-3.33543099265807,rs7183187,UKB,pre_outlier_removal
0.843041635644474,1.05920449645051,0.0272364147603403,-1.30980338918342,-11.3261245281777,rs6494619,UKB,pre_outlier_removal
0.2543824846315,0.177892877721784,0.025322325648208,0.480674003078573,-3.00818455462439,rs4334248,UKB,pre_outlier_removal
0.245065164914567,0.159855247139661,0.0260906157768695,0.52753099499701,-2.82739668016239,rs4600427,UKB,pre_outlier_removal
-1.47901061036379,-1.65651230929217,0.0261078013396325,1.09854376750616,-29.4640891261593,rs89625,UKB,pre_outlier_removal
0.255186303530064,0.209450813088272,0.0245037269400217,0.292171108630801,-3.2616579280694,rs8032542,UKB,pre_outlier_removal
0.185471866862776,0.248081519083582,0.0246097133512136,-0.399105776673951,-3.09171981781769,rs34063069,UKB,pre_outlier_removal
-0.130122956131185,-0.15523083287698,0.0258085386177202,0.156288952773607,-2.08216029932549,rs73482548,UKB,pre_outlier_removal
-0.12400889081624,-0.295214480778568,0.0293731769478343,0.998947075453036,-2.24006406016452,rs16950392,UKB,pre_outlier_removal
-1.56501387866147,-1.97510340284631,0.0271115964959636,2.49058362951256,-32.5364480730059,rs11639047,UKB,pre_outlier_removal
0.199888944873625,0.214299048811921,0.0245037269400209,-0.0920557755578311,-3.13512164857778,rs1903641,UKB,pre_outlier_removal
0.666243606955393,0.609064965920828,0.0355843927318049,0.303112641937886,-6.0401233039308,rs62005929,UKB,pre_outlier_removal
0.187596976635077,0.320580616982887,0.0252475994190917,-0.836928142791763,-2.91263120185415,rs2219665,UKB,pre_outlier_removal
-0.478710684118958,-0.596295231224445,0.0251012028493625,0.74216929722636,-5.7147746163367,rs61623247,UKB,pre_outlier_removal
-0.119183402576546,-0.156823565457408,0.025808538617734,0.234298650516575,-1.9548437983709,rs59188128,UKB,pre_outlier_removal
-0.117901099110645,-0.157010261059204,0.0258085386177188,0.243442726228031,-1.93916739275172,rs73484577,UKB,pre_outlier_removal
2.08894609045535,1.03672605598566,0.123219054069366,2.99755825056466,-5.2708877065512,rs113941374,UKB,pre_outlier_removal
-0.910993704873484,-0.845745414797291,0.0259828368984061,-0.404786342792903,-11.4139813263802,rs266387,UKB,pre_outlier_removal
-1.33625379381073,-1.34986807423889,0.025062724314831,0.0859964559220482,-23.9245968770022,rs266388,UKB,pre_outlier_removal
-1.34038937662095,-1.37360331562004,0.0251552892321295,0.209414006668621,-24.2546124062429,rs4776858,UKB,pre_outlier_removal
1.40678963006391,0.561402164800921,0.0842988633990828,2.91168872428759,-2.83198102337093,rs193121778,UKB,pre_outlier_removal
-0.428976740012261,-0.53379904072293,0.0239066113778734,0.6779453351688,-5.24036764575629,rs7175102,UKB,pre_outlier_removal
-1.52181324713493,-1.6930848436713,0.0262247976613945,1.05761907014075,-30.7875446395188,rs266389,UKB,pre_outlier_removal
0.164315913539916,0.217417939939872,0.0245037269400224,-0.339230601310881,-2.89689417344584,rs8035972,UKB,pre_outlier_removal
-0.0778431375742144,0.981526357815003,0.100861514141235,-3.33568261489425,0.254997159784993,rs147205510,UKB,pre_outlier_removal
-1.39280666909961,-1.32897053438969,0.0256091552187789,-0.398904519052505,-23.9081886219656,rs266390,UKB,pre_outlier_removal
0.165312445918898,0.233558770957474,0.0251507880114061,-0.430331831507504,-2.90526535916337,rs8036050,UKB,pre_outlier_removal
-0.426795764764331,-0.533932452832259,0.0239066113778724,0.692913792281375,-5.21251833099356,rs7176279,UKB,pre_outlier_removal
-0.946160585188191,-2.31243531929912,0.240876845461539,2.7838158915796,-2.76331349262556,rs187707663,UKB,pre_outlier_removal
0.154163090041514,0.234856528992995,0.0251507880113195,-0.508817952542668,-2.79851145897325,rs8036529,UKB,pre_outlier_removal
0.171577665950345,0.232829514509054,0.0251507880115501,-0.38622768564483,-2.95939769549416,rs35799444,UKB,pre_outlier_removal
-0.424868090042288,-0.486181600224594,0.0237876970610575,0.397539219339928,-5.18030864723153,rs7171372,UKB,pre_outlier_removal
-0.425247174201408,-0.486160412278236,0.0237876970610597,0.394943969779707,-5.18394568819496,rs7171550,UKB,pre_outlier_removal
-0.42602930683243,-0.486116696961265,0.0237876970610639,0.389589408483757,-5.19141994002943,rs7170713,UKB,pre_outlier_removal
-0.160286509391784,0.16362177021572,0.0505455062790828,-1.4407239439538,1.4887571817112,rs145400533,UKB,pre_outlier_removal
-0.42340442207855,-0.534139904146013,0.0239066113778734,0.716189236415642,-5.16863439562115,rs7170609,UKB,pre_outlier_removal
-0.426266400108379,-0.53396483451807,0.0239066113778722,0.696546924824394,-5.20571468422412,rs7171005,UKB,pre_outlier_removal
1.25649053810545,1.43258229730079,0.0285609086914006,-1.04196473772699,-20.586110186838,rs12442154,UKB,pre_outlier_removal
-1.63715540110279,-1.65431428989956,0.0249425939734824,0.108647153148446,-34.3202615413875,rs266300,UKB,pre_outlier_removal
-1.61383971851836,-1.41254857245064,0.0352606533034835,-1.0719622590657,-21.0196190230637,rs266299,UKB,pre_outlier_removal
-1.60513499040967,-1.69140941488881,0.025288430431454,0.542526721113002,-33.825317245277,rs266298,UKB,pre_outlier_removal
1.09781866812404,0.685787527321428,0.0620424376214915,1.65419085042555,-4.64590135096083,rs138308112,UKB,pre_outlier_removal
-0.0760224186979233,-0.0206900880734862,0.0261971034305015,-0.34186317827294,-0.184210204185792,rs904368,UKB,pre_outlier_removal
-1.28957321103725,-1.26882457448124,0.0251262902527121,-0.130895699187266,-21.9222249846894,rs266297,UKB,pre_outlier_removal
-0.271383434858918,-0.320149110439841,0.0352297331077968,0.259812216883942,-3.36995173083794,rs56183531,UKB,pre_outlier_removal
-0.482635671026673,-0.530072613795735,0.0246153596081972,0.302352524638357,-5.7383630965019,rs74612339,UKB,pre_outlier_removal
1.84199822687913,0.683865356617699,0.0957217115401323,3.74328729566274,-3.93756831601896,rs117706496,UKB,pre_outlier_removal
1.58084517840024,1.58165121450964,0.0254446500948437,-0.0050530809607777,-31.5519932237444,rs7162079,UKB,pre_outlier_removal
-0.527486193359867,-0.525918069984815,0.0246153596082001,-0.00999486968836764,-6.06445252388341,rs8028858,UKB,pre_outlier_removal
1.301733061606,1.30878421073887,0.0286804082245506,-0.041635830885333,-20.2643443032258,rs7167217,UKB,pre_outlier_removal
-0.038225768633816,-0.0596576458021338,0.0269964689283237,0.130438780529703,-0.259858053310928,rs7167321,UKB,pre_outlier_removal
-1.68937624838176,-1.86238869782272,0.0277799890074792,1.03803338152356,-34.4853743545208,rs266296,UKB,pre_outlier_removal
1.57103766812563,1.32184053920562,0.025833754073362,1.55041968536625,-24.861596192522,rs11854336,UKB,pre_outlier_removal
-1.62762702210625,-1.74204261602124,0.0273504794816559,0.691835347090055,-32.7342709037122,rs28430685,UKB,pre_outlier_removal
1.62827427624789,1.58146020009332,0.0272433102607334,0.283626312803734,-30.4189802020279,rs6494620,UKB,pre_outlier_removal
-0.484643236088745,-0.414006811445089,0.0237126824047785,-0.458710167358117,-5.07743370352877,rs7174602,UKB,pre_outlier_removal
-0.845374280192607,-0.669902539066579,0.102999476032722,-0.54675111541069,-4.12787972195972,rs143270530,UKB,pre_outlier_removal
-0.507384544486889,-0.323659123753761,0.0246210949068033,-1.17088857799117,-3.77160566222581,rs7179528,UKB,pre_outlier_removal
-0.493010191808058,-0.41356702169064,0.0237126824047787,-0.515900826575782,-5.07986324319585,rs16950408,UKB,pre_outlier_removal
-0.454718997259045,-0.415579710129889,0.0237126824047834,-0.254168993403365,-5.03148866372452,rs74019848,UKB,pre_outlier_removal
-0.473686638375332,-0.414582719765919,0.0237126824047789,-0.383818526116172,-5.06741271273178,rs74019849,UKB,pre_outlier_removal
-0.46193570222275,-0.415200380656845,0.0237126824047796,-0.303497342697914,-5.04794997134915,rs73484602,UKB,pre_outlier_removal
-0.474320113131929,-0.414549422624496,0.0237126824047796,-0.388148516634137,-5.06820484694941,rs16950414,UKB,pre_outlier_removal
-0.475944707008034,-0.414464029589655,0.0237126824047815,-0.399253104473286,-5.0701166302777,rs74019850,UKB,pre_outlier_removal
1.72770072251338,1.58616367323616,0.0275618020905984,0.852543077518832,-31.3818694677094,rs266294,UKB,pre_outlier_removal
0.532184531483017,0.365176607800134,0.0980828158299897,0.533261971588565,-3.05339063767983,rs72741051,UKB,pre_outlier_removal
-0.450866240144873,-0.415782221433037,0.0237126824047803,-0.22783423957382,-5.0212886791045,rs7181316,UKB,pre_outlier_removal
-0.490465285768995,-0.413700788814555,0.023712682404779,-0.498505628261508,-5.07959958188886,rs7180864,UKB,pre_outlier_removal
1.57180397548853,1.328363055394,0.0258866984613068,1.51305685795653,-25.0008332036279,rs11855555,UKB,pre_outlier_removal
0.346056021186188,2.20080982322818,0.126113910413871,-5.22281657821534,-1.80701436441743,rs142950680,UKB,pre_outlier_removal
-0.468547349425344,-0.414852854651511,0.0237126824047836,-0.348689940185471,-5.0600159199743,rs7163856,UKB,pre_outlier_removal
1.53891274983244,1.41152662525797,0.0253988205642798,0.799310191573889,-27.4286903945109,rs1020887,UKB,pre_outlier_removal
1.69511748705161,1.46667640856076,0.0267516943521373,1.39668527645102,-28.7496795929618,rs266293,UKB,pre_outlier_removal
-0.766041277426165,-0.817464750199902,0.025600840935982,0.321391426175798,-9.91889349531886,rs7169592,UKB,pre_outlier_removal
0.294922391118116,0.116306420332438,0.0278375744505126,1.07054417453077,-2.14882585285808,rs1546217,UKB,pre_outlier_removal
-0.754036823257264,-0.819101852930438,0.0256008409366555,0.406649756475351,-9.7762568731695,rs7170078,UKB,pre_outlier_removal
-0.65935976717971,-0.565690534571877,0.0241198735782779,-0.603127941349947,-7.06389938082673,rs7169633,UKB,pre_outlier_removal
-0.762734398641854,-0.817915724482711,0.0256008409353888,0.344877622102709,-9.88064553495329,rs7170443,UKB,pre_outlier_removal
1.82397529592151,1.61556958769476,0.0266270773078989,1.27716750577329,-33.6696391914913,rs266291,UKB,pre_outlier_removal
1.16655059099814,0.776580215702028,0.0274056057515567,2.35565623569641,-10.0328527733336,rs12908113,UKB,pre_outlier_removal
-0.564052438759972,-0.512676707049617,0.0235753819925065,-0.334602091374548,-6.28386215296317,rs10674024,UKB,pre_outlier_removal
0.488854931275385,0.241384577663284,0.0260131585879353,1.53435776168637,-2.56289089956575,rs3803519,UKB,pre_outlier_removal
-1.69866582025669,-1.57178017026619,0.0265005548337121,-0.77944419223865,-31.8363887983707,rs266288,UKB,pre_outlier_removal
-1.12093650423401,-1.12759996368854,0.0263097905128299,0.0410810054601608,-16.9401916698179,rs266287,UKB,pre_outlier_removal
-1.08107477277298,-0.464916708606505,0.155211745807997,-1.56397513784899,-2.12520395171318,rs117330287,UKB,pre_outlier_removal
-0.632035355152266,-0.509517664530464,0.0235753819925107,-0.79793852365062,-6.33997655411699,rs1381545,UKB,pre_outlier_removal
-0.612553829122832,-0.510422935623892,0.0235753819925087,-0.665162508075905,-6.35311954788233,rs2899721,UKB,pre_outlier_removal
0.500999319426478,0.239506124558389,0.0260131585879335,1.6213017329863,-2.44618645424157,rs6494621,UKB,pre_outlier_removal
-0.630669405955104,-0.509581137705916,0.0235753819925066,-0.788628919691551,-6.34162547142507,rs74019851,UKB,pre_outlier_removal
-0.625527202538068,-0.509820086549282,0.02357538199251,-0.753582318107575,-6.34686217961733,rs74019852,UKB,pre_outlier_removal
-0.623726743723208,-0.509903750596834,0.023575381992509,-0.741311321098271,-6.3483298724622,rs56368938,UKB,pre_outlier_removal
-1.72960526230907,-1.63273807948284,0.0266270773078974,-0.593628741429936,-33.4561021312545,rs7183114,UKB,pre_outlier_removal
0.351200103081766,0.64344713155716,0.0358094934453883,-1.5443687856855,-3.07904060586961,rs62005930,UKB,pre_outlier_removal
0.482531216013602,0.133976606617656,0.0275341279933945,2.10056036634404,-1.10616732135655,rs56086449,UKB,pre_outlier_removal
-0.622068177824776,-0.509980821138605,0.0235753819925117,-0.730007392892747,-6.34951249822332,rs57147322,UKB,pre_outlier_removal
-0.610469139141185,-0.5105198073771,0.0235753819925107,-0.65095433829135,-6.35317892070608,rs56364706,UKB,pre_outlier_removal
-0.516830242762658,-0.514871036638693,0.0235753819925206,-0.0127600025282007,-6.06956816494401,rs12593018,UKB,pre_outlier_removal
-0.994465656307051,-1.20037393063132,0.0283379994740762,1.22317671470325,-14.2091324392405,rs374101,UKB,pre_outlier_removal
-0.509977303227666,-0.515189480279087,0.023575381992524,0.0339460925218794,-6.02619178857713,rs35475106,UKB,pre_outlier_removal
-0.499457921093797,-0.515678296840522,0.0235753819925106,0.105640765922966,-5.9535396185748,rs12593057,UKB,pre_outlier_removal
-0.580503351421007,-0.511912263048855,0.0235753819925092,-0.446723012109456,-6.32415128546233,rs12593091,UKB,pre_outlier_removal
-0.434107296641934,-0.78669150593089,0.026583398396714,2.16250742981696,-4.18904564025253,rs111362634,UKB,pre_outlier_removal
-0.399923703440311,-0.520303470963087,0.023575381992513,0.784014565464158,-4.91003018832503,rs74019853,UKB,pre_outlier_removal
-0.407375113034708,-0.519957217507409,0.0235753819925103,0.733229607712194,-5.0095888480456,rs74019854,UKB,pre_outlier_removal
-0.934966449198109,-1.07464716299297,0.0595588933616779,0.572351909197922,-7.50769025735746,rs62005932,UKB,pre_outlier_removal
-1.52553036216518,-1.62600274533614,0.0269652695633036,0.611849093064479,-29.4831974732621,rs383880,UKB,pre_outlier_removal
-0.407715364781722,-0.519941406627332,0.0235753819925009,0.730910627607945,-5.01405702498775,rs11855258,UKB,pre_outlier_removal
-0.316014439644466,-0.247824997482178,0.0268472430158398,-0.416166665395733,-3.43777608850376,rs11855908,UKB,pre_outlier_removal
0.199970784352983,0.0525961317256624,0.0309359291516811,0.837898112705879,-0.945608424153576,rs11855926,UKB,pre_outlier_removal
1.29821934670456,0.46824901211164,0.0748026281138515,3.03461878213813,-2.4506504769665,rs12593854,UKB,pre_outlier_removal
1.09604093507392,1.6729396510189,0.0985406740738359,-1.83777275123034,-6.29603488879849,rs12438061,UKB,pre_outlier_removal
-0.694023605705444,-0.528683217254746,0.0985087833176465,-0.526794795968225,-3.60996111926728,rs17275834,UKB,pre_outlier_removal
0.0524688575213591,0.662682987330275,0.0697695412796444,-2.31019865105284,-0.316203990068628,rs365540,UKB,pre_outlier_removal
-0.248743222355949,0.093657048198006,0.0688985711167581,-1.30445466902498,0.976362639752003,rs436053,UKB,pre_outlier_removal
0.140068805585697,0.204263613405153,0.0347182375194387,-0.34452525913854,-2.1334563052215,rs12906744,UKB,pre_outlier_removal
0.0702633653629919,-0.241914817270457,0.0322992792500697,1.737025253313,1.34163196213169,rs2013609,UKB,pre_outlier_removal
0.102166489287525,-0.0171375658398956,0.0312080161335675,0.675339457486053,0.171088237192344,rs10518702,UKB,pre_outlier_removal
0.0528544225109448,-0.199168237648993,0.0321136794849563,1.40635369016138,0.918273887117251,rs444141,UKB,pre_outlier_removal
-0.129028194024453,-0.0130243941527098,0.0318937061031401,-0.649560670500762,-0.15884442302506,rs28522133,UKB,pre_outlier_removal
-0.710658018244726,-0.481616953277171,0.055719344771176,-0.970309657613215,-3.88852039511867,rs62005934,UKB,pre_outlier_removal
0.218783163782243,0.0356890950096508,0.0313115330806884,1.03471825154851,-0.6791709900679,rs12595246,UKB,pre_outlier_removal
0.497745382807054,0.633847738312074,0.0353741232371105,-0.723640390468915,-4.99934365136071,rs445596,UKB,pre_outlier_removal
-0.987969769869485,-0.0964736044676368,0.112199759584189,-2.66148189577438,-0.314307836713488,rs12595715,UKB,pre_outlier_removal
-2.06115973396893,-0.0656672622870099,0.085456654708791,-6.82617078453925,-0.473105768687411,rs66717113,UKB,pre_outlier_removal
-0.0505915486307773,0.0581254481364064,0.0282501954510203,-0.646824882616459,0.319775558585807,rs443567,UKB,pre_outlier_removal
0.187866266667785,-0.224213559753503,0.0350138187733451,2.20222462296102,2.71514482121771,rs412689,UKB,pre_outlier_removal
0.612462998278646,0.568436583036144,0.035374123237112,0.234083327939571,-5.5990137561937,rs412705,UKB,pre_outlier_removal
-0.00260470513624633,0.11636796053544,0.0284291382474322,-0.70561100347736,0.0322506522573806,rs371302,UKB,pre_outlier_removal
-0.0266334484945391,-0.206143739128712,0.0303756934177565,1.0299739712057,-0.501914614210525,rs4776859,UKB,pre_outlier_removal
0.270432559339014,0.0642041242483823,0.0298208104877113,1.19423233201742,-1.31650233429907,rs371606,UKB,pre_outlier_removal
0.495745458577204,-0.269166839216471,0.0640630528668029,3.02209302100978,2.74757860678956,rs78961746,UKB,pre_outlier_removal
0.26243123000168,0.235084042565644,0.0274175630307722,0.165157477826086,-3.32565274228297,rs371966,UKB,pre_outlier_removal
0.15710247262429,0.274416998115755,0.0282739543724786,-0.697683595996069,-2.71357541546353,rs372334,UKB,pre_outlier_removal
-0.220620765871066,0.312587189371898,0.0460303571062383,-2.48527498296035,2.88281306593359,rs72741056,UKB,pre_outlier_removal
-0.440931738685187,0.215638786882318,0.0366460376623199,-3.4297926940317,2.53742109596494,rs75451797,UKB,pre_outlier_removal
-0.327483571614017,0.188589854491094,0.0436490319547545,-2.47015490246079,2.67328638953231,rs78110981,UKB,pre_outlier_removal
1.50243733834507,-0.662074563722753,0.145259961317824,5.6791980773226,2.3572706986352,rs144298547,UKB,pre_outlier_removal
-0.0410364454235164,0.22905659829096,0.0629399477131877,-1.07658967427309,0.438892294360504,rs28485994,UKB,pre_outlier_removal
0.723494313508825,0.453530136403106,0.0323940681411636,1.4999382961045,-4.29419822729711,rs427422,UKB,pre_outlier_removal
-0.521743804923272,-0.563343693323353,0.0276444567701102,0.250200478216499,-5.82997935490184,rs1675998,UKB,pre_outlier_removal
-0.756410093936336,-0.536970998210388,0.0260460664229412,-1.35969948500677,-6.15050670608963,rs384923,UKB,pre_outlier_removal
-0.745200102952608,-0.538721296548413,0.0260460664229408,-1.27939429299882,-6.22203315499422,rs450139,UKB,pre_outlier_removal
0.141086777346341,-0.699903656173043,0.0356855803001405,4.45189255166946,0.850181030162343,rs72741058,UKB,pre_outlier_removal
-0.498724573653136,-0.485060934728735,0.0235592204421859,-0.0890196574745499,-5.75941093011334,rs75369664,UKB,pre_outlier_removal
-0.532287932546686,-0.483525384205742,0.0235592204421843,-0.317691749241507,-5.89064185392856,rs615404,UKB,pre_outlier_removal
0.497322157006602,0.485125096412381,0.0235592204421795,0.0794647869649842,-5.75230762069193,rs12901362,UKB,pre_outlier_removal
-0.514753454009764,-0.484327600627946,0.0235592204421809,-0.198226772634024,-5.83134812598149,rs400294,UKB,pre_outlier_removal
-0.550299096468947,-0.528511533021636,0.0292767274429739,-0.127334884886344,-5.65364941221499,rs7169032,UKB,pre_outlier_removal
-0.534062847228819,-0.464104831683728,0.0243876275501271,-0.447973892763228,-5.59358155360956,rs1874832,UKB,pre_outlier_removal
-0.521774913004545,1.58955216541,0.224374869727077,-4.45726454464757,1.37167952151967,rs571327134,UKB,pre_outlier_removal
-0.479368182757622,-0.630942961480079,0.0285745963035978,0.896678777736758,-5.30947561704994,rs5813417,UKB,pre_outlier_removal
1.58857886166766,1.43559749695955,0.0328014581261468,0.844679503353788,-22.7269640536409,rs79531909,UKB,pre_outlier_removal
1.54922513366968,1.45354267350643,0.032801458126148,0.528306261906973,-22.7684676321771,rs117758852,UKB,pre_outlier_removal
1.54922513366968,1.45354267350648,0.0328014581261486,0.52830626190667,-22.7684676321776,rs112031531,UKB,pre_outlier_removal
-0.518599556172585,-0.484151638376858,0.0235592204421856,-0.224430831336656,-5.84608426274834,rs7169962,UKB,pre_outlier_removal
-0.524861880310571,-0.483865132036987,0.0235592204421804,-0.267096965096747,-5.86799459089787,rs4776860,UKB,pre_outlier_removal
-0.485183215031042,-0.485680462720084,0.0235592204421847,0.00323960690146093,-5.68537141173915,rs11071927,UKB,pre_outlier_removal
-0.516741265191463,-0.484236656676009,0.0235592204421841,-0.211770022056336,-5.83908605767068,rs1675996,UKB,pre_outlier_removal
-0.517541941911758,-0.484200025075189,0.0235592204421889,-0.217225150105195,-5.84212925072027,rs378455,UKB,pre_outlier_removal
-0.517695398070741,-0.484193004333165,0.0235592204421848,-0.21827066944594,-5.84270767923844,rs378092,UKB,pre_outlier_removal
-0.521143553999478,-0.484035248440492,0.0235592204421873,-0.241763462032254,-5.85529607852736,rs426543,UKB,pre_outlier_removal
0.191839371564773,0.233136121407332,0.0263525281003327,-0.254392750174813,-3.07275050988298,rs28865727,UKB,pre_outlier_removal
-0.515305887702241,-0.465652698745245,0.0243876275501313,-0.317952591591661,-5.56586490568818,rs2100856,UKB,pre_outlier_removal
0.526198890085586,0.483803962769866,0.0235592204421855,0.276206208989048,-5.87233873310371,rs28836514,UKB,pre_outlier_removal
-0.518126175699119,-0.484173295911911,0.0235592204421858,-0.221205620673587,-5.84432313670253,rs266324,UKB,pre_outlier_removal
-0.420402580409365,-0.474681243631375,0.0265267023497628,0.33326331590014,-4.8653054144415,rs266323,UKB,pre_outlier_removal
-0.517996124423666,-0.484179245861655,0.0235592204421853,-0.220319562241416,-5.84383672010719,rs266322,UKB,pre_outlier_removal
-0.451509236596436,-0.257974488127211,0.0273123872042729,-1.1710599325875,-3.04967531934464,rs58910308,UKB,pre_outlier_removal
-0.518154476966998,-0.484172001106262,0.0235592204421832,-0.221398441366727,-5.8444288412463,rs266321,UKB,pre_outlier_removal
-0.461693997704397,-0.391573805981541,0.0258214176476917,-0.4363681593775,-4.65381086167599,rs11634574,UKB,pre_outlier_removal
-0.449587366403538,-0.393343379076531,0.0258214176476898,-0.350014519682756,-4.65522969725567,rs11629874,UKB,pre_outlier_removal
0.524940210235899,0.483861548379994,0.023559220442185,0.267630638379593,-5.86825233078271,rs12900340,UKB,pre_outlier_removal
1.33003329811607,1.38568648387897,0.0658456177433937,-0.216883539152004,-11.0036357415431,rs139688854,UKB,pre_outlier_removal
1.56691287423703,1.68409430087512,0.050565128972124,-0.521114576616466,-17.9661871844839,rs150933372,UKB,pre_outlier_removal
-0.520791839390727,-0.405602567874629,0.0297164447558156,-0.668210978792553,-4.50952389618369,rs62005949,UKB,pre_outlier_removal
1.47855901165182,1.51339448634037,0.116930122136409,-0.101872867600381,-8.40288731814252,rs112089661,UKB,pre_outlier_removal
-0.52408442360771,-0.397787843216968,0.0255847289402735,-0.789589167717188,-4.70113089852885,rs266319,UKB,pre_outlier_removal
0.0677127661158943,0.0925729301627485,0.0278701552554395,-0.148913577112469,-0.679641981716829,rs12443121,UKB,pre_outlier_removal
0.484777267243607,0.403120229477311,0.0255847289402756,0.510508774573793,-4.79606117988551,rs12443240,UKB,pre_outlier_removal
0.498858360762555,0.331782984913424,0.0285164696655457,0.989383281252446,-3.76252579840446,rs12101383,UKB,pre_outlier_removal
0.825268006961337,0.890597686244,0.0318785524725572,-0.365899006005921,-9.4808266992848,rs116870050,UKB,pre_outlier_removal
0.168144150537581,0.237158163134913,0.0263525281003378,-0.425134291007559,-2.89426760223601,rs7163669,UKB,pre_outlier_removal
-0.236066806364724,-0.20777969618226,0.0242441879142429,-0.181670646353617,-3.2388546414615,rs266316,UKB,pre_outlier_removal
-0.235462459949216,-0.20782572033845,0.024244187914229,-0.177493717661854,-3.2380282205639,rs266315,UKB,pre_outlier_removal
-0.492958786729849,-0.928593811511107,0.0649311045600374,1.70960741999278,-3.03804225162261,rs11630476,UKB,pre_outlier_removal
-0.10439926627878,-0.0177734152012591,0.0253206174184848,-0.544390288114095,-0.222114086599197,rs78332697,UKB,pre_outlier_removal
-0.245212535017199,-0.207083200874491,0.0242441879142268,-0.24488117499664,-3.24759818095601,rs266314,UKB,pre_outlier_removal
1.21572990729415,1.36390388629142,0.031285806823843,-0.8377188033623,-17.9105921168488,rs117229461,UKB,pre_outlier_removal
-0.179948228231187,-0.185238113562669,0.0250144159424803,0.03344653054175,-2.86264476605349,rs4776862,UKB,pre_outlier_removal
-0.0682836566380793,-0.0660764763882088,0.0248687017569158,-0.0139962355991397,-0.552237812276057,rs266313,UKB,pre_outlier_removal
-0.175458682155286,-0.592868243756162,0.111777489507428,1.2484904296555,-1.70391774398167,rs62005950,UKB,pre_outlier_removal
-0.0499072329141064,-0.040572936938652,0.0246362745392777,-0.0594694675314569,-0.253082187275101,rs266312,UKB,pre_outlier_removal
0.504726557274212,1.8593225697104,0.131583402327287,-3.73430027811088,-2.1384641224383,rs116985430,UKB,pre_outlier_removal
0.0590328101978904,-0.132274376650557,0.0245027892241437,1.22214721770045,0.934534847880843,rs11635558,UKB,pre_outlier_removal
-0.0432865650641113,-0.0411923617621211,0.0246362745392825,-0.0133423190778887,-0.22313296780559,rs266311,UKB,pre_outlier_removal
-0.103061830231176,-0.0179391716716649,0.0253206174184863,-0.534943646057568,-0.221462915411274,rs11631007,UKB,pre_outlier_removal
1.36290282284993,1.28208300018741,0.0440429907590021,0.385105296812189,-14.3800313192978,rs117206795,UKB,pre_outlier_removal
1.24477982339861,1.10103867529024,0.0368141025570849,0.749158998615145,-13.3761912992683,rs12442109,UKB,pre_outlier_removal
-0.0507248035174283,-0.0404964456333564,0.0246362745392795,-0.0651655999216699,-0.256700572920386,rs266310,UKB,pre_outlier_removal
-0.0491067866109461,-0.0406478261073003,0.0246362745392812,-0.05389264261003,-0.249522484371776,rs266309,UKB,pre_outlier_removal
0.125215835037473,0.645462603848359,0.0767092230681784,-1.87838927323378,-0.949470858559059,rs34774362,UKB,pre_outlier_removal
0.460797881767567,0.305958370255665,0.0254342985712839,0.970894207367015,-3.70791862424721,rs11852468,UKB,pre_outlier_removal
0.141920433728033,0.0337998105114523,0.0244030929762206,0.692127496544934,-0.576809838733864,rs2126390,UKB,pre_outlier_removal
1.28070419214727,1.10884394764168,0.0275542341925093,1.03533585079373,-17.2384690874908,rs79517824,UKB,pre_outlier_removal
0.221321053988857,0.135204226064187,0.0250481168387929,0.544127260261991,-2.5747451598448,rs56992925,UKB,pre_outlier_removal
0.20480764771309,0.137051088623657,0.0250481168387919,0.428118310330289,-2.55077142541239,rs4776863,UKB,pre_outlier_removal
-1.82124005863781,-0.65915251080051,0.0880925102666047,-3.91533885927902,-4.07573665209345,rs183775327,UKB,pre_outlier_removal
2.43921916129644,2.57449053306176,0.108620168820219,-0.410440924752227,-19.6835201530147,rs143693591,UKB,pre_outlier_removal
0.219839884142612,0.135369880386832,0.0250481168387913,0.533721838409558,-2.57396249000325,rs2414928,UKB,pre_outlier_removal
-0.130014001651604,-0.0347905299819164,0.0244030929762233,-0.609567176902359,-0.549715079907419,rs380696,UKB,pre_outlier_removal
1.50234222213093,1.38069314772954,0.0382436588090959,0.622055438450742,-18.4869529043793,rs146259412,UKB,pre_outlier_removal
-0.136271592346816,-0.034269843608293,0.024403092976224,-0.652957899217585,-0.564519951988557,rs452114,UKB,pre_outlier_removal
-0.132306799561777,-0.0345997491065839,0.0244030929762224,-0.625465653216559,-0.555283019601924,rs406365,UKB,pre_outlier_removal
0.191096834022841,0.129664738456181,0.0243309393386871,0.393836435594111,-2.43285513006066,rs67560049,UKB,pre_outlier_removal
-0.082317096210665,-0.124653265992479,0.0243163192846916,0.271495506213132,-1.2279616664264,rs11635477,UKB,pre_outlier_removal
0.0568596714963578,0.0536702557257733,0.0241835819981057,0.0205092993260884,-0.386702527623747,rs437054,UKB,pre_outlier_removal
-0.097742845958373,-0.0642230716800136,0.0244667873025385,-0.214295283283782,-0.770472650975958,rs393893,UKB,pre_outlier_removal
-0.0964784617927665,-0.123529461994211,0.0243163192846878,0.173474006531836,-1.41134561924066,rs10851768,UKB,pre_outlier_removal
-0.219195576119512,-0.0519895974126364,0.0247371695261218,-1.06310656383125,-1.16065472037786,rs10851769,UKB,pre_outlier_removal
1.3576042544824,1.30875450869879,0.031285806823845,0.27617771257362,-19.449183893348,rs145685520,UKB,pre_outlier_removal
1.27878333655396,1.10927245627477,0.0275542341925072,1.02118260076694,-17.2405581376786,rs1044614,UKB,pre_outlier_removal
-0.0814415653205047,-0.109632155813774,0.0239094118106677,0.182313877040906,-1.10072505217978,rs1531441,UKB,pre_outlier_removal
0.489076525977669,0.341892670065517,0.0245764810273049,0.938858898753582,-4.1262011251048,rs28789220,UKB,pre_outlier_removal
-0.160305651210825,-0.0547848085858806,0.0238473225053638,-0.68331104083752,-1.04398481883755,rs266285,UKB,pre_outlier_removal
-0.0617544935649037,-0.110838877945011,0.0239094118106729,0.317437991255959,-0.852299689205558,rs7403490,UKB,pre_outlier_removal
-0.18600983567828,-0.296457901161024,0.0249721770031275,0.698923931607388,-2.99743861692607,rs4776334,UKB,pre_outlier_removal
-0.072393476682798,-0.110186759815859,0.0239094118106738,0.244416305353286,-0.988359434953954,rs74328837,UKB,pre_outlier_removal
0.492990480061297,0.341536871517816,0.0245764810273035,0.966094869903815,-4.10627859849561,rs8023632,UKB,pre_outlier_removal
0.48307843792673,0.342437927105282,0.0245764810273031,0.897120097117043,-4.15507529433711,rs1587349,UKB,pre_outlier_removal
-0.184629250995026,-0.0724607501668057,0.0236300371683,-0.729690535157994,-1.50714187726815,rs12905975,UKB,pre_outlier_removal
-0.174766948543775,-0.0729429598049228,0.0236300371683008,-0.662396308109345,-1.46611928831773,rs12906644,UKB,pre_outlier_removal
0.17056930337238,0.0235653532596931,0.0266479389048513,0.90052794177761,-0.433272102971437,rs12050793,UKB,pre_outlier_removal
1.20256819711841,1.36902010454103,0.0312858068238438,-0.941055195028744,-17.6778024888628,rs144433605,UKB,pre_outlier_removal
0.472863350322018,0.343366531083853,0.0245764810273028,0.826036526550885,-4.19947392629259,rs28751026,UKB,pre_outlier_removal
-0.694193531786567,0.266310973964189,0.103252097170757,-2.98916553194766,2.04601555018576,rs78793387,UKB,pre_outlier_removal
-0.132642164454941,-0.206681668431449,0.0246007971138176,0.472050987949524,-2.52465806814266,rs4776864,UKB,pre_outlier_removal
0.451499171256428,0.34530864479342,0.0245764810273028,0.677369947371353,-4.27186197051801,rs111432947,UKB,pre_outlier_removal
-0.141268413283451,-0.187149637455739,0.0243212321643976,0.294199689631165,-2.55454102944628,rs266274,UKB,pre_outlier_removal
-0.128415663033701,-0.0761459972142626,0.0236567444111844,-0.33983823117585,-1.2004686408483,rs8038265,UKB,pre_outlier_removal
-0.0592026684102771,-0.258341116093833,0.0251911572059247,1.2546744620324,-1.31220135253166,rs171957,UKB,pre_outlier_removal
0.0683296981115166,0.0861297464408373,0.0234262089693653,-0.116297445368957,-0.756698028817803,rs266279,UKB,pre_outlier_removal
-0.00328735203235824,0.0768598860080773,0.0254894172693827,-0.502005652495916,0.0304226630332312,rs2615183,UKB,pre_outlier_removal
0.0163724470348263,0.0882000695440292,0.0234262089693639,-0.469289119343931,-0.187979928095016,rs2615182,UKB,pre_outlier_removal
0.0547916576873753,0.0866691921829541,0.0234262089693654,-0.208273357347568,-0.613617280603141,rs2615181,UKB,pre_outlier_removal
0.0592139999625841,0.0864929765980036,0.0234262089693645,-0.178228465242593,-0.660821010711767,rs2615180,UKB,pre_outlier_removal
0.0517623464272157,-0.0376428120472655,0.0274685110833887,0.539442323962634,0.218644170525674,rs75983242,UKB,pre_outlier_removal
0.0589174402387211,0.0865047935136733,0.0234262089693638,-0.180243258389535,-0.657669157676041,rs2708287,UKB,pre_outlier_removal
0.21229826914341,0.0324057577882695,0.0243071290224173,1.15384175641483,-0.735078523259313,rs73486492,UKB,pre_outlier_removal
0.327711516845344,0.0677181895224154,0.0260850489541217,1.60977943136433,-1.19441055679816,rs142126363,UKB,pre_outlier_removal
0.0611732031451157,0.0864149088880458,0.0234262089693653,-0.164917860915142,-0.681593177081867,rs2615194,UKB,pre_outlier_removal
0.0588280604586167,0.0298155809108541,0.0262398423994067,0.179103567369057,-0.205860994327143,rs111756431,UKB,pre_outlier_removal
0.365850287577846,0.10091295768695,0.0343658187069767,1.4291565619935,-1.58265032663238,rs112979921,UKB,pre_outlier_removal
0.188664955344883,-0.714560596110263,0.0620883454685589,3.62485944589021,1.04247948168667,rs2011759,UKB,pre_outlier_removal
0.0626342989301112,0.0863566890957474,0.0234262089693649,-0.154991341779938,-0.69702647407022,rs974778,UKB,pre_outlier_removal
0.0525386114002125,0.0867589685602588,0.0234262089693644,-0.223580298418136,-0.589405311955905,rs1988849,UKB,pre_outlier_removal
0.0510628145763305,0.0868177741398313,0.0234262089693646,-0.233606694744533,-0.573488093915287,rs1988848,UKB,pre_outlier_removal
0.0690710888218677,0.0861002044945746,0.0234262089693637,-0.111260520926008,-0.764406803728906,rs11856400,UKB,pre_outlier_removal
0.0690837066581985,0.0860997017158888,0.0234262089693631,-0.111174796776285,-0.764537880165042,rs12901555,UKB,pre_outlier_removal
0.0951078979519707,0.0748209029516636,0.0247271530735455,0.129012165044746,-0.861816017749186,rs11852911,UKB,pre_outlier_removal
0.0731230323988456,0.0859387480621328,0.0234262089693649,-0.0837320755899381,-0.806288294879082,rs4508383,UKB,pre_outlier_removal
0.184279347684358,0.165430234750066,0.0235082050029694,0.122936595466399,-2.82209786143782,rs2012293,UKB,pre_outlier_removal
0.188584327730548,0.16524302701943,0.0235082050029696,0.152235283070641,-2.8442229643329,rs2974282,UKB,pre_outlier_removal
0.188572402444418,0.16524354560601,0.0235082050029689,0.152154122362939,-2.84416498871343,rs2927179,UKB,pre_outlier_removal
0.0410244071648765,-0.0352882281105736,0.0274685110833907,0.460446198218532,0.162807305544041,rs111874753,UKB,pre_outlier_removal
0.197440118065229,0.164857921305786,0.0235082050029689,0.21250572143027,-2.88226332085464,rs2927180,UKB,pre_outlier_removal
0.188407228616722,0.165250728407738,0.0235082050029697,0.151029987911552,-2.84336009886311,rs2974281,UKB,pre_outlier_removal
0.0525861643550994,-0.0378234564346367,0.0274685110833889,0.545502930474824,0.223147097342818,rs73488513,UKB,pre_outlier_removal
0.207202873337444,0.139104190593694,0.0245942546540458,0.434232053626946,-2.60586952621199,rs35570221,UKB,pre_outlier_removal
0.183196749155641,0.16547731297374,0.0235082050029694,0.115568683013403,-2.81615457656999,rs2974280,UKB,pre_outlier_removal
-0.226113770198116,-0.140757802327835,0.0243410751166935,-0.547096596425103,-2.67557338769129,rs3985648,UKB,pre_outlier_removal
0.0608320713620306,0.112178226439537,0.0237088976700613,-0.333466527460743,-0.856010650041119,rs2133241,UKB,pre_outlier_removal
1.07413557172431,1.67939564228901,0.0382436588090964,-3.09501178224779,-13.9939846935668,rs146144014,UKB,pre_outlier_removal
-0.175452373774686,-0.0928071133618278,0.0233897244506443,-0.54038763082405,-1.83677154360591,rs34747049,UKB,pre_outlier_removal
0.169230307748969,0.226073307507777,0.0241674067131667,-0.365646956865286,-2.96598264956708,rs388061,UKB,pre_outlier_removal
-0.0260919053038256,0.106404311015483,0.0236660608417567,-0.86127231630675,0.354018961953672,rs426605,UKB,pre_outlier_removal
0.168682529641844,0.132146821406854,0.0233731758836677,0.238978409760908,-2.37621151175447,rs404755,UKB,pre_outlier_removal
0.160887711711807,0.132439069566788,0.0233731758836672,0.186081277416239,-2.31572922325206,rs8027710,UKB,pre_outlier_removal
0.0724984688179493,0.0690789386352737,0.0236436195925708,0.0222387032528706,-0.642120898079971,rs8026320,UKB,pre_outlier_removal
0.161505089161773,0.132415922467487,0.0233731758836678,0.190270919429249,-2.32078906587038,rs447888,UKB,pre_outlier_removal
-0.132011988194735,-0.0944677169030252,0.023389724450647,-0.24548848552221,-1.51565854046645,rs12904545,UKB,pre_outlier_removal
0.710426627672666,0.686325721505537,0.0932304226821086,0.07893226136339,-4.25087910557141,rs201173448,UKB,pre_outlier_removal
0.182736456211703,0.131619902854856,0.0233731758836667,0.334351056098569,-2.4659973116874,rs387994,UKB,pre_outlier_removal
-0.465824614114289,-1.64500804483258,0.138945525476217,3.16343623813659,-1.66264855364398,rs71398288,UKB,pre_outlier_removal
-0.493022874750541,-0.723726374007382,0.0589768114922403,0.949977976794803,-3.8863764125155,rs11421090,UKB,pre_outlier_removal
0.0655398711083586,0.0694233692112512,0.0236436195925707,-0.0252560899537781,-0.584894583533112,rs406197,UKB,pre_outlier_removal
0.194481395539121,0.131179554288019,0.0233731758836671,0.414054471308652,-2.5213519550877,rs446304,UKB,pre_outlier_removal
-0.0177003215377937,-0.0835993490581212,0.0275643366438037,0.396922056705942,-0.164450496950045,rs60858816,UKB,pre_outlier_removal
0.13125816883554,0.171309501139281,0.0233279880794567,-0.262227554661107,-2.38773428642533,rs403844,UKB,pre_outlier_removal
0.150432107609957,0.170629079073388,0.0233279880794702,-0.132235362315762,-2.60287734840212,rs424930,UKB,pre_outlier_removal
0.153479363111721,0.170520941673497,0.0233279880794646,-0.111576100388589,-2.63260449390134,rs425152,UKB,pre_outlier_removal
0.152090888885475,0.170570214205123,0.0233279880794598,-0.120989440591106,-2.6192135349649,rs423556,UKB,pre_outlier_removal
-0.0418393127220201,-0.141087736771416,0.0232800309300463,0.650476846936535,-0.739748292636461,rs17210752,UKB,pre_outlier_removal
-0.108263793097831,-0.138871943165071,0.0232800309300463,0.200606640730023,-1.78698366390299,rs17276559,UKB,pre_outlier_removal
-0.117905564495491,-0.138550312114348,0.0232800309300429,0.135306232472085,-1.91577506033221,rs17276587,UKB,pre_outlier_removal
-0.108409805525445,-0.13886707246963,0.0232800309300451,0.199617748673753,-1.78899104482073,rs62007974,UKB,pre_outlier_removal
-0.096210288408395,-0.139274025025152,0.0232800309300483,0.282240890775562,-1.61571363067239,rs2414929,UKB,pre_outlier_removal
-0.0657596808507482,0.178301037615121,0.0233279880794636,-1.59793549205231,1.36257504399025,rs4640126,UKB,pre_outlier_removal
-0.114260792412861,0.180022187709477,0.0233279880794623,-1.92675503702651,2.21241916263657,rs4360870,UKB,pre_outlier_removal
-0.108145718866174,-0.138875881895493,0.0232800309300434,0.201406316972948,-1.78535914270687,rs2414930,UKB,pre_outlier_removal
-0.0441840235200625,-0.141009521704167,0.0232800309300472,0.634596925493827,-0.780056273833667,rs4402503,UKB,pre_outlier_removal
-0.0333475885617123,-0.14137100444601,0.0232800309300457,0.70798837999444,-0.592469337979075,rs35320424,UKB,pre_outlier_removal
-0.0392472242780407,-0.141174203883438,0.0232800309300452,0.668032172263883,-0.695000028084883,rs35903063,UKB,pre_outlier_removal
-0.107282841870041,-0.138904665821598,0.023280030930043,0.207250286696292,-1.77345389409662,rs12900811,UKB,pre_outlier_removal
-0.111720167325222,-0.138756645132285,0.0232800309300456,0.177197804445292,-1.83404250319152,rs12900849,UKB,pre_outlier_removal
0.0560225054747017,-0.0957531050137405,0.0243200176533047,0.973240213872013,0.665071249586561,rs12901905,UKB,pre_outlier_removal
0.0562394625321097,-0.0430062195785679,0.0233078484572853,0.650070604418782,0.318698132525069,rs12902036,UKB,pre_outlier_removal
0.0367900081007087,-0.0423334073941413,0.0233078484572909,0.518267449429676,0.20611479678837,rs62007992,UKB,pre_outlier_removal
0.0367900081007087,-0.0423334073940178,0.0233078484572914,0.518267449428862,0.206114796787769,rs62007993,UKB,pre_outlier_removal
0.0251581092028433,0.0954676719277354,0.0233251862674097,-0.460364510682938,-0.312545788058929,rs398678,UKB,pre_outlier_removal
-0.157862104593788,-0.137217438366865,0.0232800309300436,-0.135305699027149,-2.35303621047537,rs12906930,UKB,pre_outlier_removal
0.111413443290637,0.0924174719748549,0.0233251862674076,0.124379539579207,-1.28606725337298,rs397120,UKB,pre_outlier_removal
-0.155698052601848,-0.137289627001975,0.0232800309300457,-0.120649317668883,-2.33389935433772,rs12907457,UKB,pre_outlier_removal
0.107502445808008,0.0925557744284217,0.0233251862674099,0.0978660197749423,-1.24712494549364,rs438265,UKB,pre_outlier_removal
0.133432673867979,0.164087112860147,0.0238942239822225,-0.198311046935177,-2.32192194897566,rs403542,UKB,pre_outlier_removal
-0.0380718989863294,-0.0397437201906899,0.0233078484572837,0.0109506206989113,-0.200300600713585,rs4776869,UKB,pre_outlier_removal
-0.0201198457365902,-0.0403647329912432,0.0233078484572825,0.132606334241792,-0.107744059558119,rs11856342,UKB,pre_outlier_removal
0.11326975456417,0.0923518282598643,0.0233251862674086,0.136963885627668,-1.30430750262126,rs394806,UKB,pre_outlier_removal
-0.0171239660617547,-0.0404683690267158,0.0233078484572909,0.152908517755991,-0.0919569394599392,rs12902639,UKB,pre_outlier_removal
-0.687886809024995,-0.633443895234219,0.0285174624804725,-0.322393235815494,-7.1888560603473,rs192273437,UKB,pre_outlier_removal
0.118733169045843,0.0921586285374642,0.0233251862674094,0.174001584757867,-1.35703935684348,rs446184,UKB,pre_outlier_removal
-1.05112022563498,-0.536882608319453,0.028517462480473,-3.04514798861649,-5.92514855388099,rs559180264,UKB,pre_outlier_removal
-0.157014030987194,-0.13724572848008,0.0232800309300428,-0.129561987580944,-2.34560433841103,rs28707552,UKB,pre_outlier_removal
-0.0195412876760271,-0.0403847469671664,0.0233078484572799,0.136527049755779,-0.104702582003505,rs28613103,UKB,pre_outlier_removal
-0.019591166720508,-0.0403830215086586,0.0233078484572826,0.13618903434054,-0.104964934314742,rs35871153,UKB,pre_outlier_removal
0.110818057403713,0.0924385262786037,0.023325186267408,0.120343286532735,-1.28018332151186,rs413264,UKB,pre_outlier_removal
0.120005884126038,0.066727458192619,0.0236436195925712,0.346492951024711,-0.997640040684215,rs427259,UKB,pre_outlier_removal
-0.00289574882262388,-0.0409605637027621,0.0233078484572918,0.249328904693525,-0.0157479050277569,rs9989299,UKB,pre_outlier_removal
-0.0128861981461884,-0.0406149655238395,0.0233078484572857,0.181626607683297,-0.0694679345972573,rs9989300,UKB,pre_outlier_removal
0.157463957016428,0.097220492341223,0.0240425633597222,0.388525525128567,-1.74327669946094,rs139808495,UKB,pre_outlier_removal
0.112133198112437,0.0671171335111941,0.0236436195925699,0.292759194625913,-0.943611476949559,rs430736,UKB,pre_outlier_removal
0.0359246363356274,-0.0955861680101713,0.0275643366438022,0.792113949236761,0.379004120587367,rs112877478,UKB,pre_outlier_removal
0.118961087476954,0.0667791726221756,0.0236436195925742,0.339361858977334,-0.990598880631194,rs386774,UKB,pre_outlier_removal
0.123084302055338,0.0920047618132148,0.0233251862674084,0.203498880967304,-1.39796889997351,rs426612,UKB,pre_outlier_removal
0.0697638347445869,0.0938903041813172,0.0233251862674095,-0.157972399006472,-0.841385389799363,rs417853,UKB,pre_outlier_removal
0.118830949262985,0.0667856140896042,0.0236436195925718,0.338473621458531,-0.989719017050382,rs374012,UKB,pre_outlier_removal
0.158353083843194,0.0971607381193558,0.0240425633597157,0.394645101910811,-1.74938378728327,rs4776870,UKB,pre_outlier_removal
0.0943752705607452,0.0930199835086973,0.0233251862674087,0.00887398579041449,-1.11171395829467,rs415706,UKB,pre_outlier_removal
-0.146626854176223,-0.137592224829547,0.023280030930045,-0.0592132043098407,-2.2476238188231,rs12913067,UKB,pre_outlier_removal
1.00672542362858,1.14308806748028,0.0977970723907722,-0.436046179649106,-6.08034881999953,rs148477240,UKB,pre_outlier_removal
0.0909639753383568,0.231456830978966,0.0244226087766418,-0.898996940459935,-1.94908621077377,rs418492,UKB,pre_outlier_removal
0.0915091586072137,0.0931213362497453,0.0233251862674113,-0.010556023146411,-1.08126257676922,rs2615192,UKB,pre_outlier_removal
-0.674927978610922,0.284880718086544,0.0766064178198377,-3.46778451741136,2.15400274560021,rs117754683,UKB,pre_outlier_removal
-0.0109785826159872,-0.0406809553941712,0.0233078484572854,0.194553949491256,-0.0592855494976987,rs12899214,UKB,pre_outlier_removal
-0.180246713982353,-0.29081782313931,0.0246470420270597,0.704302554018681,-2.96454286288976,rs12899234,UKB,pre_outlier_removal
0.0545756433717345,-0.00701308211601396,0.0249437263731194,0.38996043847811,0.0473679052484152,rs373441,UKB,pre_outlier_removal
0.0589360762660594,0.0383675319094202,0.0239785938951901,0.132828632454997,-0.289771164632424,rs376016,UKB,pre_outlier_removal
0.0496100352473574,0.0389678120735681,0.0239785938951903,0.0687259110778556,-0.248276307094235,rs448628,UKB,pre_outlier_removal
0.0461116933884427,0.0391929864238362,0.0239785938951928,0.0446799913757072,-0.232265982933403,rs380388,UKB,pre_outlier_removal
0.214654948237813,-0.142680386030881,0.0343361364055403,1.92841388450054,2.24165472749847,rs454434,UKB,pre_outlier_removal
-0.150807505213272,0.105937154001891,0.0255490452729322,-1.60625347507658,1.73232983935652,rs12904969,UKB,pre_outlier_removal
-0.112447022365012,0.15602246104094,0.0283247908329704,-1.59518688871391,1.72104814889064,rs34683838,UKB,pre_outlier_removal
0.151071919379956,0.0882227865292171,0.0283247908329698,0.373435786513362,-1.34666523076081,rs36085174,UKB,pre_outlier_removal
2.41121445712659,1.83711760032654,0.17032583382817,1.39105693986115,-9.19398518667582,rs184267700,UKB,pre_outlier_removal
0.549083968357552,1.33427013105063,0.052107895458852,-3.43970241132168,-4.20861510395515,rs117580397,UKB,pre_outlier_removal
-1.05034875494194,-1.01285144678224,0.0306067749869475,-0.21433411721314,-13.0038386322049,rs16950504,UKB,pre_outlier_removal
-0.012942693869893,0.0646145271608899,0.0241835640100468,-0.498726088728017,0.106428897623705,rs12161926,UKB,pre_outlier_removal
1.03178863179803,1.61428102523703,0.0383429640558177,-2.97472906778989,-12.9091135054234,rs117658043,UKB,pre_outlier_removal
-1.05809596451564,-0.817950691731686,0.0262767928506577,-1.48145295082902,-11.0970597448555,rs142939028,UKB,pre_outlier_removal
-0.525475142699828,0.638552863329817,0.0542078955524046,-4.99956426959888,4.37895532467542,rs371743334,UKB,pre_outlier_removal
0.014645561408686,0.062587776081165,0.0241835640100456,-0.308288936746135,-0.116706921727363,rs151089613,UKB,pre_outlier_removal
0.0021847238383345,0.0635032024373207,0.0241835640100468,-0.394304032454788,-0.0176683186937383,rs34753179,UKB,pre_outlier_removal
-0.0229421502612365,-0.0286010983946705,0.0243136557993615,0.0362919731875342,-0.0835830217272813,rs12912238,UKB,pre_outlier_removal
1.1435728248186,0.803729147470767,0.0262767928506619,2.09649106472495,-10.8160013161001,rs266301,UKB,pre_outlier_removal
-1.06133696184282,-1.87677633162665,0.0885139449039395,2.74085352658807,-6.76653571819053,rs113329979,UKB,pre_outlier_removal
0.892209545851433,0.701005596992346,0.0244647058995615,1.22243804511927,-9.32524725240815,rs197712,UKB,pre_outlier_removal
-0.387810235322752,-0.296346477894218,0.0249860821726671,-0.578628681167113,-3.83340644108405,rs8036667,UKB,pre_outlier_removal
-0.342070743816269,-0.304849997541379,0.0242269920146413,-0.23913069628015,-3.93726726240811,rs7177127,UKB,pre_outlier_removal
0.00101392731694522,0.0635892141509297,0.024183564010044,-0.402385846720346,-0.0082108259652125,rs66928947,UKB,pre_outlier_removal
-0.374937241294078,-0.678485796198066,0.0492158972250729,1.36828153518795,-3.0194159196562,rs143203469,UKB,pre_outlier_removal
1.05361860437828,0.818695629895482,0.0262767928506617,1.4492366630017,-11.1167695061247,rs266302,UKB,pre_outlier_removal
-0.701525576415928,-0.671051180588938,0.0353464203919565,-0.162092300118343,-6.65804961592343,rs35402903,UKB,pre_outlier_removal
-1.01285308639177,-0.825478151110118,0.0262767928506596,-1.1559134500812,-11.2730820761492,rs75977079,UKB,pre_outlier_removal
0.862753321428548,0.703537172346839,0.0244647058995585,1.01792812960319,-9.39166169948672,rs266303,UKB,pre_outlier_removal
0.829398565573134,0.706403801711034,0.0244647058995653,0.786351325862458,-9.41304910347781,rs451806,UKB,pre_outlier_removal
0.783270821402726,0.710368188274729,0.024464705899563,0.466093680893127,-9.33018333104587,rs1462127,UKB,pre_outlier_removal
0.0187565432950492,-0.0319052531985279,0.0243136557993606,0.324904296103085,0.0762246488790156,rs4776871,UKB,pre_outlier_removal
0.488587503873802,0.348704666480704,0.0384268420950111,0.713587255610663,-3.66433911948867,rs144626518,UKB,pre_outlier_removal
-0.337536437402551,-0.305191847795791,0.0242269920146401,-0.207803040176502,-3.93134743487681,rs904366,UKB,pre_outlier_removal
-1.07604330144136,-0.814964633919585,0.0262767928506591,-1.61059078080038,-11.0173333080083,rs79317851,UKB,pre_outlier_removal
0.312893707785677,0.262543799922236,0.0243160047773,0.32288849456473,-3.62575335067919,rs266304,UKB,pre_outlier_removal
0.854713526102493,0.704228141678663,0.0244647058995602,0.962109100004349,-9.4025085037725,rs266305,UKB,pre_outlier_removal
0.0180672921083425,-0.0318506377554637,0.0243136557993576,0.320133729710519,0.0733021900141802,rs16950516,UKB,pre_outlier_removal
0.0299765363974193,-0.0327943120861562,0.0243136557993605,0.402562083342923,0.125061831356681,rs66892254,UKB,pre_outlier_removal
0.8170604261822,0.707464186408133,0.0244647058995616,0.70068957205779,-9.4042743975503,rs197713,UKB,pre_outlier_removal
0.0485654027635898,-0.161785988614821,0.0248142539518569,1.33534897611072,0.9037158848821,rs35503745,UKB,pre_outlier_removal
-0.0683465743162,0.0382913851163854,0.024813834988442,-0.676962919784223,0.323342802772198,rs12439987,UKB,pre_outlier_removal
-0.0670297879366438,0.03815780918659,0.024813834988444,-0.667755677739168,0.316142938701454,rs8039785,UKB,pre_outlier_removal
-0.0534570287457347,0.0367809769557213,0.0248138349884435,-0.572852145147993,0.243969406488924,rs8038877,UKB,pre_outlier_removal
-0.0647214687002077,-0.102329676258035,0.0248934162974108,0.238363845947747,-0.797187310589829,rs7162222,UKB,pre_outlier_removal
-0.694915424314142,-0.596306939973065,0.0254080494928107,-0.618626642895144,-7.30271749311534,rs62007994,UKB,pre_outlier_removal
-0.723914364379791,-0.8856995954504,0.0254492024016848,1.01414904414268,-9.51038316672055,rs12907153,UKB,pre_outlier_removal
0.589279040152675,0.785598408838167,0.0246148122438721,-1.25130991296387,-7.275572752307,rs266308,UKB,pre_outlier_removal
-0.490059759917307,-0.589472646385018,0.0238154942813125,0.644188376061176,-6.03372028224307,rs35841291,UKB,pre_outlier_removal
-0.495422866629906,-0.589166271791279,0.0238154942813113,0.607450543717636,-6.10299564639233,rs8031538,UKB,pre_outlier_removal
-0.51144529168331,-0.527954562122027,0.0237873378257372,0.107042184015692,-6.08082967154257,rs7175405,UKB,pre_outlier_removal
-0.87219742425697,-0.883175028073864,0.0415116189734219,0.0538793958439702,-8.23550878993882,rs149724023,UKB,pre_outlier_removal
-0.525344050030073,-0.527177947950465,0.0237873378257387,0.0118905580588382,-6.1758422470808,rs11633409,UKB,pre_outlier_removal
0.147945236721157,-0.0508613047826042,0.0345171682770046,1.07007222200809,0.647919893097453,rs35056907,UKB,pre_outlier_removal
-0.509298002011824,-0.559306830791098,0.0239102463154679,0.323410903995588,-6.18366053892688,rs16953603,UKB,pre_outlier_removal
-0.506732886121765,-0.528217874919355,0.0237873378257388,0.139303558748008,-6.0456699240189,rs36114454,UKB,pre_outlier_removal
-0.470215590920346,-0.530258334091804,0.0237873378257397,0.389302869998007,-5.72297238498243,rs34281344,UKB,pre_outlier_removal
-0.393451125702387,0.216417626648665,0.055317276860097,-2.5930207122236,2.67246034590352,rs116986130,UKB,pre_outlier_removal
0.608373201818154,0.630364426562386,0.0276817598762678,-0.132175988918163,-6.82400383071752,rs586436,UKB,pre_outlier_removal
-0.0657545352382732,-0.0408124533310182,0.0240180290953367,-0.160940007702212,-0.342497914289647,rs655926,UKB,pre_outlier_removal
-0.469770604102508,-0.530283198404053,0.0237873378257469,0.39234927300609,-5.71849573835079,rs7175844,UKB,pre_outlier_removal
-0.427793783770076,-0.532628716811316,0.0237873378257486,0.679724778603996,-5.23884956854257,rs7176854,UKB,pre_outlier_removal
-0.419556888544233,-0.533088965806316,0.0237873378257411,0.736114993759531,-5.13178076975892,rs7178347,UKB,pre_outlier_removal
-0.755603485246438,-0.588549977272572,0.02540804949281,-1.04802088291181,-7.18076669087286,rs35606306,UKB,pre_outlier_removal
-0.36825793595854,-0.638108698755962,0.0517474943594571,1.18625754335733,-3.11036830657741,rs62005972,UKB,pre_outlier_removal
-0.717593213128324,-0.593408334229873,0.0254080494928118,-0.779081792450633,-7.28419918518081,rs4776873,UKB,pre_outlier_removal
-0.574788683534382,-0.667244422110728,0.0241071854036498,0.59547100344342,-7.20283845480258,rs4776874,UKB,pre_outlier_removal
-0.563962744265973,-0.668003038596652,0.0241071854036453,0.670082565102063,-7.05411440572116,rs4776875,UKB,pre_outlier_removal
-0.0513427763535871,-0.0417653080824571,0.0240180290953377,-0.0617990840963028,-0.274696134165004,rs266336,UKB,pre_outlier_removal
-0.0647826774283259,-0.174107542830613,0.0247889883909915,0.694367762003156,-1.25972301088352,rs898888,UKB,pre_outlier_removal
-0.542603732337117,-0.643750423221485,0.0240950607173379,0.651609888695026,-6.73373193195976,rs749348,UKB,pre_outlier_removal
-0.550181625268201,-0.643223488586154,0.0240950607173367,0.599396754065833,-6.83531814873685,rs2414934,UKB,pre_outlier_removal
-0.0470037862369898,-0.0125292051256818,0.0241124719154131,-0.222012859493449,-0.0754840535671709,rs266337,UKB,pre_outlier_removal
-0.461522264507915,-0.707391450535125,0.0353340575306159,1.30799880600695,-4.33401457329499,rs78739111,UKB,pre_outlier_removal
-0.538232720567928,-0.644054364899071,0.0240950607173348,0.68172699750479,-6.6734875866352,rs7173609,UKB,pre_outlier_removal
-0.655000131093458,-0.619930294317156,0.0274785934287342,-0.211561430747572,-7.08035775941958,rs35087077,UKB,pre_outlier_removal
-0.697188876691654,-0.596016354229659,0.0254080494928124,-0.634712300286552,-7.30241417869002,rs4776876,UKB,pre_outlier_removal
0.806697846840059,0.86675086538182,0.025086760059593,-0.379151303935508,-10.901033770581,rs147252639,UKB,pre_outlier_removal
0.684106456498494,0.92270649036212,0.0255311757647798,-1.49325883596225,-8.64938921738862,rs266338,UKB,pre_outlier_removal
-0.190569645286054,-1.07564311352216,0.0803187499084728,3.12299185759867,-0.775667412373101,rs72741100,UKB,pre_outlier_removal
-0.401795975033101,0.581969745379314,0.069304892007306,-3.73688505904014,3.37339898139491,rs72741101,UKB,pre_outlier_removal
-0.0670654993403869,-0.0111186936963942,0.0241124719154107,-0.360291841123299,-0.0951176127926777,rs266339,UKB,pre_outlier_removal
-0.0468755672008053,-0.0125382200298915,0.024112471915408,-0.221129086622437,-0.0753341475827449,rs266340,UKB,pre_outlier_removal
0.680188688636908,0.816576706844101,0.0252133746422529,-0.858935851634184,-8.76331929500796,rs266341,UKB,pre_outlier_removal
0.0224735235950642,0.0840622843969272,0.02515994915232,-0.388281399594997,-0.229534755621543,rs200821980,UKB,pre_outlier_removal
-0.0560708807369831,0.0460089244915895,0.0247945018222704,-0.648279277382203,0.319595218919023,rs62005974,UKB,pre_outlier_removal
0.834746422290144,0.895298728353457,0.0268700159084434,-0.369399859234107,-10.8889326789925,rs364510,UKB,pre_outlier_removal
0.834693082625175,0.895309007491885,0.0268700159084426,-0.369787966286467,-10.8883012001421,rs435377,UKB,pre_outlier_removal
-0.0561825017982078,0.0460201516377312,0.0247945018222697,-0.649059450766368,0.320299777702938,rs7170170,UKB,pre_outlier_removal
0.0294746883626578,0.112015669873902,0.0251787140393165,-0.520179048729054,-0.395002750057065,rs112046409,UKB,pre_outlier_removal
0.0397744623040649,0.0525874221887417,0.0253934906538376,-0.0804059642243753,-0.253586152490913,rs7176445,UKB,pre_outlier_removal
0.414704768244039,0.676674981015043,0.0250162878414067,-1.65630563793247,-4.36855158942374,rs266344,UKB,pre_outlier_removal
0.0266242046899095,-0.0177058878045077,0.0241124719154072,0.285481368563101,0.0605865813540097,rs266345,UKB,pre_outlier_removal
0.115740840974335,0.139801499765338,0.0380475466038534,-0.123351429123309,-1.24304534584987,rs28475775,UKB,pre_outlier_removal
0.586267149530138,0.24569210306762,0.0369629003245813,1.77145369257015,-1.9979153605102,rs266346,UKB,pre_outlier_removal
0.716554704035187,-0.0593572823137391,0.0987572913510293,2.46903857961741,0.409894676935193,rs72743403,UKB,pre_outlier_removal
0.372715705143901,1.18100269334928,0.0725993595085752,-2.99984760664204,-1.83534631408722,rs75131657,UKB,pre_outlier_removal
-0.811574320887928,-0.855593758926071,0.0263002670418064,0.271434105084209,-10.514886944861,rs4776335,UKB,pre_outlier_removal
0.291242624720473,0.480547126254981,0.0260170421889115,-1.1736321036121,-3.38054071004714,rs6494623,UKB,pre_outlier_removal
0.674746856632857,0.541437081820485,0.0285846565479723,0.788488757839802,-6.08768009450341,rs266347,UKB,pre_outlier_removal
-0.341468961453384,-0.358076796624675,0.0294174485346809,0.0968301321930981,-3.92630344205445,rs8023420,UKB,pre_outlier_removal
1.5641213790384,1.44057468243969,0.0908351647598512,0.409924743471362,-9.97608725657701,rs148848754,UKB,pre_outlier_removal
-0.918210103748086,-0.216655761921031,0.0384926826075041,-3.57579182700649,-1.55159699673866,rs68018114,UKB,pre_outlier_removal
0.410473738830552,0.397631408897091,0.0539928240085602,0.0552682612296447,-3.58864461414773,rs117958632,UKB,pre_outlier_removal
0.602906464003517,0.317155901194072,0.0338187666957876,1.55384684962223,-2.86689581347911,rs28451248,UKB,pre_outlier_removal
-0.780107338270205,-1.00736788534916,0.026527145791199,1.39533595634047,-10.2574563228747,rs8030614,UKB,pre_outlier_removal
1.29746656462978,1.09875818795567,0.0360281761881336,1.04687550085652,-13.7104248166242,rs10438354,UKB,pre_outlier_removal
-0.241295465482519,0.597615792914905,0.0732396173358121,-3.09986649117919,2.12950667406036,rs149733883,UKB,pre_outlier_removal
1.05897383975456,1.11182696544261,0.0250564984997065,-0.333895438363959,-16.5547067765433,rs6494624,UKB,pre_outlier_removal
-0.834200540309475,-0.962345626512706,0.0264226175646527,0.788340862388063,-11.3156964212896,rs12899132,UKB,pre_outlier_removal
-1.0026062144586,-0.861635160714119,0.0360662066099909,-0.742300431359376,-9.45987250901072,rs148394369,UKB,pre_outlier_removal
0.28280703824206,0.250399535129641,0.0314583942232961,0.182716301660096,-3.32176372527495,rs6494625,UKB,pre_outlier_removal
1.07625523306926,1.10988778157941,0.0250564984997068,-0.212470963295077,-16.8016098025436,rs6494626,UKB,pre_outlier_removal
1.0556565908585,1.11219920137365,0.0250564984997043,-0.357203466747216,-16.5048807678853,rs6494627,UKB,pre_outlier_removal
-1.08051882238904,-1.10940935466894,0.0250564984997073,0.182513651077142,-16.8592386791266,rs8029398,UKB,pre_outlier_removal
-0.327057037523765,0.100914356160515,0.0554901772987033,-1.81679817433808,1.47521466023627,rs140605065,UKB,pre_outlier_removal
-1.10427147400255,-1.02040129656561,0.0260527125067274,-0.519614292547601,-15.3470086984207,rs11631381,UKB,pre_outlier_removal
-1.07135207522322,-0.814907101774804,0.0393603107255491,-1.29260232214628,-8.21457454202943,rs12905780,UKB,pre_outlier_removal
0.74698182734241,0.799534369029288,0.0261204871974325,-0.325164472779145,-9.44379585518758,rs75268907,UKB,pre_outlier_removal
-1.02212438202178,-0.849906438315909,0.0360662066099926,-0.906834775686632,-9.31749162994875,rs146320617,UKB,pre_outlier_removal
-1.04878877174781,-1.06344937008499,0.0294974960027774,0.0853609264300657,-13.930467822425,rs35200241,UKB,pre_outlier_removal
-1.07413390677038,-1.07097099452646,0.025121532150609,-0.0199555674057409,-16.2812231238313,rs34616320,UKB,pre_outlier_removal
0.710767381248869,1.34892551807084,0.125761794392691,-1.79950869066421,-3.07383187975388,rs78650348,UKB,pre_outlier_removal
0.513413549768226,0.331184990642094,0.0384268420950127,0.929606375049951,-3.42385300586083,rs139890497,UKB,pre_outlier_removal
-0.597614824340256,-0.613273213066,0.0253588527967324,0.0983291463989781,-7.00814604168566,rs12907183,UKB,pre_outlier_removal
-0.564295417516851,-0.510648584517806,0.0245894899307084,-0.342112804201299,-6.11677730924767,rs12911494,UKB,pre_outlier_removal
0.605105192937871,0.822155287024183,0.0261204871974338,-1.3429793715926,-7.20443831229693,rs11638002,UKB,pre_outlier_removal
0.183511847846433,0.968323676450149,0.0584436238617788,-3.24636219012837,-0.918214055791312,rs72743410,UKB,pre_outlier_removal
-0.342848912418876,-0.139953336543202,0.109324446828065,-0.613640384108683,-1.23494196632907,rs71398291,UKB,pre_outlier_removal
0.535943007919195,0.0790762980581777,0.0656399063467366,1.78322250898164,-0.838918947781182,rs79346334,UKB,pre_outlier_removal
1.08673955170394,1.06952009783414,0.0251215321506068,0.108641639694251,-16.412475632259,rs266332,UKB,pre_outlier_removal
-0.928634986651748,-1.06441637348718,0.0265515814698927,0.83328783803232,-13.2859767009889,rs16950543,UKB,pre_outlier_removal
1.23124984549238,1.05286510911181,0.0271321393903332,1.08296811726481,-16.0719060415063,rs7181798,UKB,pre_outlier_removal
0.932829395572886,1.0941552515003,0.0396301987969039,-0.810383990071616,-9.92257468467286,rs17212752,UKB,pre_outlier_removal
-1.05154842045718,-1.08422128856771,0.0238316648652571,0.211646001580559,-16.8508286725436,rs35597327,UKB,pre_outlier_removal
0.420437426741581,0.464102572335392,0.0249043068740636,-0.276692688360879,-4.98292470087236,rs266335,UKB,pre_outlier_removal
-0.818703524722976,-0.35213688892495,0.0501189870597674,-2.08407112595215,-2.14593735255372,rs33932452,UKB,pre_outlier_removal
0.420901737857267,-0.0162342653320891,0.106416509367291,1.34002244423256,0.173015088967317,rs145337321,UKB,pre_outlier_removal
0.902430318687133,1.00080420022741,0.0255483359252073,-0.615458109874171,-12.9473899006986,rs3101486,UKB,pre_outlier_removal
1.08993232692668,1.61501255288759,0.0549762018165663,-2.23943415393595,-9.80970210369466,rs1409,UKB,pre_outlier_removal
-0.0933039744620865,-0.0889728068021257,0.117194999349008,-0.0126517457334733,-0.218418080794709,rs74619957,UKB,pre_outlier_removal
-1.08714750513308,-0.914981022444928,0.0263704449830824,-1.06020507287001,-13.1483883455858,rs67535429,UKB,pre_outlier_removal
-1.05473898905353,-0.756007886878466,0.0388829005450371,-1.51495981791833,-7.36319467929931,rs12901393,UKB,pre_outlier_removal
0.73095696240118,0.717713404080103,0.0244646031016062,0.0846711778403939,-9.09096179106741,rs422342,UKB,pre_outlier_removal
-1.59294170881085,-1.56678055685148,0.0245036636181883,-0.167124973916613,-32.5476398681511,rs34722686,UKB,pre_outlier_removal
-1.61388295176618,-1.56494457716233,0.0245036636181887,-0.312632432696036,-32.83610286516,rs3101491,UKB,pre_outlier_removal
-1.05827010885523,-1.08383247847906,0.0238316648652532,0.165586115779841,-16.9476187077858,rs57252824,UKB,pre_outlier_removal
0.720853333020153,0.718581700734287,0.0244646031016046,0.0145234216213963,-9.01539747235621,rs3104500,UKB,pre_outlier_removal
-1.83899187298494,-2.1815102892742,0.0336680376595224,1.86670213913641,-33.6669543687443,rs560099636,UKB,pre_outlier_removal
-1.04721572385011,-1.08447190955028,0.0238316648652518,0.241335493134917,-16.786830042968,rs7181718,UKB,pre_outlier_removal
0.691417833597383,0.721111360592355,0.024464603101606,-0.189842174130679,-8.75460409464749,rs76116632,UKB,pre_outlier_removal
-1.06063366637898,-1.08369576059572,0.0238316648652476,0.149390008019396,-16.9809302908984,rs12912472,UKB,pre_outlier_removal
-1.7969117269459,-1.54336039905282,0.0268612091251951,-1.54704558363513,-31.4318892824697,rs55766013,UKB,pre_outlier_removal
-0.304849490458095,-0.170759694937162,0.0538337018952439,-0.577921173116776,-2.28635710333749,rs117702232,UKB,pre_outlier_removal
-0.934489786489398,-0.778409994158841,0.0245956115849005,-0.995217182479886,-10.8318374750562,rs62005979,UKB,pre_outlier_removal
-1.0735184195218,-1.08295045350706,0.0238316648652515,0.0610981647830877,-17.1558970505283,rs58048858,UKB,pre_outlier_removal
-1.78964473906428,-1.57027303723922,0.0251310237712985,-1.38380697056465,-33.7093933305531,rs62005980,UKB,pre_outlier_removal
-1.08797968024176,-1.08211395473965,0.0238316648652537,-0.0379965831187551,-17.3389058099689,rs2054364,UKB,pre_outlier_removal
-1.0764448338335,-1.08278117767342,0.023831664865253,0.0410451214084904,-17.1940727020968,rs34307601,UKB,pre_outlier_removal
-0.926243103594047,-0.779166662870003,0.0245956115848971,-0.93780878844689,-10.8359668314551,rs11635753,UKB,pre_outlier_removal
-1.08329350955596,-1.08238502211605,0.0238316648652531,-0.00588493588905622,-17.2811510991674,rs34189958,UKB,pre_outlier_removal
0.723429484045519,0.718360308674751,0.0244646031016035,0.0324091938825308,-9.03534182190651,rs36221701,UKB,pre_outlier_removal
0.31005494449509,-0.358500700912687,0.0795382045204924,2.37055299623309,2.90162763134956,rs76500746,UKB,pre_outlier_removal
0.721824916905337,0.718498203705038,0.024464603101604,0.0212689609678548,-9.02297387387709,rs3809572,UKB,pre_outlier_removal
-1.80853226124038,-1.63523224238429,0.0254738880820742,-1.08580288625274,-34.7710241818252,rs36222034,UKB,pre_outlier_removal
0.710669215642265,0.719456914453151,0.0244646031015997,-0.0561831488777632,-8.93201158560551,rs11633026,UKB,pre_outlier_removal
-1.02901040354542,-1.08630168264911,0.0249940146400274,0.362385246783889,-15.8758371566179,rs1061427,UKB,pre_outlier_removal
-0.094840184288221,0.218329037395313,0.0829594927496758,-1.087291590349,0.742969473300188,rs146298603,UKB,pre_outlier_removal
-1.67171027778045,-1.68783335322782,0.0246352440645584,0.102723415642673,-35.430778684202,rs4776337,UKB,pre_outlier_removal
-1.6766122564714,-1.68737495192116,0.0246352440645577,0.0685713368848097,-35.4746932611244,rs4776338,UKB,pre_outlier_removal
0.716832195987911,0.718927273567532,0.0244646031016043,-0.0133946392678516,-8.9833390673532,rs76302777,UKB,pre_outlier_removal
-1.78596224481532,-1.63818303284304,0.0254738880820668,-0.925903505070761,-34.8571828744275,rs72743414,UKB,pre_outlier_removal
-0.829099124231223,-0.286888257790172,0.040338862521372,-2.69964334905235,-1.82549592583458,rs12901148,UKB,pre_outlier_removal
0.472416316770781,0.573265438961779,0.0247510580580025,-0.641025399402592,-5.68144385162255,rs7162912,UKB,pre_outlier_removal
-1.82092462330204,-1.63361207237435,0.025473888082081,-1.17359772821209,-34.6995002111753,rs16950547,UKB,pre_outlier_removal
-0.430476222438024,-0.577403009474063,0.0247510580579976,0.933908003327496,-5.10215435649261,rs12904944,UKB,pre_outlier_removal
-1.823075284242,-1.63333089624853,0.0254738880820798,-1.18883428572873,-34.6854916437678,rs16950553,UKB,pre_outlier_removal
-1.18214495012464,-0.703087796015455,0.0342208136251462,-2.58965651752909,-7.33357306971258,rs538968965,UKB,pre_outlier_removal
-1.36470464199264,-1.29964285605231,0.0246102515387364,-0.414732389707779,-23.8380483810955,rs17291497,UKB,pre_outlier_removal
-1.63522477093653,-1.58107113331194,0.025049871270463,-0.342156571324964,-32.8605698588772,rs10518705,UKB,pre_outlier_removal
1.29653762314804,1.63521384022096,0.0655036318120607,-1.32328079706479,-11.1814208913152,rs78679132,UKB,pre_outlier_removal
-1.38075979744123,-1.26708781414808,0.0241820643276507,-0.73098211532105,-23.6699120848,rs11632964,UKB,pre_outlier_removal
-1.35375358145843,-1.26907000838092,0.0241820643276484,-0.544568464346244,-23.4534503814157,rs4776879,UKB,pre_outlier_removal
-1.00605381260999,-1.23389608085183,0.0291237697757506,1.33508987052414,-14.1832083702359,rs76246800,UKB,pre_outlier_removal
-0.995525282135303,-1.23697831856838,0.0291237697757503,1.4148450401088,-13.9562457336352,rs76131938,UKB,pre_outlier_removal
-1.65649342283834,-1.63689752510556,0.023892140122911,-0.126776173047231,-35.2778650114923,rs7163797,UKB,pre_outlier_removal
-1.97994251962596,-1.89402353992971,0.0252906661923184,-0.540267665664766,-36.2161186305533,rs4776880,UKB,pre_outlier_removal
-1.6513117323643,-1.63721116504259,0.0238921401229086,-0.0912239891848218,-35.2317038539595,rs10518707,UKB,pre_outlier_removal
-1.65895267881188,-1.68961752063669,0.024044569209215,0.197757165495903,-35.6426728791537,rs12908498,UKB,pre_outlier_removal
-1.64769692803348,-1.63742996371639,0.0238921401229092,-0.0664223942522441,-35.1971246656372,rs7177795,UKB,pre_outlier_removal
-1.64773036436183,-1.6374279398656,0.0238921401229173,-0.0666518048088566,-35.1974534436707,rs7178381,UKB,pre_outlier_removal
1.11141304834229,1.83532470557473,0.0447370646426283,-3.42256596773798,-13.5208377120347,rs142802325,UKB,pre_outlier_removal
-0.509355167869162,-0.824095618062414,0.0482980540382038,1.43214748657712,-3.97311915551098,rs12913535,UKB,pre_outlier_removal
-1.32747250519709,-1.21978631204312,0.0250729493720892,-0.680075786572346,-21.4557847616251,rs1498505,UKB,pre_outlier_removal
0.914766498386357,0.404348741061363,0.049690336125822,2.28975917414652,-2.46858540237388,rs11638611,UKB,pre_outlier_removal
-1.64604026282367,-1.63753023917155,0.0238921401229169,-0.0550558206553976,-35.1806264498855,rs1498506,UKB,pre_outlier_removal
-1.64344542829848,-1.63768730060561,0.023892140122916,-0.0372523577522729,-35.153966148843,rs1498507,UKB,pre_outlier_removal
0.705794152635002,-0.0365496424411336,0.121359386376805,2.13092613982433,0.308375706556898,rs74687488,UKB,pre_outlier_removal
-1.31970647844748,-1.21790294137523,0.0240502846335753,-0.656451669454203,-22.1330471196093,rs2899722,UKB,pre_outlier_removal
-1.3001117670688,-2.46553930678715,0.0847938856168135,4.00223889289386,-11.2241375539743,rs573337207,UKB,pre_outlier_removal
-1.66167192135818,-1.68943453044363,0.024044569209217,0.179040704363535,-35.6649793481898,rs28613758,UKB,pre_outlier_removal
-0.970407065888363,-1.24433170123455,0.029123769775749,1.60511922901656,-13.407536031938,rs79559143,UKB,pre_outlier_removal
-1.61003724028818,-1.65388764284299,0.0247150462005753,0.278928487145449,-34.0720693884841,rs11635145,UKB,pre_outlier_removal
-1.48353560061706,-1.49005027650607,0.0263118519849451,0.0401621640107537,-27.4300264532681,rs12901081,UKB,pre_outlier_removal
-2.02257642973272,-1.99346921462756,0.0271088708507101,-0.176784807963026,-36.4216002888988,rs12901071,UKB,pre_outlier_removal
-1.54010374600506,-1.38188251842901,0.026047324236478,-0.980354601500582,-26.1055707636934,rs12901499,UKB,pre_outlier_removal
-0.469561956471562,-0.129532794363691,0.0513191900143479,-1.50098471149849,-1.54145242041211,rs78800186,UKB,pre_outlier_removal
-1.18765643526389,-1.32919930248496,0.0315995779088525,0.796246154737065,-17.0654052162777,rs12901372,UKB,pre_outlier_removal
-1.53925833952679,-2.13555020526299,0.0441075508879621,2.83924201506207,-22.0017250313223,rs72743421,UKB,pre_outlier_removal
0.564734062069147,0.759932024577398,0.0305604162330502,-1.11659491989559,-6.05474639632716,rs28672134,UKB,pre_outlier_removal
-0.95784405261234,-1.04046103776658,0.0330939902295711,0.454145249352118,-11.5208468503487,rs28617673,UKB,pre_outlier_removal
0.668187202736338,-0.440493345499871,0.0942639528560718,3.61105085059183,3.24198285819943,rs561054612,UKB,pre_outlier_removal
0.664718611010674,0.724285422798365,0.0305604162330484,-0.340741258678367,-7.32173859211706,rs28424190,UKB,pre_outlier_removal
-0.921111233751183,-0.952761588639705,0.0327995579101427,0.174761027306549,-10.650083494383,rs12592283,UKB,pre_outlier_removal
-1.96789654197787,-2.13661226688751,0.030957202442142,0.958903069142866,-35.5903614722829,rs12594609,UKB,pre_outlier_removal
0.606725291631086,0.999362408835854,0.0275596251410471,-2.36512827098225,-6.75713214238885,rs61414048,UKB,pre_outlier_removal
0.654022111225842,0.913941891066578,0.0284494723434765,-1.54099852326867,-7.47052571249273,rs16950556,UKB,pre_outlier_removal
-2.10029402840568,-2.15210008055361,0.0301490311602734,0.298362211853107,-36.3916647664344,rs6494629,UKB,pre_outlier_removal
-2.77193832780056,-1.98754117084716,0.030005161048812,-4.52832959843579,-32.6892322870321,rs72743422,UKB,pre_outlier_removal
-2.68025501611347,-2.01796850938232,0.030005161048812,-3.8233840656991,-33.0772231828294,rs72743423,UKB,pre_outlier_removal
-1.64397716569121,-1.73826525940439,0.026539750099129,0.578773237084371,-33.8741094660431,rs12903831,UKB,pre_outlier_removal
-1.33355967511793,-1.36599113405058,0.0265439433903115,0.199059892253862,-22.928370079432,rs11427899,UKB,pre_outlier_removal
-1.63601300890559,-1.64608980772059,0.0279710587204747,0.0602515377320786,-30.9795755322275,rs7166537,UKB,pre_outlier_removal
-1.50786970324262,-1.52852178487982,0.0244976361845863,0.131947675223308,-30.3369842447533,rs11071929,UKB,pre_outlier_removal
-1.4982502872274,-1.54205197633925,0.0241891518227621,0.281631052507051,-30.7059343940012,rs12910698,UKB,pre_outlier_removal
-1.50538440067068,-1.44501540397308,0.0238142772895639,-0.391196765302752,-29.4500700449475,rs4776881,UKB,pre_outlier_removal
0.698927750992807,0.645182505346196,0.0266012986693291,0.329525200195145,-7.68385093667005,rs58843535,UKB,pre_outlier_removal
-1.50694652321874,-1.44492625003373,0.0238142772895611,-0.401897191942796,-29.4699542850718,rs11071930,UKB,pre_outlier_removal
-1.51021002579901,-1.44473999440913,0.0238142772895644,-0.424251948931424,-29.510972920036,rs12324036,UKB,pre_outlier_removal
-1.80558567379975,-1.79711486703043,0.0283806101072153,-0.0502821583388756,-35.4097306173714,rs16950559,UKB,pre_outlier_removal
-1.80559872223178,-1.79711147752435,0.0283806101072165,-0.050379732870882,-35.4098066678583,rs58419901,UKB,pre_outlier_removal
-1.22401376912647,-1.18062279152679,0.0241998725926003,-0.278928502457475,-20.3022626459784,rs11856909,UKB,pre_outlier_removal
-0.47424615235522,-0.270677180843831,0.056652316360927,-0.855269030916957,-2.85459306954544,rs4776882,UKB,pre_outlier_removal
0.687448923329856,1.99473389007873,0.091437820470412,-4.3232199774364,-4.48070341047542,rs532188806,UKB,pre_outlier_removal
-1.47156243854297,-1.52724389620886,0.0245079242310906,0.355678268793393,-29.5721920878048,rs28437657,UKB,pre_outlier_removal
-0.708066055900368,-0.693202955485683,0.0252984442313068,-0.0934463848862322,-8.48289969700758,rs2118613,UKB,pre_outlier_removal
-1.51280821430337,-1.44459170979434,0.0238142772895607,-0.442049352548768,-29.5431251539029,rs4776883,UKB,pre_outlier_removal
-1.89456974302571,-1.77400005480555,0.0283806101072196,-0.715693831655696,-35.4423058233256,rs72743427,UKB,pre_outlier_removal
-0.682595494114205,-0.725324093764386,0.0241768424859185,0.27480135469409,-8.75620870730209,rs12911469,UKB,pre_outlier_removal
-1.50318317111618,-1.44514103322432,0.0238142772895599,-0.376118501824508,-29.4217752584194,rs8035486,UKB,pre_outlier_removal
-1.50988919249948,-1.44475830510605,0.0238142772895626,-0.422054263999703,-29.5069716781774,rs2083194,UKB,pre_outlier_removal
-1.51787254925109,-1.39515755209542,0.0240512945855777,-0.791276764068882,-28.169541327535,rs11631785,UKB,pre_outlier_removal
-0.710442992531799,-0.677801937229037,0.0243773183327943,-0.209060135223065,-8.56301357941236,rs11631839,UKB,pre_outlier_removal
-0.71000995343865,-0.696846590391846,0.0244821318165629,-0.0841283252336705,-8.72418345452536,rs12907997,UKB,pre_outlier_removal
-0.856395175946826,-0.78663045453014,0.0550918866690363,-0.297229589471766,-6.28899390113413,rs112215760,UKB,pre_outlier_removal
-1.44132545588246,-1.41723017262437,0.0241950266198296,-0.154906265482518,-27.5341499249636,rs12912885,UKB,pre_outlier_removal
-1.64245106705976,-2.21086795881068,0.0333423175731249,3.11292805567143,-31.5142169803241,rs148586558,UKB,pre_outlier_removal
-1.42054643584489,-1.40173612321033,0.0240512945855812,-0.12129049959328,-27.0658934333026,rs12914117,UKB,pre_outlier_removal
-1.14123945348933,-1.16777100703729,0.0247271968986113,0.168723368438702,-18.6360563669425,rs4776884,UKB,pre_outlier_removal
-1.12208978921222,-1.15153235920026,0.0246733823033595,0.187439610053996,-18.1844190143052,rs4776885,UKB,pre_outlier_removal
1.82104401756981,0.801377865498919,0.0571794065566257,4.26420604271083,-7.6014065334944,rs151285353,UKB,pre_outlier_removal
-1.21402902988282,-1.15339661034172,0.0238754908563191,-0.392399770430815,-19.9374215994571,rs4776886,UKB,pre_outlier_removal
-1.18735630564673,-1.15499135829505,0.0238754908563125,-0.209458867169184,-19.6611377214959,rs4776887,UKB,pre_outlier_removal
-1.186114858487,-1.18458461130238,0.0247321275789618,-0.00973040350320874,-19.5082818391673,rs11629799,UKB,pre_outlier_removal
1.15997499854504,0.361066251457798,0.109362644830103,2.41580943924928,-1.3068710494766,rs142788699,UKB,pre_outlier_removal
-1.19472394866088,-1.30362692237319,0.0252157877240338,0.685809455997006,-20.6291813237374,rs11634686,UKB,pre_outlier_removal
0.74519247683812,0.636818624750489,0.0266012986693293,0.664466500719168,-7.71817052200211,rs80256914,UKB,pre_outlier_removal
1.27847053158074,1.70140022449327,0.0820269670220913,-1.47669175556718,-9.2076172292334,rs62005996,UKB,pre_outlier_removal
1.14231568269834,1.27322891542118,0.0343541589012836,-0.706307612822186,-14.9210965495867,rs141177232,UKB,pre_outlier_removal
-0.926321062378838,-0.885103441921162,0.0247146272979517,-0.262183817718165,-12.5205036907912,rs12904824,UKB,pre_outlier_removal
-1.24083021655733,-1.15856034865529,0.0240110208021334,-0.530927826737241,-20.2058168179084,rs4776339,UKB,pre_outlier_removal
-0.838028315048365,-0.957736625864548,0.0238660541153865,0.774879179914722,-12.288704831899,rs4776888,UKB,pre_outlier_removal
-0.844351792068673,-0.906447180134703,0.0239469438414733,0.40126778781302,-12.0978109432185,rs12442353,UKB,pre_outlier_removal
1.17424299624339,1.25646968051841,0.0343541589012828,-0.44363225834878,-15.3084843638002,rs142854796,UKB,pre_outlier_removal
0.0148672065536334,-0.0990035426323492,0.0555787334580105,0.483011927245999,0.0815049002317405,rs79458729,UKB,pre_outlier_removal
-0.883990120428852,-0.901465562069855,0.024264573860309,0.112186816886113,-12.4616722943294,rs1465842,UKB,pre_outlier_removal
-0.841756970695221,-0.863410564512218,0.0246057744871595,0.138042070999114,-11.4809102856608,rs1465841,UKB,pre_outlier_removal
-0.870891900916467,-0.860724165912676,0.0246057744871599,-0.0648195033653863,-11.7654367184179,rs1465840,UKB,pre_outlier_removal
-0.881515967210234,-0.955154738434479,0.0238660541153859,0.476668246900515,-13.0310356898076,rs881862,UKB,pre_outlier_removal
-0.873704984312725,-0.935914394081142,0.0247478702285558,0.39544598078877,-12.4201944060063,rs881861,UKB,pre_outlier_removal
0.694548399926413,0.490321789615161,0.026970126082107,1.24357173014439,-5.44559702199023,rs79826987,UKB,pre_outlier_removal
-0.938050341739865,-0.9618495746304,0.0239222938905655,0.153872690691271,-13.8910702252402,rs7169183,UKB,pre_outlier_removal
-0.938859493101261,-0.961799514889144,0.0239222938905675,0.148317506419361,-13.9012501411965,rs7169630,UKB,pre_outlier_removal
0.327414344469514,-0.200932388212623,0.10335080609893,1.64347117713085,1.74205318825539,rs79824500,UKB,pre_outlier_removal
-0.861708021094147,-0.956330747819982,0.023866054115386,0.61249866769233,-12.7076432243687,rs7176870,UKB,pre_outlier_removal
0.735409320299178,0.482265868075719,0.0269701260821053,1.54143497939121,-5.12969288212059,rs28417316,UKB,pre_outlier_removal
-1.1191703736088,-1.19740337452033,0.0243267677278606,0.501588747688509,-18.8287389483579,rs7181878,UKB,pre_outlier_removal
-1.2060043724466,-1.16085207703206,0.0240110208021281,-0.291389918179835,-19.8857610883287,rs9302242,UKB,pre_outlier_removal
0.595608890242559,0.550965472599679,0.0300012927766783,0.257743338586826,-5.91880469744122,rs2053295,UKB,pre_outlier_removal
-2.60997786911222,-2.28995576464504,0.0397554970238582,-1.6050234541507,-34.6821496324432,rs9972423,UKB,pre_outlier_removal
-0.536979988772069,-0.599462458663281,0.024673373260269,0.397780898291664,-6.48470011102301,rs1530061,UKB,pre_outlier_removal
-2.14724423163976,-2.12341401892677,0.0281604344706626,-0.142006506492688,-36.5890654155819,rs4776890,UKB,pre_outlier_removal
-0.552690271652514,-0.689104127153847,0.0252181483119451,0.859017252728958,-6.70252342622064,rs17213990,UKB,pre_outlier_removal
-2.71056616372038,-2.80884437664763,0.028262755679765,0.584588137845354,-37.4991420161358,rs12916733,UKB,pre_outlier_removal
0.907761906637696,1.08134984067253,0.104776571849874,-0.536274864735123,-5.29561674827223,rs113486399,UKB,pre_outlier_removal
1.36778988871702,1.33157924004034,0.0731993506940968,0.133839002281619,-10.1034850282451,rs117584337,UKB,pre_outlier_removal
0.0516020380487487,1.01995476123034,0.121154799552829,-2.78203933725373,-0.159315649243956,rs114214638,UKB,pre_outlier_removal
-2.35423392708256,-2.53774065893377,0.0289633268021592,1.07827063604792,-36.2387322831721,rs12594610,UKB,pre_outlier_removal
2.78486008319238,2.85619952195381,0.0309924965369361,-0.405229830270932,-37.5068603604165,rs72743436,UKB,pre_outlier_removal
-0.462937017328673,-0.60651179456948,0.0246733732602656,0.914037232560007,-5.52631556172863,rs56067504,UKB,pre_outlier_removal
-0.46430416078832,-0.606381634295088,0.0246733732602677,0.904504977747083,-5.54711237796241,rs56099042,UKB,pre_outlier_removal
-2.76885788416929,-2.73749423533812,0.0279919104219784,-0.187460733805323,-37.7480761306149,rs1530060,UKB,pre_outlier_removal
-0.468061288675556,-0.606023933138472,0.0246733732602635,0.878308823910249,-5.60371097485424,rs56336169,UKB,pre_outlier_removal
-0.570816746903553,-0.596240995917912,0.0246733732602701,0.161857887963303,-6.80004618866892,rs56286270,UKB,pre_outlier_removal
-0.399661501604157,-0.590588226358444,0.0255077584775384,1.19544768253321,-4.50931981302514,rs2053294,UKB,pre_outlier_removal
0.0901522991077391,0.122272882973262,0.0265513198473129,-0.197124395151433,-1.21345628065783,rs12593840,UKB,pre_outlier_removal
-0.28426897726711,-0.336178153215876,0.0264953568966411,0.318903472035348,-3.69644358552847,rs2118612,UKB,pre_outlier_removal
0.415518368028756,0.238145459495102,0.0259315412162361,1.10147114082328,-3.01455263675504,rs2118611,UKB,pre_outlier_removal
0.119762722191861,0.18258644128297,0.0249003996219943,-0.398125948197736,-2.21580818524268,rs11071933,UKB,pre_outlier_removal
0.143436835429953,0.180093952606079,0.0249003996219959,-0.23230317697008,-2.50224097615241,rs11071934,UKB,pre_outlier_removal
0.313090318937521,0.162232274646166,0.0249003996219978,0.956016338982507,-2.65965215062594,rs62006018,UKB,pre_outlier_removal
0.177427462941525,0.176515307300997,0.0249003996219955,0.00578050511085822,-2.79195191640018,rs56324967,UKB,pre_outlier_removal
0.338015882515376,0.249852503648628,0.0259315412162313,0.547487315295251,-3.45356285701906,rs4776891,UKB,pre_outlier_removal
1.31758988464738,1.19762126520071,0.0645631255509119,0.472144992309533,-9.82976409048027,rs117775603,UKB,pre_outlier_removal
-0.638827675736351,-0.288214356990793,0.0312974118653356,-1.98186558877249,-2.30336135838498,rs28647290,UKB,pre_outlier_removal
0.27922089194251,0.258733709794228,0.0259315412162339,0.127223712345235,-3.50664253200523,rs4776340,UKB,pre_outlier_removal
0.374826265120672,0.223285562141727,0.0266248500743833,0.928721954355553,-3.0394193927364,rs8038623,UKB,pre_outlier_removal
-0.793885643044544,-0.456364689702295,0.0249072147301941,-2.13864232048943,-4.71876336302515,rs56118922,UKB,pre_outlier_removal
-0.872705466167913,-0.546060326303409,0.0520973237689635,-1.43109509635083,-4.11138669947089,rs1438386,UKB,pre_outlier_removal
-1.8961939658768,-1.01754499007242,0.0418582884391781,-4.29461932458687,-13.6527262729972,rs7168228,UKB,pre_outlier_removal
2.36933974581805,1.52253203726997,0.0541888362508205,3.6377252169001,-19.643522675832,rs151090251,UKB,pre_outlier_removal
-1.35292875528914,-0.592813394786967,0.0440596272152688,-3.62125493234696,-5.43884537102334,rs60428975,UKB,pre_outlier_removal
-2.58814834170355,-2.66754129140796,0.0332952164058327,0.435101936993261,-36.9725987348219,rs35887379,UKB,pre_outlier_removal
0.380342524162219,0.943102322424808,0.0969027782123719,-1.80781901897516,-1.88536373173042,rs72743439,UKB,pre_outlier_removal
0.220420455958771,0.465576557589918,0.0978249360531652,-0.783822850992534,-2.26448959282119,rs75310666,UKB,pre_outlier_removal
2.55841431602267,2.89298231192402,0.0326644361642512,-1.85117216687452,-35.1018695803547,rs11637580,UKB,pre_outlier_removal
2.6131282317522,2.86226708905206,0.031673274265281,-1.39989346919053,-36.0136779298734,rs11637581,UKB,pre_outlier_removal
-1.49745657603604,-1.63248908481059,0.0327931011250387,0.745670723849324,-24.2944365480131,rs718663,UKB,pre_outlier_removal
-1.47410334559797,-1.81965868019699,0.0352859327726515,1.83957204287785,-23.1426797450631,rs7180412,UKB,pre_outlier_removal
0.22929596608775,1.03856951971861,0.05754849381996,-3.37348176877341,-1.24496207500162,rs117683492,UKB,pre_outlier_removal
0.0230619498526817,0.0830908455530669,0.0358056122964724,-0.317237706675874,-0.164459104267787,rs7359174,UKB,pre_outlier_removal
-0.457891021948787,-0.937540077253389,0.0317256503358353,2.6928882215856,-4.1089689242762,rs7163381,UKB,pre_outlier_removal
0.813477201284367,0.918619238492741,0.0358510915915119,-0.55529683195444,-8.70308651257629,rs4776892,UKB,pre_outlier_removal
-0.399994181327943,-0.300833911612117,0.0312915733995149,-0.560562445268897,-3.62098047708006,rs920293,UKB,pre_outlier_removal
-2.70049779322306,-2.25701898087126,0.0340651047007478,-2.40280214932114,-33.8645515239238,rs4776341,UKB,pre_outlier_removal
0.015279690923693,-0.207222333691602,0.0309863062754987,1.26400578764398,0.284962637286347,rs35254564,UKB,pre_outlier_removal
-1.07433984084159,0.324280417947538,0.119688802642204,-4.04271432588591,1.20914155580995,rs150511805,UKB,pre_outlier_removal
2.85749454501595,2.77261748023234,0.0235371256282485,0.553240085421678,-38.175074815917,rs4776894,UKB,pre_outlier_removal
-2.91895586342166,-2.82697733264688,0.0236922293000248,-0.597562732420298,-38.2453769368043,rs17214419,UKB,pre_outlier_removal
0.644775819839495,0.731103553837792,0.0272615856034903,-0.522847198553263,-7.67066301047964,rs16950615,UKB,pre_outlier_removal
2.83097423865348,2.77380479571744,0.0235371256282461,0.372638092211099,-38.2750597004947,rs4776896,UKB,pre_outlier_removal
-2.92781794623774,-2.86224694899804,0.0235378878680498,-0.427393628906115,-38.4502231398382,rs11071937,UKB,pre_outlier_removal
-0.0203156227596208,-0.108137926398941,0.0264864997456775,0.539625594650028,-0.251165003200364,rs16950625,UKB,pre_outlier_removal
-0.00239138314005067,-0.111286989205087,0.0264864997456778,0.669110849323138,-0.0304105072358959,rs71398295,UKB,pre_outlier_removal
1.04579041845814,1.49082540220148,0.0824132721251877,-1.55022798626232,-6.83374390974269,rs142440283,UKB,pre_outlier_removal
-2.90564976484038,-2.82766465678139,0.023692229300028,-0.506650778907597,-38.3078619494763,rs11631254,UKB,pre_outlier_removal
-2.8206743986366,-2.83205404407387,0.0236922293000254,0.0739308615193831,-38.4112144945942,rs11636161,UKB,pre_outlier_removal
0.703942138853306,0.718673181602996,0.0272615856034885,-0.0892191197048694,-8.23228279752025,rs16950635,UKB,pre_outlier_removal
0.69067630969394,0.735643193652614,0.0251441542643674,-0.283579137535341,-8.67215805031367,rs8028147,UKB,pre_outlier_removal
0.692182480900951,0.735468322476158,0.0251441542643667,-0.272977812575809,-8.68795043239899,rs4776342,UKB,pre_outlier_removal
-2.62584551349656,-2.80098887297174,0.027779171538418,1.05083379418769,-36.888733209989,rs991157,UKB,pre_outlier_removal
-2.90524684255807,-2.82768546965952,0.0236922293000256,-0.503897871917676,-38.3095635152191,rs55847720,UKB,pre_outlier_removal
2.78607261041736,2.77581504393159,0.0235371256282488,0.0668601933075005,-38.3311231913259,rs7173555,UKB,pre_outlier_removal
0.710563745050354,0.71728203489665,0.0272615856034926,-0.0406895775264246,-8.2778557650573,rs71398296,UKB,pre_outlier_removal
-2.90309507628866,-2.82779661876006,0.0236922293000264,-0.489196246654483,-38.3184595296631,rs12442452,UKB,pre_outlier_removal
2.7730923325051,2.77639617164375,0.0235371256282491,-0.0215348663616929,-38.3204173959162,rs7178291,UKB,pre_outlier_removal
-0.485479936217643,-0.35522443580707,0.0289690113716706,-0.765295632005031,-4.0685586279375,rs61592978,UKB,pre_outlier_removal
-2.89800986456048,-2.82805929445935,0.0236922293000268,-0.454452288505681,-38.3382003091096,rs11071938,UKB,pre_outlier_removal
2.08194611281666,2.0225731993041,0.024504137937825,0.37928760177206,-36.6101804344011,rs1545161,UKB,pre_outlier_removal
2.79914418864232,2.77522982869959,0.0235371256282478,0.155877003655215,-38.3296692223503,rs1545160,UKB,pre_outlier_removal
-2.89382751064661,-2.86376985260151,0.0235378878680495,-0.195916671838172,-38.5247634950559,rs12439500,UKB,pre_outlier_removal
2.78303890374306,2.77595086313589,0.0235371256282477,0.0462007987785294,-38.3297059027428,rs4776897,UKB,pre_outlier_removal
-0.46750112776863,-0.360364245372401,0.0289690113716718,-0.629465841104809,-4.15622068575565,rs55993214,UKB,pre_outlier_removal
2.83083521563066,2.77381101978529,0.0235371256282487,0.371691352204755,-38.2754544737358,rs2414936,UKB,pre_outlier_removal
-2.87181892192527,-2.82941218290129,0.0236922293000233,-0.275506540828074,-38.4109855064866,rs990986,UKB,pre_outlier_removal
0.666564131420592,0.726526003166643,0.0272615856034904,-0.363161352793664,-7.90950426929979,rs34732626,UKB,pre_outlier_removal
2.78386304103816,2.77591396646671,0.0235371256282477,0.0518131335732256,-38.3301563746677,rs8026261,UKB,pre_outlier_removal
2.78272099717829,2.90860905311547,0.0245821137254481,-0.802924879310897,-37.8507344013173,rs8025083,UKB,pre_outlier_removal
-0.443353506109353,-1.02685200847578,0.0669985653393915,2.2542755160846,-2.30089031129888,rs55825142,UKB,pre_outlier_removal
2.05846565880772,2.06943947023982,0.0240525711470809,-0.0707581939390069,-36.7778252649369,rs6494633,UKB,pre_outlier_removal
2.75836869743698,2.77705534954593,0.0235371256282491,-0.121802103257899,-38.2936107764892,rs6494634,UKB,pre_outlier_removal
-0.326877919457198,-0.229469372675475,0.123650098789845,-0.277012795741086,-1.68951964430589,rs72743447,UKB,pre_outlier_removal
0.36955319946225,0.384250100093672,0.0251143658959741,-0.0927394784549721,-4.37655467911418,rs12102171,UKB,pre_outlier_removal
0.371141753355345,0.384067764497952,0.0251143658959654,-0.0815649205183959,-4.38440476822306,rs12102184,UKB,pre_outlier_removal
-2.16154926117618,-2.1460257212833,0.0240867196231795,-0.100023473786344,-36.9485870861435,rs7178117,UKB,pre_outlier_removal
0.644944787885163,0.689854262912372,0.0245253445185595,-0.286767823377352,-8.05639930054758,rs10163132,UKB,pre_outlier_removal
-2.86988244937064,-2.82951221104372,0.0236922293000232,-0.262275878075931,-38.4144282007549,rs67614233,UKB,pre_outlier_removal
-0.080459690289698,-0.0680700812737889,0.0270230576368381,-0.0753685842856462,-0.614969535777599,rs71398297,UKB,pre_outlier_removal
0.641419240898629,0.904437933987772,0.0359329181532042,-1.38752357677512,-6.27030101716659,rs79783885,UKB,pre_outlier_removal
2.07975348209455,1.86187187600298,0.0254677999654583,1.36528982288838,-35.1392486680033,rs34783441,UKB,pre_outlier_removal
-2.88108794492301,-3.01606745628294,0.0241746256469425,0.868136413448852,-38.0513336082567,rs11631380,UKB,pre_outlier_removal
0.395180617672083,0.381308562770189,0.025114365895971,0.0875345876633303,-4.480969938248,rs28414740,UKB,pre_outlier_removal
-0.429618659730301,-0.247366160550925,0.0272328703052949,-1.10440098042968,-3.03641411277216,rs62006053,UKB,pre_outlier_removal
2.10618592196222,2.07700907301675,0.0243586094399367,0.186944262556758,-36.7830719631696,rs72219900,UKB,pre_outlier_removal
1.95176749211459,2.29734380725561,0.0269831437593097,-2.10376727832212,-34.0491650420393,rs28587205,UKB,pre_outlier_removal
0.668557526783621,0.687761341078545,0.0245253445185625,-0.122625259426022,-8.2841083644172,rs4147358,UKB,pre_outlier_removal
-2.15057819795593,-2.15793350518553,0.0243841291008317,0.0471028508697849,-36.9293880845281,rs2118610,UKB,pre_outlier_removal
-0.0950777657189843,-0.0338093763057307,0.0275079469077597,-0.369408917686817,-0.355708708984758,rs12916244,UKB,pre_outlier_removal
0.44358303193825,0.375752891615698,0.0251143658959672,0.428017579678843,-4.54947495045115,rs2033787,UKB,pre_outlier_removal
-0.0274908065660444,-0.0776520536669985,0.026966573284102,0.305460771156966,-0.242660918479902,rs12914140,UKB,pre_outlier_removal
2.14441499939704,2.28783411440765,0.031070934337024,-0.813635486021217,-36.054054570006,rs10518714,UKB,pre_outlier_removal
-2.06795364025836,-1.54338222915068,0.045261088518828,-2.46571070591796,-20.9402033101346,rs34728056,UKB,pre_outlier_removal
-2.84097595532863,-2.84847943700531,0.0242104688531597,0.0482237774467789,-38.3862908165452,rs12438366,UKB,pre_outlier_removal
-0.199571145429761,-0.0713577952394107,0.0285451621822472,-0.758869312434054,-1.3481816004252,rs2414937,UKB,pre_outlier_removal
-2.89710110611779,-3.39423281841721,0.0347798912555821,2.66567597614609,-34.7563333569023,rs12443188,UKB,pre_outlier_removal
-0.133475889982024,-0.416297934298474,0.0943823058830803,0.920593629783235,-1.48215062877722,rs17293408,UKB,pre_outlier_removal
1.0957611259253,1.60048076858013,0.0367012482477018,-2.63457028559528,-14.2403940602209,rs71398298,UKB,pre_outlier_removal
1.11055681756037,1.59117277781166,0.0367012482477001,-2.50875222727733,-14.3902276435073,rs71400358,UKB,pre_outlier_removal
-2.83009112096903,-2.9311363338579,0.0366450162080131,0.527847275381186,-37.1072278625469,rs12915039,UKB,pre_outlier_removal
-0.301086287106163,0.0898146569358364,0.0399674301367849,-1.95530093086924,1.56287949494453,rs745103,UKB,pre_outlier_removal
-0.818531510978517,-0.390870559049476,0.187549081228673,-0.987511422599104,-2.49597608468797,rs145131010,UKB,pre_outlier_removal
2.63453323355114,2.13728702233315,0.0363942816123006,2.6064830620998,-33.423943419099,rs2033786,UKB,pre_outlier_removal
0.507650278110502,-0.0396266736807761,0.0541215383622644,2.35245915804966,0.419455656747714,rs12439792,UKB,pre_outlier_removal
0.529121106734528,0.61863026478899,0.0410717639094339,-0.441667857607255,-4.94075977819881,rs17293443,UKB,pre_outlier_removal
0.558335020507062,0.615242099459628,0.0538346559940146,-0.245264856035375,-4.55846841745616,rs893473,UKB,pre_outlier_removal
-0.710307338845384,1.46430474404563,0.126870989553765,-6.10521036931468,2.84443939559487,rs148501142,UKB,pre_outlier_removal
1.31524026876563,2.11388582696719,0.100317937005277,-2.52153374368485,-8.37207303294868,rs17227716,UKB,pre_outlier_removal
-2.66620090102208,-2.46474779342752,0.0328598370552388,-1.11132547132276,-36.1187795573805,rs750766,UKB,pre_outlier_removal
0.527171422775023,0.726076240525868,0.037878998789797,-1.02198861277243,-5.00818555580507,rs72743459,UKB,pre_outlier_removal
-2.5986831236779,-2.34953649940418,0.0316828116975912,-1.39972638485157,-35.548667402846,rs2289263,UKB,pre_outlier_removal
-3.35971474564261,-3.58428317434783,0.0386803331267661,1.14183564773497,-37.2025638975804,rs62006055,UKB,pre_outlier_removal
1.09599074587272,1.1232659749709,0.140044344986923,-0.0728845738452212,-5.31904234248888,rs2414944,UKB,pre_outlier_removal
-4.3165015127053,-4.26847838424987,0.0253820513932509,-0.301430427229945,-41.6697918325734,rs7167532,UKB,pre_outlier_removal
-2.2202837847198,-3.45874274963275,0.106874472717504,3.78830230912089,-21.1783482553574,rs147793459,UKB,pre_outlier_removal
1.1323798968234,0.970826138856447,0.0250957840508869,1.01980392812264,-14.9919738248742,rs72743461,UKB,pre_outlier_removal
0.938690527730643,0.790959904589017,0.0258770865913275,0.918359747951535,-10.6674707394157,rs1866317,UKB,pre_outlier_removal
-4.31533233610502,-4.2052635352019,0.025140169476175,-0.694192847606459,-41.3387712487842,rs2033785,UKB,pre_outlier_removal
0.954540729442216,0.911941402798759,0.0243218355679183,0.273152110462277,-13.2879207838865,rs1866316,UKB,pre_outlier_removal
-0.536781064963497,-0.394296014058152,0.0244704785030424,-0.910852534280024,-4.71334185112621,rs11637659,UKB,pre_outlier_removal
-4.31447782006138,-4.20536259603587,0.0251401694761739,-0.688178734227893,-41.3440264350345,rs11637816,UKB,pre_outlier_removal
1.18125677052765,0.965256323174571,0.0250957840508876,1.36349724982549,-14.9635543016112,rs17293632,UKB,pre_outlier_removal
1.90573238473438,1.76109069957465,0.0241206589980136,0.93131991205184,-35.6716373222322,rs569297644,UKB,pre_outlier_removal
2.40899851033686,2.76252081063829,0.0250128005591902,-2.23529915687972,-34.9574139150409,rs17227883,UKB,pre_outlier_removal
0.984333728750434,0.894350601502287,0.0242988485565408,0.577255707085864,-13.2377556563211,rs8024330,UKB,pre_outlier_removal
2.45400801929364,2.75755749647057,0.025012800559206,-1.91932415529689,-35.4383351540407,rs11630297,UKB,pre_outlier_removal
1.73634030731869,1.50003516375104,0.0397070637616739,1.18587602300315,-21.1318873578239,rs8026358,UKB,pre_outlier_removal
2.41566925795444,2.73097228244173,0.0248528914301782,-2.00004457711437,-35.261933718666,rs10152307,UKB,pre_outlier_removal
-1.36881170592377,-1.09352643025637,0.0242396524414102,-1.76815278106262,-19.0926015197172,rs10152544,UKB,pre_outlier_removal
1.86564849950455,1.76392350923289,0.0241206589980176,0.654987591499987,-35.9625840106895,rs12439555,UKB,pre_outlier_removal
-0.477057918243059,-0.257601239251019,0.0769760392630815,-0.790990053256564,-2.66539906056117,rs145031687,UKB,pre_outlier_removal
0.803824079791289,0.726765597474292,0.0249268928257586,0.488074792175415,-9.52121658766195,rs7177402,UKB,pre_outlier_removal
-0.441537291498383,-0.601094345704289,0.114550042843246,0.471431265423598,-3.21439652066485,rs71400359,UKB,pre_outlier_removal
-1.30766309842853,-1.24994025222478,0.0243807517260537,-0.369678498178176,-22.398175228079,rs744910,UKB,pre_outlier_removal
1.86855189539971,1.76371832034244,0.0241206589980234,0.675003169346263,-35.9450826501316,rs7181794,UKB,pre_outlier_removal
-4.35020617016371,-4.20122074265868,0.0251401694761756,-0.939636094179093,-41.0820314347195,rs35533195,UKB,pre_outlier_removal
-1.28713381276629,-1.25162811003301,0.0243807517260541,-0.227391678103801,-22.1768287753388,rs11634793,UKB,pre_outlier_removal
-4.36664550118332,-4.34628124324806,0.0282346457463029,-0.121192966948443,-41.2936454970498,rs12441344,UKB,pre_outlier_removal
0.992779319538507,1.05902717511644,0.0243788992074713,-0.424291937189453,-15.3730008856748,rs28434383,UKB,pre_outlier_removal
1.15928425005517,1.13777363031225,0.0253189142852785,0.135185584701386,-18.1161818841195,rs56375023,UKB,pre_outlier_removal
0.786770984722589,0.72858105771761,0.0249268928257588,0.36856470145393,-9.46184216571367,rs8032802,UKB,pre_outlier_removal
0.947341650827228,1.06275919097351,0.0243788992074729,-0.739204782812886,-14.5835081997915,rs8032739,UKB,pre_outlier_removal
-4.33613300689912,-4.25496974716536,0.0251248296476628,-0.512044750658536,-41.6061419158531,rs11637537,UKB,pre_outlier_removal
-1.79122581860655,-1.45818363891282,0.0397070637616736,-1.67134210277752,-20.4173941627859,rs183562163,UKB,pre_outlier_removal
0.987992289759028,1.05942035706326,0.024378899207469,-0.457469193256482,-15.2962484569851,rs2033784,UKB,pre_outlier_removal
1.20725563768736,1.18359538389531,0.0255292025791651,0.148081489439721,-19.2475002518732,rs17228058,UKB,pre_outlier_removal
0.837295765673774,0.808710586705779,0.0252178104651401,0.180006102016981,-10.6768558571022,rs4776900,UKB,pre_outlier_removal
0.970981731003955,1.16226431437589,0.0246148599376582,-1.21920502529661,-15.308275340326,rs7173698,UKB,pre_outlier_removal
0.819766800276294,0.810803064604975,0.0252178104651425,0.0564462835622374,-10.5510240806042,rs1470004,UKB,pre_outlier_removal
0.955827123643951,1.16366776302549,0.0246148599376575,-1.32474346345542,-14.9519952160651,rs7174445,UKB,pre_outlier_removal
0.849274703269075,1.12709878347371,0.0373141131523346,-1.43824649099438,-9.01343791388681,rs72743467,UKB,pre_outlier_removal
-0.697295156472614,-0.539512710849214,0.0849343638403272,-0.541398395307552,-3.81097332257948,rs112694013,UKB,pre_outlier_removal
2.51259421554528,2.65510207455217,0.0251684702344691,-0.898277260170958,-37.1077558294724,rs10152987,UKB,pre_outlier_removal
1.82482808432592,1.76680837095971,0.0241206589980165,0.373577743441114,-36.1457056457694,rs7180244,UKB,pre_outlier_removal
-4.38362254394957,-4.34637979512448,0.0258419320340855,-0.231675035414048,-41.7900203882679,rs4601989,UKB,pre_outlier_removal
1.83668049188725,1.76597073722189,0.0241206589980188,0.455286471693273,-36.1048636252389,rs76270685,UKB,pre_outlier_removal
0.987521194429004,1.00797195233369,0.024320208412372,-0.131137156192683,-14.8408433502337,rs9920190,UKB,pre_outlier_removal
0.986625570057514,1.00804318104199,0.0243202084123723,-0.137336944187348,-14.829609298507,rs7164786,UKB,pre_outlier_removal
0.0706609872333689,0.120885944602843,0.0905572777661821,-0.166900599795052,-0.289684825203275,rs16950679,UKB,pre_outlier_removal
2.53018372634244,2.79189237179214,0.024564794462304,-1.66978864072862,-36.0377715259621,rs35738694,UKB,pre_outlier_removal
1.77888646166625,1.77005515883045,0.0241206589980107,0.0568630555656186,-36.2051791601271,rs79483120,UKB,pre_outlier_removal
1.1302829518135,1.07823794073049,0.0251765915776903,0.328005131416426,-16.9729317861978,rs56062135,UKB,pre_outlier_removal
0.888009975487188,0.717803227531203,0.0249268928257575,1.07805942496674,-9.53582893943294,rs4776901,UKB,pre_outlier_removal
2.5954148322584,2.70948129791445,0.0250492025007132,-0.720710805367427,-37.4773006534824,rs11852653,UKB,pre_outlier_removal
0.825180554195724,0.724492002560364,0.0249268928257563,0.637743470105099,-9.56745621949696,rs1065080,UKB,pre_outlier_removal
1.76345390370448,1.77114580907539,0.0241206589980213,-0.049526695057741,-36.1890706851075,rs200305159,UKB,pre_outlier_removal
4.36655660810133,4.15150751765587,0.0269778616808175,1.3092839625002,-40.0532153894421,rs2289261,UKB,pre_outlier_removal
4.76778258490028,2.35325947365765,0.082567692990871,8.40284382065291,-28.53597309353,rs35874463,UKB,pre_outlier_removal
-0.117932568324221,0.430210009686991,0.0741166099825115,-2.01342642687333,1.51046637908339,rs56336520,UKB,pre_outlier_removal
-0.134954832220283,0.0682085496068898,0.0288108340035567,-1.1969265989946,0.94178668938392,rs2289259,UKB,pre_outlier_removal
0.0922219934325091,0.599501031503588,0.0567298712569275,-2.12981076421411,-0.640283163768995,rs140143645,UKB,pre_outlier_removal
1.01148570425964,0.990697546530655,0.0243328719571371,0.133265986328007,-14.9149368557306,rs4562997,UKB,pre_outlier_removal
2.59194684429671,2.78632265818963,0.0255208166702957,-1.21673203038612,-36.8050842339121,rs17228212,UKB,pre_outlier_removal
-0.359890717198104,-0.475066617530959,0.0262497391737186,0.710884622019013,-4.2910260229328,rs28360855,UKB,pre_outlier_removal
-1.91347497041318,-2.07096494029644,0.0251110632228381,0.993848872151627,-35.8138132951924,rs7179840,UKB,pre_outlier_removal
-0.00525456336698812,0.169457257984369,0.0301336644886194,-1.00645953113235,0.0862046482906649,rs7179893,UKB,pre_outlier_removal
0.910641268582598,0.931300397452618,0.148434952405998,-0.0536221120670105,-4.39836704645869,rs536010162,UKB,pre_outlier_removal
1.68289869253777,1.77683880961409,0.0241206589980175,-0.604862294552456,-35.7972164009537,rs4776343,UKB,pre_outlier_removal
-4.40393611145518,-4.34028048015864,0.025638302962912,-0.397550397428471,-41.7758424737317,rs11638064,UKB,pre_outlier_removal
1.68177923025204,1.77691792428955,0.0241206589980165,-0.612579700422431,-35.7879960603282,rs17228313,UKB,pre_outlier_removal
-3.08577037920885,-3.16328709045392,0.0252733005685662,0.487600741867334,-38.6844423780262,rs11639295,UKB,pre_outlier_removal
1.68745775121617,1.77651661166904,0.0241206589980104,-0.573432824657832,-35.8336606833638,rs77813578,UKB,pre_outlier_removal
-1.84457554910423,-2.01823179827463,0.0250755984514262,1.09664171788493,-35.5465402649537,rs7183244,UKB,pre_outlier_removal
-4.3926082422792,-4.38978433088095,0.0258729982336828,-0.0175560854878109,-41.8954404415036,rs7165382,UKB,pre_outlier_removal
1.89041879088556,1.90578237674181,0.0252067192880401,-0.0967685936091491,-36.3665312354259,rs11392160,UKB,pre_outlier_removal
1.52574803673596,1.98917590907173,0.0668331874069699,-1.79261102614391,-14.275655442299,rs118128985,UKB,pre_outlier_removal
-1.49787757317787,-1.83905353709783,0.093610071147088,1.11510853414321,-10.6250841912998,rs72743474,UKB,pre_outlier_removal
1.6556834179275,1.68492374530083,0.0269832530950228,-0.178006178697817,-32.9690161870471,rs11071939,UKB,pre_outlier_removal
1.71030897503894,1.77490166922575,0.024120658998024,-0.41589989913907,-35.9899518502658,rs75822029,UKB,pre_outlier_removal
1.09693856658322,1.22045332317299,0.0271078921661204,-0.750189484269056,-16.9463283667807,rs16950687,UKB,pre_outlier_removal
0.830100621725247,0.674540818405485,0.0307613948029139,0.886940269637375,-7.59338142427611,rs72743477,UKB,pre_outlier_removal
-4.58470062727499,-4.5966053841794,0.0260544955648931,0.0737529161688901,-42.3982768374484,rs34708051,UKB,pre_outlier_removal
-1.07348811438811,-0.315460752816096,0.0704313672984251,-2.85628686250285,-1.47296453745515,rs72743479,UKB,pre_outlier_removal
-4.59433663478943,-4.59509723810366,0.0260544955648868,0.00471212582692457,-42.4138400798054,rs1866320,UKB,pre_outlier_removal
1.79542828223998,1.92012732557967,0.0270833012627545,-0.757726229995485,-35.7160201374716,rs4776344,UKB,pre_outlier_removal
2.91999326747719,2.52741476015277,0.0307692691536983,2.23804043639507,-34.6883853630438,rs72743481,UKB,pre_outlier_removal
0.491994575952861,0.519325514523216,0.0294178685419085,-0.159348854034805,-5.27342820494933,rs12593904,UKB,pre_outlier_removal
1.74299776036035,1.95065554569611,0.0252790791534353,-1.30607342571656,-35.022600118418,rs4776345,UKB,pre_outlier_removal
0.560901407214903,0.460487841182479,0.0304926950097557,0.575035273389329,-4.99705396408305,rs74020121,UKB,pre_outlier_removal
0.885429663768232,1.11976649764267,0.0283624684533547,-1.39145301113833,-11.8377786469276,rs72743482,UKB,pre_outlier_removal
1.16403020790486,1.33825790419014,0.0274874145547756,-1.050873034276,-18.7192773445661,rs2278546,UKB,pre_outlier_removal
1.05656497037674,0.902341462278816,0.0300377915854645,0.88984953514538,-11.6023161305767,rs2278545,UKB,pre_outlier_removal
-5.31308893383423,-5.06665030427652,0.0276857436775504,-1.48108740288215,-42.1245843276067,rs12912010,UKB,pre_outlier_removal
-5.37072406283647,-5.05345649154685,0.027685743677547,-1.90676682476051,-41.4287307114782,rs12912045,UKB,pre_outlier_removal
-5.29935333816691,-5.02726754544395,0.0284910080252373,-1.61195145149504,-41.5949843798307,rs12913547,UKB,pre_outlier_removal
-1.44352650724456,-1.80437336705836,0.0280778599362431,2.15348042629532,-27.6195011071793,rs12708492,UKB,pre_outlier_removal
0.497731728567161,0.424982365701834,0.0305330524060869,0.41633611238181,-4.64359659655753,rs12324906,UKB,pre_outlier_removal
2.99762744457059,2.81779800918774,0.0293195400546935,1.05022464199978,-37.1204166123992,rs11634560,UKB,pre_outlier_removal
1.04429410595223,0.918598078826409,0.0314286771639969,0.709020023332997,-11.4376009388896,rs2118616,UKB,pre_outlier_removal
1.7680295481894,1.45513219141462,0.0532748395913954,1.35562890085504,-15.813863436694,rs17294280,UKB,pre_outlier_removal
0.320159415426715,-0.00120776862112,0.132513560362663,0.882818379005965,0.00864193753114151,rs117903543,UKB,pre_outlier_removal
-4.72590880044437,-3.79547967521833,0.0551755406228166,-3.96104702271583,-34.4762216371094,rs35251008,UKB,pre_outlier_removal
2.1082321817504,1.31370531274481,0.0699391097998512,3.00433625360358,-11.7790690788655,rs77100310,UKB,pre_outlier_removal
1.38932954834274,0.900296714015327,0.0967087548511883,1.57255239141039,-5.01491627281546,rs117009032,UKB,pre_outlier_removal
1.2664223411747,-0.127000118178529,0.123174069408877,3.97029851541639,0.397253476274206,rs112146149,UKB,pre_outlier_removal
1.61822085333778,2.12828448874818,0.10388426025957,-1.58252101584632,-10.9974003436258,rs3784680,UKB,pre_outlier_removal
3.79115433456808,3.55561376286936,0.0532040632871022,1.02115889366039,-36.8179523660384,rs1470003,UKB,pre_outlier_removal
3.88638440759686,4.2433928488452,0.0364863315626916,-1.8690175726619,-37.1997563159522,rs1470002,UKB,pre_outlier_removal
3.77294354044902,4.45782731288411,0.0383085764041517,-3.4992008366485,-35.763758533272,rs1470001,UKB,pre_outlier_removal
-0.573051104943709,0.237013008779796,0.114559569342845,-2.39333618477006,2.20232670371552,rs542708691,UKB,pre_outlier_removal
0.625618676808448,0.496763843781882,0.0349802334246677,0.688952627697891,-5.02243169276944,rs71400360,UKB,pre_outlier_removal
2.87890283098687,2.68506279164732,0.0416801522664823,0.94946473941799,-36.1971913355204,rs28447655,UKB,pre_outlier_removal
2.93530866324386,3.78642699850217,0.0362823942478445,-4.46829643585542,-33.9869920607392,rs55994097,UKB,pre_outlier_removal
-4.51819051098879,-5.15960580739585,0.0481277521999287,2.92375867554959,-36.4486790754343,rs893475,UKB,pre_outlier_removal
-0.0182066168366332,0.5717448505717,0.128878809437953,-1.64333281646239,0.186788069408673,rs143516956,UKB,pre_outlier_removal
0.347099819639897,0.341341352435768,0.0260149693935891,0.0357022213402422,-4.05150428725176,rs12904527,UKB,pre_outlier_removal
0.317634798290944,0.0929663072152954,0.0290648256302568,1.31782671579457,-1.691020909923,rs12909923,UKB,pre_outlier_removal
-4.54727627344753,-4.41083541708016,0.0272112500397119,-0.827123176278984,-41.3100827806419,rs3784681,UKB,pre_outlier_removal
0.356137262160383,0.563472856474077,0.0305521505024601,-1.18618649060923,-3.718674055331,rs185919074,UKB,pre_outlier_removal
-0.321349659484289,0.259407302694813,0.0735688478502356,-2.1411517468691,2.62782357021686,rs74364368,UKB,pre_outlier_removal
-0.180556938801843,-0.307780080603108,0.0711584196175705,0.476928163731519,-2.02016199030108,rs76580234,UKB,pre_outlier_removal
1.17843463078615,1.46071225578932,0.0673853139367557,-1.08741126250439,-9.51501182375369,rs139899275,UKB,pre_outlier_removal
-5.0302364206568,-4.87634998201484,0.0270065148977784,-0.936410073982481,-42.5225796383093,rs7178824,UKB,pre_outlier_removal
-0.863789400829901,-0.584438497948998,0.0925479971046889,-0.918261904259524,-3.74686845238595,rs60300820,UKB,pre_outlier_removal
-1.77247121596874,-2.39706313953623,0.057184228568933,2.61191013638803,-21.9848882071951,rs117185005,UKB,pre_outlier_removal
0.261840649951631,0.354535806978889,0.0260149693935887,-0.574705541603627,-3.52654252478619,rs71400361,UKB,pre_outlier_removal
-4.56191591370612,-4.44440149672247,0.0259314995781505,-0.729755428423578,-41.7814835932966,rs10152566,UKB,pre_outlier_removal
-4.83639157384901,-4.63561780889059,0.0259615860055558,-1.24606688052178,-41.6934321945132,rs10152593,UKB,pre_outlier_removal
-5.28209634978168,-5.25637929099129,0.0329664755941519,-0.141639712911543,-42.650787128329,rs10152595,UKB,pre_outlier_removal
-4.83038468032366,-4.6068037760958,0.0259675314792288,-1.38745649677404,-41.3937399146907,rs34445740,UKB,pre_outlier_removal
0.161521850749769,0.370060844822065,0.0260149693935889,-1.29293179252668,-2.2711715228794,rs35779650,UKB,pre_outlier_removal
3.11416214695043,3.32161739186117,0.0268691537403107,-1.26560279436912,-37.6821552285395,rs6494636,UKB,pre_outlier_removal
-5.07454381523385,-4.87356482245554,0.0264842462413655,-1.23497127683415,-42.2616216190675,rs7181877,UKB,pre_outlier_removal
-5.04845903286102,-4.89679478969135,0.0259667923665927,-0.94118294672505,-42.8569208052891,rs7181543,UKB,pre_outlier_removal
-5.05052465395602,-4.92403897380932,0.0260618790411796,-0.783499092923004,-43.0751321073316,rs7181556,UKB,pre_outlier_removal
-4.94624792331887,-5.04972200969913,0.0269658060838391,0.630122368781331,-43.02072523517,rs2289791,UKB,pre_outlier_removal
-5.05489648493598,-5.03248363281105,0.0251226456227883,-0.141404893686401,-43.9788478470043,rs2289790,UKB,pre_outlier_removal
-0.781470479575018,-0.532949838298388,0.055054590777004,-1.05917006065911,-4.19779735951487,rs117564349,UKB,pre_outlier_removal
3.14139452296205,3.42837300529215,0.0278669257699827,-1.71911450283631,-36.8770618997128,rs55894213,UKB,pre_outlier_removal
-0.0639718191677476,-0.575244642012981,0.0961224469059824,1.6490745874253,-0.688424616166116,rs79913183,UKB,pre_outlier_removal
3.210193445095,3.40864113022383,0.0266332961227723,-1.21600000959176,-37.9991601597352,rs7173811,UKB,pre_outlier_removal
0.265209329666284,0.49514510074967,0.026751085197714,-1.40583981026816,-2.88162023906734,rs28564777,UKB,pre_outlier_removal
3.01293775811857,3.34589553061737,0.106186232675412,-1.02177447874972,-29.8850882279152,rs3784682,UKB,pre_outlier_removal
2.39601622509333,0.971918735671215,0.133300575110891,3.90053077885475,-5.21855450655858,rs201518573,UKB,pre_outlier_removal
-1.50672119479554,-1.35983948908084,0.0396434238076029,-0.737703985250193,-17.6316747836742,rs11632754,UKB,pre_outlier_removal
-4.27708351359442,-4.63678379585726,0.0360512878084397,1.89443795895195,-37.9992396964636,rs3825977,UKB,pre_outlier_removal
2.04294052820179,1.74100886903774,0.0526174379609711,1.31626642843441,-21.5165998658243,rs28503201,UKB,pre_outlier_removal
0.538990468517189,0.995000969583672,0.0595945259257307,-1.86797757875729,-3.38717119212133,rs185078660,UKB,pre_outlier_removal
1.29529176402596,1.04125545984662,0.0288707444400235,1.49508813385115,-15.1280387757211,rs2028762,UKB,pre_outlier_removal
3.17413792747468,3.25261990215039,0.0295239919294748,-0.456754024630218,-38.3716082147739,rs11629568,UKB,pre_outlier_removal
-4.52517925832324,-4.46175923148588,0.0260108700576601,-0.393232117337564,-42.0238330751825,rs8025774,UKB,pre_outlier_removal
-2.236878207206,-1.99170025990846,0.0560478049109477,-1.0356239859848,-25.3884964782477,rs55970514,UKB,pre_outlier_removal
-4.52325429730363,-4.50748337797555,0.0254214900593553,-0.0989137139625814,-42.3407505879424,rs8031440,UKB,pre_outlier_removal
-4.52264909136432,-4.46287332410349,0.0255988999102717,-0.373606572824934,-42.1329537908025,rs8031627,UKB,pre_outlier_removal
-4.52192028763521,-4.51126475506171,0.024679076063134,-0.0678282657062913,-42.5394464005851,rs2278670,UKB,pre_outlier_removal
3.30738545008901,3.2597251378851,0.0262885995335132,0.293949792249342,-39.0156844385479,rs11638476,UKB,pre_outlier_removal
-4.55247561476255,-4.50834796958633,0.0246790760631334,-0.280896484653355,-42.5219131391866,rs12595334,UKB,pre_outlier_removal
-4.55224173006971,-4.53496574524485,0.0247746135079348,-0.109758804962905,-42.5865343942388,rs3743342,UKB,pre_outlier_removal
-2.2305800671377,-1.6332173881359,0.0511498252784293,-2.64128952330401,-21.0812643430694,rs145645018,UKB,pre_outlier_removal
-0.203256934647912,-0.163638865573939,0.0366184641625901,-0.207034748053992,-2.30719951700347,rs11556089,UKB,pre_outlier_removal
3.11291521266284,3.11608893714489,0.0249931828972688,-0.0200751333297404,-38.8841769294917,rs11556090,UKB,pre_outlier_removal
0.708093050801133,0.478766841925534,0.0291305935725845,1.34362793489808,-4.99524590178246,rs12900401,UKB,pre_outlier_removal
0.853108226127094,0.900736009766467,0.0241115759674063,-0.306723868734954,-12.1176068459024,rs3743343,UKB,pre_outlier_removal
0.839788564874192,0.901671967095773,0.0241115759674051,-0.398530334386465,-11.9351007336589,rs1052488,UKB,pre_outlier_removal
-0.715940716320665,-0.709027684545829,0.0511999853812107,-0.0305515771524992,-5.65848203676285,rs72661162,UKB,pre_outlier_removal
-4.62490647934828,-4.76835042462703,0.0249490919449092,0.908144275653799,-42.370368884801,rs10438355,UKB,pre_outlier_removal
3.329682977896,3.2191672185657,0.0239960792597037,0.713434436161873,-39.017676207996,rs746978,UKB,pre_outlier_removal
-0.562228774129938,-0.169816721580625,0.0410260469152659,-1.93736969323956,-1.29180790756145,rs34944378,UKB,pre_outlier_removal
1.72060492177756,2.10390938022339,0.0395070374939068,-1.92844225324572,-27.5503724329651,rs144504184,UKB,pre_outlier_removal
-0.903517634645081,-0.417469522666414,0.028115894413322,-2.89870025441862,-4.04132460804755,rs11281459,UKB,pre_outlier_removal
-0.402548545467871,0.827062223767512,0.059208053966374,-5.05332539854572,2.55651166620434,rs143849800,UKB,pre_outlier_removal
-0.14542334567688,0.00042740068683556,0.026062422599328,-0.903444055408289,0.0070415385262827,rs28412970,UKB,pre_outlier_removal
-4.51887629509257,-4.46871238983332,0.0252376555932866,-0.315767067762026,-42.2563598313373,rs10163040,UKB,pre_outlier_removal
-4.70232075383423,-4.72744297186765,0.0228428499095155,0.166219831372079,-43.6682633835469,rs12917612,UKB,pre_outlier_removal
4.75568884636592,4.68758546802905,0.0229009338433126,0.450030615741223,-43.5356900528101,rs7166081,UKB,pre_outlier_removal
3.25259039132248,3.27712563785627,0.0229173543351935,-0.162072072754078,-39.5471637769754,rs7172645,UKB,pre_outlier_removal
-0.991678972226502,-0.880714456279822,0.0298939038013194,-0.641789794294053,-11.1134531386531,rs12148282,UKB,pre_outlier_removal
0.804324154993406,0.737750888753558,0.0227858320056297,0.441029276060389,-10.324059773201,rs15974,UKB,pre_outlier_removal
-4.75266686474954,-4.72674052180746,0.0228428499095142,-0.171540281443028,-43.7464267822027,rs12476,UKB,pre_outlier_removal
0.827488932600909,0.7374863122737,0.0227858320056325,0.596242196431184,-10.4320333803969,rs8991,UKB,pre_outlier_removal
0.374031761024314,-0.483091942636387,0.101526892973889,2.69000419821538,3.07938038931772,rs34311413,UKB,pre_outlier_removal
3.26240264017585,3.27695628300393,0.0229173543351899,-0.0961367580318162,-39.5723315328618,rs1050285,UKB,pre_outlier_removal
-4.75523084691801,-4.72670474805272,0.0228428499095144,-0.188741429470247,-43.7456833477027,rs10518716,UKB,pre_outlier_removal
-4.76647152005848,-4.72654791346543,0.0228428499095106,-0.2641524385639,-43.7370460919607,rs12148121,UKB,pre_outlier_removal
-1.566522825555,-1.32951073084424,0.0353226874658095,-1.26108290709528,-19.0833269278355,rs149079147,UKB,pre_outlier_removal
0.786145776902788,-0.962573960639834,0.185803494990818,4.05689037553856,3.79076826655921,rs118052648,UKB,pre_outlier_removal
3.18196945552463,3.08893288873143,0.0254274968431941,0.583447618218056,-38.6090675849376,rs11411631,UKB,pre_outlier_removal
0.707505627969918,0.575759648229172,0.0242449524644346,0.846109756650225,-7.2235061351235,rs34772313,UKB,pre_outlier_removal
3.27462508020761,3.27674532937233,0.0229173543351979,-0.0140056948850751,-39.5942673361726,rs7165503,UKB,pre_outlier_removal
-4.77009298756034,-4.72649738523144,0.022842849909513,-0.288448004791316,-43.7324029382556,rs11071940,UKB,pre_outlier_removal
3.29007710697547,3.27647863457565,0.0229173543351988,0.0898272045114002,-39.6070356512181,rs7171475,UKB,pre_outlier_removal
-4.78531488702685,-4.7262850029046,0.022842849909517,-0.390568116702923,-43.7030301375864,rs4776905,UKB,pre_outlier_removal
-4.75112238980737,-4.72676207096976,0.0228428499095117,-0.161178765504346,-43.7466542541541,rs2289262,UKB,pre_outlier_removal
-4.75175564913549,-4.7267532354699,0.0228428499095145,-0.165427152087481,-43.7465810331587,rs16953610,UKB,pre_outlier_removal
0.827921474666023,0.737481371995222,0.0227858320056303,0.599140394644717,-10.4337426823023,rs28693872,UKB,pre_outlier_removal
0.840020825150367,0.737343179277989,0.0227858320056288,0.680210696941525,-10.4770945400503,rs28418884,UKB,pre_outlier_removal
0.789981074650597,0.557340041861817,0.024554027773184,1.48465295089549,-6.6462428587393,rs66517624,UKB,pre_outlier_removal
0.830727652621851,0.737449321237046,0.0227858320056334,0.617942866353382,-10.4445628874988,rs8034421,UKB,pre_outlier_removal
-4.7365734166046,-4.72696506434743,0.022842849909512,-0.063573156232722,-43.7406518235808,rs67486165,UKB,pre_outlier_removal
3.27046703000429,3.27681709538532,0.0229173543352022,-0.0419465219968278,-39.5879779648974,rs62014612,UKB,pre_outlier_removal
3.26962455247862,3.27683163615575,0.0229173543351959,-0.047607713599105,-39.5865562304364,rs11858541,UKB,pre_outlier_removal
-0.576899100852948,-0.502735301956729,0.0248060471557333,-0.47088318807678,-6.03597008644293,rs76919478,UKB,pre_outlier_removal
3.56533057383875,3.26998327905501,0.0267731271244651,1.80502593887969,-37.1632999369434,rs10163156,UKB,pre_outlier_removal
-4.74042543339503,-4.75141696643597,0.022948729978111,0.0725569371892905,-43.7499403138244,rs72625777,UKB,pre_outlier_removal
3.35541297127314,3.33648119868269,0.0382150122605869,0.0968443475082155,-37.9861696164924,rs11397902,UKB,pre_outlier_removal
3.25880518043277,3.32752197401944,0.0230919308766934,-0.452202295025541,-39.4489082494941,rs8024648,UKB,pre_outlier_removal
-0.837018229830265,-0.690264493195638,0.0230939208160452,-0.965695776144581,-9.52088002941216,rs4412926,UKB,pre_outlier_removal
-0.0731314450240146,-0.137021460007184,0.0238958549314201,0.413305993749221,-1.21019916535582,rs7169664,UKB,pre_outlier_removal
-1.15156724931347,-2.41319302585145,0.0790253889546453,4.48794196761481,-10.4419776705391,rs114877444,UKB,pre_outlier_removal
1.55348835031267,-0.271590627845621,0.151374700851931,4.69088746009898,0.841116494610027,rs877176,UKB,pre_outlier_removal
-4.73742652921543,-4.72695316136226,0.0228428499095175,-0.0692964863267487,-43.7414107082327,rs877177,UKB,pre_outlier_removal
3.2773073951442,3.32705925825423,0.0230919308766926,-0.327400414161864,-39.5462289773449,rs11855544,UKB,pre_outlier_removal
0.0424677210129237,0.258467427142898,0.0537796621907365,-0.931416924963122,-0.576089879529614,rs150331935,UKB,pre_outlier_removal
-4.7330794196962,-4.72701381405812,0.0228428499095125,-0.0401327599732499,-43.7370142676571,rs35997299,UKB,pre_outlier_removal
-0.579499481664949,-0.502472416036178,0.0248060471557381,-0.489062733723053,-6.03779630098299,rs11856485,UKB,pre_outlier_removal
-4.74505009907374,-4.75133070605028,0.0229487299781033,0.0414593309422824,-43.7599590405445,rs2033783,UKB,pre_outlier_removal
3.29608412858688,3.2692924650949,0.0237328172839767,0.173910190942041,-39.4475560970757,rs8027890,UKB,pre_outlier_removal
-0.22251294433086,-0.975422362027885,0.0532750864369856,3.26197514830357,-1.2278480163134,rs201213148,UKB,pre_outlier_removal
-0.126367818669322,-0.073171419863577,0.0265984608310475,-0.326177485288404,-1.02346045750535,rs7178966,UKB,pre_outlier_removal
-4.7496235081776,-4.72678298399519,0.0228428499095162,-0.151123124279785,-43.746716505358,rs16950776,UKB,pre_outlier_removal
1.88900119506765,1.73416208839149,0.0374671187842851,0.799936490699809,-27.9816072744705,rs72745406,UKB,pre_outlier_removal
-4.75037684604129,-4.75123135027374,0.022948729978109,0.00564072451865587,-43.7696418234644,rs8026870,UKB,pre_outlier_removal
1.63226020226458,1.56397973285652,0.0442017236491491,0.324770740541634,-19.7099814068104,rs62014640,UKB,pre_outlier_removal
-4.74276855844606,-4.75137326189926,0.0229487299781089,0.056801078217307,-43.7552036148071,rs35322464,UKB,pre_outlier_removal
0.964723564718246,0.880959368386485,0.0319011178860519,0.468981244835502,-10.4838264858617,rs74953780,UKB,pre_outlier_removal
-4.68574378042981,-4.66445279213736,0.0227767196161528,-0.141075056647361,-43.5689801935587,rs34590589,UKB,pre_outlier_removal
-4.70185515834006,-4.66427529282135,0.022776719616151,-0.249005897895896,-43.5617584758709,rs34699563,UKB,pre_outlier_removal
-0.560151015790412,0.487697494724766,0.0869116455988509,-3.55434445892914,3.58517034847962,rs117428962,UKB,pre_outlier_removal
-0.586187190853217,-0.501796320989349,0.0248060471557404,-0.535817237486346,-6.04037843268513,rs7161888,UKB,pre_outlier_removal
-4.687043597461,-4.66443847203182,0.0227767196161519,-0.149782589076588,-43.5690639167292,rs34296414,UKB,pre_outlier_removal
0.198924548611824,0.073163557537726,0.0461399732577702,0.585473553095739,-0.915631316473141,rs72745408,UKB,pre_outlier_removal
-4.68702033121406,-4.66443872835643,0.0227767196161511,-0.149626727447824,-43.5690634477958,rs9806590,UKB,pre_outlier_removal
-4.68840898894838,-4.68869764843182,0.0229009338433176,0.00190747666626661,-43.5867222653108,rs11071942,UKB,pre_outlier_removal
-0.788993316961343,-0.691469774378435,0.0230939208160502,-0.641742250021447,-9.45721798191653,rs1992217,UKB,pre_outlier_removal
1.75726623623548,1.18504984204063,0.114324107614465,1.69235467830567,-6.39817323062627,rs140334701,UKB,pre_outlier_removal
-4.68620322477044,-4.72766785039455,0.0228428499095133,0.274348509752446,-43.6059707167757,rs12594065,UKB,pre_outlier_removal
0.547207907391497,0.150237371092635,0.0331363355083503,2.18075077055093,-1.06822703897023,rs79005079,UKB,pre_outlier_removal
-4.63270899820633,-4.57996810091177,0.0229895269318059,-0.347842382423498,-43.2057353369755,rs8031500,UKB,pre_outlier_removal
1.52204108169955,1.54282963414785,0.0245828916572285,-0.132589082686024,-30.7523866328682,rs62014641,UKB,pre_outlier_removal
0.617851154292979,0.470262353706611,0.0305521505024537,0.844369448479329,-5.04869232352263,rs184812791,UKB,pre_outlier_removal
3.25157465355873,3.42664902348651,0.0235593546354382,-1.14061972390617,-38.6689559007864,rs8182047,UKB,pre_outlier_removal
0.381250914777723,0.416237407883572,0.0969462500303824,-0.112365995941149,-3.07326321314259,rs56317520,UKB,pre_outlier_removal
-4.68739075411005,-4.66443464740131,0.0227767196161527,-0.152108206996022,-43.5690664561847,rs4776906,UKB,pre_outlier_removal
3.26030981411788,3.42624933087036,0.0235593546354375,-1.08110562306416,-38.7730560916587,rs8032898,UKB,pre_outlier_removal
-4.71220610755428,-4.64276255304414,0.0242929058143098,-0.445545651334661,-42.9716717647825,rs78553942,UKB,pre_outlier_removal
-4.63114852454387,-4.58000003311054,0.0229895269318052,-0.337339977705934,-43.2089023083076,rs12915085,UKB,pre_outlier_removal
-0.54335530998269,-0.718430223550843,0.0648098582416221,0.687706904851648,-4.16610247532761,rs117336614,UKB,pre_outlier_removal
-4.68311893315656,-4.75248586117666,0.0229487299781091,0.457902625650237,-43.5022615783491,rs12900758,UKB,pre_outlier_removal
3.28070927271596,3.42531591780669,0.0235593546354383,-0.942120720848121,-39.000708259939,rs1822829,UKB,pre_outlier_removal
-4.71210230180039,-4.66416239987309,0.022776719616153,-0.317651970268608,-43.5478499927372,rs12898685,UKB,pre_outlier_removal
-4.7120549614891,-4.66416292142198,0.0227767196161509,-0.317334835406538,-43.5479308250715,rs12899067,UKB,pre_outlier_removal
3.27298806931663,3.28977125175999,0.0229786525861972,-0.110716420409327,-39.5881735666147,rs55841220,UKB,pre_outlier_removal
3.23254127147228,3.42751992931961,0.0235593546354359,-1.27029731977999,-38.4302916365396,rs12592388,UKB,pre_outlier_removal
-5.02697390266863,-4.89601943690513,0.025146385386763,-0.825814548424394,-43.2145602207871,rs7173826,UKB,pre_outlier_removal
3.27433395374272,3.28974436038032,0.0229786525861954,-0.101660401162036,-39.5913028370348,rs6494638,UKB,pre_outlier_removal
-0.773183892606969,-0.69186654348322,0.0230939208160509,-0.535099292030839,-9.4070731040993,rs6494639,UKB,pre_outlier_removal
-4.6962642914287,-4.68856779510248,0.0229009338433148,-0.0508588423265261,-43.5969957259946,rs28645602,UKB,pre_outlier_removal
0.796534647244437,0.691280509621007,0.0230939208160482,0.692612525279284,-9.4758572073627,rs2289788,UKB,pre_outlier_removal
-4.69580891881494,-4.68857532271204,0.0229009338433143,-0.047799973917743,-43.5965179778789,rs2289789,UKB,pre_outlier_removal
-1.71640135115232,-2.00946449301799,0.0348505594356454,1.56984337412797,-30.2010266674634,rs117044723,UKB,pre_outlier_removal
0.729303177346881,0.361703059846013,0.108903423497366,1.11392224091224,-2.57457832093671,rs141947059,UKB,pre_outlier_removal
-4.69472045992377,-4.66435389591141,0.0227767196161527,-0.201210234085214,-43.5671711768917,rs4776348,UKB,pre_outlier_removal
3.26903298407318,3.28985027615271,0.0229786525861991,-0.137328904660319,-39.5782433725089,rs1992216,UKB,pre_outlier_removal
3.27036374117868,3.28982368702383,0.0229786525861951,-0.128374672241452,-39.5817068464765,rs13313480,UKB,pre_outlier_removal
-4.69611506554332,-4.68857026190482,0.0229009338433133,-0.0498564492687598,-43.596840764506,rs7182798,UKB,pre_outlier_removal
0.699048371966621,0.736727120727303,0.0243205513821402,-0.241607139674676,-8.97543178592987,rs17295739,UKB,pre_outlier_removal
-4.72587553830963,-4.66401065989936,0.0227767196161527,-0.409919497692141,-43.5178334345365,rs12900708,UKB,pre_outlier_removal
0.777168632101166,0.691766538480673,0.0230939208160478,0.561978474786922,-9.42114289486117,rs11071943,UKB,pre_outlier_removal
-4.69783163762158,-4.6643196200156,0.0227767196161523,-0.222052152638117,-43.5652430601623,rs12910196,UKB,pre_outlier_removal
-4.70872144711287,-4.66419964680488,0.0227767196161533,-0.295003473498673,-43.5532363405426,rs12910062,UKB,pre_outlier_removal
0.288476486830727,-0.774645049048742,0.0717666697671243,3.96845553805165,1.69852608587428,rs74964736,UKB,pre_outlier_removal
-0.129533644098746,-0.0378728143677787,0.0617788708453787,-0.368776977998164,-0.242829277852503,rs547944931,UKB,pre_outlier_removal
-4.65045282418323,-4.57716264742369,0.0263512398651317,-0.451486991821583,-42.2369461864679,rs112173287,UKB,pre_outlier_removal
-4.69712552240385,-4.66432739929865,0.0227767196161516,-0.217321855211108,-43.5657393374776,rs12591495,UKB,pre_outlier_removal
0.743270904067484,0.489498389939651,0.0563193110621851,1.06934025366685,-3.85274118749628,rs117325434,UKB,pre_outlier_removal
-0.782335470026801,-0.691636866355105,0.0230939208160581,-0.596831538852126,-9.43794490395739,rs6494640,UKB,pre_outlier_removal
-4.69078147476164,-4.68865842967696,0.0229009338433135,-0.014029190769001,-43.5902798867784,rs4776908,UKB,pre_outlier_removal
3.23926615830405,3.29924883067107,0.0231225584145083,-0.394464448457521,-39.4220766384916,rs7167097,UKB,pre_outlier_removal
-4.67315688760229,-4.70262390297316,0.0244957263014512,0.188274277295136,-43.0703322072333,rs4776350,UKB,pre_outlier_removal
-4.67219783490525,-4.68348620475296,0.0229726733255082,0.0744775636931509,-43.5252381933622,rs4776909,UKB,pre_outlier_removal
0.579759146209725,0.507356527735814,0.0419187618881357,0.353630772317867,-4.70392918913579,rs112582956,UKB,pre_outlier_removal
-0.764679880685086,-0.692079968660687,0.0230939208160519,-0.477735218183722,-9.37377752225732,rs8042340,UKB,pre_outlier_removal
-1.34512765165013,-0.981542344298499,0.0389022613254881,-1.84339710631915,-10.8273479005169,rs190305945,UKB,pre_outlier_removal
-4.65114940833723,-4.68390117540963,0.0229726733255102,0.216087163257781,-43.4607263645841,rs58074225,UKB,pre_outlier_removal
-4.63756029240482,-4.70909293885396,0.0231134366909395,0.470513436719619,-43.2993310837842,rs12911370,UKB,pre_outlier_removal
3.23853241641206,3.29926817810167,0.0231225584145099,-0.399416994793886,-39.4181676734303,rs2044330,UKB,pre_outlier_removal
0.355935342582349,0.316434050524054,0.202130294607115,0.0878608897202607,-1.58329742177932,rs151328686,UKB,pre_outlier_removal
-4.67671752441584,-4.68339709887527,0.0229726733255063,0.0440699976132003,-43.5350452235566,rs3743347,UKB,pre_outlier_removal
1.53075796603849,1.54203474410496,0.0245828916572217,-0.0719231251529226,-30.9043767361318,rs78249440,UKB,pre_outlier_removal
1.5253418724574,1.54252863603827,0.0245828916572232,-0.109616926103812,-30.8105851308496,rs78226807,UKB,pre_outlier_removal
0.254814657623795,-0.886458258581648,0.0630017680136925,4.54687633436368,1.18737600830266,rs143999488,UKB,pre_outlier_removal
-0.787558529386036,-0.770894791143284,0.0231705106353727,-0.109472398277425,-10.499035874133,rs7176337,UKB,pre_outlier_removal
-0.811148056784153,-0.795965052318538,0.0231619662185191,-0.0997631165512569,-10.9957279838095,rs7176940,UKB,pre_outlier_removal
-0.811146239655258,-0.795965103411478,0.023161966218519,-0.0997508410076909,-10.9957117523155,rs11071944,UKB,pre_outlier_removal
3.24185895489778,3.29039322555168,0.0229786525861965,-0.320174122644041,-39.4804921068257,rs11631135,UKB,pre_outlier_removal
-0.471401841572753,-0.129435495897062,0.0619742658658547,-1.37365500220265,-1.59639955611982,rs35731545,UKB,pre_outlier_removal
-4.64875479632006,-4.70880229289316,0.023113436690939,0.394968666497056,-43.3667636292654,rs8038652,UKB,pre_outlier_removal
1.12919868559484,0.460889675437054,0.132306597482767,1.83732746005136,-1.91225021956826,rs11380255,UKB,pre_outlier_removal
0.373071259045678,0.604243613068894,0.0419238026305888,-1.12903020703906,-3.4443115873263,rs75826896,UKB,pre_outlier_removal
3.17646992341888,2.94037229418779,0.0455318325580937,1.10645577813354,-36.1825766711767,rs34871379,UKB,pre_outlier_removal
-4.64390489733881,-4.684044001263,0.0229726733255062,0.264826782735609,-43.4313698471492,rs16950804,UKB,pre_outlier_removal
-0.819652089501023,-0.769980231193579,0.0231705106353746,-0.326319183402768,-10.7394906655436,rs8035235,UKB,pre_outlier_removal
1.67339365958142,1.52902783841093,0.0245828916572212,0.920763090543464,-32.5959493384224,rs62014646,UKB,pre_outlier_removal
-4.65168999804806,-4.7087260854497,0.0231134366909353,0.375160808840939,-43.3830192210819,rs12443472,UKB,pre_outlier_removal
-0.653940122552264,-0.426385681634803,0.0361180085998206,-1.19735633692531,-4.04733347837358,rs62014647,UKB,pre_outlier_removal
-4.65861826508818,-4.70854620496167,0.0231134366909372,0.328406227706254,-43.419025872312,rs8042237,UKB,pre_outlier_removal
-4.65939255213076,-4.68373866146682,0.022972673325506,0.160628942284662,-43.4896811556457,rs8025621,UKB,pre_outlier_removal
0.758058858717764,0.692246136441338,0.0230939208160549,0.433072910961992,-9.3447447079445,rs12438251,UKB,pre_outlier_removal
3.22673030374463,3.29957937821001,0.0231225584145068,-0.479077854414311,-39.3502129369555,rs1444934,UKB,pre_outlier_removal
3.21110987772427,3.29508907547342,0.0251049281376235,-0.530019966414431,-38.967754270313,rs8032868,UKB,pre_outlier_removal
-4.64699923403699,-4.53271616943979,0.0244528371091672,-0.730831487466418,-42.4095823195622,rs12592400,UKB,pre_outlier_removal
-0.636354225033451,-0.436993714606917,0.036118008599821,-1.04900422742555,-4.25184792401889,rs62014648,UKB,pre_outlier_removal
-4.66937534011092,-4.66463312351446,0.0227767196161559,-0.0314221428235428,-43.5578863365143,rs16950805,UKB,pre_outlier_removal
3.24625802271393,3.29030533018613,0.0229786525861975,-0.290574223836873,-39.4998000762456,rs11071945,UKB,pre_outlier_removal
-0.724240106127429,-0.693094885636139,0.0230939208160559,-0.204947475718496,-9.15324733417606,rs5813433,UKB,pre_outlier_removal
-4.66429033897977,-4.66468914505555,0.0227767196161518,0.00264250719403794,-43.5506485368969,rs12443279,UKB,pre_outlier_removal
-4.48762157578282,-4.24508571496128,0.0491622115134411,-1.09385625868626,-37.9864167079449,rs549145143,UKB,pre_outlier_removal
-4.62846081371128,-4.55532586377504,0.0229946465685125,-0.482293711207303,-43.0731720907266,rs67872952,UKB,pre_outlier_removal
-4.66765345593668,-4.66465209354081,0.0227767196161549,-0.0198871637239414,-43.5556368393335,rs12901789,UKB,pre_outlier_removal
-4.65662153337446,-4.66477363241362,0.0227767196161519,0.05401617895551,-43.5363320334184,rs71400364,UKB,pre_outlier_removal
-0.816130716399553,-0.770080578639965,0.0231705106353747,-0.302526296807423,-10.7163464191352,rs8038044,UKB,pre_outlier_removal
0.0914733069501068,-0.28005576356861,0.0308289888601597,2.11598780615544,1.77059693937807,rs75260023,UKB,pre_outlier_removal
-0.217912008733309,-0.274089226703199,0.0444012745224537,0.266601451644982,-2.83476923589397,rs34667215,UKB,pre_outlier_removal
3.26040109054233,3.26168042605749,0.023038272530823,-0.00842867873311458,-39.5368047115249,rs11855736,UKB,pre_outlier_removal
-4.65082922681917,-4.74818086339578,0.0230551576920154,0.641149352952141,-43.2557147625857,rs35129260,UKB,pre_outlier_removal
1.42275698608536,1.17871731019725,0.0476861545581548,1.11754311813202,-12.3163863570712,rs141940839,UKB,pre_outlier_removal
-0.0995193751618777,-1.32840706734879,0.153598886808985,3.13558198425196,-0.266448763045205,rs112986650,UKB,pre_outlier_removal
0.177763265344286,-0.314511932642873,0.0604633674085475,2.00198947571438,2.2347332780469,rs148467642,UKB,pre_outlier_removal
0.759135883278697,0.772410834132597,0.0228760687435239,-0.0877692172973604,-10.3331007301375,rs2414945,UKB,pre_outlier_removal
0.691419166954317,0.576985262713769,0.0242449524644356,0.734926735981135,-7.23860205503777,rs71400365,UKB,pre_outlier_removal
-4.66128468324605,-4.6647222584145,0.0227767196161502,0.0227775293921287,-43.5455247721813,rs35151633,UKB,pre_outlier_removal
1.54192295349411,1.54101661228042,0.0245828916572309,0.00578063097090914,-31.0910182790245,rs62014649,UKB,pre_outlier_removal
1.65447838242093,1.53075271680643,0.0245828916572239,0.789120481060467,-32.4589917058311,rs62014650,UKB,pre_outlier_removal
3.24205463357678,3.24896953815504,0.0229387283766681,-0.0456563850298904,-39.5142949298441,rs956197,UKB,pre_outlier_removal
-4.65719696229782,-4.74803200882638,0.0230551576920176,0.598231661584098,-43.3060138880066,rs12442171,UKB,pre_outlier_removal
-4.74196080580095,-4.65857043914852,0.023281735207725,-0.546522706755953,-43.2713219379329,rs111791352,UKB,pre_outlier_removal
-2.80495273681541,-2.71276959252787,0.0357004872302784,-0.487881607190552,-36.9976588585409,rs139941211,UKB,pre_outlier_removal
3.28477584379021,3.24819165798401,0.0229387283766698,0.24155093599171,-39.5225665716137,rs151179632,UKB,pre_outlier_removal
0.759329167517879,0.772407852347762,0.0228760687435283,-0.0864715766883847,-10.3351638903664,rs9920845,UKB,pre_outlier_removal
3.22318124089482,3.24931319035628,0.02293872837667,-0.172538945793175,-39.4699585012936,rs55885982,UKB,pre_outlier_removal
-4.64233892098017,-4.74837933596464,0.0230551576920159,0.698372886629019,-43.184532663028,rs12899051,UKB,pre_outlier_removal
-0.747026811189242,-0.712940203813723,0.0229257009941552,-0.225124347106443,-9.59096044153211,rs7161879,UKB,pre_outlier_removal
3.22100422935302,3.24935283001327,0.0229387283766648,-0.187174618558271,-39.4632432940688,rs13379644,UKB,pre_outlier_removal
-0.770349390410262,-0.772237843997944,0.0228760687435257,0.0124857782991027,-10.4488514805999,rs7166809,UKB,pre_outlier_removal
0.776795938423387,0.772138393469852,0.0228760687435219,0.0307940179664734,-10.5117595754599,rs971868,UKB,pre_outlier_removal
-0.754593233674983,-0.77248091332885,0.0228760687435272,0.118266926918556,-10.2839252677726,rs8029582,UKB,pre_outlier_removal
-0.701057957230476,-0.540620202443744,0.0409009826755842,-0.793304110382642,-5.03192867099834,rs117423782,UKB,pre_outlier_removal
-0.753261634280316,-0.706621359600576,0.0235711152824447,-0.303788292946087,-9.36912153156522,rs2120837,UKB,pre_outlier_removal
0.751298665753372,0.738356519315426,0.0227858320056335,0.0857381017423735,-9.95185893968407,rs12440294,UKB,pre_outlier_removal
-0.802173930817904,-0.737775447536254,0.02278583200563,-0.426621946995488,-10.3123803454179,rs8025414,UKB,pre_outlier_removal
0.731841515796272,0.773698190304207,0.0237100215304596,-0.271830852237846,-9.76763046878886,rs12439028,UKB,pre_outlier_removal
-4.68232927914221,-4.72739409738654,0.0233287562730012,0.295047426465173,-43.4335737464431,rs35524716,UKB,pre_outlier_removal
-4.65742848539233,-4.72827859639535,0.023328756272999,0.463868350758199,-43.2972449341454,rs34796890,UKB,pre_outlier_removal
-0.76101737567794,-0.772381808456593,0.022876068743525,0.0751375565144011,-10.353082858745,rs4597266,UKB,pre_outlier_removal
3.2206829903851,3.22468697666902,0.0231127437922183,-0.0263370318248784,-39.4292601245637,rs12591763,UKB,pre_outlier_removal
-4.63822193041415,-4.72896083082589,0.0233287562729972,0.594083812823017,-43.1628966489454,rs4776913,UKB,pre_outlier_removal
3.21369044894038,3.224868310865,0.0231127437922189,-0.0735246537742983,-39.4172793769298,rs8038739,UKB,pre_outlier_removal
3.22859119664638,3.21588156096734,0.0230189459641738,0.0837703606128588,-39.439296319662,rs8032525,UKB,pre_outlier_removal
-4.66035719914204,-4.70845686590348,0.0232215316671316,0.315643344604539,-43.3936223035499,rs12324222,UKB,pre_outlier_removal
-0.585724468860515,-0.501843099944249,0.024806047155735,-0.532582297608653,-6.04029741696831,rs8038097,UKB,pre_outlier_removal
-4.63778838989208,-4.66403194411584,0.0232448604550687,0.172131035151793,-43.3357304517455,rs12595736,UKB,pre_outlier_removal
-0.812942912964102,-0.737652449619705,0.0227858320056349,-0.498778269694567,-10.3680306440071,rs35782264,UKB,pre_outlier_removal
0.786997246068673,0.954899275930312,0.0319011178860539,-0.940054419707466,-9.1199351478024,rs77522868,UKB,pre_outlier_removal
1.60772338393027,1.53501629095807,0.0245828916572297,0.463724772849353,-32.0052091492417,rs62015981,UKB,pre_outlier_removal
3.22515734596728,3.21595631246964,0.0230189459641746,0.0606448456566611,-39.4377700718347,rs1037039,UKB,pre_outlier_removal
3.2336179254922,3.21577213409689,0.0230189459641742,0.117623228419786,-39.4400370160558,rs8040514,UKB,pre_outlier_removal
0.752372386203838,0.738344255818797,0.0227858320056301,0.0929324417688265,-9.96115352330419,rs12708493,UKB,pre_outlier_removal
-0.757094211285344,-0.772442330889928,0.0228760687435276,0.101476266052214,-10.3111618917986,rs11636197,UKB,pre_outlier_removal
-0.792840641988492,-1.52054176494344,0.0513750442962312,3.21053153770023,-7.00768666279845,rs143697763,UKB,pre_outlier_removal
-1.36772918943922,-1.44240755176837,0.03532268746581,0.397345149740457,-19.1173115443586,rs138163086,UKB,pre_outlier_removal
0.766050497758564,0.772304162769655,0.0228760687435238,-0.0413469917368502,-10.4054255714086,rs9920957,UKB,pre_outlier_removal
-4.6508998631069,-4.64439134163457,0.0231525324625227,-0.0427743177297848,-43.375985096084,rs72625778,UKB,pre_outlier_removal
-0.763952829689909,-0.738211989797385,0.0227858320056334,-0.170525867577009,-10.056754302081,rs10851773,UKB,pre_outlier_removal
-0.760743517557117,-2.42219565197268,0.100610960075794,5.23799630062279,-5.45867942859178,rs71142368,UKB,pre_outlier_removal
0.616345744393471,0.582705046201804,0.0242449524644321,0.216050030646156,-7.0898054561283,rs74631573,UKB,pre_outlier_removal
-3.47020206125618,-3.09053612297031,0.0545888926449561,-1.62498551433942,-35.1787278804993,rs12595533,UKB,pre_outlier_removal
0.616814307694716,0.582669346742117,0.024244952464434,0.219288548001898,-7.09190633352178,rs113122047,UKB,pre_outlier_removal
-4.65304126077918,-4.70868191449506,0.0232215316671352,0.365129391061389,-43.3564982177281,rs12916403,UKB,pre_outlier_removal
-4.65565709873539,-4.70860144762697,0.023221531667133,0.347435491495852,-43.3702003859458,rs12901312,UKB,pre_outlier_removal
-4.66865032950473,-4.64389967744982,0.023152532462522,-0.162662481719904,-43.3838739744662,rs12148134,UKB,pre_outlier_removal
3.20409469180604,3.19699425449217,0.0231400658757526,0.0466769856629452,-39.3694864769006,rs11631885,UKB,pre_outlier_removal
0.182575406802914,0.403979374375724,0.0334696655442912,-1.21020714572423,-2.366597742187,rs117367464,UKB,pre_outlier_removal
-4.64395251624306,-4.66383594379748,0.0232448604550709,0.130415070234992,-43.3548209573475,rs12594229,UKB,pre_outlier_removal
-4.64419129766517,-4.66382835128025,0.0232448604550693,0.128799107669467,-43.3555063626317,rs12594234,UKB,pre_outlier_removal
3.23204594286922,3.22439230671738,0.023112743792216,0.0503433440109886,-39.4413671770959,rs8027755,UKB,pre_outlier_removal
0.213197093824758,0.389107726341792,0.0334696655442935,-0.96153789299628,-2.79538293803391,rs138305245,UKB,pre_outlier_removal
-0.779755908936468,-0.712363188904347,0.0229257009941551,-0.445093931755006,-9.78421977370342,rs10438290,UKB,pre_outlier_removal
3.22195175869767,3.22465407431411,0.0231127437922192,-0.0177750290196377,-39.4310640599619,rs8038883,UKB,pre_outlier_removal
-2.06160116517285,-1.71100952356704,0.0476608805376029,-1.60590750265218,-22.9185678551591,rs140693279,UKB,pre_outlier_removal
-4.64731263973392,-4.72863792050159,0.0233287562730006,0.53245116105798,-43.2296111948121,rs34310656,UKB,pre_outlier_removal
-4.65958383115359,-4.66333891590964,0.0232448604550704,0.0246295383861117,-43.391160756485,rs4776917,UKB,pre_outlier_removal
1.57353752589897,1.71010839590009,0.0440538461563451,-0.650678056182979,-20.4618806989044,rs62015983,UKB,pre_outlier_removal
-2.67365692140738,-2.71262227540498,0.0293566509192301,0.227418280642539,-37.495849382142,rs117553999,UKB,pre_outlier_removal
1.65734345107039,1.53049145206395,0.0245828916572285,0.809060189591768,-32.481462559022,rs75874311,UKB,pre_outlier_removal
-0.745074220339431,-0.772627762604264,0.0228760687435248,0.182174146252564,-10.1766151195429,rs2044329,UKB,pre_outlier_removal
0.263428175898024,1.41511169536722,0.0576589280888615,-4.79622855046317,-1.93567361164437,rs148983545,UKB,pre_outlier_removal
-0.13597007158032,0.042790220315163,0.0375215123856176,-0.922849513322883,0.466744004178218,rs17230654,UKB,pre_outlier_removal
-0.827872461242045,-0.909770215033568,0.0257829215144355,0.510041984956834,-11.2167791769235,rs5813434,UKB,pre_outlier_removal
0.730792244294316,0.772848089833632,0.0228760687435243,-0.278058177871121,-10.0048186290402,rs17296465,UKB,pre_outlier_removal
-0.750271613053376,-0.772547582723394,0.0228760687435191,0.147280727740167,-10.2359215296366,rs8038166,UKB,pre_outlier_removal
-0.748167218142694,-0.738392285140614,0.0227858320056335,-0.0647561982299922,-9.92433396836983,rs4776918,UKB,pre_outlier_removal
-0.744469509142388,-0.747311224062647,0.0230363978269825,0.0187229045189323,-9.89915618608473,rs4776919,UKB,pre_outlier_removal
0.733973580926168,0.772799011535146,0.0228760687435199,-0.256699832133985,-10.0442043101473,rs17230761,UKB,pre_outlier_removal
0.619781139376835,0.582443306230337,0.0242449524644337,0.239794071740164,-7.10485960275632,rs35494569,UKB,pre_outlier_removal
0.730995846440869,0.772844948874835,0.0228760687435193,-0.276691266555411,-10.0073584088665,rs28429363,UKB,pre_outlier_removal
-0.730634695092647,-0.747623111383799,0.0230363978269825,0.111929769548497,-9.76042821234729,rs11071947,UKB,pre_outlier_removal
-1.50136725975579,-1.5112737872409,0.0581864064841001,0.0410686739687487,-14.2828983083688,rs72745440,UKB,pre_outlier_removal
3.23759144310525,3.21568563458401,0.0230189459641746,0.14438316924906,-39.4393676116611,rs4641686,UKB,pre_outlier_removal
0.799219103582573,1.39875150961528,0.0819877914639369,-2.09381385245083,-4.49282109401778,rs76173081,UKB,pre_outlier_removal
-0.216833461540872,-0.0914672846846272,0.0261502315810838,-0.775251494773243,-1.86371229498379,rs11635391,UKB,pre_outlier_removal
-2.17960700229745,-2.25508006655087,0.0429553562626362,0.364152520514671,-35.3259716622055,rs138075852,UKB,pre_outlier_removal
-0.73983877449894,-0.738487408449764,0.0227858320056291,-0.00895242225630487,-9.8480982120897,rs975946,UKB,pre_outlier_removal
0.716861901860661,0.738749838773236,0.0227858320056295,-0.14500146254249,-9.61494000242343,rs975944,UKB,pre_outlier_removal
0.722375416647297,0.772977935753418,0.0228760687435211,-0.334565720363038,-9.89754057333452,rs4776920,UKB,pre_outlier_removal
0.729247099990689,0.738608381247595,0.0227858320056268,-0.0620158710683783,-9.74478168880884,rs12440869,UKB,pre_outlier_removal
-4.63710087830566,-4.64477355506269,0.0231525324625225,0.050425202534589,-43.354471356637,rs17526859,UKB,pre_outlier_removal
-0.789010539079861,-0.841412365578832,0.022895091467961,0.346318134491287,-11.2505396105205,rs7163460,UKB,pre_outlier_removal
-0.119687433889759,-0.0783896435053536,0.0235151935529768,-0.269310035225413,-1.16652034776949,rs12440986,UKB,pre_outlier_removal
0.735059117520449,0.738541999296358,0.0227858320056304,-0.0230731180095465,-9.80235717852666,rs12441098,UKB,pre_outlier_removal
0.737882286465998,0.738509754475458,0.022785832005635,-0.0041568001330462,-9.82955016123476,rs12441076,UKB,pre_outlier_removal
3.24761124457942,3.21546751350579,0.0230189459641759,0.211862244637064,-39.4327680252575,rs7170004,UKB,pre_outlier_removal
-4.6553526909805,-4.6442680042564,0.0231525324625207,-0.0728490969704479,-43.3800546734611,rs9806377,UKB,pre_outlier_removal
-0.771366893753164,-0.876452511519166,0.0229847299489713,0.693144176598693,-11.1249863018482,rs9806386,UKB,pre_outlier_removal
-0.793284595929861,-0.841342821002387,0.0228950914679633,0.31761173161408,-11.3095888531628,rs7177772,UKB,pre_outlier_removal
2.61552991521676,3.01703696176179,0.0992442527400284,-1.27450190405491,-25.0487652079494,rs139038563,UKB,pre_outlier_removal
1.24308623304426,1.43862419709653,0.052541518145247,-0.853060396806772,-12.3230810678798,rs11629488,UKB,pre_outlier_removal
-0.771067873200659,-0.876458566749703,0.0229847299489706,0.695156454843173,-11.1197695838114,rs7183186,UKB,pre_outlier_removal
3.2471821754056,3.1872649274154,0.0230566889750637,0.394596644037588,-39.3055782294696,rs11852260,UKB,pre_outlier_removal
-4.63918452550828,-4.70910816723272,0.0232215316671245,0.458858317050351,-43.2760089003757,rs35008245,UKB,pre_outlier_removal
-0.592379896706914,-0.535031015999427,0.0259579277790011,-0.355950769542481,-6.25678966238083,rs140958912,UKB,pre_outlier_removal
0.614797186145816,0.582823029605308,0.0242449524644359,0.205347031179404,-7.08275521086947,rs74791128,UKB,pre_outlier_removal
0.732309593371339,0.772824681776006,0.0228760687435248,-0.267871243904908,-10.0236834840397,rs8032438,UKB,pre_outlier_removal
-4.65492893888623,-4.64427974162291,0.0231525324625219,-0.0699870391831883,-43.3797277196422,rs113203559,UKB,pre_outlier_removal
2.22213242257074,0.337973424995921,0.114748854855438,5.56215860369779,-1.95687298216479,rs35173773,UKB,pre_outlier_removal
-0.779410066385166,-0.841568578008884,0.0228950914679647,0.410799035577554,-11.1137304819234,rs7178975,UKB,pre_outlier_removal
1.5269420908073,1.54238271261159,0.0245828916572248,-0.098480059457011,-30.8385169563664,rs56213124,UKB,pre_outlier_removal
0.731150499003395,0.772842563058766,0.0228760687435147,-0.275652985078796,-10.0092858324025,rs4776921,UKB,pre_outlier_removal
-0.77864930381486,-0.876305041145851,0.0229847299489729,0.644136724714819,-11.2504182067313,rs4133922,UKB,pre_outlier_removal
3.28014766311488,3.21475922814542,0.0230189459641782,0.430981100924548,-39.3631770814817,rs11071948,UKB,pre_outlier_removal
3.21402892788034,3.21619856702507,0.0230189459641748,-0.0143002882335855,-39.4271283805352,rs8029371,UKB,pre_outlier_removal
-0.177021960175899,-0.122652604401594,0.0245787790158972,-0.346795964049886,-2.23787505382602,rs28655729,UKB,pre_outlier_removal
-0.555542310413953,-0.504894370155544,0.0248060471557452,-0.321575538650195,-6.00333546479195,rs201906429,UKB,pre_outlier_removal
-0.726838614557047,-0.772909082253865,0.0228760687435199,0.304601420734084,-9.95498208529706,rs8031586,UKB,pre_outlier_removal
-4.63633238187348,-4.70919590319686,0.0232215316671279,0.478150621796312,-43.2578013262242,rs8030620,UKB,pre_outlier_removal
3.25527115715806,3.21530076485351,0.0230189459641757,0.263448478126828,-39.4229912170328,rs55832357,UKB,pre_outlier_removal
1.06401476644337,1.78956897046753,0.0649628304545447,-2.84667176211642,-8.76391150017175,rs118110169,UKB,pre_outlier_removal
-0.726915893168029,-0.772907890081297,0.0228760687435205,0.304082600037217,-9.95596563595701,rs4374116,UKB,pre_outlier_removal
3.26744042939566,3.21503585194174,0.0230189459641736,0.345403319335086,-39.3990688208922,rs58036323,UKB,pre_outlier_removal
-4.65267708193769,-4.64434211504943,0.0231525324625224,-0.0547778052913146,-43.3777773828535,rs35722009,UKB,pre_outlier_removal
1.0344741584748,0.164871770299189,0.0600471371108965,3.54874317806359,-0.854001978142651,rs146863803,UKB,pre_outlier_removal
0.797245796054314,1.46459130932648,0.0384088873879024,-3.40513928778018,-9.05275489086351,rs75966616,UKB,pre_outlier_removal
-2.7735466453272,-2.27478881587223,0.0406693442946036,-2.47318236475965,-33.5270481776709,rs137876438,UKB,pre_outlier_removal
3.53493211087611,3.49606291198468,0.02393299319397,0.251250584698994,-39.9601154478926,rs72745452,UKB,pre_outlier_removal
0.737802748085786,0.73851066292316,0.0227858320056287,-0.00468973787637955,-9.82879097198578,rs28571147,UKB,pre_outlier_removal
3.53779352733651,3.55604375707522,0.023736593176534,-0.118456567124347,-40.1139969175605,rs956129,UKB,pre_outlier_removal
-0.398098410187857,-0.246685623255942,0.030367721186405,-0.868873299470352,-3.13804313109776,rs72745455,UKB,pre_outlier_removal
2.8475147370567,1.99126757575693,0.106890962921059,2.6189587010518,-15.7853467231379,rs7183394,UKB,pre_outlier_removal
-0.893697687733432,-0.912748049204501,0.0298939038013198,0.110182317882767,-10.8201374134088,rs10163085,UKB,pre_outlier_removal
-4.65073402765784,-4.72816273151228,0.0228428499095144,0.512302937619678,-43.4060847466065,rs12915601,UKB,pre_outlier_removal
-0.307798888836992,0.0289130620890075,0.0586929886877795,-1.38984195890769,0.410399980732588,rs28538466,UKB,pre_outlier_removal
-0.731536664379704,-0.738582230990569,0.0227858320056285,0.0466749089736732,-9.76771881667697,rs7162340,UKB,pre_outlier_removal
0.620858120843087,0.582361251881336,0.0242449524644325,0.247237725911039,-7.10941272573699,rs34630901,UKB,pre_outlier_removal
0.722128789984577,0.73868968301663,0.0227858320056317,-0.109711286186948,-9.67134459298357,rs12901046,UKB,pre_outlier_removal
-2.19621591967129,-2.34475372561884,0.0467442133880849,0.687025847814365,-34.3441074662013,rs138580959,UKB,pre_outlier_removal
3.25969707144849,3.24023083555284,0.0227695272318322,0.129004534281985,-39.5438171998427,rs6494650,UKB,pre_outlier_removal
3.27436746361055,3.2400738952232,0.0227695272318326,0.227266629377785,-39.5347358344419,rs4506839,UKB,pre_outlier_removal
-4.65013511841603,-4.7281710877453,0.0228428499095151,0.516320877623552,-43.4019787518834,rs4238407,UKB,pre_outlier_removal
-4.65112392756764,-4.6648341996272,0.0227767196161517,0.0908448861502056,-43.5235526731555,rs4776922,UKB,pre_outlier_removal
-4.66728144914857,-4.6646561919455,0.0227767196161529,-0.0173950736128707,-43.5551237582209,rs4432221,UKB,pre_outlier_removal
-4.64670509996435,-4.6648828819238,0.0227767196161522,0.120446809909859,-43.5117588835091,rs1444935,UKB,pre_outlier_removal
-4.64863059711772,-4.66486166868982,0.0227767196161554,0.107547818355321,-43.5170646930551,rs1444936,UKB,pre_outlier_removal
3.30559373932078,3.28928048842587,0.0227993123391381,0.108038772563556,-39.6607973854567,rs11636980,UKB,pre_outlier_removal
3.51162876442568,3.58414264281635,0.0259225556575633,-0.450383245442029,-39.588156904736,rs2166185,UKB,pre_outlier_removal
3.30649049220743,3.2892697095762,0.0227993123391385,0.114049138951412,-39.6608713824957,rs8037981,UKB,pre_outlier_removal
3.26947752613775,3.24012620659903,0.0227695272318317,0.194513892051493,-39.5394177874923,rs2120836,UKB,pre_outlier_removal
3.26071968922717,3.24021989583355,0.0227695272318328,0.135854014807841,-39.5436675876048,rs8043518,UKB,pre_outlier_removal
3.26427505344436,3.24018186140162,0.0227695272318329,0.159667797898969,-39.5425830563515,rs55962710,UKB,pre_outlier_removal
3.49507499552096,3.05556391989975,0.026213332498407,2.71461788188493,-35.8893420104512,rs68022462,UKB,pre_outlier_removal
0.351245177115981,0.457745551119805,0.0454104988229577,-0.499773237949232,-3.57368391809293,rs185511475,UKB,pre_outlier_removal
-4.65346819918655,-4.66480837274805,0.0227767196161518,0.075140505720305,-43.5292588761188,rs35688953,UKB,pre_outlier_removal
0.405702174696522,0.625141474344779,0.024508226249602,-1.40171095665987,-4.51774402302854,rs11639194,UKB,pre_outlier_removal
3.29787798368697,3.28937323077623,0.0227993123391383,0.0563249514981795,-39.6578498310258,rs11071949,UKB,pre_outlier_removal
-0.735287730041719,-0.772778738231543,0.0228760687435223,0.247877109356151,-10.0602871297279,rs8025186,UKB,pre_outlier_removal
-0.744897429157416,-0.738429631031669,0.0227858320056281,-0.0428473542942352,-9.89492864094037,rs12594477,UKB,pre_outlier_removal
-1.84788604591629,-1.57288776392903,0.0788068186035547,-0.979598435511425,-13.008032165884,rs116972932,UKB,pre_outlier_removal
0.0582612709889555,0.478337110451524,0.156474347073734,-1.06195503881713,-0.490920881990765,rs35892110,UKB,pre_outlier_removal
-0.0986972843828132,0.200699027478124,0.102447142102502,-0.935398183730415,0.583856138541867,rs117803621,UKB,pre_outlier_removal
0.734044348458267,0.772797919808347,0.0228760687435208,-0.256224724468537,-10.0450731591029,rs4410030,UKB,pre_outlier_removal
-4.66084341411998,-4.72802168111149,0.0228428499095114,0.444481462438655,-43.4717620585377,rs4352000,UKB,pre_outlier_removal
3.30433321563102,3.28929563975199,0.0227993123391394,0.099590280978813,-39.6605988437911,rs4301969,UKB,pre_outlier_removal
-4.66082764573283,-4.72802190111866,0.0228428499095133,0.444587248806829,-43.4716649769014,rs34221449,UKB,pre_outlier_removal
0.145987790198316,-0.31714664799118,0.0484039048554908,2.10507162157734,2.15819962304838,rs75986296,UKB,pre_outlier_removal
-0.700930163400755,0.00278561009895889,0.0548725525504804,-3.00413679158411,0.0124057651883129,rs77715810,UKB,pre_outlier_removal
0.737500660886205,0.738514113211683,0.022785832005632,-0.00671383831186181,-9.8259039056826,rs12904476,UKB,pre_outlier_removal
-4.68708741435511,-4.66443798930033,0.0227767196161545,-0.150076120410388,-43.5690646979706,rs35011221,UKB,pre_outlier_removal
-0.592234876847014,-0.662731340492312,0.0297297365298244,0.40885734258152,-6.52494134506412,rs72745461,UKB,pre_outlier_removal
3.2678936822366,3.21212428347353,0.0228218871342753,0.369164716427551,-39.4173279117208,rs11853367,UKB,pre_outlier_removal
3.23323948755724,3.21257554763012,0.0228218871342762,0.136784647004657,-39.465966843854,rs11856840,UKB,pre_outlier_removal
-0.0714756987478378,-0.129450735315009,0.0315973057389673,0.326148965246503,-0.870474452910012,rs151119143,UKB,pre_outlier_removal
-0.0714756987478378,-0.12945073531471,0.0315973057389673,0.326148965244825,-0.870474452908178,rs202063479,UKB,pre_outlier_removal
3.31067536823416,3.20149084096914,0.0237065451193726,0.709131806008213,-39.0258449033065,rs74892931,UKB,pre_outlier_removal
-4.650467952224,-4.66484142651831,0.0227767196161524,0.0952392943171836,-43.521887593542,rs10152973,UKB,pre_outlier_removal
-4.66277219694443,-4.53878888063344,0.02373400119517,-0.804781100314361,-42.5622852932722,rs10152913,UKB,pre_outlier_removal
0.766594181029857,0.771875601192385,0.0237100215304628,-0.0342992595729013,-10.1373716114394,rs12708494,UKB,pre_outlier_removal
-0.765287476207276,-0.738196746133554,0.0227858320056321,-0.179468512620591,-10.0672266743949,rs7162810,UKB,pre_outlier_removal
0.83034926716351,1.12402305301306,0.0497032325129,-1.31726412629782,-7.16510960710311,rs148601227,UKB,pre_outlier_removal
-2.01894858613911,-2.04967069509889,0.0359815913465792,0.161961146225868,-35.4799663217614,rs117661903,UKB,pre_outlier_removal
-0.750849366755446,-0.738361650983537,0.0227858320056324,-0.082727625631146,-9.9479479063721,rs8029963,UKB,pre_outlier_removal
0.735597508397194,0.738535850065536,0.0227858320056331,-0.0194656920412734,-9.80758206746757,rs8030142,UKB,pre_outlier_removal
3.28939932047448,3.28947514317347,0.0227993123391385,-0.000502155663797447,-39.6498323966768,rs869304,UKB,pre_outlier_removal
3.26123927450139,3.2402143374351,0.0227695272318318,0.139334190188864,-39.5435637784185,rs869305,UKB,pre_outlier_removal
-0.52671438764323,-0.507808733691052,0.024806047155749,-0.120036388887418,-5.90865763212099,rs16950870,UKB,pre_outlier_removal
0.758077301553263,0.736184764763463,0.0245576841743875,0.139701922702427,-9.46280202590028,rs5813437,UKB,pre_outlier_removal
-4.65081885125612,-4.66483756065792,0.0227767196161526,0.0928886060063356,-43.5227820080171,rs3743349,UKB,pre_outlier_removal
-2.75633334557104,-2.68756403024025,0.029356650919228,-0.401366800221019,-37.4655736695705,rs139534889,UKB,pre_outlier_removal
0.630872412854785,0.581598271053315,0.0242449524644346,0.31645240492979,-7.14795976435913,rs17231180,UKB,pre_outlier_removal
-4.66146949434465,-4.66472022234735,0.022776719616154,0.021539471574916,-43.5458579493069,rs8042007,UKB,pre_outlier_removal
-4.65558322927492,-4.66478507142677,0.0227767196161518,0.0609718245579215,-43.5340793657711,rs4491456,UKB,pre_outlier_removal
1.6277028062727,2.17232706164681,0.0362360387792287,-2.86105773171451,-28.6693305790894,rs72745470,UKB,pre_outlier_removal
-4.65583325592722,-4.664782316879,0.0227767196161527,0.0592968848308511,-43.5346286652331,rs4536412,UKB,pre_outlier_removal
3.19588987011053,3.20750231015925,0.0236834761923983,-0.0754572131233053,-39.279963178909,rs11071950,UKB,pre_outlier_removal
3.22295968017419,3.21270941046134,0.0228218871342774,0.0678515098921137,-39.4643903634549,rs4496076,UKB,pre_outlier_removal
-4.65494537220385,-4.66479209870859,0.0227767196161515,0.0652448576067133,-43.5326583330937,rs12442323,UKB,pre_outlier_removal
3.18468831485663,3.08406130031455,0.02344367996203,0.657206266749649,-38.8306855321867,rs62016013,UKB,pre_outlier_removal
-4.65429096902324,-4.66479930827918,0.0227767196161507,0.0696287337834316,-43.5311710485795,rs12915659,UKB,pre_outlier_removal
-4.65683025625453,-4.66477133290997,0.0227767196161508,0.0526179350445964,-43.5367758238343,rs8039943,UKB,pre_outlier_removal
-4.65878333969787,-4.66474981575744,0.0227767196161515,0.039534141700077,-43.5407817291118,rs28696998,UKB,pre_outlier_removal
-0.828312088322187,-0.840772877221502,0.0228950914679649,0.0823520372135269,-11.7499342645814,rs4312262,UKB,pre_outlier_removal
0.773499953153152,0.738102947338023,0.0227858320056332,0.234495267110785,-10.1291906699346,rs4776354,UKB,pre_outlier_removal
0.781767468217085,0.738008519924432,0.0227858320056295,0.289890798164287,-10.1872799653455,rs4776923,UKB,pre_outlier_removal
-0.179641772557978,-0.180165431561506,0.0308289888601575,0.0029824209031669,-2.54256670622056,rs78140934,UKB,pre_outlier_removal
0.458989020667394,0.274266855504469,0.0369360584359597,0.961155678441344,-3.07896838137307,rs150134693,UKB,pre_outlier_removal
3.24385322057042,3.24040032926166,0.0227695272318333,0.0228826280334828,-39.5368557932271,rs11637059,UKB,pre_outlier_removal
3.21620415237296,3.21279738040483,0.022821887134275,0.0225510770322329,-39.459346860064,rs4625676,UKB,pre_outlier_removal
-0.859843636718298,-1.03776867463576,0.0543479977978429,0.763212179800151,-7.19920008746848,rs137909273,UKB,pre_outlier_removal
-1.74458822208109,-1.22991193865296,0.132258721932035,-1.41521360630008,-6.2495288101712,rs143412009,UKB,pre_outlier_removal
0.620744071302526,0.582369941223708,0.0242449524644366,0.246449462264763,-7.10893431674869,rs71400367,UKB,pre_outlier_removal
3.23632527363377,3.24048086142886,0.0227695272318346,-0.0275394622282306,-39.5274326083839,rs7178870,UKB,pre_outlier_removal
-4.65538285560044,-4.66478727894689,0.0227767196161527,0.0623141367658685,-43.5336360153576,rs8043060,UKB,pre_outlier_removal
3.28260086711266,3.23998581625134,0.0227695272318315,0.282413858500372,-39.5231254365753,rs36105209,UKB,pre_outlier_removal
3.28260086711266,3.23998581625139,0.0227695272318317,0.282413858500058,-39.5231254365755,rs34231942,UKB,pre_outlier_removal
3.35119733085295,3.2392519877683,0.0227695272318333,0.741872076712104,-39.2486137179724,rs35819343,UKB,pre_outlier_removal
3.22002964655821,3.24065518813095,0.0227695272318327,-0.1366873595475,-39.4935411928021,rs41357746,UKB,pre_outlier_removal
3.21709459208464,3.21278578517008,0.0228218871342752,0.0285220841183922,-39.4601936196375,rs41370046,UKB,pre_outlier_removal
3.47036105247045,3.48092480495532,0.0242184332592707,-0.0678805253360353,-39.8550072787263,rs72745473,UKB,pre_outlier_removal
-0.819500402678538,-0.840916255039574,0.0228950914679749,0.141535105429162,-11.6465092396397,rs8028934,UKB,pre_outlier_removal
3.26866089366015,3.2121142929076,0.0228218871342783,0.374309393587691,-39.4153163735285,rs59962165,UKB,pre_outlier_removal
-2.91382107926475,-3.18310884775668,0.0378605259183052,1.38395926125056,-36.1333708196513,rs140045367,UKB,pre_outlier_removal
1.45461526177723,1.54897817424524,0.0245828916572257,-0.601845272047522,-29.3950799947235,rs56026891,UKB,pre_outlier_removal
0.639147120002826,0.580967827792635,0.0242449524644286,0.373643786861067,-7.17466921582737,rs34983272,UKB,pre_outlier_removal
-0.635391451434427,-0.997197613897522,0.0298939038013174,2.09259239857448,-6.74374500516538,rs76024542,UKB,pre_outlier_removal
3.23744622032245,3.21252076789191,0.0228218871342776,0.164993666462874,-39.4644926398474,rs11633767,UKB,pre_outlier_removal
3.23519142738706,3.21255012962564,0.0228218871342784,0.149873738161567,-39.4654357130871,rs11633857,UKB,pre_outlier_removal
3.25495020037589,3.21229283246095,0.0228218871342737,0.282369820710593,-39.4451870857651,rs4580100,UKB,pre_outlier_removal
3.25956209848882,3.21223277669198,0.0228218871342782,0.313295750848335,-39.4365792550043,rs55691227,UKB,pre_outlier_removal
-2.0126703653626,-2.0534197796738,0.0359815913465781,0.214823203007219,-35.4466403769466,rs78297923,UKB,pre_outlier_removal
3.34360259291437,3.26781068017074,0.0233864952682124,0.495610268650701,-39.3966772265052,rs11857142,UKB,pre_outlier_removal
0.63689752710341,0.463478907970944,0.0305521505024593,0.992144276606036,-4.91470795727619,rs117400732,UKB,pre_outlier_removal
-3.32200778017143,-3.21141961401032,0.0228218871342726,-0.732036742489403,-39.1789051621288,rs12164949,UKB,pre_outlier_removal
-0.0894140099600267,-0.135590790642424,0.0631217471013374,0.183795192054892,-0.582599370134241,rs139800563,UKB,pre_outlier_removal
-3.87056415753247,-3.42508503222643,0.0687003951346545,-1.69960398536773,-35.0045243209967,rs563472710,UKB,pre_outlier_removal
3.58850064899721,3.31120560954368,0.0262015182020334,1.71308484189895,-37.484087188383,rs66926990,UKB,pre_outlier_removal
-3.05144064155563,-2.8338415401264,0.0352454918109858,-1.15905837690085,-36.5226529103565,rs4776924,UKB,pre_outlier_removal
-1.48629828373331,-1.37144797895056,0.0376652186747853,-0.591782210097342,-18.4771418827794,rs72745484,UKB,pre_outlier_removal
-3.40041948109441,-3.30588429926573,0.0285944000573818,-0.559052983302313,-38.6898648718317,rs12903168,UKB,pre_outlier_removal
2.56281542041284,1.78692524188474,0.105762700943977,2.38579974518229,-13.0290155489379,rs117862906,UKB,pre_outlier_removal
2.52186714968546,2.48796410750227,0.0257647294619829,0.211215544296518,-37.4651482365221,rs113386507,UKB,pre_outlier_removal
-0.275505413144073,-0.324595922767857,0.0267122387994533,0.300360207999767,-3.62631757541887,rs3825979,UKB,pre_outlier_removal
2.50766361452641,2.49000443567504,0.0257647294619837,0.11001647146494,-37.4782021692662,rs6494654,UKB,pre_outlier_removal
-0.75424189157984,-1.04896833758988,0.0351890254124027,1.57114217837816,-7.85918742746667,rs77494054,UKB,pre_outlier_removal
-1.86690156138507,-2.03585397036729,0.0587247469665384,0.697194273627228,-21.4806100810044,rs4275804,UKB,pre_outlier_removal
-0.310568983750656,-0.723355354305031,0.0294546479399116,2.40518469255105,-2.45082966183302,rs4776926,UKB,pre_outlier_removal
2.58417381991542,2.53412885837228,0.0260773350872822,0.309905123346882,-37.5032307915458,rs11071951,UKB,pre_outlier_removal
2.58069105505276,2.47951409347098,0.0257647294619831,0.630331251552505,-37.2448424084316,rs11071952,UKB,pre_outlier_removal
-0.0278406424166292,-0.128445247444945,0.0345425841142772,0.541303017980556,-0.312585001325804,rs12324662,UKB,pre_outlier_removal
1.00833541045599,1.09733990247631,0.0328540714998543,-0.491040515353062,-12.5492991072925,rs950784,UKB,pre_outlier_removal
1.25869965650611,0.303799706412174,0.0370559426868244,4.96053979056922,-3.08481817373816,rs62016025,UKB,pre_outlier_removal
3.41686621664031,3.30152526547326,0.0278236479992384,0.6914750164859,-38.675116009947,rs2286664,UKB,pre_outlier_removal
-0.00258657643003294,-0.141912793052481,0.0345425841142786,0.74964462631025,-0.0319160183869675,rs75940327,UKB,pre_outlier_removal
2.38084469217489,2.4308235246927,0.0254074166909037,-0.313549311788324,-37.2602702772009,rs7359257,UKB,pre_outlier_removal
-0.331121357783653,1.64309162717367,0.117544498322364,-5.75828095175444,1.38883299119329,rs79287697,UKB,pre_outlier_removal
2.31487485694981,2.43925373463932,0.0254074166909038,-0.780308573367655,-36.814292134331,rs8026196,UKB,pre_outlier_removal
0.290839661638111,-0.328159267898218,0.0590374936482146,2.5475689207861,3.05467021023438,rs35806920,UKB,pre_outlier_removal
-3.09945710799439,-3.22076685512906,0.0292449408240748,0.709365926745246,-38.0701574727809,rs12439895,UKB,pre_outlier_removal
2.10448520879146,2.58045832762986,0.0274927158366953,-2.87060610721318,-33.7581479986767,rs4776928,UKB,pre_outlier_removal
0.550283341555127,0.725670083688013,0.0269465010347268,-1.06842876200327,-6.35341787008876,rs4776929,UKB,pre_outlier_removal
2.42495714912044,2.37037527195776,0.025254284706251,0.343463769205696,-37.2432834521745,rs55854539,UKB,pre_outlier_removal
2.42345546465611,2.37055696317766,0.0252542847062517,0.332870902350439,-37.2474985195184,rs56108040,UKB,pre_outlier_removal
0.936473841283167,0.653314427034304,0.0743328165901741,1.03858180682571,-4.42507591187199,rs78910246,UKB,pre_outlier_removal
0.874058305321888,0.217903728395924,0.0652815491059888,2.56809412187692,-0.96800860448445,rs117864772,UKB,pre_outlier_removal
-3.27090201710123,-3.36488936948378,0.0259477727761051,0.583471130681105,-38.9464156568914,rs28399271,UKB,pre_outlier_removal
1.38688184957402,-0.48942261777071,0.0647444026135949,7.37398412940013,3.14138130810457,rs187478541,UKB,pre_outlier_removal
0.71100043858394,0.779983794586735,0.0255828897472353,-0.431290129638564,-9.03536954538648,rs60141690,UKB,pre_outlier_removal
-0.334552175864824,-0.388623509911314,0.0236307913015245,0.351745015832823,-4.25041540929177,rs3809573,UKB,pre_outlier_removal
0.855580720816874,0.374357932878694,0.0640803694148552,1.90100684863032,-2.14301233465176,rs77167076,UKB,pre_outlier_removal
-0.400192993684479,-0.385411855674182,0.0236307913015282,-0.0961543064387575,-4.63794971271322,rs3743352,UKB,pre_outlier_removal
0.322121192690896,0.250201347472554,0.0238124663186585,0.46606506940424,-3.5491557459426,rs6494657,UKB,pre_outlier_removal
0.778717421834123,0.967228202863916,0.0327668380040247,-1.04140324299148,-8.81946430257537,rs75463836,UKB,pre_outlier_removal
-0.375962779370821,-0.3568194812719,0.0236730830143633,-0.124419757828764,-4.37552618102105,rs12148153,UKB,pre_outlier_removal
-0.384720098783873,-0.38616890883282,0.0236307913015257,0.00942480378174763,-4.57237971147795,rs12148151,UKB,pre_outlier_removal
0.534558556579201,0.413184447893175,0.105532916354439,0.373621692758096,-3.19284005224414,rs76479722,UKB,pre_outlier_removal
-0.41128378210583,-0.291500980987576,0.0253248506305796,-0.75269844457047,-3.71565407953671,rs4776359,UKB,pre_outlier_removal
2.70425591523303,2.73982569006284,0.0275047370064406,-0.214475341299385,-37.7257013090136,rs12594849,UKB,pre_outlier_removal
0.29310123388181,-0.114386335799191,0.0864578109460442,1.38583730422698,1.10537463325354,rs137869543,UKB,pre_outlier_removal
-1.91655485040723,-0.894594150540736,0.077033306211079,-3.68209446408594,-6.64078874261607,rs145784300,UKB,pre_outlier_removal
0.331479350103477,0.299617053762806,0.0290062549524569,0.187081671964605,-3.68788599772953,rs17298032,UKB,pre_outlier_removal
-1.07387981411758,-0.465083639742281,0.175833446758337,-1.45184806468736,-2.18607454925906,rs139772769,UKB,pre_outlier_removal
-0.430670320226874,-0.383920670186585,0.0236307913015239,-0.304115973529752,-4.72062070521355,rs4238408,UKB,pre_outlier_removal
0.317981472906514,0.250437278061003,0.0238124663186588,0.437709366072129,-3.55473151246467,rs4423371,UKB,pre_outlier_removal
0.0888095611086165,-0.214951881607665,0.0410614408640492,1.49904805197081,1.29789325008635,rs541782495,UKB,pre_outlier_removal
-0.417717470299064,-0.3845544233411,0.0236307913015242,-0.215732359539425,-4.69299324055872,rs72747403,UKB,pre_outlier_removal
-0.375743862589263,-0.356830603328434,0.0236730830143641,-0.12292464573373,-4.37484814739288,rs72747405,UKB,pre_outlier_removal
1.89483137303483,2.23271318863162,0.0794755651887012,-1.19852750925547,-17.5025945057292,rs72747406,UKB,pre_outlier_removal
-0.933405492928675,0.240856812448793,0.0948155045266454,-3.81351483155387,0.977361631861747,rs79700085,UKB,pre_outlier_removal
-0.365012266868959,-0.357375821532631,0.0236730830143624,-0.0496322354961453,-4.33769368070259,rs10518723,UKB,pre_outlier_removal
-0.364831958160882,-0.357384982107862,0.0236730830143628,-0.0484008007546857,-4.33700381114075,rs11635641,UKB,pre_outlier_removal
-3.29356728441214,-3.36144936487696,0.0259477727760972,0.421410256143694,-39.0930155955135,rs2414952,UKB,pre_outlier_removal
0.658172845212852,0.787146042806999,0.025582889747233,-0.806352000445282,-8.29386875942506,rs2414953,UKB,pre_outlier_removal
0.653375752862275,0.787796421973488,0.0255828897472345,-0.840410081016207,-8.21727646244513,rs2414954,UKB,pre_outlier_removal
0.296072403096494,0.103122373550345,0.0314173420898422,1.08857944355959,-1.91527289176892,rs62016030,UKB,pre_outlier_removal
-0.488064999042409,-2.05745259873398,0.0649660328234971,6.15725362594522,-4.60331247801591,rs79171522,UKB,pre_outlier_removal
-0.281038478964195,0.582057390177279,0.096271479677478,-2.78169951369971,2.51441602477647,rs117817908,UKB,pre_outlier_removal
0.656437325674737,0.787381340705898,0.0255828897472324,-0.818673727846739,-8.26632743436137,rs62016031,UKB,pre_outlier_removal
-0.562128456434475,-0.37748872594544,0.0236307913015274,-1.20111896755478,-4.41896241571637,rs200802324,UKB,pre_outlier_removal
-0.17881380943697,0.425743416531022,0.0956056816428117,-1.95521970431353,1.91428900013588,rs117353140,UKB,pre_outlier_removal
-0.391448082713515,-0.385839724054052,0.0236307913015259,-0.0364835127569206,-4.602849713121,rs2414955,UKB,pre_outlier_removal
-0.675746803456187,-0.724155739566093,0.0410645013446485,0.23888685971175,-6.21777708949424,rs13379682,UKB,pre_outlier_removal
-0.371059099780101,-0.357068612477555,0.0236730830143626,-0.0909296315135701,-4.35957313019218,rs4776931,UKB,pre_outlier_removal
-1.52387461792094,-1.34620080381557,0.0376652186747867,-0.915489101979994,-18.2483299124117,rs143915181,UKB,pre_outlier_removal
0.303787025390329,0.247926644091736,0.0249219784274399,0.353844653534175,-3.50316618221851,rs151338802,UKB,pre_outlier_removal
0.303787025390329,0.247926644091833,0.0249219784274414,0.353844653533552,-3.50316618221913,rs142506665,UKB,pre_outlier_removal
0.729660547118924,0.777453898360015,0.0255828897472339,-0.298808319093625,-9.25028128665785,rs7178729,UKB,pre_outlier_removal
0.311495977282696,0.250806898924002,0.0238124663186588,0.393285878625758,-3.56120249274107,rs4304972,UKB,pre_outlier_removal
-0.368766641897294,-0.357185080689947,0.0236730830143644,-0.0752730816419946,-4.3515652949572,rs143073716,UKB,pre_outlier_removal
-0.26177816350805,-0.397202143737684,0.0248484920327438,0.859103631644105,-3.43534312254067,rs2899723,UKB,pre_outlier_removal
0.670044534547426,0.706435474767821,0.0267721886290131,-0.222408478104816,-7.94217619183777,rs139107736,UKB,pre_outlier_removal
-0.398197419512075,-0.385509494528459,0.0236307913015254,-0.082537530337432,-4.63038810933221,rs60357413,UKB,pre_outlier_removal
