z,condmean,condvar,z_std_diff,logLR,SNP,study,stage
-1.09734459328125,-1.22626578025349,0.0746969676202057,0.471707530536845,-8.38947049555857,rs7176171,FinnGen,post_outlier_removal
0.196970152849026,0.181654077733297,0.04403352716318,0.0729887204714631,-2.19952884756464,rs7177199,FinnGen,post_outlier_removal
-1.00785336487465,-2.14616401913655,0.0801408862868636,4.02099682539376,-5.13749111193555,rs150285115,FinnGen,post_outlier_removal
1.17505887470193,1.17433621297794,0.0401861233434571,0.00360493133030103,-9.72172174065645,rs117216186,FinnGen,post_outlier_removal
0.196970152849026,0.291430752565918,0.0447383114798899,-0.446591964005099,-2.83564638968554,rs34080509,FinnGen,post_outlier_removal
2.81106439165519,2.93657919909355,0.0541791434807585,-0.539236022556937,-16.7224683894726,rs56307429,FinnGen,post_outlier_removal
1.10079519470522,1.14919428073214,0.0389875538886479,-0.245117414162802,-9.5593779257611,rs35877268,FinnGen,post_outlier_removal
0.407217312778084,0.509620774170064,0.0428469008957809,-0.494714829832488,-4.55009078666491,rs34666995,FinnGen,post_outlier_removal
2.8166196428426,2.79807698079965,0.0499685370997144,0.0829514086496897,-17.2673823886097,rs112794170,FinnGen,post_outlier_removal
1.10344769771195,1.14883658434507,0.0389875538889083,-0.229872244219891,-9.56912435698293,rs35806147,FinnGen,post_outlier_removal
0.453847021561422,0.283667169013913,0.0449141021711963,0.803002286167584,-3.4535415538256,rs12595096,FinnGen,post_outlier_removal
0.407217312778084,0.50962077417109,0.0428469008955705,-0.494714829838663,-4.55009078667474,rs17272228,FinnGen,post_outlier_removal
0.343340316507745,1.37189693020113,0.0844434933658824,-3.53952598786231,-2.26372014866988,rs11633388,FinnGen,post_outlier_removal
0.412371958112051,0.543833997321649,0.0430061204743072,-0.633921134479191,-4.59873358546195,rs17206452,FinnGen,post_outlier_removal
1.17026274772631,1.17515030967743,0.0401861233436476,-0.0243811518189122,-9.71412901789918,rs79340593,FinnGen,post_outlier_removal
0.201635343158073,0.503574342807804,0.140771299861548,-0.804752160758225,-1.84008433114371,rs78425228,FinnGen,post_outlier_removal
1.10610020060652,1.21994713831899,0.0422346478575547,-0.553970852390764,-9.34046272529304,rs112021494,FinnGen,post_outlier_removal
3.31883888475103,3.36765446526579,0.048248972451983,-0.222236006298122,-21.7585623284093,rs8041253,FinnGen,post_outlier_removal
1.10344769771195,1.19057990283609,0.0395374074101001,-0.438202258176554,-9.50641489237174,rs8041184,FinnGen,post_outlier_removal
-2.75147161876632,-2.95753347237574,0.0411984442264186,1.015213055533,-18.9375680968213,rs8025327,FinnGen,post_outlier_removal
2.96629044886032,3.08959925044251,0.0546528418270645,-0.527457779721091,-17.6698336790131,rs115272266,FinnGen,post_outlier_removal
-2.85970667019418,-2.93597227685991,0.0411984442265097,0.37574077015666,-19.9837997870056,rs6494604,FinnGen,post_outlier_removal
-1.00790509981816,-0.825433583508636,0.0543598201129671,-0.782629250606145,-7.71061439360288,rs79741304,FinnGen,post_outlier_removal
-1.47980573663958,-1.51047275397969,0.0574111085814263,0.12798927301828,-9.99068936660892,rs6494605,FinnGen,post_outlier_removal
0.0620156526277732,-0.103186266403647,0.0426835513093727,0.799622148351747,0.462806210527921,rs7495343,FinnGen,post_outlier_removal
-3.49123541797577,-2.94573808469438,0.0430754663803159,-2.62831635615304,-19.0186738145016,rs2414922,FinnGen,post_outlier_removal
-1.80535930593709,-1.77745604714552,0.0445663461869296,-0.132175637051155,-12.0136936531345,rs4583189,FinnGen,post_outlier_removal
0.058296104018408,0.147576380742339,0.0436398013847491,-0.427379951082174,-0.599758262674935,rs78166027,FinnGen,post_outlier_removal
0.0448431570870575,0.151212313232768,0.0436398013847316,-0.509183510830558,-0.473101653860851,rs117379959,FinnGen,post_outlier_removal
-2.93287314408123,-2.73724231513766,0.0414662160243693,-0.960705091188713,-18.7757736302125,rs36015176,FinnGen,post_outlier_removal
0.29687565183789,0.134362246452652,0.0408015927791695,0.804545541160021,-2.25805124774584,rs6494606,FinnGen,post_outlier_removal
1.17985500128703,1.17352211635039,0.0401861233436749,0.0315910121725581,-9.72809589391192,rs141144311,FinnGen,post_outlier_removal
1.18225306443265,1.17311506806067,0.0401861233436565,0.0455840517407159,-9.73082605641382,rs74784968,FinnGen,post_outlier_removal
0.184685114215828,0.0569213135762771,0.0373732833295899,0.660886979681771,-0.828409693470892,rs74397338,FinnGen,post_outlier_removal
3.07205296915412,3.31180032030425,0.0438373361660638,-1.14506921704771,-20.8531704844901,rs11857895,FinnGen,post_outlier_removal
0.0181818619470439,0.0715509716899661,0.0373732833295656,-0.276063717342155,-0.108586630012182,rs4619347,FinnGen,post_outlier_removal
0.489899886407944,0.288258610360846,0.0438527658137156,0.962899458034992,-3.42231757785197,rs2091822,FinnGen,post_outlier_removal
0.489899886407944,0.288258610360919,0.0438527658137004,0.962899458034811,-3.42231757785301,rs2091823,FinnGen,post_outlier_removal
1.12962887873692,1.19142557698902,0.037845404365288,-0.317657195087258,-9.71930411482333,rs72758571,FinnGen,post_outlier_removal
0.577890374028607,0.32086901652934,0.0373883660745909,1.32923255690722,-3.63778319854597,rs34344303,FinnGen,post_outlier_removal
-1.46824988219559,-0.981664757948956,0.0505971779061817,-2.16319504985514,-6.63428377375979,rs28394773,FinnGen,post_outlier_removal
0.643216988414134,0.315100472149623,0.0373883660746004,1.69691406240026,-3.24755153154796,rs74019810,FinnGen,post_outlier_removal
3.28475228966147,2.03465348253557,0.171314742126206,3.02027836937247,-6.52796596275163,rs186714888,FinnGen,post_outlier_removal
0.0136363964650318,0.0719503549155829,0.0373732833295598,-0.301642058867795,-0.0819046556887928,rs74019811,FinnGen,post_outlier_removal
1.85206016854898,1.69498916885075,0.0413814161184542,0.772135168153667,-11.8111264411664,rs11638562,FinnGen,post_outlier_removal
1.85206016854898,1.76685773872926,0.0425573336232214,0.41301400190758,-12.1954825741798,rs11633339,FinnGen,post_outlier_removal
0.265625594466273,0.201865975306757,0.0390420682449056,0.322685392670586,-2.97694183735206,rs4776323,FinnGen,post_outlier_removal
0.27343810917774,0.200800042016718,0.0390420682449071,0.367618933953252,-2.99086939928091,rs4776324,FinnGen,post_outlier_removal
1.12962887873692,1.19142557698903,0.0378454043652917,-0.317657195087266,-9.71930411482313,rs72758573,FinnGen,post_outlier_removal
0.27343810917774,0.108534461060465,0.0401998055908716,0.822466631522398,-1.86346554725117,rs4776325,FinnGen,post_outlier_removal
0.00446429646355099,0.16317001693318,0.0375901778073356,-0.818569183770861,-0.0584926583143132,rs143115815,FinnGen,post_outlier_removal
0.00446429646355099,0.304616603474122,0.0382776456499038,-1.53415442447206,-0.0871977068232542,rs148276244,FinnGen,post_outlier_removal
1.85797719547639,1.69377894097469,0.0413814161184726,0.807171579055136,-11.781482273681,rs142927108,FinnGen,post_outlier_removal
1.13227436330963,1.19115677821729,0.037845404365289,-0.302676733362444,-9.73103821446287,rs72758574,FinnGen,post_outlier_removal
0.00446429646355099,0.304616603474001,0.0382776456498993,-1.53415442447154,-0.0871977068232558,rs112090117,FinnGen,post_outlier_removal
0.335821612947268,0.0130887721742276,0.0400496572611025,1.612663508681,-0.248719575143557,rs7182788,FinnGen,post_outlier_removal
1.09701438798734,0.958344216555091,0.0388630194410199,0.70342011384644,-8.89393081860659,rs117054225,FinnGen,post_outlier_removal
1.09328306804627,0.996474181158534,0.0387829763265119,0.491580513667373,-9.15059127824115,rs79270607,FinnGen,post_outlier_removal
1.10074570770776,0.833987128744534,0.0490309507811411,1.20471200404606,-7.58366320739515,rs78582923,FinnGen,post_outlier_removal
0.00769232621339178,-0.279095071353252,0.037812887490008,1.47482381474369,0.148128123986825,rs28488129,FinnGen,post_outlier_removal
-2.59996394041847,-3.22326420711652,0.0446434175572361,2.94997676940314,-15.6723477328683,rs75991095,FinnGen,post_outlier_removal
1.13491984776785,1.19088797945736,0.037845404365284,-0.28769627228682,-9.74242875624958,rs66689025,FinnGen,post_outlier_removal
-2.60404538328021,-2.87374860682078,0.042742194195457,1.30454099313753,-17.096516428985,rs58084996,FinnGen,post_outlier_removal
-0.336667385437317,-0.51472023772036,0.0396844286143453,0.893796952095956,-3.98613004785508,rs28385466,FinnGen,post_outlier_removal
1.16339770255546,1.42362293331519,0.0403312160005249,-1.29577245650671,-8.91065007566929,rs67198726,FinnGen,post_outlier_removal
1.52592104490753,1.60805016875194,0.0373063850995323,-0.425212091014718,-11.5072398281921,rs13329337,FinnGen,post_outlier_removal
0.13559354082889,0.423189712232059,0.0373205311798037,-1.48870686834522,-1.92197376410177,rs12148473,FinnGen,post_outlier_removal
0.175141651721479,0.5896898664266,0.042513970396754,-2.01052378949253,-1.56238636842861,rs12148870,FinnGen,post_outlier_removal
1.3407795476002,1.17606955849318,0.0381198724141056,0.843614856461355,-9.61443906648076,rs111762059,FinnGen,post_outlier_removal
0.13559354082889,0.423189712232024,0.037320531179809,-1.48870686834493,-1.92197376410203,rs34371706,FinnGen,post_outlier_removal
0.13559354082889,0.423189712232045,0.0373205311798131,-1.48870686834496,-1.92197376410194,rs35331173,FinnGen,post_outlier_removal
1.13491984776785,1.19088797945748,0.0378454043652776,-0.287696272287476,-9.74242875624989,rs67699114,FinnGen,post_outlier_removal
1.3407795476002,1.17606955849288,0.0381198724141029,0.843614856462926,-9.61443906647833,rs117385215,FinnGen,post_outlier_removal
1.52592104490753,1.58834671692078,0.0402571092446306,-0.311130031650534,-11.2307646373806,rs16950269,FinnGen,post_outlier_removal
1.34636608038156,1.17545729760278,0.0381198724141016,0.875363959609192,-9.58340347368469,rs113099844,FinnGen,post_outlier_removal
1.34636608038156,1.17545729760284,0.0381198724141083,0.875363959608849,-9.5834034736848,rs112375829,FinnGen,post_outlier_removal
1.3407795476002,1.17606955849296,0.0381198724141168,0.843614856462383,-9.61443906647825,rs78181938,FinnGen,post_outlier_removal
-0.327815274051129,-0.516093528379032,0.039684428614343,0.94512684130845,-3.88226855952082,rs28432170,FinnGen,post_outlier_removal
0.112994618885888,0.425140645186723,0.0373205311798006,-1.61578622904998,-1.59888894897738,rs8025612,FinnGen,post_outlier_removal
1.07462646505726,0.998878971366648,0.0387829763265122,0.384634025393013,-9.19606212521768,rs76993364,FinnGen,post_outlier_removal
1.21291728420608,1.16791010994779,0.0401861233436423,0.224514135985485,-9.73892826155204,rs79413936,FinnGen,post_outlier_removal
-0.18275196538876,-0.652557066649177,0.142747048910648,1.24346669850068,-1.70849179919671,rs62007580,FinnGen,post_outlier_removal
-2.26395961292682,-1.14018450906994,0.0359725416360236,-5.92507489743519,-6.26427370454085,rs7169430,FinnGen,post_outlier_removal
-2.76441859694233,-2.82140200439566,0.0409134267300575,0.281718577942796,-19.225846687126,rs7170743,FinnGen,post_outlier_removal
1.51851374365074,1.60868658052051,0.0373063850995498,-0.466857294018531,-11.4609577841825,rs3985651,FinnGen,post_outlier_removal
-2.72194969468807,-2.86289136294158,0.0396206014217433,0.708074372080782,-19.275691362188,rs80263963,FinnGen,post_outlier_removal
-0.03846163093544,-0.253919765743622,0.0398797569465302,1.07891354281093,-0.674540737342148,rs2414918,FinnGen,post_outlier_removal
0.67866412055574,-0.974441162408812,0.271944253647369,3.17000955037975,3.4758173725916,rs56384969,FinnGen,post_outlier_removal
-2.11970048070584,-2.57511940390009,0.0476741816110257,2.08578456265046,-12.0097894765311,rs78166632,FinnGen,post_outlier_removal
1.5336272942585,1.27347039917094,0.0374038584648082,1.3451698920476,-9.50592557189589,rs17272675,FinnGen,post_outlier_removal
0.296435923103646,0.458436284191819,0.0495201490608076,-0.72798932484723,-3.47601137927595,rs79106289,FinnGen,post_outlier_removal
0.470589117481513,1.17161300737811,0.0390744875929597,-3.54638737786591,-4.4601939051374,rs142227185,FinnGen,post_outlier_removal
-1.20547813663491,-1.24652876006756,0.0357847913055195,0.217005385843986,-10.1542907708652,rs8026949,FinnGen,post_outlier_removal
-1.20547813663491,-1.26897849255767,0.0358830342620619,0.335221279696971,-10.1433404881017,rs8027723,FinnGen,post_outlier_removal
-2.90036317211326,-3.21899813175968,0.0373096506948462,1.64961589260162,-21.0635725042537,rs2414925,FinnGen,post_outlier_removal
1.22248658273858,1.23844795839997,0.0348607774104349,-0.0854873363180993,-10.2728792535376,rs79438531,FinnGen,post_outlier_removal
1.53811153357737,1.2730724046294,0.0374038584648122,1.3704140201832,-9.46916216689753,rs67278134,FinnGen,post_outlier_removal
-2.89206489978009,-3.21971188172355,0.037309650694853,1.69627233991079,-20.9366610630412,rs79390908,FinnGen,post_outlier_removal
-2.89206489978009,-3.21971188172344,0.0373096506948457,1.69627233991038,-20.9366610630444,rs75502100,FinnGen,post_outlier_removal
-0.081152026578022,0.240792718916447,0.152231632496313,-0.825142371549102,0.394410307002663,rs552575999,FinnGen,post_outlier_removal
-1.54330195175851,-0.684358706241834,0.0352862818339114,-4.5725821809717,-4.89720464389582,rs62007582,FinnGen,post_outlier_removal
-0.464343190795185,0.14666003347945,0.172872664571012,-1.46953636993359,1.11710677036685,rs117077683,FinnGen,post_outlier_removal
-1.81520736030268,-1.38728007312448,0.0532676733960287,-1.85412118622223,-8.27181038060537,rs78390970,FinnGen,post_outlier_removal
-1.67548939748706,-1.53778198775727,0.0352797612654675,-0.733152788099057,-11.6818044932712,rs12440274,FinnGen,post_outlier_removal
-2.85828398654696,-3.06114405473676,0.0365533070214102,1.06104359974616,-21.429979991583,rs12440279,FinnGen,post_outlier_removal
-1.54330195175851,-0.684358706241905,0.0352862818339032,-4.57258218097185,-4.89720464389632,rs28499347,FinnGen,post_outlier_removal
1.3407795476002,1.77171495911127,0.0379212223187,-2.21294703364293,-8.66111016696302,rs76790109,FinnGen,post_outlier_removal
1.22487890711949,1.89643428376406,0.0621571526696446,-2.69361966879053,-6.64544669568518,rs115029782,FinnGen,post_outlier_removal
-1.14031889118146,-1.19309811340943,0.0359725416360166,0.278277071324881,-9.87566624625763,rs28521086,FinnGen,post_outlier_removal
-0.0538462831254895,-0.146907916935194,0.0357064929332341,0.492489612347014,-0.668932388504737,rs6416478,FinnGen,post_outlier_removal
-1.66224459895516,-1.53813861341687,0.0352797612654688,-0.660738950037015,-11.7232342669333,rs4293326,FinnGen,post_outlier_removal
-1.18493035399286,-1.19721584673642,0.0386880335980095,0.0624603267127057,-9.86156727362846,rs4293327,FinnGen,post_outlier_removal
0.305816802585932,0.454295227211803,0.0495201490608061,-0.667225105991819,-3.55821261435035,rs144712841,FinnGen,post_outlier_removal
-3.24717812041597,-2.92718748187259,0.0359153754443794,-1.68848445894336,-21.8736375274798,rs57729347,FinnGen,post_outlier_removal
-0.294702634733856,-0.22779059631041,0.0353792720015513,-0.355737635775775,-3.34138844225284,rs62007584,FinnGen,post_outlier_removal
1.5336272942585,1.21972246585127,0.03657593351368,1.64134654882791,-8.89528590556149,rs66889121,FinnGen,post_outlier_removal
1.22727123139913,1.23837748098753,0.0348607774104328,-0.059483826077275,-10.2860316060979,rs75658179,FinnGen,post_outlier_removal
-1.87063550862912,-1.66392184538733,0.0554236224132107,-0.878055019000797,-10.4760875243707,rs75991252,FinnGen,post_outlier_removal
-1.5472389012029,-0.684251953828772,0.0352862818339045,-4.59410881751658,-4.88422768277622,rs28497057,FinnGen,post_outlier_removal
0.210265384571638,0.150575044491505,0.0808898237591069,0.209873260053027,-1.16641904598173,rs78609335,FinnGen,post_outlier_removal
-0.291391370536719,-0.227889345756796,0.0353792720015527,-0.337608309273513,-3.33786838453245,rs62007585,FinnGen,post_outlier_removal
-1.9874072674339,-1.50849187644453,0.0351915748199865,-2.55293315355206,-9.68310622837484,rs7166531,FinnGen,post_outlier_removal
-1.66224459895516,-1.51641244139921,0.0351915748199852,-0.777381050772916,-11.5459581641488,rs6494607,FinnGen,post_outlier_removal
-1.66224459895516,-1.51641244139912,0.0351915748199834,-0.777381050773416,-11.5459581641482,rs6494608,FinnGen,post_outlier_removal
-2.66389532127787,-3.28655807153985,0.0413523096377068,3.06198458527465,-17.0709260380432,rs77518050,FinnGen,post_outlier_removal
-1.66224459895516,-1.5164124413991,0.0351915748199871,-0.777381050773449,-11.5459581641477,rs7166933,FinnGen,post_outlier_removal
-1.68665917428302,-1.51581773220138,0.0351915748199843,-0.910696940830985,-11.4423211632449,rs1987318,FinnGen,post_outlier_removal
1.44133704272796,1.76127572916921,0.0379212223186971,-1.64295471710064,-9.85923899154683,rs2414921,FinnGen,post_outlier_removal
-1.66224459895516,-1.51641244139898,0.0351915748199849,-0.777381050774145,-11.5459581641468,rs1987316,FinnGen,post_outlier_removal
-0.452450434147393,-0.369558583849198,0.0453376926772822,-0.389297959037939,-4.12933127398829,rs8028392,FinnGen,post_outlier_removal
-1.64665988062349,-1.5167920660787,0.0351915748199838,-0.692280631545027,-11.599462372849,rs1987317,FinnGen,post_outlier_removal
-1.67332608068277,-1.38287990748557,0.0360629967869588,-1.52944812769944,-9.90073563601402,rs8033006,FinnGen,post_outlier_removal
-1.67332608068277,-1.51614251005617,0.0351915748199836,-0.837891527807031,-11.5018513424429,rs8033112,FinnGen,post_outlier_removal
-0.288080106293423,-0.227988095204448,0.0353792720015491,-0.319478982519142,-3.33370188135415,rs62007586,FinnGen,post_outlier_removal
-1.18493035399286,-1.28948057809959,0.0353556388267577,0.556026670703918,-10.0292106780005,rs8033862,FinnGen,post_outlier_removal
3.24066659322536,4.19098395636182,0.104367158515527,-2.94162111662597,-12.1537071597278,rs11854227,FinnGen,post_outlier_removal
-1.66224459895516,-1.44287013688197,0.0364428840062174,-1.14915788017942,-10.6714254199622,rs7174207,FinnGen,post_outlier_removal
-1.66224459895516,-1.52185163522624,0.0369219141615309,-0.730639652441717,-11.4081354027349,rs7173894,FinnGen,post_outlier_removal
-1.66224459895516,-1.52185163522622,0.0369219141615358,-0.730639652441743,-11.4081354027343,rs7175238,FinnGen,post_outlier_removal
-0.286996149827158,-0.520772039908273,0.0622139379362074,0.937250915699991,-3.10172732039033,rs117360433,FinnGen,post_outlier_removal
-1.66224459895516,-1.51641244139917,0.0351915748199814,-0.777381050773174,-11.5459581641489,rs9944217,FinnGen,post_outlier_removal
-1.64899979621041,-1.51673506859666,0.0351915748199849,-0.705057750332723,-11.5920759925609,rs9944222,FinnGen,post_outlier_removal
-1.64899979621041,-1.5167350685967,0.035191574819984,-0.705057750332536,-11.5920759925613,rs9302239,FinnGen,post_outlier_removal
-1.64899979621041,-1.51673506859655,0.0351915748199875,-0.705057750333324,-11.5920759925596,rs55838402,FinnGen,post_outlier_removal
-1.56969143653694,-3.47691264441287,0.165961929019072,4.68162722816405,-4.98947033712056,rs190004036,FinnGen,post_outlier_removal
-1.64899979621041,-1.51673506859653,0.0351915748199858,-0.705057750333459,-11.5920759925596,rs55980687,FinnGen,post_outlier_removal
-0.284768842004493,-0.228086844653826,0.0353792720015433,-0.301349655512995,-3.32887834395177,rs62007589,FinnGen,post_outlier_removal
-0.48091692070321,-0.366800823895166,0.0407791115428215,-0.565103541455136,-4.28432663876083,rs55904916,FinnGen,post_outlier_removal
-3.4086084961311,-3.02592539302265,0.0365533070214058,-2.00159381246171,-22.3995299942721,rs56401320,FinnGen,post_outlier_removal
-2.97351213419086,-3.05376989443474,0.036553307021407,0.419781890032005,-22.6876492148875,rs55855162,FinnGen,post_outlier_removal
-0.396947370083788,-0.353827370401069,0.0356883926939642,-0.228252348387573,-4.300729342209,rs55735414,FinnGen,post_outlier_removal
-0.496184106712267,-0.484149408317235,0.0354333496931339,-0.0639335920582474,-5.505436016499,rs141658133,FinnGen,post_outlier_removal
-0.534352064312327,-0.448389412711154,0.0365549326217178,-0.449610877240977,-5.27999530057215,rs8041185,FinnGen,post_outlier_removal
-1.90048556012064,-1.6456155667563,0.0554236224132068,-1.08260805481684,-10.2020680957666,rs149595251,FinnGen,post_outlier_removal
1.00713009007218,0.111240325264496,0.109362405058997,2.70907200702517,-0.493210303017903,rs117978003,FinnGen,post_outlier_removal
-1.65643476268505,-1.52264746427324,0.0354123523029532,-0.710947441996018,-11.595120499639,rs28733024,FinnGen,post_outlier_removal
-1.71950409362549,-1.52070586336477,0.0354123523029488,-1.05641637849774,-11.3075656467217,rs28570970,FinnGen,post_outlier_removal
-1.71950409362549,-1.52070586336496,0.0354123523029564,-1.05641637849659,-11.307565646723,rs28461657,FinnGen,post_outlier_removal
-0.192308138237338,-0.252742903738318,0.0354006569397905,0.32120417425956,-2.97704641207551,rs7175092,FinnGen,post_outlier_removal
-0.305648507741467,-0.227464165425493,0.0353792720015415,-0.415666802947476,-3.34855319984046,rs11275529,FinnGen,post_outlier_removal
-1.71950409362549,-1.52070586336472,0.0354123523029495,-1.05641637849796,-11.3075656467211,rs9944256,FinnGen,post_outlier_removal
-0.302326242823353,-0.227563242938747,0.035379272001546,-0.397477246981273,-3.34709150823317,rs7180678,FinnGen,post_outlier_removal
-0.459260131858024,-0.2014994825004,0.0378298185295208,-1.32525511211536,-2.58860777869257,rs4271551,FinnGen,post_outlier_removal
-0.466667545632601,-0.379383600039497,0.0356404553726587,-0.462341361699034,-4.6224647784831,rs4456448,FinnGen,post_outlier_removal
-0.18461581399673,-0.252977094655528,0.0354006569397852,0.363332736105032,-2.90829138885325,rs4360869,FinnGen,post_outlier_removal
1.27777583108653,1.58294198100729,0.0371700310205306,-1.58285049634791,-9.20461388107246,rs4600426,FinnGen,post_outlier_removal
1.24162517493899,1.23816604878626,0.0348607774104375,0.0185266913741291,-10.3192364271712,rs117245274,FinnGen,post_outlier_removal
1.45777382847195,1.22462675537477,0.0365759335136804,1.21908014521186,-9.51579632082893,rs17272836,FinnGen,post_outlier_removal
-0.459260131858024,-0.379660821189013,0.0356404553726588,-0.421636000010552,-4.61548070037083,rs6494609,FinnGen,post_outlier_removal
1.45777382847195,1.22462675537481,0.0365759335136842,1.21908014521155,-9.51579632082924,rs67440550,FinnGen,post_outlier_removal
1.45777382847195,1.22462675537469,0.0365759335136791,1.21908014521231,-9.51579632082806,rs72741011,FinnGen,post_outlier_removal
-0.176923489598298,-0.270843001109135,0.0369706178686383,0.488458274209208,-2.82889716767138,rs33962024,FinnGen,post_outlier_removal
-0.292359447781876,-0.227860475486628,0.0353792720015498,-0.342908577513005,-3.33896390773743,rs7165115,FinnGen,post_outlier_removal
1.32777533839974,1.57884463057893,0.0371700310205286,-1.30225830698048,-9.83766935271748,rs28461731,FinnGen,post_outlier_removal
-1.37054341949699,-1.44126781543432,0.047396685115947,0.324859268854095,-10.090156341923,rs151152156,FinnGen,post_outlier_removal
0.0692309351314126,-0.225455215050114,0.0364826138458006,1.54282529967309,1.1916875959618,rs7170238,FinnGen,post_outlier_removal
2.18838583095967,2.09624712891007,0.0382355002153156,0.471203710860304,-14.7928636914059,rs7170720,FinnGen,post_outlier_removal
-0.146154190557866,-0.260101844540441,0.0355166071877407,0.604629944702874,-2.50361794119537,rs6494610,FinnGen,post_outlier_removal
-0.130769540261689,-0.275022588559933,0.0354296812804603,0.766375083597384,-2.3340063547998,rs6494611,FinnGen,post_outlier_removal
-0.138461865468961,-0.280812973420176,0.0355302235043792,0.75519982731986,-2.44192435957703,rs8031411,FinnGen,post_outlier_removal
-0.123077214942626,-0.281339377487832,0.0355302235043823,0.83961101213461,-2.22992275866417,rs8031564,FinnGen,post_outlier_removal
-0.138461865468961,-0.3326629132399,0.0355427446932689,1.03009217410042,-2.39037368534841,rs8033116,FinnGen,post_outlier_removal
-0.0769232610488868,-0.275681295425542,0.0354521825111098,1.0556092931475,-1.48018881193524,rs8032077,FinnGen,post_outlier_removal
-1.11702061027245,-1.19419525771356,0.0359725416360232,0.406901313885979,-9.76296371837572,rs28550088,FinnGen,post_outlier_removal
1.26315608330561,1.23784890058704,0.0348607774104337,0.135542429814458,-10.3514601854073,rs75029091,FinnGen,post_outlier_removal
-0.473283327088165,-0.411584993086588,0.0354608174712778,-0.327641620818564,-4.91168421904486,rs12439745,FinnGen,post_outlier_removal
-0.285714917520242,-0.228058630525316,0.03537927200155,-0.30652946325423,-3.33032416715482,rs62007591,FinnGen,post_outlier_removal
-0.285714917520242,-0.228058630525257,0.0353792720015492,-0.306529463254544,-3.33032416715445,rs62007592,FinnGen,post_outlier_removal
-0.0769232610488868,-0.275681295425642,0.0354521825111088,1.05560929314805,-1.48018881193539,rs11858575,FinnGen,post_outlier_removal
-0.0769232610488868,-0.275681295425589,0.0354521825111087,1.05560929314777,-1.48018881193533,rs11858643,FinnGen,post_outlier_removal
-1.11879364818095,-1.19411176320814,0.0359725416360214,0.397112795200887,-9.77242257947603,rs28417777,FinnGen,post_outlier_removal
1.13157818317,1.09579936570098,0.0395020302016909,0.180018141679801,-9.5155622094478,rs56184919,FinnGen,post_outlier_removal
1.26315608330561,1.23784890058693,0.0348607774104347,0.135542429815009,-10.3514601854069,rs150643051,FinnGen,post_outlier_removal
-0.473283327088165,-0.411584993086362,0.0354608174712766,-0.327641620819769,-4.91168421904315,rs11855790,FinnGen,post_outlier_removal
-0.605264081386487,-1.42581226854259,0.129685465226773,2.27854934456152,-3.01729795466522,rs76412736,FinnGen,post_outlier_removal
-3.50522388415689,-3.02225370185344,0.0516897530612587,-2.12431096269832,-17.4893423969636,rs145272336,FinnGen,post_outlier_removal
1.26315608330561,1.23784890058687,0.0348607774104345,0.135542429815341,-10.3514601854067,rs142584810,FinnGen,post_outlier_removal
1.13157818317,1.11919048465355,0.0397268887301282,0.0621510328420596,-9.56762834056905,rs145989564,FinnGen,post_outlier_removal
-1.85364766367036,-1.44565591411468,0.0361599977325807,-2.14554280566772,-9.4527932745415,rs12440714,FinnGen,post_outlier_removal
-1.40140519796197,-1.42955188297425,0.0473966851159486,0.129286526842318,-10.1945785405601,rs181269956,FinnGen,post_outlier_removal
1.26315608330561,1.23784890058705,0.0348607774104319,0.13554242981439,-10.3514601854075,rs149757942,FinnGen,post_outlier_removal
1.26315608330561,1.23784890058704,0.0348607774104328,0.135542429814452,-10.3514601854074,rs117865719,FinnGen,post_outlier_removal
-0.473283327088165,-0.3391492983021,0.0353621013936876,-0.713296242929508,-4.24750070160179,rs4476130,FinnGen,post_outlier_removal
1.26315608330561,1.23784890058705,0.0348607774104333,0.135542429814393,-10.3514601854074,rs118089129,FinnGen,post_outlier_removal
-0.0769232610488868,-0.203491037514058,0.0353481194635624,0.673193623176563,-1.25841589627356,rs4489953,FinnGen,post_outlier_removal
1.26315608330561,1.23784890058698,0.0348607774104319,0.135542429814761,-10.3514601854073,rs78083605,FinnGen,post_outlier_removal
0.820755361962197,1.04691800456438,0.0373381354204376,-1.17042760645177,-7.99293269115904,rs7168649,FinnGen,post_outlier_removal
0.313433516387589,0.450932936297424,0.0495201490608025,-0.617888189845271,-3.62106727785997,rs75189858,FinnGen,post_outlier_removal
1.22781624530956,1.23836945298526,0.0348607774104338,-0.0565217956738796,-10.287463686796,rs76185986,FinnGen,post_outlier_removal
-0.473283327088165,-0.339149298302125,0.0353621013936884,-0.713296242929367,-4.24750070160202,rs6494612,FinnGen,post_outlier_removal
1.26315608330561,1.23784890058692,0.0348607774104342,0.135542429815111,-10.3514601854069,rs77505614,FinnGen,post_outlier_removal
-1.11879364818095,-1.19411176320815,0.0359725416360266,0.397112795200944,-9.7724225794757,rs28742127,FinnGen,post_outlier_removal
-0.0692309351314126,-0.203713464881962,0.0353481194635694,0.715290921474203,-1.13862255122432,rs6494613,FinnGen,post_outlier_removal
1.26315608330561,1.2378489005872,0.0348607774104302,0.135542429813586,-10.3514601854082,rs149455510,FinnGen,post_outlier_removal
-0.465649733074679,-0.339373134181419,0.0353621013936892,-0.671512101557294,-4.2564904301903,rs6494614,FinnGen,post_outlier_removal
-0.355556303458995,-0.251442864460205,0.0355512392342269,-0.552178407755829,-3.5239866101832,rs8034198,FinnGen,post_outlier_removal
1.26315608330561,1.23784890058709,0.0348607774104336,0.13554242981418,-10.3514601854075,rs143222415,FinnGen,post_outlier_removal
0.351033189468151,-0.47800569602502,0.0357039581278613,4.3874958536981,4.35220974610758,rs28525528,FinnGen,post_outlier_removal
1.26315608330561,1.23784890058704,0.0348607774104357,0.135542429814457,-10.3514601854072,rs142075050,FinnGen,post_outlier_removal
-0.0846155869006016,-0.199263145095548,0.0377526508906219,0.590053082335096,-1.28167503336857,rs8034392,FinnGen,post_outlier_removal
1.28057356654441,1.45754452743356,0.0409981507842562,-0.87401698962768,-9.83055299444369,rs145679863,FinnGen,post_outlier_removal
-0.473283327088165,-0.317088426836015,0.0360950278671399,-0.822135041568375,-3.9785698355099,rs8034547,FinnGen,post_outlier_removal
1.28057356654441,1.45754452743353,0.0409981507842538,-0.87401698962755,-9.83055299444396,rs141236753,FinnGen,post_outlier_removal
-0.0615386091547548,-0.203935892251438,0.0353481194635586,0.757388220095178,-1.01697934799951,rs8036074,FinnGen,post_outlier_removal
-0.0692309351314126,-0.203713464881939,0.0353481194635592,0.715290921474182,-1.13862255122451,rs8035054,FinnGen,post_outlier_removal
-0.29900397785703,-0.227662320453199,0.0353792720015513,-0.379287690752397,-3.34501275342467,rs62007593,FinnGen,post_outlier_removal
-0.0692309351314126,-0.203713464881952,0.0353481194635676,0.715290921474169,-1.13862255122433,rs8035520,FinnGen,post_outlier_removal
1.26315608330561,1.23784890058726,0.0348607774104331,0.135542429813255,-10.3514601854081,rs117775703,FinnGen,post_outlier_removal
-0.0538462831254895,-0.204158319622437,0.0353481194635651,0.799485519003874,-0.893685567909676,rs28502111,FinnGen,post_outlier_removal
1.26315608330561,1.23784890058716,0.0348607774104344,0.135542429813815,-10.3514601854077,rs147794616,FinnGen,post_outlier_removal
-0.272425856454489,-0.228454940619033,0.0353792720015534,-0.233771231765664,-3.30492546311457,rs62005862,FinnGen,post_outlier_removal
-0.318519207662988,-0.252732789230873,0.0355512392342255,-0.348906348028972,-3.53117655769978,rs28417425,FinnGen,post_outlier_removal
-0.333334046779983,-0.252216819295009,0.0355512392342237,-0.430215176301524,-3.53587856940974,rs60274083,FinnGen,post_outlier_removal
0.576613830017184,0.0817424317902124,0.0353384731474057,2.63250050566462,-0.646309897811239,rs7165780,FinnGen,post_outlier_removal
1.34513012185382,1.35324222941023,0.0373520481692696,-0.0419736261210934,-10.6017271102165,rs67226916,FinnGen,post_outlier_removal
0.102941421714276,-0.40302879670854,0.037355781178991,2.61785774684941,1.58238057745851,rs7181047,FinnGen,post_outlier_removal
0.512097683898083,0.0835898325169451,0.0353384731474128,2.27947531314917,-0.770702736869976,rs7181918,FinnGen,post_outlier_removal
-0.272425856454489,-0.228454940619183,0.0353792720015465,-0.233771231764888,-3.30492546311574,rs7183066,FinnGen,post_outlier_removal
1.23444820362838,1.23827176488036,0.0348607774104287,-0.0204785648565366,-10.303806558981,rs77248314,FinnGen,post_outlier_removal
2.20527749888528,2.41403829261946,0.0373838047280888,-1.07971016397154,-15.4678765871817,rs72741014,FinnGen,post_outlier_removal
-0.292359447781876,-0.227860475486455,0.0353792720015464,-0.342908577513942,-3.33896390773632,rs7182138,FinnGen,post_outlier_removal
-0.0521740383302006,0.421077416119027,0.0352567321339365,-2.52040846365801,0.731666953113109,rs4776326,FinnGen,post_outlier_removal
1.14564745052874,1.19284718508737,0.0359725416360263,-0.24885936824825,-9.89789958020703,rs4776838,FinnGen,post_outlier_removal
1.14564745052874,1.19284718508718,0.0359725416360262,-0.248859368247233,-9.89789958020705,rs4776327,FinnGen,post_outlier_removal
1.31894249522017,1.23702717213131,0.0348607774104322,0.438729275161483,-10.3374018288191,rs138272471,FinnGen,post_outlier_removal
0.0260870192933418,0.419022642261497,0.0352567321339362,-2.09266820099742,-0.36894760690058,rs7495316,FinnGen,post_outlier_removal
0.00869567311044643,0.41947925867539,0.0352567321339368,-2.18772159294175,-0.122549854945878,rs7495569,FinnGen,post_outlier_removal
-1.14742363687351,-1.19276354231817,0.0359725416360248,0.239053467798174,-9.90501617315354,rs28665399,FinnGen,post_outlier_removal
-1.14564745052874,-1.19284718508737,0.0359725416360214,0.24885936824823,-9.89789958020735,rs28550224,FinnGen,post_outlier_removal
0.542945707231048,0.537892468953882,0.046579986042561,0.0234137027332886,-5.30199597870732,rs74608334,FinnGen,post_outlier_removal
0.00434783655581692,0.419593412779081,0.0352567321339367,-2.21148494097643,-0.0612285719755152,rs4776840,FinnGen,post_outlier_removal
0.00434783655581692,0.419593412779104,0.0352567321339356,-2.21148494097659,-0.0612285719755052,rs4776841,FinnGen,post_outlier_removal
0.495968642405094,0.0840516828408972,0.0353384731474138,2.19121898786139,-0.82796086662827,rs62005863,FinnGen,post_outlier_removal
0.491936381738221,0.0841671454301729,0.0353384731474147,2.16915490493338,-0.844032092378572,rs62005864,FinnGen,post_outlier_removal
2.52628304947342,2.84842637646547,0.0362706827888342,-1.69149716423636,-17.8134178746164,rs4259997,FinnGen,post_outlier_removal
-0.275748121787414,-0.22835586309362,0.0353792720015542,-0.251960790001816,-3.31231793841304,rs62005865,FinnGen,post_outlier_removal
0.0665363630246564,0.101453470223651,0.186576735141145,-0.0808368741569201,-0.113221009116581,rs142673903,FinnGen,post_outlier_removal
-0.932331120613885,-0.746919344548972,0.0367599702461201,-0.9670518018215,-7.96711880052106,rs10162949,FinnGen,post_outlier_removal
-0.73758946228346,-0.759477794101082,0.0365819482460447,0.114440368694629,-8.14831779553004,rs10162965,FinnGen,post_outlier_removal
1.02797188756107,0.898567193911068,0.0374847579089447,0.66837881158479,-8.77378107114863,rs7496520,FinnGen,post_outlier_removal
0.483871860058755,0.0610225210630642,0.0386271897787242,2.15148884831289,-0.654156348363322,rs62005866,FinnGen,post_outlier_removal
0.303835472320185,-0.43355591854949,0.0388181119816777,3.74266416188149,3.81652380059413,rs28708990,FinnGen,post_outlier_removal
1.2009556587854,1.2371937050252,0.0508999063052058,-0.160622463825378,-9.38443304172678,rs77063694,FinnGen,post_outlier_removal
-3.39556607698646,-3.09142341739664,0.0372967407179041,-1.57485980481395,-23.1129023206692,rs16950284,FinnGen,post_outlier_removal
-0.0735588242735994,-0.000728964459621806,0.0842422784320444,-0.250925282539995,-0.00199330397249814,rs71398285,FinnGen,post_outlier_removal
-1.10124277514938,-1.19493825510501,0.0359725416360236,0.494006972020407,-9.67244977422163,rs111319539,FinnGen,post_outlier_removal
-3.39556607698646,-3.09142341739684,0.0372967407179045,-1.57485980481291,-23.1129023206721,rs8023363,FinnGen,post_outlier_removal
2.6155983891523,0.31791806363127,0.0847442831306294,7.89286001490767,-0.957786912764609,rs553231792,FinnGen,post_outlier_removal
-1.53591730390815,0.663608315379886,0.258806347480396,-4.32356072456244,2.60887652682872,rs117048171,FinnGen,post_outlier_removal
-3.39556607698646,-3.0914234173967,0.0372967407179039,-1.57485980481367,-23.1129023206701,rs4589502,FinnGen,post_outlier_removal
-1.86110007042049,-2.12670615532217,0.0404205601438116,1.32110354053369,-12.3455415755291,rs7495093,FinnGen,post_outlier_removal
-1.09625615186743,-0.966079971493619,0.0355105527014475,-0.690800762689471,-9.08069198785912,rs111846485,FinnGen,post_outlier_removal
1.18420937903133,1.23901177791146,0.0348607774104282,-0.293515496627055,-10.1302586957824,rs79196607,FinnGen,post_outlier_removal
-1.74999130914195,-2.05128966698977,0.0385846824249371,1.533872635412,-11.6591956567772,rs11071923,FinnGen,post_outlier_removal
3.22144624309563,3.29029828856201,0.0357439983028223,-0.364179320675023,-25.6659203224662,rs28400371,FinnGen,post_outlier_removal
3.59498880256369,3.59268046820404,0.0368989846568721,0.012016874017866,-29.0405797804963,rs28532310,FinnGen,post_outlier_removal
-0.262459060197187,-0.228752173203036,0.0353792720015473,-0.179202555641461,-3.27841578945288,rs62005867,FinnGen,post_outlier_removal
-1.42856784836301,-0.958238787733431,0.0380182867587711,-2.41215684090837,-6.80338244181633,rs9652479,FinnGen,post_outlier_removal
-1.42856784836301,-1.14534104357787,0.0358116413951253,-1.49665685580533,-8.83088744916167,rs10851763,FinnGen,post_outlier_removal
-1.42856784836301,-1.14534104357785,0.0358116413951226,-1.49665685580552,-8.83088744916146,rs10851764,FinnGen,post_outlier_removal
0.101123836509474,0.277513443897625,0.064616718816293,-0.693905840674227,-1.23302975606678,rs62005868,FinnGen,post_outlier_removal
3.24676084697681,3.2892745974277,0.0357439983028208,-0.224868101647186,-25.8657372705071,rs11856656,FinnGen,post_outlier_removal
1.18181705295893,1.23904701664331,0.0348607774104325,-0.306517261215376,-10.1191466645994,rs75589635,FinnGen,post_outlier_removal
2.43066434267909,2.13247875570638,0.0591980581232487,1.22555531366464,-11.8762607966468,rs554753298,FinnGen,post_outlier_removal
1.14736754677921,1.08127513086928,0.0414457575304952,0.324647143669051,-9.36949915347964,rs17273380,FinnGen,post_outlier_removal
-1.35338074850267,-1.14852955687093,0.0358116413951247,-1.08249620161525,-9.40524024079179,rs4776843,FinnGen,post_outlier_removal
1.18181705295893,1.23904701664339,0.0348607774104292,-0.306517261215813,-10.1191466645996,rs76888586,FinnGen,post_outlier_removal
-1.20470883572568,-0.962431232002448,0.0355105527014513,-1.28568493063771,-8.41256436675702,rs28639465,FinnGen,post_outlier_removal
0.751880486202408,0.141609045872771,0.201736977944214,1.35872100949384,-1.16702643063616,rs79723899,FinnGen,post_outlier_removal
3.59498880256369,3.61120278402967,0.0358154410011688,-0.0856750804109911,-29.7966399157856,rs56039617,FinnGen,post_outlier_removal
-0.913824420348803,-0.972217633002245,0.0355105527014519,0.309872940817985,-9.06472208118257,rs28428544,FinnGen,post_outlier_removal
3.59498880256369,3.63334951953855,0.0358319863390126,-0.202652177104996,-29.8963841984165,rs112501710,FinnGen,post_outlier_removal
-1.36089946356405,-1.14821070532637,0.0358116413951287,-1.12391229499139,-9.35452121674828,rs4776329,FinnGen,post_outlier_removal
3.24676084697681,3.28927459742774,0.0357439983028195,-0.224868101647407,-25.865737270508,rs3079,FinnGen,post_outlier_removal
-1.20769097432924,-0.944754928215446,0.0368219544595978,-1.37024021586137,-8.16078887252435,rs3080,FinnGen,post_outlier_removal
3.59498880256369,3.63334951953874,0.035831986339011,-0.202652177106019,-29.8963841984184,rs7172591,FinnGen,post_outlier_removal
-0.913824420348803,-0.972217633002349,0.0355105527014501,0.309872940818547,-9.06472208118257,rs78832633,FinnGen,post_outlier_removal
-0.913824420348803,-0.972217633002249,0.0355105527014448,0.309872940818041,-9.06472208118288,rs28767312,FinnGen,post_outlier_removal
-0.913824420348803,-0.972217633002393,0.0355105527014535,0.309872940818766,-9.06472208118238,rs28460333,FinnGen,post_outlier_removal
-2.55381219705873,-2.19352504376389,0.0365948929632627,-1.88338252378681,-14.6956898891916,rs34114503,FinnGen,post_outlier_removal
3.21376428978181,3.29142184236597,0.0356969918775587,-0.411024669886516,-25.6249169745231,rs7163779,FinnGen,post_outlier_removal
3.2074754347698,3.2916675510223,0.0356969918775587,-0.445610705439465,-25.5681733856128,rs28523708,FinnGen,post_outlier_removal
-0.915619745956967,-0.972157231772816,0.0355105527014553,0.300025228962614,-9.07246349283036,rs58356889,FinnGen,post_outlier_removal
-1.09135349467885,-0.911362936087173,0.0629106270478365,-0.717608737218347,-7.86754287642003,rs188503363,FinnGen,post_outlier_removal
-1.42154217338702,-1.42190736422748,0.0473966851159463,0.00167743573986421,-10.2305795372752,rs181000569,FinnGen,post_outlier_removal
3.2074754347698,3.29166755102238,0.03569699187756,-0.44561070543987,-25.5681733856123,rs28376583,FinnGen,post_outlier_removal
-0.915619745956967,-0.97215723177278,0.0355105527014464,0.300025228962456,-9.07246349283079,rs28736409,FinnGen,post_outlier_removal
-0.915619745956967,-0.97215723177263,0.0355105527014448,0.300025228961671,-9.07246349283097,rs28479935,FinnGen,post_outlier_removal
-1.2857122639467,-1.15424718977005,0.0357590888268214,-0.695211854229438,-9.79283286732299,rs12593678,FinnGen,post_outlier_removal
3.57658555970831,3.63594048849909,0.0357816671854638,-0.313780898556583,-29.7852332205609,rs60833948,FinnGen,post_outlier_removal
1.18181705295893,1.23904701664326,0.0348607774104299,-0.306517261215094,-10.1191466645996,rs149923631,FinnGen,post_outlier_removal
-0.917415071522495,-0.972096830544832,0.0355105527014489,0.290177517341204,-9.08005355908138,rs28392612,FinnGen,post_outlier_removal
0.515244813722981,0.537616236815486,0.0424367548286636,-0.10859817538718,-5.39863388308399,rs78925491,FinnGen,post_outlier_removal
-1.35338074850267,-1.15148103652667,0.0357590888268225,-1.06768336769516,-9.43867766312924,rs7167328,FinnGen,post_outlier_removal
3.57658555970831,3.61388893579593,0.0357560519319407,-0.197275593711638,-29.7119221264437,rs28449352,FinnGen,post_outlier_removal
-0.917415071522495,-0.972096830544766,0.0355105527014461,0.290177517340865,-9.08005355908155,rs80076171,FinnGen,post_outlier_removal
3.57658555970831,3.6138889357959,0.035756051931934,-0.197275593711518,-29.7119221264477,rs28631852,FinnGen,post_outlier_removal
-0.387893170150756,-0.315519607691064,0.0532006738151805,-0.313777200596399,-3.5636254237719,rs77147996,FinnGen,post_outlier_removal
-1.33834331507001,-1.15209573693745,0.0357590888268243,-0.98491196198076,-9.53263605030562,rs12439378,FinnGen,post_outlier_removal
-0.970588370746288,-1.14574985211866,0.03710318710738,0.909354041320996,-8.83038532174403,rs4598854,FinnGen,post_outlier_removal
1.18181705295893,1.23904701664332,0.0348607774104324,-0.30651726121542,-10.1191466645994,rs74571600,FinnGen,post_outlier_removal
-2.55381219705873,-2.19352504376387,0.0365948929632632,-1.88338252378693,-14.6956898891912,rs4598855,FinnGen,post_outlier_removal
1.18181705295893,1.23904701664325,0.0348607774104321,-0.306517261215054,-10.1191466645994,rs78847971,FinnGen,post_outlier_removal
1.18181705295893,1.23904701664321,0.0348607774104327,-0.306517261214824,-10.1191466645994,rs2002709,FinnGen,post_outlier_removal
-2.54868422069713,-2.16196570328034,0.0366621805836431,-2.01969514712365,-14.3009899544233,rs4077234,FinnGen,post_outlier_removal
1.18181705295893,1.23904701664336,0.0348607774104337,-0.306517261215643,-10.1191466645993,rs141143150,FinnGen,post_outlier_removal
-0.919210397045301,-0.972036429318249,0.0355105527014454,0.280329805953926,-9.08749220406595,rs111773837,FinnGen,post_outlier_removal
1.18181705295893,1.23904701664325,0.0348607774104334,-0.306517261215006,-10.1191466645993,rs3082978,FinnGen,post_outlier_removal
1.18181705295893,1.23904701664344,0.0348607774104338,-0.306517261216071,-10.1191466645992,rs2002708,FinnGen,post_outlier_removal
1.18181705295893,1.23904701664335,0.0348607774104369,-0.306517261215538,-10.119146664599,rs2002707,FinnGen,post_outlier_removal
1.15107823595066,1.23949979644716,0.0348607774104331,-0.473575952367233,-9.95361605511302,rs2002706,FinnGen,post_outlier_removal
-3.51964032716379,-3.40424599742908,0.0356552961231004,-0.611114298299824,-27.9001432775268,rs2002705,FinnGen,post_outlier_removal
1.18181705295893,1.23904701664323,0.0348607774104328,-0.30651726121493,-10.1191466645994,rs117357560,FinnGen,post_outlier_removal
-2.49996839724364,-2.20429765408591,0.0407043097337223,-1.46550787237821,-14.3772879773991,rs76663010,FinnGen,post_outlier_removal
-1.2857122639467,-1.15424718976997,0.0357590888268224,-0.695211854229853,-9.79283286732232,rs35213957,FinnGen,post_outlier_removal
1.18181705295893,1.23904701664329,0.0348607774104346,-0.306517261215239,-10.1191466645992,rs76366477,FinnGen,post_outlier_removal
1.18181705295893,1.2390470166433,0.0348607774104343,-0.306517261215316,-10.1191466645992,rs75302818,FinnGen,post_outlier_removal
1.18181705295893,1.23904701664326,0.034860777410432,-0.30651726121508,-10.1191466645994,rs78090967,FinnGen,post_outlier_removal
-1.2857122639467,-1.15424718976999,0.0357590888268232,-0.695211854229717,-9.79283286732245,rs12917148,FinnGen,post_outlier_removal
1.18181705295893,1.23904701664335,0.03486077741043,-0.306517261215585,-10.1191466645995,rs76620003,FinnGen,post_outlier_removal
1.18181705295893,1.23904701664336,0.0348607774104358,-0.306517261215629,-10.1191466645991,rs75765526,FinnGen,post_outlier_removal
1.18181705295893,1.23904701664337,0.0348607774104354,-0.306517261215664,-10.1191466645991,rs76451798,FinnGen,post_outlier_removal
1.18181705295893,1.23904701664334,0.0348607774104311,-0.306517261215509,-10.1191466645995,rs117913656,FinnGen,post_outlier_removal
1.18181705295893,1.23904701664322,0.034860777410433,-0.306517261214856,-10.1191466645994,rs74622273,FinnGen,post_outlier_removal
1.18181705295893,1.23904701664319,0.0348607774104313,-0.306517261214744,-10.1191466645995,rs118162704,FinnGen,post_outlier_removal
-0.387893170150756,-0.315519607691025,0.0532006738151823,-0.313777200596563,-3.56362542377166,rs139012513,FinnGen,post_outlier_removal
1.18181705295893,1.23904701664317,0.0348607774104328,-0.306517261214611,-10.1191466645994,rs79362755,FinnGen,post_outlier_removal
-2.60509190699,-2.19018126525697,0.0365948929632596,-2.16892399417227,-14.426903579183,rs34787773,FinnGen,post_outlier_removal
-2.60509190699,-2.19018126525682,0.0365948929632647,-2.16892399417291,-14.4269035791802,rs35024162,FinnGen,post_outlier_removal
1.18181705295893,1.23904701664315,0.034860777410431,-0.30651726121451,-10.1191466645995,rs77866594,FinnGen,post_outlier_removal
3.16739522498786,3.65668362170344,0.0400819859527712,-2.443938657664,-22.2518444935974,rs28473573,FinnGen,post_outlier_removal
-3.47359165199731,-3.48671598304924,0.0364951106243957,0.0687004899639355,-27.9257138056088,rs11637156,FinnGen,post_outlier_removal
-1.31578715673843,-1.15301778788842,0.0357590888268209,-0.86075480836768,-9.65779097349211,rs11632167,FinnGen,post_outlier_removal
1.18181705295893,1.23904701664329,0.0348607774104316,-0.306517261215228,-10.1191466645994,rs75111867,FinnGen,post_outlier_removal
1.18181705295893,1.23904701664315,0.0348607774104309,-0.306517261214483,-10.1191466645996,rs75881888,FinnGen,post_outlier_removal
-3.52751016011005,-3.63797884632171,0.0357816671854637,0.583994696447992,-29.307686251592,rs4776846,FinnGen,post_outlier_removal
-0.929982349280322,-0.971674021988898,0.0355105527014493,0.221243542575772,-9.12894051260652,rs57965922,FinnGen,post_outlier_removal
-0.929982349280322,-0.971674021988859,0.0355105527014438,0.221243542575582,-9.12894051260678,rs59209208,FinnGen,post_outlier_removal
-0.35890486246857,-0.867880220150227,0.122581926127564,1.45372927295283,-2.43045786936418,rs11633646,FinnGen,post_outlier_removal
1.12631506105841,1.08562048933212,0.0414457575304979,0.19989247316636,-9.39293203333388,rs147081017,FinnGen,post_outlier_removal
0.931777674501742,0.828381565439628,0.0393364516108446,0.521322663319192,-8.52068683541987,rs7342666,FinnGen,post_outlier_removal
1.18420937903133,1.23901177791135,0.0348607774104326,-0.293515496626448,-10.1302586957821,rs79093630,FinnGen,post_outlier_removal
-1.2932309887351,-1.26578496493006,0.0383581018213835,-0.140136375883676,-10.2172485037774,rs4776848,FinnGen,post_outlier_removal
-2.97494376421333,-3.10434959481119,0.0430316391461955,0.623820869872178,-20.4575804104209,rs4776849,FinnGen,post_outlier_removal
1.18420937903133,1.23901177791149,0.0348607774104319,-0.293515496627183,-10.1302586957821,rs78466576,FinnGen,post_outlier_removal
1.18420937903133,1.85522373744324,0.115033896360156,-1.97842184286091,-6.25682046255303,rs76340572,FinnGen,post_outlier_removal
-2.96869414789179,-3.33891635366801,0.0408614348406201,1.83149466375623,-20.2634957104068,rs7167149,FinnGen,post_outlier_removal
1.18420937903133,1.23901177791157,0.0348607774104342,-0.29351549662763,-10.1302586957819,rs75184668,FinnGen,post_outlier_removal
1.18420937903133,1.23901177791138,0.034860777410432,-0.293515496626625,-10.1302586957822,rs76203413,FinnGen,post_outlier_removal
3.49070352976576,3.61739203078634,0.0357560519319431,-0.669980893862494,-28.8899922725474,rs28666529,FinnGen,post_outlier_removal
-0.944344949832093,-0.971190812297997,0.0355105527014512,0.142461871390364,-9.17570136949681,rs28535721,FinnGen,post_outlier_removal
0.944344949832093,0.971190812298071,0.0355105527014484,-0.142461871390764,-9.17570136949698,rs10851766,FinnGen,post_outlier_removal
0.944344949832093,0.971190812298007,0.035510552701443,-0.142461871390437,-9.1757013694972,rs8035155,FinnGen,post_outlier_removal
3.61831569475056,3.54915240790472,0.0368467453047914,0.360309786132858,-28.8490405428353,rs28409644,FinnGen,post_outlier_removal
-1.00720717212298,-0.96907590038612,0.0355105527014552,-0.202349704243131,-9.26595704020847,rs28562203,FinnGen,post_outlier_removal
-3.28851288792606,-3.22962852967489,0.0367732339128379,-0.307067627940492,-25.2225801746914,rs2464857,FinnGen,post_outlier_removal
3.32270447731878,3.44526055168821,0.0369273700475093,-0.637764956543093,-26.2815352518174,rs35459100,FinnGen,post_outlier_removal
-0.951526249055259,-0.97094920748833,0.0355105527014495,0.103071041573988,-9.19543280825043,rs28688182,FinnGen,post_outlier_removal
-2.63585968556684,-2.56132983033167,0.0411972123117708,-0.367194665137288,-17.5459269764441,rs2447300,FinnGen,post_outlier_removal
0.0903956961091705,-0.224867387144571,0.150497398781786,0.812659509708988,0.415801466202392,rs12917168,FinnGen,post_outlier_removal
0.265152108718587,0.187695269462975,0.0657197193620792,0.302142571310966,-2.06188397256923,rs4776851,FinnGen,post_outlier_removal
1.19999872864417,1.00756936495998,0.0441735912624858,0.915566702078663,-8.65968248390268,rs17207763,FinnGen,post_outlier_removal
1.18899403088219,1.23894130045209,0.0348607774104322,-0.267511969047949,-10.1517101284535,rs117680277,FinnGen,post_outlier_removal
-0.956912223007679,-0.97076800389635,0.0355105527014537,0.0735279217600797,-9.20863428123429,rs12101808,FinnGen,post_outlier_removal
-0.201987221484521,-0.230555581280794,0.0353792720015489,0.1518835924203,-2.96186188735277,rs62005893,FinnGen,post_outlier_removal
-0.958707547569478,-0.970707602702046,0.0355105527014483,0.0636802156438261,-9.21273056830726,rs28771754,FinnGen,post_outlier_removal
3.11476727047272,3.55212766662755,0.0424090771443373,-2.12378252636972,-20.9134519944176,rs11856585,FinnGen,post_outlier_removal
0.0947178945111481,0.133724503844892,0.0497036746890441,-0.174962087478135,-0.776600644588283,rs192247496,FinnGen,post_outlier_removal
1.19377868233979,1.23887082299842,0.0348607774104326,-0.24150844360559,-10.172129573222,rs140922506,FinnGen,post_outlier_removal
3.62489403464473,3.50840923728851,0.0380150452541703,0.597436143105519,-27.8207462452167,rs34845591,FinnGen,post_outlier_removal
1.19377868233979,1.23887082299867,0.0348607774104333,-0.24150844360691,-10.172129573222,rs151329322,FinnGen,post_outlier_removal
1.19617100792063,1.238835584274,0.0348607774104332,-0.228506681689826,-10.181951674178,rs143466297,FinnGen,post_outlier_removal
-1.2970993177441,-1.06901898393282,0.0390635976351202,-1.15398913781488,-8.80817155610069,rs7162265,FinnGen,post_outlier_removal
1.19617100792063,1.23883558427411,0.0348607774104332,-0.228506681690418,-10.181951674178,rs78854078,FinnGen,post_outlier_removal
-2.72303486102952,-2.51038797497039,0.0422195312163241,-1.03490938183032,-16.7294259469579,rs2470060,FinnGen,post_outlier_removal
-1.09771932788631,-0.90607161189822,0.0629106270478377,-0.76408494166066,-7.81784260566011,rs186740497,FinnGen,post_outlier_removal
-1.54385450608737,-1.70605027200304,0.0413569265187316,0.797563709711818,-11.0364457223487,rs2464859,FinnGen,post_outlier_removal
0.450618148661294,0.570747547650639,0.0465799860425607,-0.556608234797613,-4.78669817721517,rs77688586,FinnGen,post_outlier_removal
1.23143951669183,1.23430816763932,0.0414004532403476,-0.0140985730665721,-9.8672276038141,rs12911573,FinnGen,post_outlier_removal
-2.0239465712707,-0.976192590791783,0.188805126707233,-2.41130656228554,-4.23900937176375,rs117396914,FinnGen,post_outlier_removal
2.41018625875486,2.14728730070236,0.0591980581232476,1.0805257835203,-12.1020937302898,rs552944660,FinnGen,post_outlier_removal
0.702703559219906,0.811782698453102,0.0419956307456497,-0.532279386870793,-7.58946126226109,rs11634276,FinnGen,post_outlier_removal
-0.139535213163041,-0.0329149809361442,0.0749512146832132,-0.389448724981147,-0.189907736327285,rs11634363,FinnGen,post_outlier_removal
-1.72242530311514,-1.46598411123176,0.0381692940846046,-1.31259493083394,-10.4165189233737,rs2615191,FinnGen,post_outlier_removal
1.21515012067432,1.25752884729652,0.0385249160201044,-0.215912135438653,-10.012230764496,rs73480876,FinnGen,post_outlier_removal
0.41239974595709,-0.232003918485007,0.231049084379408,1.34062055990619,1.2193814091992,rs76040993,FinnGen,post_outlier_removal
-0.473685095183157,-0.213240830913852,0.0838946468067122,-0.899182140643867,-2.44347150770367,rs12593557,FinnGen,post_outlier_removal
0.674158188894587,1.03906074051486,0.041707341516501,-1.78677820413392,-6.33424384407802,rs34001763,FinnGen,post_outlier_removal
-1.21752124450171,-1.25724102629282,0.0385249160201035,0.202365280630712,-10.0207655930541,rs2708286,FinnGen,post_outlier_removal
-3.25098892151023,-3.25970056181347,0.0475198812364727,0.0399633845584554,-21.2665980052379,rs17273637,FinnGen,post_outlier_removal
-0.905488197532746,-1.29511743905838,0.0385249160201042,1.9850922449158,-7.02000691633897,rs3101487,FinnGen,post_outlier_removal
-0.710145775145066,-0.516593246044758,0.0403089758112766,-0.964046469996594,-5.77873378222949,rs3865016,FinnGen,post_outlier_removal
-0.717392142736757,-0.569490897300532,0.0399121808801364,-0.740319351148245,-6.43173431670669,rs3852628,FinnGen,post_outlier_removal
-0.710145775145066,-0.570663116841812,0.0399121808801355,-0.698180132201964,-6.44475667939871,rs3852629,FinnGen,post_outlier_removal
0.337749064857579,0.388124361361238,0.0435053437932157,-0.241516225575545,-3.90593085154143,rs2615184,FinnGen,post_outlier_removal
1.20334798406893,1.23872986810913,0.0348607774104331,-0.189501399170031,-10.2098648250451,rs117920584,FinnGen,post_outlier_removal
-0.857143404706728,-0.745695798386024,0.0411789659924569,-0.549203158831235,-7.97363165834747,rs1809318,FinnGen,post_outlier_removal
-1.06134937006277,-0.912202766815019,0.0617900548107686,-0.60000390472118,-7.95635969462859,rs117428747,FinnGen,post_outlier_removal
0.665339538282989,0.431553910707645,0.0524308545303333,1.02099670507482,-4.28978188658285,rs2169461,FinnGen,post_outlier_removal
1.20574030925296,1.23869462939025,0.0348607774104341,-0.176499639409241,-10.2186508304234,rs151050445,FinnGen,post_outlier_removal
-1.51162322977292,-1.23043701331756,0.0431381582103808,-1.35382717904202,-8.93371142784568,rs1809317,FinnGen,post_outlier_removal
1.20574030925296,1.23869462939023,0.0348607774104318,-0.176499639409116,-10.2186508304235,rs118147566,FinnGen,post_outlier_removal
2.74995654641599,3.01356000476483,0.0475520883737387,-1.20883299703976,-17.2109367832615,rs34941176,FinnGen,post_outlier_removal
-0.572414719795766,-0.186365049422963,0.042432579774607,-1.87410305139033,-1.77636783209611,rs2169460,FinnGen,post_outlier_removal
-1.10091686915752,-0.880604590963213,0.0617900548107672,-0.886297269237986,-7.65386024707445,rs118032424,FinnGen,post_outlier_removal
-1.27190143139244,-1.41865695149266,0.0406580228361992,0.727815529857289,-9.93426289450894,rs2708291,FinnGen,post_outlier_removal
-1.86515740666518,-2.11673473903149,0.0418693302848056,1.22948575297039,-12.2817907906694,rs1675997,FinnGen,post_outlier_removal
1.16918325685788,1.14756063349068,0.0462231754216195,0.100572326141707,-9.3862667629811,rs72741031,FinnGen,post_outlier_removal
-0.648855866421297,-0.540178298980421,0.0424746085013366,-0.527321181705244,-5.89600961704831,rs1973147,FinnGen,post_outlier_removal
3.47869488706841,3.48199007129815,0.0445453038507369,-0.0156127259872521,-24.2609411772831,rs44196,FinnGen,post_outlier_removal
0.772037225112991,0.307625740380821,0.0526843373172494,2.02330889262362,-2.41487997646245,rs7179173,FinnGen,post_outlier_removal
-1.93649511345324,-2.54214194083448,0.0725273797317538,2.24889124006894,-8.93609630337999,rs117333759,FinnGen,post_outlier_removal
-0.987477697816984,-0.906032467038185,0.0397323314631754,-0.408595550807787,-8.83758395259532,rs28660295,FinnGen,post_outlier_removal
-0.98926659826647,-0.905752447886659,0.0397323314631768,-0.41897493503776,-8.83352580695431,rs144693551,FinnGen,post_outlier_removal
1.20334798406893,1.23872986810894,0.0348607774104343,-0.18950139916901,-10.2098648250449,rs78877328,FinnGen,post_outlier_removal
-0.99463329934017,-0.904912390475333,0.0397323314631768,-0.450113086132304,-8.82034266693792,rs266330,FinnGen,post_outlier_removal
2.80809297771471,2.91078391687403,0.0405305965027467,-0.510082739661534,-19.7629676459666,rs4147433,FinnGen,post_outlier_removal
1.21291728420608,1.23858891324265,0.0348607774104326,-0.137494363383214,-10.2434513069492,rs904367,FinnGen,post_outlier_removal
3.53251105566021,3.31963724415873,0.0394994924133797,1.07109126825796,-24.9343411553344,rs2035150,FinnGen,post_outlier_removal
2.87856221350784,3.13417178571693,0.0393145136674327,-1.28914170846685,-20.4523289382793,rs4776855,FinnGen,post_outlier_removal
3.59989633102453,3.30954603379005,0.0394994924133773,1.4609202790631,-24.5589494870023,rs12595796,FinnGen,post_outlier_removal
3.6053012426771,3.30873662698351,0.0394994924133737,1.49218810948708,-24.5244450312877,rs1498499,FinnGen,post_outlier_removal
-1.01252229991756,-0.902112199573695,0.0397323314631769,-0.553906905700452,-8.76556710260025,rs266329,FinnGen,post_outlier_removal
1.22487890711949,1.23841271969331,0.0348607774104351,-0.0724855809241018,-10.279585632307,rs76500532,FinnGen,post_outlier_removal
-1.00829871472314,-0.151727060764098,0.174881135903215,-2.04829363616901,-0.81181080728364,rs142163771,FinnGen,post_outlier_removal
-0.483748502171007,0.815438145889774,0.208915283480062,-2.84240816707012,3.08165970239493,rs74547936,FinnGen,post_outlier_removal
1.24235131551433,1.23815535280614,0.0348607774104329,0.0224731052524976,-10.3206669212011,rs74486173,FinnGen,post_outlier_removal
2.92677594650996,2.58697266970928,0.0418054287912776,1.66192423670641,-16.8105889091281,rs266327,FinnGen,post_outlier_removal
0.464896513150667,0.861919046289305,0.0624156815688961,-1.58916245982748,-3.82019861610747,rs117448051,FinnGen,post_outlier_removal
0.844311960997131,0.42849541867333,0.055676843694435,1.76223758296523,-3.5799019043661,rs17208249,FinnGen,post_outlier_removal
-1.09464233462174,-0.889257832834712,0.0397323314631755,-1.03037578545234,-8.31225674619827,rs266325,FinnGen,post_outlier_removal
-0.330827777077545,-0.351245407209631,0.0449097157358764,0.0963463306472861,-3.7538561060555,rs924311,FinnGen,post_outlier_removal
1.24235131551433,1.23815535280624,0.0348607774104354,0.0224731052520032,-10.3206669212011,rs117943001,FinnGen,post_outlier_removal
0.331379009419374,-0.44012991452012,0.0439718441600401,3.67920184026822,3.89362136262525,rs28501224,FinnGen,post_outlier_removal
2.35997403329124,2.17517632198998,0.0407356979161501,0.915606796030063,-14.7015249960699,rs8039656,FinnGen,post_outlier_removal
1.24235131551433,0.929085764908018,0.114039400080227,0.927652195424105,-6.18347481639881,rs76297433,FinnGen,post_outlier_removal
3.53771702859623,3.22025476175536,0.060231408514229,1.29354220546211,-17.9762112683118,rs79829875,FinnGen,post_outlier_removal
0.692029853820901,0.518099461085369,0.0463838108339065,0.807592476049387,-5.44431270086873,rs112446172,FinnGen,post_outlier_removal
-0.479225265643157,-0.940491980694456,0.0957998340611559,1.49028640168485,-3.28032945924746,rs75535110,FinnGen,post_outlier_removal
-0.092307912679981,-0.300601391139726,0.0533995728003251,0.901377641625964,-1.38436463783232,rs4996334,FinnGen,post_outlier_removal
-0.689923351126756,-0.809894021046419,0.0406186138329056,0.595267997375062,-7.57916366744444,rs2017281,FinnGen,post_outlier_removal
2.94506753449467,2.65469618479797,0.0390089920850365,1.47018300700807,-18.3487613038227,rs266280,FinnGen,post_outlier_removal
2.56406814686925,2.48355343514295,0.0389752735560711,0.407831396345349,-17.4917382755122,rs266281,FinnGen,post_outlier_removal
-0.112820781021343,-0.273556964562238,0.0503776638470532,0.716134572223003,-1.65121124632905,rs744750,FinnGen,post_outlier_removal
2.26710068879071,2.09739030052937,0.0400271293704436,0.848264329100302,-14.3469440565672,rs5813413,FinnGen,post_outlier_removal
-2.90848434437723,-2.81009182768662,0.0391188156796641,-0.497472662544513,-20.2170101598978,rs12438505,FinnGen,post_outlier_removal
2.32234385369932,2.25893128878466,0.0406639491424737,0.314463716717909,-15.4396397687958,rs898889,FinnGen,post_outlier_removal
-0.697675280822068,-0.898910712963415,0.0410003157561454,0.993827134195319,-7.44455032237877,rs1075961,FinnGen,post_outlier_removal
-0.604736807040676,-0.854101186639506,0.0478475655268889,1.13999906184087,-6.12036704149124,rs904365,FinnGen,post_outlier_removal
-2.89628993513905,-2.83164582114886,0.0388329357035308,-0.328041565317178,-20.462280283088,rs733664,FinnGen,post_outlier_removal
0.690346953857879,0.518688716982514,0.0463838108339047,0.797042416636425,-5.45161015817498,rs77262736,FinnGen,post_outlier_removal
0.528646750512238,1.2486681520729,0.0348607774104332,-3.85635380165442,-4.73049652639188,rs141894543,FinnGen,post_outlier_removal
0.784195255923159,0.648238147784785,0.0575154034497501,0.566904406991608,-6.08748691354925,rs62005896,FinnGen,post_outlier_removal
-2.89019272818488,-2.82623026062051,0.038701330445984,-0.325133906532036,-20.4556346386527,rs8040468,FinnGen,post_outlier_removal
-0.612728194194559,-0.460540965271885,0.0458176043727452,-0.710987590064038,-4.91666536936274,rs266355,FinnGen,post_outlier_removal
-0.672795004354852,-0.182697430924976,0.0522957648312792,-2.14313383460607,-1.38196310288421,rs266357,FinnGen,post_outlier_removal
-2.49355841405606,-2.61559557003289,0.0399854148446663,0.610297055995673,-17.3184498013095,rs266359,FinnGen,post_outlier_removal
-2.49996839724364,-2.61454498531484,0.0399854148446654,0.57298741376081,-17.3734816773821,rs266360,FinnGen,post_outlier_removal
-2.85449632188402,-2.7992747425804,0.039603215681207,-0.277487610759257,-19.9087234159391,rs17208550,FinnGen,post_outlier_removal
-2.86661684671892,-2.82921310436399,0.0387013304459831,-0.190130639636978,-20.4171755078645,rs17208578,FinnGen,post_outlier_removal
2.22873687910683,2.35524366010627,0.0402785648213898,-0.630342821427859,-15.2930703735001,rs7171625,FinnGen,post_outlier_removal
-0.124050927014283,-0.142007112674338,0.0595023141579735,0.0736117527784479,-0.898392944187867,rs16950350,FinnGen,post_outlier_removal
-0.114846211263575,-0.11039791356918,0.0838530072294151,-0.0153615317474189,-0.467699203437079,rs8032377,FinnGen,post_outlier_removal
-0.217290218131207,0.004247262707524,0.0937595638406993,-0.723501479800999,0.0301123901047682,rs117453093,FinnGen,post_outlier_removal
-4.03654859137321,-3.02996351987932,0.0968469974282656,-3.23450185684238,-11.7365730456745,rs1965269,FinnGen,post_outlier_removal
-2.54721043203604,-1.52494657950763,0.149069512858578,-2.64769885850131,-5.98294313737942,rs113412670,FinnGen,post_outlier_removal
-0.0738009147430781,0.157549116627598,0.0574347078867043,-0.965344561965794,0.617820833648445,rs201551002,FinnGen,post_outlier_removal
-0.0738009147430781,-0.134733211566788,0.0582322985471546,0.252502441964823,-0.525088020189488,rs200509060,FinnGen,post_outlier_removal
-1.84798925347875,-1.78884565776885,0.144780469032379,-0.155436402028743,-8.96951744426351,rs1964535,FinnGen,post_outlier_removal
1.58709096979425,0.0204498719273811,0.103135907717792,4.87825577813035,-0.128197071894924,rs11632271,FinnGen,post_outlier_removal
1.56488003681251,1.40868556150241,0.0481704212214584,0.711664736204087,-10.0363278443422,rs266363,FinnGen,post_outlier_removal
0.326241836693392,0.127115628833944,0.182283793203715,0.466395546148679,-0.687514239171925,rs62005898,FinnGen,post_outlier_removal
-0.124223896984598,-0.287328666142402,0.0502346128111457,0.727721373131212,-1.85173775682806,rs266364,FinnGen,post_outlier_removal
2.5144605276696,2.22570853572183,0.0485769895162373,1.31011581908566,-13.4227551633536,rs447287,FinnGen,post_outlier_removal
1.94324942094843,1.83214343433158,0.0406764686320993,0.5508912053192,-12.7451759272275,rs266365,FinnGen,post_outlier_removal
1.94324942094843,1.83214343433159,0.0406764686321001,0.550891205319171,-12.7451759272275,rs266366,FinnGen,post_outlier_removal
1.89241851672884,1.72715404522955,0.0660659794623957,0.642969778278298,-10.3333155712066,rs8023872,FinnGen,post_outlier_removal
0.445455405220269,0.653691804487921,0.0575613598080023,-0.867942836395345,-4.30311846835765,rs35515716,FinnGen,post_outlier_removal
0.17741976859638,0.197871567538465,0.0472264794501585,-0.0941106403995482,-2.05223814667824,rs266367,FinnGen,post_outlier_removal
-2.18672707515726,-1.89626180342852,0.0433725358680602,-1.39471929075885,-12.0722867616335,rs28589508,FinnGen,post_outlier_removal
0.246073855066953,0.144851165430419,0.0482547079172271,0.460795285813144,-1.99201171029014,rs391971,FinnGen,post_outlier_removal
0.653544208603126,0.703853403262128,0.047569138240014,-0.230666604850997,-6.57448339324403,rs7168889,FinnGen,post_outlier_removal
-0.753795050167725,-1.17809127629395,0.299213529699841,0.775672786965777,-3.52510599335148,rs71409159,FinnGen,post_outlier_removal
-0.390836376847623,-0.536341912059346,0.222989131954061,0.308132612616135,-2.41187302564378,rs113871231,FinnGen,post_outlier_removal
0.0944884144616416,0.858944812298618,0.0464873714238442,-3.54556314665713,-0.733660594055006,rs4776331,FinnGen,post_outlier_removal
-0.138889216865955,0.263487427674667,0.0464646663866613,-1.86668635558947,2.05694375785053,rs266368,FinnGen,post_outlier_removal
-0.847640059538257,0.224005654791929,0.095635652027526,-3.46530384067754,1.36603579107444,rs62005928,FinnGen,post_outlier_removal
-0.0833335325968282,0.243904232262225,0.0464646663866623,-1.51810568278229,1.23121948459802,rs266369,FinnGen,post_outlier_removal
0.244792220775962,0.411002730074484,0.0569579263205815,-0.696436293543526,-3.04062620950528,rs412588,FinnGen,post_outlier_removal
-1.37356028583652,-1.74602655568483,0.0430720517609036,1.79468887030482,-8.89160383424677,rs57849863,FinnGen,post_outlier_removal
-2.13251190383202,-1.89155989855251,0.0414078422110968,-1.18410235571448,-12.5484698168429,rs17208967,FinnGen,post_outlier_removal
-1.14384663763022,-1.26125929860634,0.293108738391047,0.216870533431958,-4.71638476299387,rs542897052,FinnGen,post_outlier_removal
1.70991574318984,1.65953714877975,0.0414510223157991,0.24744485218151,-11.7631001156368,rs266371,FinnGen,post_outlier_removal
1.57251350728499,1.68791884535877,0.0414510223157978,-0.566837109193067,-11.2939682744576,rs266372,FinnGen,post_outlier_removal
1.69999226355136,1.82401006077069,0.0462601447365856,-0.576607808816633,-11.4688285499509,rs266373,FinnGen,post_outlier_removal
0.579607366843931,-0.643492603799219,0.236621941202992,2.51440047059811,3.20067531814969,rs142875616,FinnGen,post_outlier_removal
1.67174850062064,1.4123567719182,0.0450603080249103,1.22196578378835,-9.73063788123201,rs266374,FinnGen,post_outlier_removal
-0.993150717577985,-0.365634458477027,0.0561236717350447,-2.64881693926349,-2.73990034520794,rs17274866,FinnGen,post_outlier_removal
0.195454998106941,0.229256778646412,0.0548132056067797,-0.144376655474522,-2.20525585653603,rs79689375,FinnGen,post_outlier_removal
2.61768463082294,2.15082007500202,0.139555196314432,1.24973489896581,-8.94584659085047,rs17209135,FinnGen,post_outlier_removal
0.382883669664437,0.117641776362637,0.0548132056067792,1.13292071705886,-1.79190795091848,rs79869818,FinnGen,post_outlier_removal
-1.75448223831394,-1.24029069081352,0.0709352504415772,-1.93060701571591,-7.12396990674512,rs266376,FinnGen,post_outlier_removal
0.973958453887188,0.968713563604447,0.0544916829439728,0.0224683560365227,-8.46920254764999,rs266377,FinnGen,post_outlier_removal
0.808290830145917,0.878495870278256,0.0544887388652129,-0.300756424946189,-7.59120140056411,rs266378,FinnGen,post_outlier_removal
1.23076770516369,1.24972722292187,0.0427874037785728,-0.0916577767863336,-9.8139835017035,rs56331943,FinnGen,post_outlier_removal
1.21977878688878,1.22455173062937,0.044636920152355,-0.0225911950111312,-9.66761822104265,rs74019841,FinnGen,post_outlier_removal
1.34945969773604,1.27850599426998,0.0410330833187799,0.350274073159526,-10.0996651664456,rs16950373,FinnGen,post_outlier_removal
1.34408341114625,1.27043278849861,0.0430681842599357,0.354893578748747,-9.95036727268443,rs16950375,FinnGen,post_outlier_removal
-0.0925928136332979,-0.982979416693232,0.140304735633084,2.37707263253036,-0.440426469299968,rs8182030,FinnGen,post_outlier_removal
1.34408341114625,1.27043278849859,0.0430681842599365,0.354893578748832,-9.9503672726843,rs74019842,FinnGen,post_outlier_removal
0.97267772186287,1.17337688933506,0.0412602695305087,-0.988051406345688,-8.57755524163433,rs7163945,FinnGen,post_outlier_removal
2.4272969901773,1.78539067054299,0.118402360168794,1.86548375575405,-7.59871010826994,rs72741047,FinnGen,post_outlier_removal
0.951087175074136,1.17771673518238,0.0412602695305094,-1.11570794440632,-8.35310563111741,rs58069103,FinnGen,post_outlier_removal
0.951087175074136,1.17771673518237,0.0412602695305095,-1.11570794440629,-8.35310563111744,rs61317848,FinnGen,post_outlier_removal
1.11475344697129,1.02183325502013,0.0630682176352695,0.370002637160172,-8.45907106015158,rs56166115,FinnGen,post_outlier_removal
-0.626437698068921,0.38486796624829,0.129106185825636,-2.81454965006435,3.11769124200466,rs266379,FinnGen,post_outlier_removal
-0.255319723638663,0.589358613081808,0.146881577874696,-2.20398021431313,2.27110245716985,rs16950378,FinnGen,post_outlier_removal
0.798450309292537,1.44784014023526,0.0897170413784881,-2.16804360075658,-5.09811126273459,rs266380,FinnGen,post_outlier_removal
1.46428168030055,1.11765124909355,0.0479033605273707,1.58373931121806,-7.96323957626971,rs12439732,FinnGen,post_outlier_removal
-1.80151697699911,-2.10373157210621,0.0677011277051086,1.16149536975301,-10.0497533198435,rs17209331,FinnGen,post_outlier_removal
-1.1162784083422,-0.483961340125581,0.0570221368520272,-2.64797061228883,-3.80136703911564,rs7181907,FinnGen,post_outlier_removal
0.850649916779324,1.28261885129632,0.0838044284815095,-1.49217249647847,-6.18007966823928,rs7182253,FinnGen,post_outlier_removal
-0.460094770048116,-0.0586741960718229,0.0378738563687675,-2.06267052966633,-0.701755279071683,rs7183187,FinnGen,post_outlier_removal
1.17968638746842,1.26749644428427,0.0401609317001057,-0.438169726387963,-9.7519336967009,rs6494619,FinnGen,post_outlier_removal
-0.0853891984150014,0.0911769916139196,0.147530786426983,-0.459691228690667,0.164932630052883,rs150097461,FinnGen,post_outlier_removal
-0.50746359381277,-0.272531926389026,0.0384161836444243,-1.19862809127713,-3.26634265405151,rs4334248,FinnGen,post_outlier_removal
-0.514926284261774,-0.266605077900827,0.0392939968667329,-1.25271046741913,-3.14244352046759,rs4600427,FinnGen,post_outlier_removal
-1.08108064184256,-1.3160510962471,0.0388790460633422,1.19166849157595,-8.81383854567824,rs89625,FinnGen,post_outlier_removal
-0.552239730172111,-0.45067661103331,0.0372888827732036,-0.525952282797768,-5.27793748138197,rs8032542,FinnGen,post_outlier_removal
-0.552239730172111,-0.43473799121995,0.0373108616634364,-0.608312379272078,-5.11856252068982,rs34063069,FinnGen,post_outlier_removal
-0.833333946450257,-0.599735791023948,0.0390119074625023,-1.18268970502589,-6.63644084925509,rs73482548,FinnGen,post_outlier_removal
-1.17508309756445,-1.61161017647446,0.116360064545054,1.27970307216402,-7.16208312770262,rs75478054,FinnGen,post_outlier_removal
-0.836539066232769,-0.713174872471681,0.0449411285268786,-0.581925164247285,-7.47540131578563,rs16950392,FinnGen,post_outlier_removal
-0.514926284261774,-0.453863453979992,0.037288882773198,-0.316218478253967,-5.23323688979478,rs1903641,FinnGen,post_outlier_removal
0.955801303919492,0.95966559653112,0.0515902831301525,-0.0170132016266681,-8.52831587020583,rs62005929,FinnGen,post_outlier_removal
-0.50746359381277,-0.467696131540918,0.0382626879427789,-0.203301292551575,-5.24696522152049,rs2219665,FinnGen,post_outlier_removal
-0.452831055456465,-0.423108569945432,0.0375210200552726,-0.153443256071292,-4.80883500492427,rs61623247,FinnGen,post_outlier_removal
-0.845659744032614,-0.598064890101417,0.0390119074625064,-1.25355392566093,-6.56414053693635,rs59188128,FinnGen,post_outlier_removal
-0.845659744032614,-0.598064890101411,0.0390119074625006,-1.25355392566106,-6.5641405369366,rs73484577,FinnGen,post_outlier_removal
0.0342106085943395,1.40706543149821,0.169111606496528,-3.33839642135093,-0.122689468604527,rs113941374,FinnGen,post_outlier_removal
-1.17322728295016,-1.16742967236156,0.0391382517639302,-0.029305445655579,-9.76139191303951,rs266387,FinnGen,post_outlier_removal
-1.46511223421315,-1.51229474160746,0.038031750235952,0.241940102609785,-11.1409978060763,rs266388,FinnGen,post_outlier_removal
-1.44960855877919,-1.59926197564294,0.0382800760970714,0.764892215135046,-10.8831922647565,rs4776858,FinnGen,post_outlier_removal
1.24147565471276,0.763157490851455,0.0938389735506459,1.56143981409839,-5.22421595560761,rs76150144,FinnGen,post_outlier_removal
-0.353774330137502,-0.27199689239469,0.0359224061914121,-0.431470183501831,-3.67529840958836,rs7175102,FinnGen,post_outlier_removal
-1.02762417079742,-1.17206524820277,0.0401097271630297,0.721216851007915,-9.06117869582426,rs266389,FinnGen,post_outlier_removal
-0.500000902955464,-0.455138191409898,0.0372888827731982,-0.232324939899123,-5.19765476195132,rs8035972,FinnGen,post_outlier_removal
-0.405661193401172,-0.269629197959543,0.0359224061914091,-0.717725471173514,-3.61465795523891,rs57120336,FinnGen,post_outlier_removal
-0.864286240823635,-0.563319661999443,0.120161115648172,-0.86823301399558,-3.88361339004542,rs147205510,FinnGen,post_outlier_removal
-1.48061590455932,-1.54095159014785,0.0388638769292535,0.30605620642368,-11.1414370442385,rs266390,FinnGen,post_outlier_removal
-0.522388974296472,-0.63718226255445,0.0384865043436998,0.585143335611174,-6.00241578075001,rs8036050,FinnGen,post_outlier_removal
-0.405661193401172,-0.26962919795959,0.0359224061914063,-0.717725471173293,-3.61465795523945,rs7176279,FinnGen,post_outlier_removal
-1.92090144243278,0.403316008126446,0.337717086195122,-3.99944971547049,1.05924105321868,rs187707663,FinnGen,post_outlier_removal
-0.522388974296472,-0.637182262554383,0.0384865043437025,0.585143335610808,-6.00241578074972,rs8036529,FinnGen,post_outlier_removal
-0.522388974296472,-0.637182262554359,0.0384865043437026,0.585143335610685,-6.0024157807497,rs35799444,FinnGen,post_outlier_removal
-0.405661193401172,-0.249388348111866,0.0358576047728163,-0.825263963749425,-3.41066954345824,rs7171372,FinnGen,post_outlier_removal
-0.405661193401172,-0.249388348111958,0.0358576047728107,-0.825263963748999,-3.41066954345933,rs7171550,FinnGen,post_outlier_removal
-0.405661193401172,-0.249388348111852,0.0358576047728126,-0.825263963749537,-3.41066954345818,rs7170713,FinnGen,post_outlier_removal
-0.400944206453423,-0.269844442879846,0.0359224061914015,-0.691702266633051,-3.62473285211473,rs7170609,FinnGen,post_outlier_removal
-0.400944206453423,-0.269844442879942,0.0359224061914123,-0.691702266632442,-3.62473285211535,rs7171005,FinnGen,post_outlier_removal
-1.51734539949387,-1.5078483384794,0.0766751290625867,-0.0342974609522292,-9.44366369784941,rs144663796,FinnGen,post_outlier_removal
0.888889338094937,0.905463663944645,0.0417977767176771,-0.0810698336645418,-8.68581229213865,rs12442154,FinnGen,post_outlier_removal
-1.55468219529873,-1.56226556242929,0.037688240971426,0.0390624202296681,-11.5634109498459,rs266300,FinnGen,post_outlier_removal
-1.27374110778956,-0.97500613170557,0.0509728260987872,-1.32317326286814,-7.82592162789966,rs266299,FinnGen,post_outlier_removal
-1.53124504193904,-1.51505476955523,0.0380605160798182,-0.0829882905831863,-11.3456053116828,rs266298,FinnGen,post_outlier_removal
-0.585186111721623,-0.560234160624667,0.0392322523131134,-0.12597457150209,-6.11531370722005,rs904368,FinnGen,post_outlier_removal
-1.33858012507934,-1.37204718911078,0.0377010478660723,0.172361753642645,-10.5790917390923,rs266297,FinnGen,post_outlier_removal
0.316364321887991,0.64228422311335,0.0508936453128781,-1.444704749808,-3.05653277903048,rs56183531,FinnGen,post_outlier_removal
0.268116541211635,0.178517634303063,0.0369790793767713,0.465934280157341,-2.83825012797584,rs74612339,FinnGen,post_outlier_removal
0.00193424063418646,0.13727647991357,0.131333648533405,-0.373461083647272,-0.00630773333946516,rs117706496,FinnGen,post_outlier_removal
1.48437069894992,1.53806429453391,0.0383539466945271,-0.274168437663823,-11.2057836957452,rs7162079,FinnGen,post_outlier_removal
0.242754173265201,0.180455055001733,0.0369790793767719,0.323969296323507,-2.76929003335712,rs8028858,FinnGen,post_outlier_removal
0.87500049380285,0.914394034782953,0.0416843803556992,-0.192947139815825,-8.65637478945648,rs7167217,FinnGen,post_outlier_removal
-0.196552179127722,-0.464084796024732,0.0398403792667237,1.34034008364565,-2.49761564686022,rs7167321,FinnGen,post_outlier_removal
-1.13736183331975,-1.13970083447137,0.0417640179784011,0.0114453558144845,-9.51861723564164,rs266296,FinnGen,post_outlier_removal
1.41860119286322,1.36283690718806,0.0389199128788863,0.28266381337369,-10.5992773457353,rs11854336,FinnGen,post_outlier_removal
-1.24725107854405,-1.01343553779731,0.0408950294208644,-1.15621370004044,-8.52269902343467,rs28430685,FinnGen,post_outlier_removal
0.956521935053563,0.943606557166581,0.0407120036543466,0.0640097128821846,-8.93613193959144,rs6494620,FinnGen,post_outlier_removal
0.10194199048576,-0.132654031730025,0.0358996863769276,1.23815585791794,1.12693620570454,rs7174602,FinnGen,post_outlier_removal
0.0724639416840272,0.0596285702962565,0.0371063469788085,0.0666322285496745,-0.361507504248245,rs7179528,FinnGen,post_outlier_removal
0.0434783653622448,-0.130024891118104,0.0358996863769194,0.915719164161317,0.480873545676794,rs16950408,FinnGen,post_outlier_removal
0.00483092950641167,-0.128286895177084,0.0358996863769325,0.702572076322543,0.0529544474638405,rs74019848,FinnGen,post_outlier_removal
0.00483092950641167,-0.128286895177265,0.0358996863769231,0.702572076323588,0.0529544474639241,rs74019849,FinnGen,post_outlier_removal
0.00483092950641167,-0.128286895177168,0.0358996863769175,0.702572076323132,0.0529544474638946,rs73484602,FinnGen,post_outlier_removal
0.00483092950641167,-0.128286895177211,0.0358996863769214,0.70257207632332,0.0529544474639056,rs138629168,FinnGen,post_outlier_removal
0.00483092950641167,-0.128286895177168,0.0358996863769252,0.702572076323057,0.0529544474638837,rs16950414,FinnGen,post_outlier_removal
0.00483092950641167,-0.128286895177027,0.0358996863769195,0.702572076322366,0.0529544474638364,rs74019850,FinnGen,post_outlier_removal
0.956521935053563,1.23107974472528,0.0409802645369924,-1.35627083466301,-8.04637209881425,rs266294,FinnGen,post_outlier_removal
0.00483092950641167,-0.128286895177067,0.0358996863769248,0.702572076322528,0.0529544474638447,rs7181316,FinnGen,post_outlier_removal
0.00483092950641167,-0.128286895177141,0.0358996863769365,0.702572076322805,0.0529544474638566,rs7180864,FinnGen,post_outlier_removal
1.37984195780837,1.38975797140093,0.0390931175749138,-0.0501518503097302,-10.6207325849887,rs11855555,FinnGen,post_outlier_removal
-1.52524765393408,-1.37349431346666,0.141898437341426,-0.402855644803504,-7.93388731125439,rs142950680,FinnGen,post_outlier_removal
0.0096618590111945,-0.128504144671053,0.0358996863769264,0.729215462429863,0.106063888970359,rs7163856,FinnGen,post_outlier_removal
1.48437069894992,1.4297594255755,0.0381586552967938,0.279566913793449,-10.9643133809223,rs1020887,FinnGen,post_outlier_removal
0.978260970866365,1.01302957186448,0.0404782564254469,-0.172812963365561,-9.07966369967554,rs266293,FinnGen,post_outlier_removal
-0.213270632352191,-0.118984770177172,0.0386780555457596,-0.479417916689447,-1.80863813931067,rs7169592,FinnGen,post_outlier_removal
-0.723881426685477,-0.657261717958776,0.0417469677959982,-0.326054547039759,-7.11471723926462,rs1546217,FinnGen,post_outlier_removal
-0.199052593005203,-0.120774017976374,0.0386780555457696,-0.398025223464293,-1.74363395368172,rs7170078,FinnGen,post_outlier_removal
0.250000564347547,0.279986974854384,0.0362894720161342,-0.157410666318364,-3.42434506611445,rs7169633,FinnGen,post_outlier_removal
-0.208531285970352,-0.119581186101037,0.0386780555457618,-0.452287019336001,-1.78818276045406,rs7170443,FinnGen,post_outlier_removal
1.12568233596542,1.13892776269482,0.0406309298131286,-0.0657109239956745,-9.5472589906296,rs266291,FinnGen,post_outlier_removal
1.18897519367095,1.03660674073445,0.0416179692873924,0.746886509771534,-9.00732791873345,rs12908113,FinnGen,post_outlier_removal
0.289855711762927,0.301260171890387,0.0360976346984165,-0.0600254408453015,-3.68181212501955,rs10674024,FinnGen,post_outlier_removal
-0.544777041854683,-0.72237871069606,0.0393857107394154,0.894906574835169,-6.17861125348136,rs3803519,FinnGen,post_outlier_removal
-1.10928900175169,-0.968018698402529,0.0403276125539018,-0.703476544629899,-8.86685006464493,rs266288,FinnGen,post_outlier_removal
-1.18110123883952,-1.2271128402267,0.0398088658365246,0.230609633935634,-9.80771696914361,rs266287,FinnGen,post_outlier_removal
0.275362931606129,0.301995425848927,0.0360976346984167,-0.140175614616308,-3.61759782395881,rs1381545,FinnGen,post_outlier_removal
0.264493345937769,0.302546866345722,0.0360976346984168,-0.200288247990199,-3.56260147631048,rs2899721,FinnGen,post_outlier_removal
-0.589553164974241,-0.715821606860085,0.0393857107394161,0.636246604972821,-6.68934592871256,rs6494621,FinnGen,post_outlier_removal
0.271739736434651,0.302179239345339,0.0360976346984181,-0.160213158790955,-3.59992575101379,rs74019851,FinnGen,post_outlier_removal
0.275362931606129,0.301995425848889,0.0360976346984157,-0.140175614616112,-3.61759782395875,rs74019852,FinnGen,post_outlier_removal
0.278986126725383,0.3018116123553,0.0360976346984139,-0.120138070731198,-3.63461732156486,rs56368938,FinnGen,post_outlier_removal
0.939560704766477,0.765840932936806,0.0517470652706992,0.763671156686973,-7.45057580701261,rs62005930,FinnGen,post_outlier_removal
-0.544777041854683,-0.752559787323976,0.0416833775996429,1.01771934349042,-5.97042095211866,rs56086449,FinnGen,post_outlier_removal
0.327338833233206,0.29935856204478,0.0360976346984221,0.147269409887471,-3.80155272406325,rs36021730,FinnGen,post_outlier_removal
0.327338833233206,0.2993585620447,0.0360976346984186,0.1472694098879,-3.80155272406296,rs12593018,FinnGen,post_outlier_removal
-1.16406150484953,-1.33091794190841,0.0426588960225773,0.807863821656029,-9.34909540740943,rs374101,FinnGen,post_outlier_removal
0.0774301688501072,0.113690870582367,0.05585561296418,-0.15342735333731,-0.486521615406549,rs535699795,FinnGen,post_outlier_removal
0.338130217492929,0.298811088895471,0.0360976346984203,0.206949561955378,-3.82405684229714,rs35475106,FinnGen,post_outlier_removal
0.341727345453982,0.298628597852002,0.0360976346984195,0.226842945284191,-3.8303979198917,rs12593057,FinnGen,post_outlier_removal
0.348921601183769,0.298263615774962,0.0360976346984141,0.266629710877498,-3.84135546641329,rs74019853,FinnGen,post_outlier_removal
0.352518728951159,0.298081124741469,0.0360976346984131,0.286523093134493,-3.8459770216963,rs74019854,FinnGen,post_outlier_removal
0.136929784109108,0.348070542213456,0.102233237857497,-0.660352792500855,-1.31977633389712,rs62005932,FinnGen,post_outlier_removal
-1.28648445735184,-0.977002607902265,0.0406693561366961,-1.53462240717717,-7.85448268289366,rs383880,FinnGen,post_outlier_removal
0.377698621440057,0.296803687601875,0.036097634698419,0.425776758524184,-3.86255646362942,rs11855258,FinnGen,post_outlier_removal
0.384892875811516,0.494568440588314,0.0398445715948789,-0.549446357535446,-4.48432346062123,rs11855908,FinnGen,post_outlier_removal
0.987500059072885,1.04175433287836,0.0448718419131746,-0.25612207186894,-8.94448423834816,rs11855926,FinnGen,post_outlier_removal
-1.29188981087709,-1.15101851263605,0.0408881819630999,-0.696664397238011,-9.47699833693017,rs67047327,FinnGen,post_outlier_removal
0.35333407790263,0.544686245555055,0.0895737819399132,-0.639356273209339,-3.28775956147481,rs12593854,FinnGen,post_outlier_removal
1.39062187310034,1.78832651631456,0.121418971444255,-1.14134617215705,-7.84741412953905,rs12438061,FinnGen,post_outlier_removal
1.02868054421871,-0.374696793042124,0.137660038392416,3.78242665853378,2.05868090962505,rs17275834,FinnGen,post_outlier_removal
-1.25547271064258,0.345157651150304,0.129641819458495,-4.44547827157251,1.52860325935497,rs365540,FinnGen,post_outlier_removal
1.23118126656234,0.777029010013072,0.0661182771093965,1.76620338285926,-6.01324226921461,rs141382556,FinnGen,post_outlier_removal
0.37073247730387,-1.20448303614955,0.150831797460155,4.05595872692119,1.63519459790635,rs150164035,FinnGen,post_outlier_removal
0.683099468856788,0.503373031595469,0.0491084767451691,0.811024051399174,-5.15475041715479,rs12906744,FinnGen,post_outlier_removal
0.671875887495894,0.690785637129905,0.0469981449494477,-0.0872258922503051,-6.67880951252415,rs2013609,FinnGen,post_outlier_removal
1.02648993354192,1.14534385319129,0.0464661835667786,-0.551372379693693,-8.92500404030956,rs10518702,FinnGen,post_outlier_removal
0.656250899648155,0.882466257395185,0.0472913343032228,-1.04023461664482,-6.69441555467033,rs444141,FinnGen,post_outlier_removal
0.710145775145066,0.510486832464956,0.0470844004352442,0.920132232945174,-5.30504433313252,rs28522133,FinnGen,post_outlier_removal
0.741866312955337,-0.0751464997200464,0.0795265494244679,2.89716211654422,0.47400319210979,rs62005934,FinnGen,post_outlier_removal
1,1.41607977521123,0.0467346387107761,-1.92467391909566,-7.11069876757305,rs12595246,FinnGen,post_outlier_removal
-0.00662253250183977,-0.225776590392034,0.0533657557916334,0.948676590933432,-0.0830052788284696,rs445596,FinnGen,post_outlier_removal
-1.36423558181182,-1.68285937929451,0.14355039355467,0.840961309885432,-7.75890634492489,rs12595715,FinnGen,post_outlier_removal
-0.538768316349854,-0.81863711478616,0.125854039316806,0.788898088542242,-3.73912263468811,rs570222756,FinnGen,post_outlier_removal
0.728395885074232,0.627850695397261,0.0895917112068316,0.335913441110158,-4.74742200399867,rs66717113,FinnGen,post_outlier_removal
0.455224749573533,0.274006812837039,0.0421485503137638,0.882693361777607,-3.40631923491255,rs443567,FinnGen,post_outlier_removal
1.64285042208482,1.40557049067515,0.0494511522471263,1.06702059114647,-9.63032638565536,rs412689,FinnGen,post_outlier_removal
0.0833335325968282,-0.27555594562096,0.0533657557916335,1.55356487575566,1.19450070170394,rs412705,FinnGen,post_outlier_removal
0.447762056026237,0.282623534338432,0.0424112523472397,0.801877160983312,-3.5049349995941,rs371302,FinnGen,post_outlier_removal
1.18542930685838,0.934668497005846,0.0455757978006842,1.17460683569448,-8.07492670778058,rs4776859,FinnGen,post_outlier_removal
1.17187394667564,0.952965655175137,0.0443910306072406,1.03899772707773,-8.34289954115104,rs371606,FinnGen,post_outlier_removal
-0.455556424833845,-0.593856461861767,0.0824829636139103,0.48154864815033,-3.90276020355502,rs78961746,FinnGen,post_outlier_removal
0.286765339595899,0.231425206268651,0.0412461773301422,0.27248860704885,-3.19118509812811,rs371966,FinnGen,post_outlier_removal
0.235294652841066,0.207972837346303,0.0422062298062995,0.132990700802343,-2.77708916367152,rs372334,FinnGen,post_outlier_removal
-0.19405985561592,0.177743837687848,0.0637708463796984,-1.4723213472158,1.57081453992754,rs72741056,FinnGen,post_outlier_removal
1.09554087313248,0.884326177403887,0.0531460602589618,0.916196427699438,-7.96069401647261,rs75451797,FinnGen,post_outlier_removal
-0.125000296282512,0.0753229038425908,0.0631916897959941,-0.796895299075411,0.460020660442336,rs78110981,FinnGen,post_outlier_removal
-0.043280286250768,-0.94072872746134,0.176243488984591,2.13773056475313,-0.270936533366718,rs144298547,FinnGen,post_outlier_removal
0.799043757784344,1.28006355957414,0.082837405104321,-1.67128190842919,-5.70625408036979,rs28485994,FinnGen,post_outlier_removal
-0.850340703055538,0.629956618757259,0.104990543376907,-4.56850244523878,4.51184963135249,rs187281076,FinnGen,post_outlier_removal
1.79864803780814,1.77106943102752,0.0478457593980109,0.126081276355481,-11.6829404375986,rs427422,FinnGen,post_outlier_removal
-1.07216456240154,-1.09105580064673,0.0420799451660645,0.0920921988364941,-9.31063941447138,rs1675998,FinnGen,post_outlier_removal
-1.0414505650027,-0.913676778384771,0.0401669588648837,-0.637539782125708,-8.73954202132426,rs384923,FinnGen,post_outlier_removal
-1.0414505650027,-0.91367677838496,0.0401669588648865,-0.637539782124742,-8.73954202132541,rs450139,FinnGen,post_outlier_removal
-0.937500273355037,-0.894093431954276,0.036056767294284,-0.228593981014105,-8.97753373127216,rs75369664,FinnGen,post_outlier_removal
-0.953125210114107,-0.893319327914709,0.0360567672942837,-0.314956450615666,-8.96730203878568,rs615404,FinnGen,post_outlier_removal
-0.560582508831048,-0.544528265167221,0.035694712286126,-0.0849743609884362,-6.1954080968464,rs193272375,FinnGen,post_outlier_removal
-0.93229196036447,-0.894351466670583,0.0360567672942844,-0.199806487070815,-8.97830711890046,rs400294,FinnGen,post_outlier_removal
-1.4069230888803,-1.60763438224879,0.043673246640132,0.960426358023822,-10.0978220703953,rs7169032,FinnGen,post_outlier_removal
-0.748691891719084,-0.992481915986939,0.0367337938771395,1.27198807045468,-7.61018865894338,rs1874832,FinnGen,post_outlier_removal
-0.927083647008532,-0.894609501405149,0.0360567672942862,-0.171018991107214,-8.97775473442374,rs7169962,FinnGen,post_outlier_removal
-0.927083647008532,-0.894609501405123,0.0360567672942903,-0.171018991107338,-8.97775473442348,rs4776860,FinnGen,post_outlier_removal
-0.901042074819733,-0.895899675345422,0.0360567672942896,-0.0270814813947013,-8.95497766834027,rs11071927,FinnGen,post_outlier_removal
-0.927083647008532,-0.894609501405163,0.0360567672942919,-0.171018991107124,-8.97775473442354,rs1675996,FinnGen,post_outlier_removal
-0.927083647008532,-0.894609501405132,0.0360567672942976,-0.171018991107274,-8.97775473442318,rs378455,FinnGen,post_outlier_removal
-0.927083647008532,-0.894609501405112,0.0360567672942922,-0.171018991107393,-8.97775473442335,rs378092,FinnGen,post_outlier_removal
-0.927083647008532,-0.894609501404998,0.0360567672942936,-0.171018991107991,-8.97775473442293,rs426543,FinnGen,post_outlier_removal
1.58793388077744,1.33225891936123,0.0384571800218218,1.30376549047404,-9.75005113805913,rs28865727,FinnGen,post_outlier_removal
-0.701571538451093,-0.99574499080659,0.0367337938771414,1.53486642107032,-7.03195464087659,rs2100856,FinnGen,post_outlier_removal
0.927083647008532,0.894609501405045,0.0360567672942988,0.171018991107728,-8.97775473442285,rs28836514,FinnGen,post_outlier_removal
-0.927083647008532,-0.894609501404984,0.0360567672942878,-0.171018991108075,-8.97775473442314,rs266324,FinnGen,post_outlier_removal
-0.961956694624818,-1.00742039919384,0.0394069134472952,0.229022742483116,-9.06968928784776,rs266323,FinnGen,post_outlier_removal
-0.927083647008532,-0.89460950140507,0.0360567672942923,-0.171018991107615,-8.97775473442322,rs266322,FinnGen,post_outlier_removal
-0.560582508831048,-0.544528265167138,0.035694712286124,-0.0849743609888817,-6.19540809684603,rs137900828,FinnGen,post_outlier_removal
-0.927083647008532,-0.89460950140502,0.0360567672942908,-0.17101899110788,-8.97775473442312,rs266321,FinnGen,post_outlier_removal
-0.560582508831048,-0.544528265167106,0.0356947122861266,-0.0849743609890484,-6.19540809684558,rs58576753,FinnGen,post_outlier_removal
0.0472442079925505,0.16573769051681,0.0391331344867893,-0.598993549951964,-0.601171004709559,rs11634574,FinnGen,post_outlier_removal
0.0708663115127447,0.162452092927078,0.0391331344867884,-0.462973078061616,-0.879917882563041,rs11629874,FinnGen,post_outlier_removal
0.927083647008532,0.894609501405085,0.0360567672942863,0.171018991107548,-8.97775473442353,rs12900340,FinnGen,post_outlier_removal
1.04597677457663,1.44086473347391,0.0985955025522071,-1.25760813715907,-7.04191388556271,rs139688854,FinnGen,post_outlier_removal
1.1337201513417,1.17990940816314,0.0750395469603745,-0.168614870324666,-8.51280007205574,rs150933372,FinnGen,post_outlier_removal
-0.560582508831048,-0.544528265167019,0.0356947122861275,-0.0849743609895062,-6.19540809684494,rs59989153,FinnGen,post_outlier_removal
-0.907143243962386,-0.978991066403877,0.0439146538523741,0.342853729631361,-8.6918953616284,rs62005949,FinnGen,post_outlier_removal
0.642202743458744,-0.234690250151172,0.156095260845942,2.21948258221455,2.06603765447347,rs112089661,FinnGen,post_outlier_removal
-0.395834137114634,-0.315773014359463,0.0384443655777578,-0.40832439478226,-3.9343847680952,rs266319,FinnGen,post_outlier_removal
0.118110516648809,-0.103469768795036,0.0398577521227913,1.10987665483426,0.92896892546597,rs12443121,FinnGen,post_outlier_removal
0.395834137114634,0.315773014359557,0.0384443655777581,0.408324394781775,-3.93438476809587,rs12443240,FinnGen,post_outlier_removal
1.03846134241763,1.24773393302435,0.0399811714388442,-1.04660930887005,-8.78608110304654,rs146875092,FinnGen,post_outlier_removal
0.265306716309763,0.313350153033774,0.0403365930919908,-0.239212824766213,-3.47385345076981,rs12101383,FinnGen,post_outlier_removal
2.03522689217699,1.82068965562344,0.0440757877497863,1.02188645033906,-11.9851625625331,rs116870050,FinnGen,post_outlier_removal
1.60803406091306,1.32985867167443,0.0384571800218212,1.41850211213337,-9.58140930082057,rs7163669,FinnGen,post_outlier_removal
-0.326389591072632,-0.275008628770081,0.0366283577128071,-0.268468607613877,-3.65028400078947,rs266316,FinnGen,post_outlier_removal
-0.319445135137877,-0.275468218087517,0.0366283577128117,-0.229782027400335,-3.64125433045047,rs266315,FinnGen,post_outlier_removal
-0.187377161178526,0.244538341239737,0.0839412331072367,-1.4907716313526,1.57846952617686,rs11630476,FinnGen,post_outlier_removal
-0.436364487006209,-0.513747209788884,0.0380065435536301,0.396930817972026,-5.04388972773758,rs78332697,FinnGen,post_outlier_removal
-0.326389591072632,-0.275008628770031,0.0366283577128045,-0.268468607614145,-3.65028400078925,rs266314,FinnGen,post_outlier_removal
0.196765954097103,-0.00270537655912235,0.0583485385551053,0.825782154606526,0.02762374640351,rs117229461,FinnGen,post_outlier_removal
0.46456780633224,0.0678535290807634,0.0366966936191965,2.0709249598627,-0.780419301888394,rs4776862,FinnGen,post_outlier_removal
-0.7467540421561,-0.294197196198359,0.0366372708352608,-2.36434899256684,-2.69605501572326,rs266313,FinnGen,post_outlier_removal
1.69854301492873,0.662792986103261,0.13316205762796,2.83834188072553,-3.40168532706168,rs62005950,FinnGen,post_outlier_removal
-0.571429498076488,-0.355810392428282,0.0365965728758589,-1.12711189114246,-4.17974856110932,rs266312,FinnGen,post_outlier_removal
0.307087283872013,0.31489465329503,0.0364955989006373,-0.040868103257741,-3.78651483062947,rs11635558,FinnGen,post_outlier_removal
-0.590910016929952,-0.354539180319873,0.0365965728758594,-1.23558800534672,-4.09276285057597,rs266311,FinnGen,post_outlier_removal
-0.436364487006209,-0.513747209789137,0.0380065435536304,0.396930817973326,-5.04388972773805,rs11631007,FinnGen,post_outlier_removal
1.584223631456,1.67174617564417,0.0509513127090235,-0.387741463189479,-10.6863951473757,rs12442109,FinnGen,post_outlier_removal
-0.571429498076488,-0.355810392428306,0.036596572875853,-1.12711189114242,-4.17974856110988,rs266310,FinnGen,post_outlier_removal
-0.56493599109052,-0.356234129843395,0.0365965728758531,-1.09095318250233,-4.20633588172089,rs266309,FinnGen,post_outlier_removal
0.168852854001408,0.591409285675054,0.0504304563344193,-1.88164749838977,-1.53779470621861,rs565521398,FinnGen,post_outlier_removal
1.02325569802228,1.07920204893764,0.0367626765031149,-0.291788521705059,-9.3915305931047,rs11852468,FinnGen,post_outlier_removal
0.610390532543691,0.685039280801724,0.0363629037892991,-0.391465281598629,-7.11331486543198,rs2126390,FinnGen,post_outlier_removal
1.584223631456,1.58191399736477,0.0411499808768906,0.0113856639776847,-11.3476418984105,rs79517824,FinnGen,post_outlier_removal
0.543308008669507,0.417528376816191,0.0366109576622615,0.657362271465672,-4.98056737640203,rs56992925,FinnGen,post_outlier_removal
0.543308008669507,0.417528376816154,0.0366109576622605,0.657362271465872,-4.9805673764017,rs4776863,FinnGen,post_outlier_removal
-0.0888891012318303,1.12931748387181,0.110455639644321,-3.66544743062111,0.394394132850868,rs183775327,FinnGen,post_outlier_removal
1.18911056251262,-0.252587922124721,0.147787818048537,3.75020599174326,1.02398876558806,rs143693591,FinnGen,post_outlier_removal
0.543308008669507,0.417528376816117,0.0366109576622618,0.657362271466056,-4.98056737640123,rs2414928,FinnGen,post_outlier_removal
-0.610390532543691,-0.685039280801748,0.0363629037893047,0.391465281598724,-7.1133148654315,rs380696,FinnGen,post_outlier_removal
-0.610390532543691,-0.68503928080173,0.036362903789305,0.391465281598627,-7.11331486543143,rs452114,FinnGen,post_outlier_removal
-0.610390532543691,-0.685039280801746,0.0363629037892959,0.391465281598763,-7.11331486543233,rs406365,FinnGen,post_outlier_removal
0.402778590281835,0.235845274781774,0.0367623072911231,0.870646059202834,-3.258367783958,rs67560049,FinnGen,post_outlier_removal
0.425197689117957,0.386395752481854,0.0362871200830654,0.203693490893679,-4.55593971891633,rs11635477,FinnGen,post_outlier_removal
-0.307087283872013,-0.341939030859059,0.0362827989612206,0.182967587308398,-3.87152690836006,rs437054,FinnGen,post_outlier_removal
-0.771242582518695,-0.626624993826839,0.0363902655154129,-0.758103503672423,-7.31018246935136,rs393893,FinnGen,post_outlier_removal
-0.586430651811485,-0.543520080657179,0.0356947122861255,-0.22712364654723,-6.30624166781578,rs74019857,FinnGen,post_outlier_removal
-0.588046160562403,-0.543457069132473,0.0356947122861287,-0.236007975875582,-6.31213623383307,rs77361714,FinnGen,post_outlier_removal
0.588046160562403,0.543457069132551,0.0356947122861277,0.236007975875171,-6.31213623383377,rs443330,FinnGen,post_outlier_removal
-0.589661669291147,-0.543394057608644,0.0356947122861277,-0.244892305081947,-6.31790901214846,rs74019859,FinnGen,post_outlier_removal
0.488189871723686,0.382852569212266,0.0362871200830602,0.552975565913183,-4.6365040594346,rs10851768,FinnGen,post_outlier_removal
0.472441828554922,0.287737196134599,0.0369226068676453,0.961239501763118,-3.61898232399404,rs10851769,FinnGen,post_outlier_removal
0.592892686681875,0.543268034563718,0.0356947122861293,0.262660963126839,-6.32908903983186,rs427071,FinnGen,post_outlier_removal
0.592892686681875,0.543268034563788,0.0356947122861276,0.262660963126477,-6.32908903983258,rs414380,FinnGen,post_outlier_removal
0.592892686681875,0.543268034563775,0.0356947122861237,0.262660963126559,-6.32908903983284,rs437138,FinnGen,post_outlier_removal
-0.592892686681875,-0.543268034563815,0.0356947122861267,-0.262660963126337,-6.32908903983288,rs55756523,FinnGen,post_outlier_removal
-0.623587347365044,-0.542070815813492,0.0356947122861246,-0.431463189648383,-6.41095157199543,rs60315872,FinnGen,post_outlier_removal
0.204852224581382,-0.00835293515481718,0.0583485385551055,0.882638199690037,0.0884451437521169,rs145685520,FinnGen,post_outlier_removal
1.5806394582686,1.58262293416851,0.0411499808768871,-0.00977782159954682,-11.3409027122184,rs1044614,FinnGen,post_outlier_removal
-0.592892686681875,-0.543268034563808,0.0356947122861269,-0.262660963126372,-6.32908903983281,rs60724733,FinnGen,post_outlier_removal
0.592892686681875,0.5432680345638,0.0356947122861296,0.262660963126404,-6.3290890398325,rs35692469,FinnGen,post_outlier_removal
0.592892686681875,0.543268034563833,0.0356947122861282,0.262660963126236,-6.32908903983289,rs35954192,FinnGen,post_outlier_removal
-0.427711684848467,-0.507669530483763,0.0363034523271745,0.419649896812678,-5.06508652056451,rs1531441,FinnGen,post_outlier_removal
1.08771881860308,1.06973099860556,0.0372175496519555,0.0932405109508051,-9.52599913142389,rs28789220,FinnGen,post_outlier_removal
-0.56493599109052,-0.518361889186105,0.0360790504401281,-0.245198009134526,-5.99307830498069,rs266285,FinnGen,post_outlier_removal
-0.439759890256132,-0.506986115502773,0.0363034523271716,0.352829397336915,-5.16535078946389,rs7403490,FinnGen,post_outlier_removal
0.377953535969888,0.141412025831665,0.0382285035742936,1.20980037840873,-2.24343759478064,rs4776334,FinnGen,post_outlier_removal
-0.439759890256132,-0.506986115502693,0.0363034523271724,0.352829397336492,-5.16535078946365,rs74328837,FinnGen,post_outlier_removal
1.08771881860308,1.06973099860567,0.0372175496519581,0.0932405109502264,-9.52599913142403,rs8023632,FinnGen,post_outlier_removal
-0.589661669291147,-0.543394057608829,0.0356947122861273,-0.244892305080968,-6.31790901214997,rs74941266,FinnGen,post_outlier_removal
1.14912192025951,1.06461421725431,0.0372175496519574,0.438048713438783,-9.48457911340405,rs1587349,FinnGen,post_outlier_removal
1.29891089426111,0.969048068409281,0.0449105018739252,1.55653690091811,-7.63521246424278,rs76499300,FinnGen,post_outlier_removal
-0.56493599109052,-0.552513927337564,0.0358366212826558,-0.0656190933108453,-6.25697890985549,rs12905975,FinnGen,post_outlier_removal
-0.589661669291147,-0.543394057608904,0.0356947122861246,-0.244892305080583,-6.3179090121508,rs57134857,FinnGen,post_outlier_removal
-0.56493599109052,-0.552513927337632,0.0358366212826552,-0.0656190933104905,-6.25697890985597,rs12906644,FinnGen,post_outlier_removal
1,1.11122096290786,0.0393338701792324,-0.56079393835359,-9.10537999341824,rs12050793,FinnGen,post_outlier_removal
1.14473598646313,1.06497970146677,0.0372175496519559,0.413419567553013,-9.49356209981863,rs28751026,FinnGen,post_outlier_removal
-0.588046160562403,-0.543457069132585,0.0356947122861232,-0.236007975875006,-6.31213623383445,rs114782612,FinnGen,post_outlier_removal
0.626460060419049,0.753288244439247,0.0784270021689236,-0.452879817389919,-5.06015533891735,rs143066477,FinnGen,post_outlier_removal
-0.415663478543824,-0.508352945515624,0.0363034523271781,0.486470401263106,-4.95854650682804,rs148195651,FinnGen,post_outlier_removal
0.538753283667895,-0.651569068502969,0.135623075024671,3.23219679612551,3.69737826523324,rs78793387,FinnGen,post_outlier_removal
0.0875914501672572,-0.152449246234376,0.0366288504041815,1.2542185905658,1.08558072875719,rs4776864,FinnGen,post_outlier_removal
-0.586430651811485,-0.543520080657172,0.0356947122861208,-0.227123646547282,-6.30624166781615,rs55849930,FinnGen,post_outlier_removal
1.27173724008752,0.977397390319204,0.044910501873927,1.38891321382441,-7.92168173602252,rs4776865,FinnGen,post_outlier_removal
-0.0596492659241175,0.300988698163801,0.0500017525810838,-1.61279374066509,0.957231406539482,rs192803349,FinnGen,post_outlier_removal
1.14473598646313,1.06497970146677,0.0372175496519554,0.41341956755304,-9.49356209981864,rs111432947,FinnGen,post_outlier_removal
-0.56493599109052,-0.631376292045365,0.0355039765894491,0.352608755371126,-6.65737918827753,rs141439425,FinnGen,post_outlier_removal
0.05839430071082,-0.0749403982746141,0.0363358784604055,0.69948008266837,0.373665155784296,rs266274,FinnGen,post_outlier_removal
-0.590910016929952,-0.596614581207305,0.0358882880623488,0.0301124510416035,-6.66519390240243,rs8038265,FinnGen,post_outlier_removal
0.323530109244409,0.0244257764267867,0.0388226398539272,1.51802936497127,-0.471699894068534,rs171957,FinnGen,post_outlier_removal
0.40361527136747,0.408668202750569,0.0358264345510267,-0.0266957180041096,-4.61553554883158,rs266279,FinnGen,post_outlier_removal
0.442748948707835,0.17374639216754,0.0380986282422491,1.37816665529525,-2.31996264341937,rs2615183,FinnGen,post_outlier_removal
0.512049102450663,0.404023079841463,0.0358264345510221,0.570724598858953,-4.87984637734391,rs2615182,FinnGen,post_outlier_removal
0.409639375063032,0.408410140282423,0.0358264345510263,0.00649431044595762,-4.64340885616857,rs2615181,FinnGen,post_outlier_removal
0.391567063344674,0.409184327714076,0.0358264345510236,-0.0930757783852959,-4.55511691923082,rs2615180,FinnGen,post_outlier_removal
0.409639375063032,0.408410140282379,0.0358264345510201,0.00649431044618929,-4.64340885616869,rs2708287,FinnGen,post_outlier_removal
0.763158662096673,0.690703073096306,0.038957996069405,0.367090872800143,-7.68345019731369,rs73486492,FinnGen,post_outlier_removal
0.40361527136747,0.408668202750611,0.035826434551018,-0.026695718004333,-4.61553554883224,rs2615194,FinnGen,post_outlier_removal
0.391567063344674,0.409184327714046,0.0358264345510251,-0.093075778385138,-4.55511691923062,rs974778,FinnGen,post_outlier_removal
0.397591167460298,0.408926265227971,0.0358264345510224,-0.0598857476210647,-4.58610442796907,rs1988849,FinnGen,post_outlier_removal
0.397591167460298,0.408926265228045,0.0358264345510114,-0.0598857476214639,-4.58610442796996,rs1988848,FinnGen,post_outlier_removal
0.391567063344674,0.409184327714107,0.0358264345510212,-0.0930757783854659,-4.55511691923106,rs11856400,FinnGen,post_outlier_removal
0.40361527136747,0.408668202750771,0.0358264345510199,-0.0266957180051787,-4.61553554883286,rs12901555,FinnGen,post_outlier_removal
0.355422434450292,0.34025679581195,0.0383675995409716,0.0774244964139329,-4.00073017767472,rs11852911,FinnGen,post_outlier_removal
0.385542959023755,0.409442390209044,0.035826434551023,-0.126265810280972,-4.52257490082844,rs4508383,FinnGen,post_outlier_removal
-0.581584125426308,-0.54370911523628,0.0356947122861259,-0.200470657834838,-6.28782769721336,rs150064257,FinnGen,post_outlier_removal
0.899225220613701,0.795581901794812,0.0355699536966132,0.549540445399029,-8.54281926625108,rs2012293,FinnGen,post_outlier_removal
0.875969483019085,0.796404518986877,0.0355699536966165,0.421871532778879,-8.59045914035034,rs2974282,FinnGen,post_outlier_removal
0.891473308853869,0.79585610749821,0.0355699536966137,0.506984145428782,-8.56168797660601,rs2927179,FinnGen,post_outlier_removal
0.891473308853869,0.795856107498282,0.0355699536966152,0.506984145428386,-8.5616879766064,rs2927180,FinnGen,post_outlier_removal
0.891473308853869,0.795856107498425,0.035569953696615,0.506984145427633,-8.56168797660731,rs2974281,FinnGen,post_outlier_removal
0.891473308853869,0.80474413755157,0.0363539027721925,0.45487249407251,-8.57998029137185,rs35570221,FinnGen,post_outlier_removal
0.891473308853869,0.795856107498389,0.0355699536966182,0.506984145427796,-8.56168797660694,rs2974280,FinnGen,post_outlier_removal
-0.255319723638663,-0.354383379458663,0.0372655443967794,0.513169239624241,-3.51270558096008,rs3985648,FinnGen,post_outlier_removal
0.674847510685074,0.728686056752479,0.0367789080666214,-0.280733284896357,-7.6848921787933,rs2133241,FinnGen,post_outlier_removal
-0.545455468083561,-0.632027958187266,0.0355039765894502,0.459453336997875,-6.47944158927812,rs34747049,FinnGen,post_outlier_removal
1.10077463266597,1.3153944009632,0.0367676034070191,-1.11927566206667,-9.10157106411818,rs388061,FinnGen,post_outlier_removal
0.419848160986367,0.313094071977895,0.0359476059114718,0.563053332000949,-4.0051067900513,rs426605,FinnGen,post_outlier_removal
1.1162784083422,1.16585386352917,0.0356977021539985,-0.262389577135745,-9.79869365421589,rs404755,FinnGen,post_outlier_removal
1.10077463266597,1.16645992420194,0.0356977021539957,-0.347654616688055,-9.72894489351393,rs8027710,FinnGen,post_outlier_removal
0.887500453776565,0.843597500893923,0.0361754574522807,0.230827057699992,-8.78161111307001,rs8026320,FinnGen,post_outlier_removal
1.10077463266597,1.1664599242019,0.0356977021539913,-0.347654616687824,-9.72894489351423,rs447888,FinnGen,post_outlier_removal
-0.545455468083561,-0.632027958187277,0.0355039765894501,0.45945333699793,-6.47944158927814,rs12904545,FinnGen,post_outlier_removal
0.990253457559189,1.28225001302691,0.153862113101985,-0.74440945739901,-5.71031237364644,rs201173448,FinnGen,post_outlier_removal
1.10077463266597,1.16645992420195,0.0356977021539938,-0.347654616688071,-9.72894489351403,rs387994,FinnGen,post_outlier_removal
0.37440835809042,0.08930967090872,0.152232517481582,0.730704030327854,-0.648906794202842,rs71398288,FinnGen,post_outlier_removal
0.800000693468819,0.848234786968787,0.0361754574522918,-0.253598747974513,-8.59109153767672,rs406197,FinnGen,post_outlier_removal
1.10077463266597,1.16645992420184,0.035697702153995,-0.347654616687491,-9.72894489351407,rs446304,FinnGen,post_outlier_removal
1.093022743391,1.12499034665263,0.0355698236674021,-0.169499811901083,-9.71384228518047,rs403844,FinnGen,post_outlier_removal
1.08527085316712,1.12526452225403,0.0355698236674029,-0.212055915859162,-9.68683531861156,rs424930,FinnGen,post_outlier_removal
1.08527085316712,1.12526452225407,0.0355698236674033,-0.212055915859358,-9.68683531861154,rs425152,FinnGen,post_outlier_removal
1.08527085316712,1.12526452225406,0.0355698236674032,-0.212055915859313,-9.68683531861154,rs423556,FinnGen,post_outlier_removal
-0.532468451077596,-0.582528280563461,0.0353938333117166,0.266088169176116,-6.23118513699375,rs34375529,FinnGen,post_outlier_removal
-0.500000902955464,-0.583510298282006,0.0353938333117143,0.443886092694732,-5.94781448361998,rs17210752,FinnGen,post_outlier_removal
-0.532468451077596,-0.582528280563431,0.0353938333117123,0.266088169175974,-6.23118513699403,rs17276559,FinnGen,post_outlier_removal
-0.532468451077596,-0.582528280563427,0.0353938333117174,0.266088169175932,-6.23118513699355,rs17276587,FinnGen,post_outlier_removal
-0.532468451077596,-0.582528280563473,0.0353938333117146,0.266088169176187,-6.23118513699397,rs62007974,FinnGen,post_outlier_removal
-0.532468451077596,-0.582528280563427,0.0353938333117131,0.266088169175949,-6.23118513699393,rs2414929,FinnGen,post_outlier_removal
1.08527085316712,1.12526452225417,0.0355698236674015,-0.212055915859857,-9.68683531861166,rs4640126,FinnGen,post_outlier_removal
1.08527085316712,1.12526452225405,0.0355698236674017,-0.212055915859237,-9.68683531861163,rs4360870,FinnGen,post_outlier_removal
-0.538961959744741,-0.582331877048733,0.0353938333117151,0.230528589714791,-6.28211768727918,rs2414930,FinnGen,post_outlier_removal
-0.532468451077596,-0.582528280563434,0.0353938333117142,0.266088169175983,-6.23118513699386,rs4402503,FinnGen,post_outlier_removal
-0.532468451077596,-0.582528280563617,0.0353938333117142,0.266088169176957,-6.23118513699454,rs35320424,FinnGen,post_outlier_removal
-0.532468451077596,-0.58252828056348,0.0353938333117154,0.266088169176222,-6.23118513699392,rs35903063,FinnGen,post_outlier_removal
-0.532468451077596,-0.58252828056332,0.0353938333117131,0.266088169175383,-6.23118513699354,rs12900811,FinnGen,post_outlier_removal
-0.532468451077596,-0.582528280563557,0.0353938333117153,0.266088169176635,-6.23118513699422,rs12900849,FinnGen,post_outlier_removal
0.335938217610625,0.352061927884093,0.0369957591301744,-0.0838279825126256,-4.01915649687917,rs12901905,FinnGen,post_outlier_removal
0.335938217610625,0.24877839631318,0.0356188819356299,0.461823671557103,-3.50869860696961,rs12902036,FinnGen,post_outlier_removal
0.335938217610625,0.248778396313212,0.0356188819356277,0.461823671556946,-3.50869860696991,rs62007992,FinnGen,post_outlier_removal
0.335938217610625,0.248778396313161,0.0356188819356303,0.4618236715572,-3.50869860696945,rs62007993,FinnGen,post_outlier_removal
0.305344178132667,0.390070745616591,0.0355928129408113,-0.449095244355519,-3.95121043022539,rs398678,FinnGen,post_outlier_removal
0.305344178132667,0.210080348512991,0.0365982644614471,0.497963820963267,-3.18020261043435,rs11316051,FinnGen,post_outlier_removal
-1.7892881736146,-0.523639093622089,0.102749754457003,-3.94841607553999,-3.33208728078383,rs116908961,FinnGen,post_outlier_removal
-0.532468451077596,-0.582528280563424,0.035393833311716,0.266088169175926,-6.23118513699366,rs12906930,FinnGen,post_outlier_removal
0.297710576979355,0.390345845669664,0.0355928129408094,-0.4910155086397,-3.89026389569941,rs397120,FinnGen,post_outlier_removal
-0.525974942086084,-0.582724684088082,0.0353938333117127,0.3016477504142,-6.17832067525257,rs12907457,FinnGen,post_outlier_removal
0.297710576979355,0.390345845669617,0.0355928129408048,-0.491015508639481,-3.89026389569957,rs438265,FinnGen,post_outlier_removal
0.650307652126091,0.78862078981055,0.0361986810767586,-0.726970955699786,-7.54684817255224,rs403542,FinnGen,post_outlier_removal
0.335938217610625,0.248778396313101,0.0356188819356258,0.461823671557544,-3.50869860696912,rs4776869,FinnGen,post_outlier_removal
0.335938217610625,0.248778396313181,0.0356188819356274,0.461823671557111,-3.50869860696968,rs11856342,FinnGen,post_outlier_removal
0.297710576979355,0.390345845669819,0.0355928129408132,-0.491015508640498,-3.89026389569929,rs394806,FinnGen,post_outlier_removal
0.335938217610625,0.24877839631309,0.03561888193563,0.461823671557579,-3.50869860696892,rs12902639,FinnGen,post_outlier_removal
-0.137566462540743,-0.0921788579339609,0.0429930803333674,-0.218896078729824,-0.892632410859653,rs192273437,FinnGen,post_outlier_removal
0.297710576979355,0.390345845669868,0.0355928129408157,-0.491015508640735,-3.89026389569921,rs446184,FinnGen,post_outlier_removal
-0.120735194614313,-0.096411005109727,0.042993080333367,-0.117311097313108,-0.82414092772015,rs559180264,FinnGen,post_outlier_removal
-0.525974942086084,-0.582724684088069,0.0353938333117148,0.301647750414121,-6.17832067525234,rs28707552,FinnGen,post_outlier_removal
0.335938217610625,0.248778396313064,0.0356188819356298,0.461823671557716,-3.50869860696873,rs28613103,FinnGen,post_outlier_removal
0.335938217610625,0.248778396313092,0.0356188819356281,0.46182367155758,-3.50869860696899,rs35871153,FinnGen,post_outlier_removal
0.781250732989016,0.849228491755299,0.0361754574522894,-0.357404343325228,-8.49777759366151,rs427259,FinnGen,post_outlier_removal
0.335938217610625,0.248778396313124,0.0356188819356285,0.461823671557406,-3.50869860696922,rs9989299,FinnGen,post_outlier_removal
0.335938217610625,0.248778396313035,0.0356188819356282,0.461823671557882,-3.50869860696855,rs9989300,FinnGen,post_outlier_removal
0.935065217976484,0.948347083695868,0.0367581635365222,-0.0692759009148094,-9.0746861735832,rs139808495,FinnGen,post_outlier_removal
0.781250732989016,0.84922849175533,0.036175457452289,-0.357404343325391,-8.49777759366151,rs430736,FinnGen,post_outlier_removal
0.781250732989016,0.849228491755248,0.0361754574522857,-0.357404343324978,-8.49777759366173,rs386774,FinnGen,post_outlier_removal
0.274809772041326,0.391171145882339,0.0355928129408145,-0.616776309610169,-3.693153477613,rs426612,FinnGen,post_outlier_removal
-0.525974942086084,-0.582724684087978,0.0353938333117172,0.301647750413631,-6.17832067525182,rs35600083,FinnGen,post_outlier_removal
0.297710576979355,0.390345845669736,0.0355928129408144,-0.491015508640047,-3.89026389569924,rs417853,FinnGen,post_outlier_removal
0.781250732989016,0.849228491755458,0.0361754574522841,-0.357404343326087,-8.49777759366173,rs374012,FinnGen,post_outlier_removal
0.916129386767003,0.949671818333833,0.0367581635365236,-0.174951487596681,-9.02360874119744,rs4776870,FinnGen,post_outlier_removal
0.297710576979355,0.390345845669737,0.0355928129408131,-0.49101550864006,-3.89026389569929,rs415706,FinnGen,post_outlier_removal
-0.525974942086084,-0.582724684087975,0.0353938333117151,0.301647750413625,-6.178320675252,rs12913067,FinnGen,post_outlier_removal
-0.154799125415468,-0.488203079359468,0.109764108099023,1.00633034705597,-1.67437122401424,rs148477240,FinnGen,post_outlier_removal
0.305344178132667,0.370651856860803,0.0370839611367591,-0.339133888089989,-3.88425210073236,rs418492,FinnGen,post_outlier_removal
-0.579288952667923,-0.543798636469058,0.0356947122861268,-0.187848584052028,-6.27872544831822,rs75189389,FinnGen,post_outlier_removal
0.320611379661686,0.389520545538178,0.0355928129408119,-0.365254720055901,-4.06588698451829,rs2615192,FinnGen,post_outlier_removal
-2.75388304263307,-2.19106310677196,0.0994526374394535,-1.78468395790104,-9.21502342099027,rs117754683,FinnGen,post_outlier_removal
0.328125705020978,0.249065872260325,0.0356188819356293,0.41890519845852,-3.50969277425162,rs12899214,FinnGen,post_outlier_removal
-0.619355757966209,-0.552579246342639,0.0372515317967518,-0.34598053033906,-6.35422613757595,rs12899234,FinnGen,post_outlier_removal
0.800000693468819,0.749734535455463,0.0380732472825888,0.257611788251931,-8.18653122990092,rs373441,FinnGen,post_outlier_removal
0.328244980024539,0.312181159136977,0.0365294318043943,0.0840480021486991,-3.85091272555445,rs376016,FinnGen,post_outlier_removal
0.335878580111054,0.311697943014259,0.0365294318043956,0.126516241241331,-3.87120831909852,rs448628,FinnGen,post_outlier_removal
0.335878580111054,0.311697943014073,0.0365294318043944,0.126516241242305,-3.87120831909765,rs380388,FinnGen,post_outlier_removal
0.469231650314831,0.63752218303965,0.0481355966369552,-0.767055000662835,-4.88446246710709,rs454434,FinnGen,post_outlier_removal
-1.1466657973728,-0.773868455019349,0.037827253612781,-1.91677175910319,-6.68957133441084,rs12904969,FinnGen,post_outlier_removal
-0.376013743349324,1.68040465306575,0.175024916740967,-4.91543027990301,1.51963947010487,rs571765411,FinnGen,post_outlier_removal
0.628743430421503,0.289356219686755,0.0418366486514056,1.65926987606596,-2.86536591552767,rs34683838,FinnGen,post_outlier_removal
0.628743430421503,0.289356219686803,0.0418366486514062,1.65926987606571,-2.86536591552832,rs36085174,FinnGen,post_outlier_removal
-0.650486340437277,-0.541021643802488,0.0356947122861275,-0.579391520529402,-6.44647053368372,rs75564624,FinnGen,post_outlier_removal
1.03914570774255,1.02197400131428,0.0450706452156097,0.080884735081296,-9.03469227695528,rs16950504,FinnGen,post_outlier_removal
-0.0733335089618488,-0.563532991911153,0.0356947122861253,2.59460294067512,-0.582486408291654,rs76444893,FinnGen,post_outlier_removal
-0.49681618762602,-0.413671782220135,0.0364534779133951,-0.435475320246888,-4.91540958569464,rs12161926,FinnGen,post_outlier_removal
1.64788051691324,2.03538699053182,0.0500367685968306,-1.73234479164998,-9.69941485843435,rs117658043,FinnGen,post_outlier_removal
1.01428564400807,1.01511354598291,0.0399378584130781,-0.00414272907195924,-9.1882485568957,rs142939028,FinnGen,post_outlier_removal
-0.49681618762602,-0.413671782220168,0.036453477913383,-0.435475320246785,-4.91540958569565,rs151089613,FinnGen,post_outlier_removal
-0.654782100022331,-0.540854091407044,0.035694712286126,-0.603015622130004,-6.44902147424958,rs117374779,FinnGen,post_outlier_removal
-1.59748955791725,-1.37838632828928,0.216501963350086,-0.470888256449841,-6.63278825456517,rs187713830,FinnGen,post_outlier_removal
-0.375000775977658,-0.358058233196887,0.0364888556820767,-0.0886948633687608,-4.22312867676446,rs12912238,FinnGen,post_outlier_removal
0.016393482085841,0.0963156172158248,0.037372522554967,-0.413419418014401,-0.131070640094659,rs197712,FinnGen,post_outlier_removal
-0.0852715216598966,-0.0144368897861,0.0382080694882833,-0.362383231763127,-0.100263063154591,rs8036667,FinnGen,post_outlier_removal
-0.503185618211642,-0.413282671546478,0.0364534779133947,-0.470873708207193,-4.92120673923245,rs66928947,FinnGen,post_outlier_removal
-0.361809802375436,-0.571104889976277,0.0737714473507503,0.770574943288171,-3.45870578936204,rs143203469,FinnGen,post_outlier_removal
-1.02857128502562,-1.01279193037671,0.0399378584130798,-0.0789581293768754,-9.20310777142343,rs266302,FinnGen,post_outlier_removal
0.996913595041597,1.29811359812019,0.0482447369920261,-1.371292183142,-7.89958978754876,rs189444297,FinnGen,post_outlier_removal
1,1.017435162075,0.0399378584130798,-0.0872436049163349,-9.16253620722108,rs75977079,FinnGen,post_outlier_removal
0.0765029153719751,0.0910354871687768,0.037372522554963,-0.0751737596188489,-0.573865761908942,rs266303,FinnGen,post_outlier_removal
0.0765029153719751,0.0910354871688824,0.0373725225549667,-0.0751737596193915,-0.573865761909534,rs451806,FinnGen,post_outlier_removal
0.0765029153719751,0.0910354871687488,0.0373725225549621,-0.075173759618705,-0.573865761908783,rs1462127,FinnGen,post_outlier_removal
-0.350000739520865,-0.359611238399338,0.0364888556820668,0.0503113314194661,-4.1294022908268,rs4776871,FinnGen,post_outlier_removal
0.995370392510919,1.29873753206101,0.048244736992018,-1.38115864155109,-7.88004795215394,rs552597311,FinnGen,post_outlier_removal
-1.09374948305095,-1.43153130358291,0.0582381144577703,1.3996924475831,-7.85229304004329,rs144626518,FinnGen,post_outlier_removal
-0.0852715216598966,-0.0621814913061153,0.0369869736193064,-0.120060488220484,-0.443487342972923,rs904366,FinnGen,post_outlier_removal
0.839286311661838,1.04355337451659,0.0399378584130816,-1.02212958230389,-8.14407218375341,rs79317851,FinnGen,post_outlier_removal
-0.0555556889139803,0.0200700980216172,0.0367666225210801,-0.394405569114062,0.0948336959700514,rs266304,FinnGen,post_outlier_removal
0.0765029153719751,0.0910354871687866,0.0373725225549667,-0.0751737596188963,-0.573865761908947,rs266305,FinnGen,post_outlier_removal
0.996428588535649,1.01801556617306,0.0399378584130795,-0.10801882656637,-9.15441174380556,rs144672060,FinnGen,post_outlier_removal
-0.343750729904044,-0.359999489731468,0.0364888556820689,0.0850628829127681,-4.10166657981887,rs16950516,FinnGen,post_outlier_removal
-0.350000739520865,-0.359611238399504,0.0364888556820673,0.050311331420334,-4.12940229082739,rs66892254,FinnGen,post_outlier_removal
0.0655739277068635,0.0919955107957338,0.0373725225549677,-0.136672969082402,-0.498196444326155,rs197713,FinnGen,post_outlier_removal
-0.459120369330458,-0.432160513924792,0.0365800983406507,-0.140959751117859,-4.94265189356592,rs35503745,FinnGen,post_outlier_removal
-0.661265077526764,-0.540601228464389,0.0356947122861272,-0.638668110636881,-6.45125190894603,rs28544212,FinnGen,post_outlier_removal
-0.551182026342984,-0.574705134590551,0.0378340716779913,0.120935322184181,-6.12230950841081,rs12439987,FinnGen,post_outlier_removal
-0.551182026342984,-0.574705134590558,0.0378340716779919,0.120935322184217,-6.12230950841079,rs8039785,FinnGen,post_outlier_removal
-0.614174149364724,-0.568325496645826,0.0378340716779906,-0.235713815109621,-6.41258992542224,rs8038877,FinnGen,post_outlier_removal
-0.606300135838425,-0.545967270065431,0.0378924094188663,-0.309940153624453,-6.20337830300419,rs7162222,FinnGen,post_outlier_removal
1.45086319166119,1.27743280345657,0.0391615553185849,0.876385594710207,-9.93767073455729,rs62007994,FinnGen,post_outlier_removal
0.101123836509474,0.00378794099995525,0.0373609308261336,0.503575027223207,-0.031777501317193,rs12907153,FinnGen,post_outlier_removal
0.109289877499783,0.0568470393356537,0.0373738260725571,0.27127039966123,-0.511181552104923,rs139873063,FinnGen,post_outlier_removal
0.109289877499783,0.0568470393357401,0.037373826072557,0.271270399660784,-0.511181552105693,rs266308,FinnGen,post_outlier_removal
0.246269213738932,0.255469813407512,0.0361412357341127,-0.048396575835138,-3.32581424216458,rs35841291,FinnGen,post_outlier_removal
0.246269213738932,0.255469813407498,0.0361412357341119,-0.0483965758350664,-3.32581424216455,rs8031538,FinnGen,post_outlier_removal
0.383459434173825,0.216220776588187,0.0361242069445412,0.879908498002878,-3.12018284191776,rs7175405,FinnGen,post_outlier_removal
-0.443810381963489,-0.839084620240136,0.0563207517873932,1.6655753653312,-3.77506994027321,rs147459878,FinnGen,post_outlier_removal
-1.38666358537353,-1.02707466597573,0.0569307773787654,-1.50706763623205,-7.53555878536433,rs149724023,FinnGen,post_outlier_removal
0.383459434173825,0.216220776588192,0.0361242069445416,0.879908498002847,-3.12018284191781,rs11633409,FinnGen,post_outlier_removal
0.390978241126819,0.20014631840677,0.0361879510375305,1.00315727954287,-2.9133993832255,rs16953603,FinnGen,post_outlier_removal
0.360903011460291,0.217382565373735,0.0361242069445399,0.755117638301181,-3.19432967598635,rs36114454,FinnGen,post_outlier_removal
0.338346586093884,0.218544354295698,0.0361242069445422,0.630326763923904,-3.24560266447777,rs34281344,FinnGen,post_outlier_removal
-1.07028074952538,-0.661759041195446,0.0708588815568803,-1.53468056319334,-5.2348453716105,rs116986130,FinnGen,post_outlier_removal
-0.105555806889111,0.179786737427553,0.0417677609289003,-1.3961945300316,1.32832129519411,rs586436,FinnGen,post_outlier_removal
0.414013564873169,0.428027619177563,0.0364179155065343,-0.0734355334582903,-4.72143568529041,rs655926,FinnGen,post_outlier_removal
0.339229018645325,0.723478373966588,0.140965950450795,-1.02342503292931,-2.68202978834036,rs184179519,FinnGen,post_outlier_removal
0.375940626907646,0.216608039501138,0.0361242069445423,0.838311546455573,-3.14728939186099,rs7175844,FinnGen,post_outlier_removal
2.1785517774338,-0.0656492237897156,0.0442232414858023,10.6717702185869,0.206589726749787,rs552519769,FinnGen,post_outlier_removal
0.375940626907646,0.216608039501016,0.0361242069445433,0.838311546456204,-3.1472893918597,rs7176854,FinnGen,post_outlier_removal
0.390978241126819,0.215833513691554,0.0361242069445418,0.921505447816515,-3.09080466879575,rs7178347,FinnGen,post_outlier_removal
-0.488372988494539,-0.181774898957966,0.0745178537683684,-1.12315391517912,-2.2003174563646,rs62005972,FinnGen,post_outlier_removal
1.42196181874165,1.28147660384912,0.0391615553185855,0.709905685365345,-10.0851760805839,rs4776873,FinnGen,post_outlier_removal
0.0300752603219679,0.181114378289236,0.036680237405369,-0.788630141534731,-0.440988910560178,rs4776874,FinnGen,post_outlier_removal
0.0300752603219679,0.181114378289249,0.0366802374053677,-0.788630141534815,-0.440988910560221,rs4776875,FinnGen,post_outlier_removal
0.414013564873169,0.428027619177531,0.036417915506533,-0.0734355334581218,-4.72143568529035,rs266336,FinnGen,post_outlier_removal
-0.874016244901766,-0.840069383732545,0.0379325238781559,-0.174298542026148,-8.67760396934026,rs898888,FinnGen,post_outlier_removal
0.0225564452629691,0.0971328969777862,0.0368467678109061,-0.388509835015183,-0.184324567698461,rs749348,FinnGen,post_outlier_removal
0.0225564452629691,0.0971328969777996,0.0368467678109071,-0.388509835015248,-0.184324567698481,rs2414934,FinnGen,post_outlier_removal
0.407644130550554,0.32922637372862,0.0369087848458251,0.408177951139851,-4.09732422061256,rs266337,FinnGen,post_outlier_removal
-1.65383924385346,-1.39360610529551,0.053524291773985,-1.1248306321824,-9.31799667558091,rs78739111,FinnGen,post_outlier_removal
0.0300752603219679,0.0965874953037727,0.0368467678109066,-0.346498885976601,-0.244270782341848,rs7173609,FinnGen,post_outlier_removal
1.42196181874165,1.36102550750072,0.0416603279112172,0.298548448666444,-10.395177104574,rs35087077,FinnGen,post_outlier_removal
0.758884023681377,0.288387471776956,0.253862549356952,0.93380700281098,-2.00416521033556,rs572521048,FinnGen,post_outlier_removal
1.42196181874165,1.28147660384922,0.0391615553185849,0.709905685364872,-10.0851760805847,rs4776876,FinnGen,post_outlier_removal
0.405556371470411,0.26729042941053,0.0386410459137203,0.703381239101062,-3.52548494190236,rs266338,FinnGen,post_outlier_removal
-1.71153051035687,-1.44614473732984,0.109267450209286,-0.802845972041161,-8.48873218572481,rs72741100,FinnGen,post_outlier_removal
-1.14020536173323,-1.19289561922877,0.0770699060301611,0.189796371867264,-8.48519012702524,rs72741101,FinnGen,post_outlier_removal
0.420382998953122,0.328279322372935,0.0369087848458259,0.479415524271059,-4.09813865212259,rs266339,FinnGen,post_outlier_removal
0.312102589130499,0.336329261007341,0.0369087848458273,-0.12610400616383,-3.8617750908474,rs266340,FinnGen,post_outlier_removal
0.430940071469376,0.334592634582968,0.0386545127774758,0.490049628059856,-4.08750468210827,rs266341,FinnGen,post_outlier_removal
-0.850394267637695,-0.849980042726622,0.0379510805309793,-0.00212629804867386,-8.66970431775518,rs62005974,FinnGen,post_outlier_removal
0.430940071469376,0.197502295452581,0.040739163002052,1.15655179233811,-2.67705684132251,rs364510,FinnGen,post_outlier_removal
0.430940071469376,0.197502295452528,0.0407391630020528,1.15655179233836,-2.67705684132189,rs435377,FinnGen,post_outlier_removal
-0.874016244901766,-0.84750723133889,0.0379510805309777,-0.136075987474769,-8.7022983981616,rs7170170,FinnGen,post_outlier_removal
-1,-0.928978403060603,0.0387292553205756,-0.360886685898402,-8.96923369769805,rs7176445,FinnGen,post_outlier_removal
-0.64394030152903,-0.629783921259105,0.0381621865305175,-0.0724662178403522,-6.93786642031879,rs266344,FinnGen,post_outlier_removal
0.343949774799309,0.333961631528206,0.0369087848458273,0.0519900086577013,-3.9859550292014,rs266345,FinnGen,post_outlier_removal
-0.228571950190482,0.0371031099456433,0.0615166297249193,-1.07116042908098,0.410953915132824,rs28475775,FinnGen,post_outlier_removal
0.55214816344697,0.780514300579211,0.0516380893655681,-1.00495501867134,-5.44677063791303,rs266346,FinnGen,post_outlier_removal
-0.0474139070136783,-0.351796660303252,0.127986082540318,0.8508219156738,-0.38501041155469,rs72743403,FinnGen,post_outlier_removal
0.66330055775486,0.0169278720002188,0.100065904944471,2.04333668525394,-0.162771024905369,rs75131657,FinnGen,post_outlier_removal
1.05714255792068,1.26625737473546,0.0401070307205953,-1.04417802824553,-8.84918494323738,rs4776335,FinnGen,post_outlier_removal
-0.858268260830179,-1.10426765949414,0.0412105587140974,1.21179678020217,-7.92372867768666,rs6494623,FinnGen,post_outlier_removal
0.456044825765294,0.498165064772271,0.0418240322414432,-0.205957625671755,-4.93053277790195,rs266347,FinnGen,post_outlier_removal
0.873239935900733,0.74667440427032,0.0441091639707571,0.60263039778111,-7.79176365916732,rs8023420,FinnGen,post_outlier_removal
0.359332229833561,0.845899752474261,0.0421510364603207,-2.36994893431482,-3.16134771728193,rs141925550,FinnGen,post_outlier_removal
0.359332229833561,0.845899752474261,0.0421510364603218,-2.36994893431479,-3.16134771728188,rs150119171,FinnGen,post_outlier_removal
0.359332229833561,0.84589975247425,0.0421510364603203,-2.36994893431478,-3.16134771728195,rs560063968,FinnGen,post_outlier_removal
1.42823171805399,1.19964316955101,0.121727292298003,0.655179784893236,-7.59745865518988,rs148848754,FinnGen,post_outlier_removal
0.358975111957661,-0.107758956244895,0.0556346424938384,1.97877698999935,1.64966525430338,rs68018114,FinnGen,post_outlier_removal
1.92989388131984,1.87116257162024,0.0492805317625436,0.264564758300581,-12.0512709832053,rs28451248,FinnGen,post_outlier_removal
0.659033976535048,1.05398173705719,0.0465215404040469,-1.8311023177004,-5.98558227286762,rs140201383,FinnGen,post_outlier_removal
0.376471366254226,0.580742132815551,0.0400835399856071,-1.02028895196292,-4.281700307138,rs8030614,FinnGen,post_outlier_removal
-1.15714191266042,-1.03255715101559,0.0517882283815033,-0.547456224975235,-8.77677755071326,rs10438354,FinnGen,post_outlier_removal
0.255495080536605,0.43644202699584,0.0501688871178014,-0.80785613044966,-3.16497649916241,rs116914818,FinnGen,post_outlier_removal
-1.00828725241067,-0.740443764837167,0.0885215749919831,-0.900236308674108,-5.60947777810907,rs149733883,FinnGen,post_outlier_removal
-0.472441828554922,-0.45203367353802,0.0381932403569132,-0.104426444503683,-5.01772153777486,rs6494624,FinnGen,post_outlier_removal
0.429412608019803,0.545905730235324,0.0399178180815016,-0.583064886433063,-4.91039765920932,rs12899132,FinnGen,post_outlier_removal
-0.14463874497646,-0.171926730396442,0.053669804216399,0.117789470323308,-1.36590320947235,rs148394369,FinnGen,post_outlier_removal
-1.7132787292832,-1.48838036833936,0.046026905823439,-1.04828748304496,-10.1915070630438,rs6494625,FinnGen,post_outlier_removal
-0.46456780633224,-0.45291344956638,0.0381932403569197,-0.0596341530642145,-4.98878799068513,rs6494626,FinnGen,post_outlier_removal
0.480315850354421,0.451153897557021,0.038193240356917,0.14921873353542,-5.04372331744074,rs8029398,FinnGen,post_outlier_removal
-0.678000882088694,-0.281434060673693,0.0807487711552059,-1.39555968611615,-2.44467900811482,rs140605065,FinnGen,post_outlier_removal
0.46456780633224,0.438709100032311,0.0396233603019639,0.129906577699878,-4.82882610299603,rs11631381,FinnGen,post_outlier_removal
0.307692978436114,0.750893470886182,0.0557496828245529,-1.87706379829013,-2.45541436822022,rs12905780,FinnGen,post_outlier_removal
2.20089287082302,1.90412278695743,0.0382901557241761,1.5166192118221,-12.6956236787439,rs75268907,FinnGen,post_outlier_removal
-0.115000273244489,-0.18859020082976,0.0536698042164014,0.317653298988209,-1.19610880775302,rs146320617,FinnGen,post_outlier_removal
0.294118293996562,0.199531066848755,0.0420290367845116,0.461378949291234,-2.93887072626472,rs35200241,FinnGen,post_outlier_removal
-1.25531740841812,-1.02013932111706,0.0366582794831412,-1.22831799668987,-8.65083492429547,rs34616320,FinnGen,post_outlier_removal
0.258242338589495,0.435177410783707,0.0501688871178009,-0.789944707886239,-3.19139115445101,rs117334582,FinnGen,post_outlier_removal
0.541063723349472,0.744015422269571,0.167863845301878,-0.495352212909929,-3.51109142949727,rs78650348,FinnGen,post_outlier_removal
-1.21723996753574,-1.34568083782743,0.0582381144577714,0.532230289436963,-9.12122467813498,rs139890497,FinnGen,post_outlier_removal
0.114504088890829,0.0582983775006098,0.0379258235048386,0.288611039602728,-0.540284861051601,rs12907183,FinnGen,post_outlier_removal
-1.24085204596001,-0.913116015419838,0.0983407416356367,-1.04509904224185,-6.4795258926794,rs182221340,FinnGen,post_outlier_removal
0.122137694285627,0.23074391954814,0.0368266419133028,-0.565944260725513,-2.01734999586698,rs12911494,FinnGen,post_outlier_removal
2.13240187802364,1.91196860023756,0.0382901557241761,1.12650621538629,-13.1962377334133,rs11638002,FinnGen,post_outlier_removal
-0.300830534327852,-0.0942060216137251,0.0768537338876692,-0.745331294075482,-1.05493089851372,rs72743410,FinnGen,post_outlier_removal
0.873457288730272,-0.221436732673143,0.130533394126181,3.03047893113596,1.42269597207832,rs71398291,FinnGen,post_outlier_removal
2.24309749118132,1.8543311887367,0.0866627527688563,1.32060328751827,-9.29123622019759,rs79346334,FinnGen,post_outlier_removal
1.25531740841812,1.02013932111705,0.0366582794831398,1.22831799668995,-8.65083492429538,rs266332,FinnGen,post_outlier_removal
0.505883259312156,0.633123505681542,0.0399970380624158,-0.636224788009408,-5.71673253488023,rs16950543,FinnGen,post_outlier_removal
-0.51181193317954,-0.714728388080285,0.0397110413248692,1.0182669041703,-5.74906726721003,rs7181798,FinnGen,post_outlier_removal
1.33202876652146,1.35315069573085,0.0522950403264077,-0.0923641273967485,-9.72305479605585,rs17212752,FinnGen,post_outlier_removal
-1.160838189391,-1.1272583909692,0.0362136988416322,-0.176458117580623,-9.80792269147142,rs35597327,FinnGen,post_outlier_removal
-0.103019783614648,-0.025077525296508,0.0604686068622813,-0.316962587467193,-0.133014811191779,rs79839477,FinnGen,post_outlier_removal
-0.167939324270186,-0.199783873649615,0.0374711243100666,0.164507895135669,-2.35462612109409,rs266335,FinnGen,post_outlier_removal
-1.08623501866929,-1.04964161057974,0.0950397704192225,-0.118699849871222,-7.36089629065132,rs145337321,FinnGen,post_outlier_removal
-1.77396343198282,-1.68626763440288,0.0384365950301399,-0.447307652685171,-12.2301304532115,rs3101486,FinnGen,post_outlier_removal
1.35842017413229,1.81969793434222,0.0996952172192005,-1.46091636595001,-7.60617142928924,rs1409,FinnGen,post_outlier_removal
0.947368654854228,-0.705272876355707,0.190075763541939,3.79066399837374,3.95118159775364,rs74619957,FinnGen,post_outlier_removal
-1.15492864901957,-1.11205309797067,0.0381018797214865,-0.219652683745421,-9.64596587292801,rs67535429,FinnGen,post_outlier_removal
-0.21917858459411,-0.266943139766149,0.0540428399074946,0.205464434019816,-2.65925121724045,rs12901393,FinnGen,post_outlier_removal
2.07440210549919,1.98592235839489,0.0372236086909078,0.458600617967986,-14.232324936148,rs422342,FinnGen,post_outlier_removal
0.503937913143298,0.354556637340463,0.0372558341844779,0.773925253758756,-4.29493281790593,rs34722686,FinnGen,post_outlier_removal
0.488189871723686,0.355886486689555,0.0372558341844792,0.685446889413545,-4.32502288727109,rs3101491,FinnGen,post_outlier_removal
0.145133085464618,-0.213704566586228,0.0604686068622818,1.4592611649824,1.48850806100464,rs187474521,FinnGen,post_outlier_removal
-1.04195782700381,-1.13369110644187,0.0362136988417119,0.482048212612673,-9.43825613574656,rs57252824,FinnGen,post_outlier_removal
1.95812617137528,1.99563225451901,0.0372236086909132,-0.194398305490167,-14.0160055785459,rs3104500,FinnGen,post_outlier_removal
-1.14788644598293,-1.12795922059726,0.0362136988415609,-0.104715359991015,-9.80009116236578,rs7181718,FinnGen,post_outlier_removal
1.96742826048153,1.99485546162862,0.0372236086909077,-0.142158310877183,-14.0575290817823,rs76116632,FinnGen,post_outlier_removal
-1.16901305260535,-1.12681604230851,0.036213698841743,-0.221740610559074,-9.80878406157191,rs12912472,FinnGen,post_outlier_removal
0.318770916103155,0.0779442270154514,0.194539999102797,0.546009451181391,-0.389356570536588,rs143268071,FinnGen,post_outlier_removal
0.517242291558539,0.443144063632051,0.0412984359275497,0.364620447529913,-4.9177331350169,rs55766013,FinnGen,post_outlier_removal
-2.84843605719297,-2.68767810466044,0.0718082448428784,-0.59990890743284,-13.8703963299824,rs117702232,FinnGen,post_outlier_removal
1.75171541304536,1.71279942598545,0.0374434851897862,0.201112894946745,-12.4932992745878,rs62005979,FinnGen,post_outlier_removal
-1.1760552531444,-1.12643498296771,0.0362136988416578,-0.260749018181548,-9.80700060557911,rs58048858,FinnGen,post_outlier_removal
0.354680549548176,-0.059826008129659,0.0558556129641783,1.75387240310604,0.945899025394905,rs117266051,FinnGen,post_outlier_removal
0.517242291558539,0.356115440416004,0.03832679546121,0.823031894242695,-4.24780307349425,rs62005980,FinnGen,post_outlier_removal
-1.19013965168959,-1.12567286442601,0.0362136988416509,-0.338765819380763,-9.79644876601857,rs2054364,FinnGen,post_outlier_removal
-1.19013965168959,-1.12567286442643,0.036213698841648,-0.338765819378541,-9.79644876602076,rs34307601,FinnGen,post_outlier_removal
1.75171541304536,1.71279942598548,0.0374434851897875,0.20111289494663,-12.4932992745877,rs11635753,FinnGen,post_outlier_removal
-1.19013965168959,-1.12567286442525,0.0362136988416605,-0.338765819384705,-9.79644876601439,rs34189958,FinnGen,post_outlier_removal
1.93456666374239,1.99759964677067,0.0372236086909085,-0.326707138245576,-13.8920654041577,rs36221701,FinnGen,post_outlier_removal
-0.271784838449552,-0.0592874336830317,0.103533018974932,-0.660410837253781,-0.46819713132299,rs76500746,FinnGen,post_outlier_removal
1.83176531208245,2.00618431610539,0.0372236086909067,-0.904033585629449,-13.0467886011941,rs3809572,FinnGen,post_outlier_removal
0.522989420602913,0.596220594441658,0.0386608788503989,-0.372443272916091,-5.91950294996274,rs36222034,FinnGen,post_outlier_removal
-1.0915487925058,-1.19185668696045,0.0382318249820784,0.513006183160851,-9.50139786997589,rs1061427,FinnGen,post_outlier_removal
-0.958448941264157,-1.01647157584193,0.109894970261524,0.17502840557443,-6.2967914487127,rs146298603,FinnGen,post_outlier_removal
0.488189871723686,0.53235225439456,0.0375468619871861,-0.227911202987282,-5.52958327575272,rs4776337,FinnGen,post_outlier_removal
0.488189871723686,0.532352254394567,0.0375468619871853,-0.227911202987318,-5.5295832757528,rs4776338,FinnGen,post_outlier_removal
1.81307412672708,2.00774516762291,0.0372236086909069,-1.00900220193973,-12.8436874838324,rs76302777,FinnGen,post_outlier_removal
0.454023856383597,0.604864980819774,0.0386608788503996,-0.767156377952649,-5.24068117773066,rs72743414,FinnGen,post_outlier_removal
0.336149366595454,-0.515467946672835,0.12131643268819,2.44503266923065,2.93782013084607,rs145815691,FinnGen,post_outlier_removal
-0.270532004699338,-0.0688314704724058,0.0537950809707143,-0.86963250769379,-0.974603724922786,rs12901148,FinnGen,post_outlier_removal
-0.137404904760325,-0.126509338605596,0.0378809727718316,-0.0559808180370554,-1.35513302901184,rs7162912,FinnGen,post_outlier_removal
0.522989420602913,0.59622059444159,0.0386608788504003,-0.372443272915737,-5.91950294996245,rs16950547,FinnGen,post_outlier_removal
0.122137694285627,0.128076394972591,0.037880972771833,-0.0305127166236486,-1.23003777775428,rs12904944,FinnGen,post_outlier_removal
0.522989420602913,0.596220594441594,0.0386608788504014,-0.372443272915751,-5.91950294996237,rs16950553,FinnGen,post_outlier_removal
0.28624598593081,0.0577009736394275,0.048395350685746,1.03889086419745,-0.925330613890576,rs144938077,FinnGen,post_outlier_removal
0.535433990509371,0.532426086320088,0.0372906257794156,0.0155762949701143,-5.85111865930314,rs17291497,FinnGen,post_outlier_removal
0.574804076372932,0.612282970655397,0.037662850998836,-0.193121298841285,-6.46847217109657,rs10518705,FinnGen,post_outlier_removal
0.860841960704075,1.30109888794098,0.0880908296498509,-1.48334047766132,-6.12057877822718,rs78679132,FinnGen,post_outlier_removal
0.543308008669507,0.517306350622462,0.0367966418440824,0.135549197165177,-5.83604711763984,rs11632964,FinnGen,post_outlier_removal
0.397790861515828,-0.0630361364479282,0.0668501720940531,1.78232397836948,0.915958171000865,rs142639196,FinnGen,post_outlier_removal
0.543308008669507,0.517306350622663,0.036796641844083,0.135549197164126,-5.83604711764116,rs4776879,FinnGen,post_outlier_removal
0.133333648676859,0.229802430833141,0.0435981275985223,-0.46201159691056,-1.91542566048905,rs76246800,FinnGen,post_outlier_removal
0.122222512122781,0.232791963154391,0.0435981275985221,-0.529543003433795,-1.78995743160304,rs76131938,FinnGen,post_outlier_removal
-1.14778237401069,-1.23119270509717,0.0951232175883099,0.27044351944355,-8.01737279606427,rs139623638,FinnGen,post_outlier_removal
0.574804076372932,0.591629845289658,0.0363113923566948,-0.0882985290828336,-6.49650181537619,rs7163797,FinnGen,post_outlier_removal
-0.545455468083561,-0.519752113632306,0.0380728048515152,-0.131729295392158,-5.76144234910252,rs4776880,FinnGen,post_outlier_removal
1.79533922611351,1.75010182524751,0.041009949688798,0.223384495244694,-12.2710223619374,rs78918439,FinnGen,post_outlier_removal
0.598426121769043,0.590284463437518,0.036311392356692,0.0427259198986183,-6.63082837558793,rs10518707,FinnGen,post_outlier_removal
0.574804076372932,0.594010397054247,0.0364943310478876,-0.100538284887919,-6.49146820601418,rs66935117,FinnGen,post_outlier_removal
0.535433990509371,0.59646234611387,0.036494331047888,-0.319461822168548,-6.20499102457753,rs12908498,FinnGen,post_outlier_removal
0.574804076372932,0.591629845289369,0.0363113923566918,-0.08829852908132,-6.49650181537499,rs7177795,FinnGen,post_outlier_removal
0.574804076372932,0.591629845289528,0.0363113923566902,-0.0882985290821593,-6.49650181537596,rs7178381,FinnGen,post_outlier_removal
-0.94323169159245,-1.15722971134658,0.0668540756286798,0.827648267770092,-7.82640496169289,rs12913535,FinnGen,post_outlier_removal
0.79496473325549,1.43648105866665,0.0688893276272212,-2.4441718608106,-5.41951560959071,rs11638611,FinnGen,post_outlier_removal
0.574804076372932,0.591629845289578,0.0363113923566927,-0.0882985290824149,-6.49650181537598,rs1498506,FinnGen,post_outlier_removal
0.519685952757334,0.594769070618515,0.0363113923566942,-0.394022341499352,-6.07867358835117,rs1498507,FinnGen,post_outlier_removal
-1.03773565691448,1.08805565186686,0.15805564632529,-5.34706692192178,5.64266725236733,rs74687488,FinnGen,post_outlier_removal
0.503937913143298,0.517441775143765,0.0366583739865523,-0.0705295953805298,-5.63808386056075,rs2899722,FinnGen,post_outlier_removal
0.559056043522749,0.594991176585128,0.0364943310478771,-0.188107691486483,-6.38581263458833,rs28613758,FinnGen,post_outlier_removal
-2.50239547786927,-2.16721934342503,0.0880506347935972,-1.12955359548829,-10.4445498248327,rs149681445,FinnGen,post_outlier_removal
0.677166237177787,0.56662010657141,0.0376754275892081,0.569527174377261,-6.56673525515316,rs11635145,FinnGen,post_outlier_removal
0.409449639516824,0.55267206687194,0.0387341090436798,-0.727719888867855,-4.7717498757503,rs12901081,FinnGen,post_outlier_removal
-0.469697851161364,-0.490773332772446,0.0408401027017839,0.104287941462576,-5.03943515284716,rs12901071,FinnGen,post_outlier_removal
0.377953535969888,0.502185821068546,0.0381876141036561,-0.635730738901717,-4.49608154448562,rs12901499,FinnGen,post_outlier_removal
-0.236641759269889,-0.172571534496375,0.0559011614972026,-0.2709853619157,-2.00886438562539,rs78800186,FinnGen,post_outlier_removal
0.748032289385858,0.386233939809984,0.0443375051423489,1.71822864691821,-3.65478030801863,rs12901372,FinnGen,post_outlier_removal
0.167582809768929,0.769068667243176,0.0834310925068314,-2.08238705374475,-1.09949059787828,rs138669942,FinnGen,post_outlier_removal
-1.7549207891165,-0.957659193403207,0.0612381328662956,-3.22173543765881,-5.6935287031344,rs72743421,FinnGen,post_outlier_removal
1.67811766169187,1.74510480579782,0.0476167721846682,-0.306980992950695,-11.3120362677886,rs28672134,FinnGen,post_outlier_removal
0.12448162289274,0.0127712337067742,0.0484721085921233,0.507396665289297,-0.101386411709523,rs28617673,FinnGen,post_outlier_removal
1.67499271761854,1.74631113506899,0.0476167721846703,-0.326829855143246,-11.2979844976571,rs28424190,FinnGen,post_outlier_removal
0.576924003715959,0.261942876545306,0.0486304223843961,1.42833642623164,-2.71080267783628,rs12592283,FinnGen,post_outlier_removal
-0.425466677529748,-1.03058615751692,0.0467756119489248,2.79789488932084,-3.71328915634126,rs12594609,FinnGen,post_outlier_removal
1.70391968327529,1.73539191389644,0.0432341168903995,-0.151361083806117,-11.7886256823621,rs61414048,FinnGen,post_outlier_removal
1.81514148555913,1.73070572182972,0.0450124213192204,0.397979084227516,-11.7702546446982,rs16950556,FinnGen,post_outlier_removal
-0.51181193317954,-0.221277388088084,0.0436322011242086,-1.3908945869789,-2.5519415338033,rs6494629,FinnGen,post_outlier_removal
-0.747634863372086,-0.85743289328139,0.0456139404267605,0.514097808061775,-7.71090924613114,rs72743422,FinnGen,post_outlier_removal
-0.747634863372086,-0.857432893281358,0.045613940426761,0.514097808061626,-7.7109092461311,rs72743423,FinnGen,post_outlier_removal
0.531250918166276,0.29106748232732,0.0399760095609462,1.20127747290042,-3.37495993022462,rs12903831,FinnGen,post_outlier_removal
1.21538321898189,0.947531285605784,0.0398084120739748,1.34247855942455,-8.0830179215741,rs11427899,FinnGen,post_outlier_removal
0.578125926791134,0.333730736916625,0.0415401591462694,1.19910876071177,-3.7018939271317,rs7166537,FinnGen,post_outlier_removal
0.507813407436735,0.561924664438152,0.0371344291175147,-0.280801385832264,-5.81264804739463,rs11071929,FinnGen,post_outlier_removal
0.507813407436735,0.50825048778341,0.0370581566313819,-0.00227048884520928,-5.58227179698735,rs12910698,FinnGen,post_outlier_removal
0.476563386893825,0.539764748661563,0.0365593384741459,-0.330542472637462,-5.53606844107619,rs4776881,FinnGen,post_outlier_removal
0.507813407436735,0.537759380609787,0.0365593384741441,-0.15661713199365,-5.76566686868711,rs12324036,FinnGen,post_outlier_removal
-0.590770156806012,-0.566639755758041,0.0426060987003192,-0.116903807297832,-5.92461653753397,rs16950559,FinnGen,post_outlier_removal
-0.59384707949405,-0.565900736628455,0.04260609870032,-0.135390782546205,-5.9332981968366,rs58419901,FinnGen,post_outlier_removal
1.16922973571138,1.14789572553903,0.037141145489496,0.110699293939037,-9.82257134265835,rs11856909,FinnGen,post_outlier_removal
0.771654294981815,0.848011522061529,0.0384313721046794,-0.389499768102944,-8.31742919317524,rs2118613,FinnGen,post_outlier_removal
0.51562591147022,0.537258038667424,0.0365593384741438,-0.113135802966544,-5.81608397960262,rs4776883,FinnGen,post_outlier_removal
-0.41666749576952,-0.608455950076108,0.0426060987003206,0.929151590130368,-4.59786960107954,rs72743427,FinnGen,post_outlier_removal
0.51562591147022,0.537258038667641,0.0365593384741433,-0.113135802967682,-5.81608397960369,rs8035486,FinnGen,post_outlier_removal
0.51562591147022,0.537258038667475,0.0365593384741458,-0.113135802966812,-5.8160839796027,rs2083194,FinnGen,post_outlier_removal
0.51562591147022,0.650397103752262,0.0366191698553447,-0.704275893180221,-6.08688595846778,rs11631785,FinnGen,post_outlier_removal
0.748032289385858,0.853526881994902,0.0372475032792823,-0.546615088800202,-8.22358071219403,rs11631839,FinnGen,post_outlier_removal
0.716536272576999,0.778929092992185,0.0374437361890981,-0.322437117199205,-8.00455143604517,rs12907997,FinnGen,post_outlier_removal
1.09438723417422,1.39443606274629,0.100224777613872,-0.947773114563082,-7.49447428246418,rs112215760,FinnGen,post_outlier_removal
0.679688380534528,0.560929686590345,0.0368640579267191,0.618534378321842,-6.58050956634158,rs12912885,FinnGen,post_outlier_removal
-1.43699363416632,-0.806915918394946,0.0439492917927414,-3.00551001470756,-5.76085437886913,rs148586558,FinnGen,post_outlier_removal
0.468750880690301,0.6534867922543,0.0366191698553442,-0.965377295519664,-5.50438957590293,rs12914117,FinnGen,post_outlier_removal
0.165354717976226,0.13224093023452,0.0369753085989262,0.172207854889239,-1.69398037223723,rs4776884,FinnGen,post_outlier_removal
0.165354717976226,0.206588134397456,0.0367831376152874,-0.214993304050779,-2.40878605457522,rs4776885,FinnGen,post_outlier_removal
0.433071713350753,0.388237655471578,0.0361795796149967,0.23570906763558,-4.59626736031878,rs4776886,FinnGen,post_outlier_removal
0.440945737195633,0.387819405525554,0.0361795796149952,0.279304588904266,-4.61410210268267,rs4776887,FinnGen,post_outlier_removal
0.362205482136932,0.501941383449545,0.037197565683819,-0.72452060460138,-4.38172137358136,rs11629799,FinnGen,post_outlier_removal
1.31730536000849,1.16857564536775,0.0482447369920208,0.677131118868479,-9.22341387986696,rs116542540,FinnGen,post_outlier_removal
0.451613768870207,1.22065488024921,0.153704559001817,-1.96158071120981,-2.10977669886178,rs138566155,FinnGen,post_outlier_removal
-0.195205931573373,-0.295013101130476,0.132746297397601,0.273936896572205,-1.2796410324708,rs142788699,FinnGen,post_outlier_removal
0.440945737195633,0.369841876371355,0.038001396799428,0.364748406149514,-4.39519544072688,rs11634686,FinnGen,post_outlier_removal
1.58307582980258,1.607746503225,0.0416682770417475,-0.120858787478377,-11.3475355160142,rs80256914,FinnGen,post_outlier_removal
2.05017723698134,1.39613735112339,0.103351200719856,2.03444742344016,-6.77202182120138,rs62005996,FinnGen,post_outlier_removal
1.06976706989948,0.967706554512689,0.0372451331042251,0.528838411170714,-9.10312995817307,rs12904824,FinnGen,post_outlier_removal
0.440945737195633,0.308240588107512,0.0364591191538141,0.694999813829686,-3.9248202298769,rs4776339,FinnGen,post_outlier_removal
1.05426328291691,0.980024339332284,0.0362141325653722,0.390115081214505,-9.24635375408436,rs4776888,FinnGen,post_outlier_removal
1.06976706989948,0.977907861598663,0.0364165033783296,0.481363965553785,-9.19799923513163,rs12442353,FinnGen,post_outlier_removal
-1.10020394146351,-0.812672562848339,0.0708724955936964,-1.08005627348508,-6.73801136550401,rs79458729,FinnGen,post_outlier_removal
0.24189581021945,1.88308887885325,0.0811137851005904,-5.76251860002312,-1.76629066464591,rs190469971,FinnGen,post_outlier_removal
1.0077519002179,1.05018146057013,0.0367860782250447,-0.221221221847868,-9.34038907694275,rs1465842,FinnGen,post_outlier_removal
0.984496196966427,1.09376176316702,0.0371901514933098,-0.566590576156984,-9.14436420058851,rs1465841,FinnGen,post_outlier_removal
1,1.09248218028484,0.0371901514933088,-0.479561252770554,-9.23973189700487,rs1465840,FinnGen,post_outlier_removal
1,0.982961255855553,0.0362141325653765,0.0895361751494618,-9.26951003964058,rs881862,FinnGen,post_outlier_removal
1,1.09274110483436,0.0374286709379884,-0.479369129049664,-9.22865677539087,rs881861,FinnGen,post_outlier_removal
1.41944941894266,1.67204358105213,0.0411126297377941,-1.24576372472681,-10.0165435426385,rs79826987,FinnGen,post_outlier_removal
1,0.989855503878676,0.0362162802841862,0.0533063024583787,-9.28545662966806,rs7169183,FinnGen,post_outlier_removal
1,0.989855503878558,0.0362162802841845,0.0533063024590018,-9.28545662966788,rs11294920,FinnGen,post_outlier_removal
1,0.989855503878746,0.0362162802841846,0.0533063024580112,-9.28545662966829,rs7169630,FinnGen,post_outlier_removal
1.56797032411149,1.64282814513574,0.0411126297378354,-0.369189680257305,-11.3504217576338,rs72145342,FinnGen,post_outlier_removal
0.2462011647912,1.05017667533054,0.135527343190901,-2.18388295045286,-1.15451912586873,rs79824500,FinnGen,post_outlier_removal
1.0620151768692,0.979604780024487,0.036214132565376,0.433054904954916,-9.23171295742757,rs7176870,FinnGen,post_outlier_removal
1.57401252701098,1.64163958793345,0.0411126297378344,-0.333528449761014,-11.3815934620551,rs28417316,FinnGen,post_outlier_removal
0.385827562382073,0.288909921789191,0.0365369682554271,0.507033412005545,-3.78841313692243,rs7181878,FinnGen,post_outlier_removal
0.414063326077864,0.309887257958664,0.0364591191538163,0.545588083400385,-3.96008190492687,rs9302242,FinnGen,post_outlier_removal
0.504457233551826,0.0790488215359179,0.208575833180383,0.931481169621035,-0.551070106609783,rs189286879,FinnGen,post_outlier_removal
0.510310187125317,0.425274699239187,0.0443278404387075,0.403888902929116,-4.62685034958312,rs2053295,FinnGen,post_outlier_removal
0.854962385918922,0.857246720533933,0.0538611983062,-0.00984286922692595,-7.79925106532715,rs9972423,FinnGen,post_outlier_removal
-0.53092875309849,-0.674012567449228,0.0377504972200971,0.736426098135404,-6.17167624961539,rs1530061,FinnGen,post_outlier_removal
0.796993181282032,0.772333796174382,0.0423490928060537,0.119828517790267,-7.99564478919678,rs4776890,FinnGen,post_outlier_removal
-0.536083394087212,-0.672718252350168,0.0385460827923247,0.695939337962175,-6.16645881824024,rs17213990,FinnGen,post_outlier_removal
0.516779435517344,0.431935088506908,0.0423920474381306,0.41207922044921,-4.77545209912388,rs12916733,FinnGen,post_outlier_removal
1.00769227021955,1.0621556534877,0.0435581963234507,-0.260957433366325,-9.05638088875851,rs12594610,FinnGen,post_outlier_removal
-0.516779435517344,-0.385303543540074,0.0453083123693101,-0.617670959390594,-4.27165226320265,rs72743436,FinnGen,post_outlier_removal
-0.53092875309849,-0.674012567449135,0.0377504972200996,0.7364260981349,-6.1716762496152,rs56067504,FinnGen,post_outlier_removal
-0.53092875309849,-0.674012567449184,0.037750497220097,0.73642609813518,-6.17167624961541,rs56099042,FinnGen,post_outlier_removal
0.496645196196872,0.435415247113115,0.0419706348427176,0.298876059805408,-4.78315643820405,rs1530060,FinnGen,post_outlier_removal
-0.53092875309849,-0.674012567449136,0.0377504972200934,0.736426098134967,-6.1716762496157,rs56336169,FinnGen,post_outlier_removal
-0.53092875309849,-0.674012567449174,0.0377504972200992,0.736426098135107,-6.17167624961523,rs56286270,FinnGen,post_outlier_removal
1.35753914412055,-0.500636313929448,0.249474099662834,3.72026595434333,2.09785744672267,rs72743437,FinnGen,post_outlier_removal
-0.520619470511602,-0.500173457393501,0.0391125331020802,-0.10338336486627,-5.45189666742823,rs2053294,FinnGen,post_outlier_removal
0.373418495287255,0.163329893954206,0.0410124483371685,1.03739617316379,-2.51731182988912,rs2118612,FinnGen,post_outlier_removal
-0.341772878718904,-0.208304413941625,0.0403938550337325,-0.664080937181779,-3.06572975263116,rs2118611,FinnGen,post_outlier_removal
0.577778704570655,0.538738923969861,0.0384312148917028,0.19914312206402,-6.000523409083,rs11071933,FinnGen,post_outlier_removal
0.585186111721623,0.537859972572026,0.0384312148917034,0.24141209198536,-6.02247371908848,rs11071934,FinnGen,post_outlier_removal
0.11688339447907,-1.71344741490407,0.193538485992945,4.16050377543538,0.435835800436236,rs139603542,FinnGen,post_outlier_removal
0.51111202030589,0.546649488912264,0.0384312148917046,-0.181277720817455,-5.68123747167463,rs62006018,FinnGen,post_outlier_removal
0.585186111721623,0.537859972572045,0.0384312148917057,0.241412091985253,-6.02247371908844,rs56324967,FinnGen,post_outlier_removal
-0.280255398888439,-0.219118393743797,0.0403938550337313,-0.304191104173497,-3.11253084172962,rs4776891,FinnGen,post_outlier_removal
-0.189873858431829,-0.306688810528671,0.0412068112011886,0.575458396596594,-2.88786811350547,rs8038623,FinnGen,post_outlier_removal
0.274603785955455,-0.237203294303331,0.198928633586525,1.14751306736359,0.98881838376261,rs189241501,FinnGen,post_outlier_removal
-0.611399885594029,-0.494457695503747,0.0382393432484003,-0.598020415860762,-5.70916893805826,rs56118922,FinnGen,post_outlier_removal
-0.500000902955464,-0.120950532459129,0.0674285190765883,-1.45973867559755,-1.53661503259947,rs1438386,FinnGen,post_outlier_removal
-1.59225601851251,-1.08903218394039,0.0653822552540749,-1.96802791532663,-6.80362538741666,rs7168228,FinnGen,post_outlier_removal
-0.332061780102741,-0.465608962344902,0.0819049532533018,0.466637509700265,-3.2776133011432,rs151090251,FinnGen,post_outlier_removal
-0.97267772186287,0.169406654475155,0.0605505125954818,-4.64129612676311,1.14623913484779,rs60428975,FinnGen,post_outlier_removal
0.218750501519819,-0.00553059489978297,0.0480219446855242,1.02346453691497,0.0743832621657145,rs35887379,FinnGen,post_outlier_removal
-0.695783996825503,-0.632273378638339,0.139273195073355,-0.170181587505338,-3.98802516755114,rs72743439,FinnGen,post_outlier_removal
-0.993115351229821,-1.2249758733678,0.0585536031425604,0.958186388261092,-8.14486501249559,rs34305009,FinnGen,post_outlier_removal
-0.500000902955464,-0.212843431739293,0.0475775621261993,-1.31649443508893,-2.51065464688312,rs11637580,FinnGen,post_outlier_removal
-0.500000902955464,-0.289749686618298,0.0465819047630385,-0.974159108026734,-3.3617700407613,rs11637581,FinnGen,post_outlier_removal
-1.34513012185382,-1.00589919137424,0.0499493306623269,-1.51785612383509,-7.6482285896585,rs718663,FinnGen,post_outlier_removal
-1.34218030071436,-0.981517975316409,0.0535587487368995,-1.55842378316039,-7.41272933915748,rs7180412,FinnGen,post_outlier_removal
-0.314103245805593,-0.458753700481711,0.083093075480136,0.50180777537275,-3.16640954083936,rs117683492,FinnGen,post_outlier_removal
0.641415050457648,0.106153025979921,0.0528435389347122,2.3284691323786,-0.770262609055293,rs7359174,FinnGen,post_outlier_removal
-0.172185832773915,-0.347383724329913,0.0465458733609652,0.812060307990626,-2.59639946660234,rs7163381,FinnGen,post_outlier_removal
1.25423555731692,1.09064876350435,0.0523753670342756,0.714800258531147,-8.82217727513219,rs4776892,FinnGen,post_outlier_removal
-1.43881485771673,-0.919918407500359,0.0455774265428875,-2.43055694091141,-6.35713012271392,rs920293,FinnGen,post_outlier_removal
0.203125468921042,-0.164373287148393,0.0461251212864234,1.7111461829019,2.00380200992496,rs4776341,FinnGen,post_outlier_removal
-1.34189972645837,-1.85517489549101,0.141561671932806,1.3641980143013,-7.18838418581621,rs150511805,FinnGen,post_outlier_removal
-0.364341846106337,-0.430302668671127,0.0358515426667995,0.34836309390519,-4.43719444038782,rs4776894,FinnGen,post_outlier_removal
0.364341846106337,0.363782532488652,0.0360165849920891,0.00294716280477991,-4.22855030318674,rs17214419,FinnGen,post_outlier_removal
-0.87538043182522,-0.816892095858945,0.0396937358650917,-0.293567705095661,-8.4918216748557,rs16950615,FinnGen,post_outlier_removal
-0.87538043182522,-0.816892095858889,0.0396937358650921,-0.29356770509594,-8.49182167485541,rs57057044,FinnGen,post_outlier_removal
-0.364341846106337,-0.430302668671012,0.0358515426668079,0.348363093904542,-4.43719444038721,rs4776896,FinnGen,post_outlier_removal
0.418605482490319,0.3368887397165,0.0358266443080204,0.431725778531602,-4.21030910765123,rs11071937,FinnGen,post_outlier_removal
0.836207502123086,0.88134260827635,0.0410754295573295,-0.222701637966213,-8.51075089292767,rs16950625,FinnGen,post_outlier_removal
0.84051783544518,0.880499393178009,0.0410754295573302,-0.197273456393494,-8.52770368451959,rs71398295,FinnGen,post_outlier_removal
0.348837947048865,0.364532506161119,0.0360165849920792,-0.0826985422678714,-4.16086072114173,rs11631254,FinnGen,post_outlier_removal
0.364341846106337,0.363782532488387,0.0360165849920735,0.00294716280618075,-4.22855030318628,rs11636161,FinnGen,post_outlier_removal
-0.893293117477012,-0.814108321385711,0.0396937358650929,-0.397448456738358,-8.47293543296921,rs16950635,FinnGen,post_outlier_removal
-0.571429498076488,-0.428520886461419,0.0378561222872058,-0.734497525595259,-5.01933490926191,rs8028147,FinnGen,post_outlier_removal
-0.630953295392144,-0.422454303909157,0.0378561222872048,-1.07160787305007,-4.85413084312428,rs4776342,FinnGen,post_outlier_removal
0.750000790085139,-0.588027843380426,0.178042851394396,3.17105034276867,3.61192443487285,rs138012395,FinnGen,post_outlier_removal
-0.265306716309763,-0.120106989250393,0.0415784401345783,-0.71208478092849,-1.9658534697899,rs991157,FinnGen,post_outlier_removal
0.364341846106337,0.363782532488807,0.0360165849920781,0.00294716280396398,-4.22855030318788,rs55847720,FinnGen,post_outlier_removal
-0.364341846106337,-0.430302668670964,0.035851542666811,0.348363093904274,-4.43719444038697,rs7173555,FinnGen,post_outlier_removal
-0.878049264711352,-0.816477337904367,0.039693735865092,-0.309045025002371,-8.49015763942633,rs71398296,FinnGen,post_outlier_removal
0.364341846106337,0.36378253248878,0.0360165849920816,0.00294716280410921,-4.22855030318761,rs12442452,FinnGen,post_outlier_removal
-0.364341846106337,-0.430302668671138,0.0358515426668057,0.348363093905217,-4.43719444038754,rs7178291,FinnGen,post_outlier_removal
-1.24017306582535,-1.27748200035148,0.04315341977214,0.179599547294819,-9.84251647304777,rs61592978,FinnGen,post_outlier_removal
0.372093795163969,0.363407545675159,0.0360165849920717,0.0457700127389256,-4.25850276905836,rs11071938,FinnGen,post_outlier_removal
-0.94320162760155,-1.26013421692827,0.0585536031425608,1.30975506433339,-7.55102469439403,rs34305640,FinnGen,post_outlier_removal
0.0697676090346283,-0.0489584017685506,0.0371592886900115,0.615902801762804,0.286003983560005,rs1545161,FinnGen,post_outlier_removal
-0.364341846106337,-0.430302668671042,0.035851542666802,0.348363093904731,-4.43719444038755,rs1545160,FinnGen,post_outlier_removal
0.364341846106337,0.339213633926601,0.0358266443080211,0.132757334643537,-4.11926949467147,rs12439500,FinnGen,post_outlier_removal
-0.364341846106337,-0.430302668670954,0.0358515426668073,0.348363093904236,-4.43719444038714,rs4776897,FinnGen,post_outlier_removal
-0.165775789267594,-0.0497996501024411,0.0386613854790206,-0.589834186311954,-0.640723420491194,rs10534931,FinnGen,post_outlier_removal
-1.24017306582535,-1.27748200035141,0.0431534197721392,0.179599547294447,-9.84251647304777,rs55993214,FinnGen,post_outlier_removal
-0.364341846106337,-0.43030266867107,0.0358515426668072,0.348363093904853,-4.43719444038735,rs2414936,FinnGen,post_outlier_removal
0.364341846106337,0.363782532488649,0.0360165849920838,0.00294716280479533,-4.22855030318696,rs990986,FinnGen,post_outlier_removal
-0.878049264711352,-0.816477337904313,0.0396937358650922,-0.309045025002642,-8.49015763942605,rs34732626,FinnGen,post_outlier_removal
-0.364341846106337,-0.430302668671035,0.0358515426668061,0.348363093904674,-4.43719444038734,rs8026261,FinnGen,post_outlier_removal
-0.364341846106337,-0.447873479250053,0.0372485754836198,0.432808855653129,-4.39594619778553,rs8025083,FinnGen,post_outlier_removal
-0.458599598127876,-0.496045816877,0.0854722052858259,0.128084186789742,-3.78180995613515,rs55825142,FinnGen,post_outlier_removal
0.0542636961670777,0.0308738165438824,0.0366609446781977,0.122159194638237,-0.142820904349687,rs6494633,FinnGen,post_outlier_removal
-0.379845743898559,-0.429627176766687,0.0358515426668104,0.262913852475656,-4.54730248449078,rs6494634,FinnGen,post_outlier_removal
-0.144385367152524,-0.158681427017165,0.0378852276454923,0.073448242371269,-1.7309909564393,rs12102171,FinnGen,post_outlier_removal
-0.133690155728238,-0.159780529066783,0.0378852276454916,0.134043371577228,-1.62713390651081,rs12102184,FinnGen,post_outlier_removal
-0.0387597831110853,-0.119538150313393,0.0367094278145464,0.421605495138367,-0.387679472898155,rs7178117,FinnGen,post_outlier_removal
-0.571429498076488,-0.525336861338915,0.037204010731956,-0.238966307124279,-5.97674253301115,rs10163132,FinnGen,post_outlier_removal
0.905724297548382,1.29517505159946,0.200592131294401,-0.869552088785174,-4.62555144062486,rs542169997,FinnGen,post_outlier_removal
0.434109375430175,0.360407651757748,0.0360165849920765,0.388352744842668,-4.40518290154324,rs67614233,FinnGen,post_outlier_removal
0.935345109403385,0.938214631694282,0.0412921521637631,-0.0141213378394365,-8.86792871459982,rs71398297,FinnGen,post_outlier_removal
-0.370277847428564,-0.507446636468057,0.0416354667173873,0.67223881650135,-4.27419707211693,rs79783885,FinnGen,post_outlier_removal
0.0775195653809128,0.0172286444265712,0.0372866004699141,0.312230642845277,-0.11160904626723,rs34783441,FinnGen,post_outlier_removal
-0.504188510102867,-0.4775076124887,0.123928211139636,-0.075790600114613,-3.44432383500613,rs7166899,FinnGen,post_outlier_removal
-0.239766626010657,-0.226902658078221,0.0401711218697554,-0.0641826978895139,-3.01150972494068,rs34988122,FinnGen,post_outlier_removal
0.434109375430175,0.48691434211329,0.0364117719568554,-0.276728485260552,-5.06063803841065,rs11631380,FinnGen,post_outlier_removal
-0.117647338183081,-0.161429182183161,0.0378852276454906,0.224936067701607,-1.46195400967372,rs28414740,FinnGen,post_outlier_removal
-0.239766626010657,-0.226902658078251,0.0401711218697566,-0.0641826978893645,-3.01150972494082,rs62006053,FinnGen,post_outlier_removal
-0.0310078265292486,0.106448392921267,0.0405012702435234,-0.68301473485958,0.252163112073052,rs28587205,FinnGen,post_outlier_removal
-0.553572353039354,-0.526817877588135,0.0372040107319548,-0.138708016076967,-5.91370239535402,rs4147358,FinnGen,post_outlier_removal
-0.0465117396592717,-0.0749979626882405,0.0372852293378608,0.147525284501382,-0.29089651552802,rs2118610,FinnGen,post_outlier_removal
-0.300191862276879,0.997254310463816,0.0962074517832993,-4.18297234563622,1.6063368098823,rs139677318,FinnGen,post_outlier_removal
0.939655437243779,0.848862456983439,0.0419332733475765,0.443376723207195,-8.51856715849322,rs12916244,FinnGen,post_outlier_removal
-0.149732972776293,-0.158131876001457,0.0378852276454936,0.0431506782690823,-1.78090463866131,rs2033787,FinnGen,post_outlier_removal
0.931034781311929,0.772898300124906,0.0414604537033641,0.776631578971422,-8.02807217090859,rs12914140,FinnGen,post_outlier_removal
-1.41463073603934,-0.316797566465445,0.142517846205471,-2.90804902023712,-1.34939463320532,rs573033720,FinnGen,post_outlier_removal
0.337931755258749,0.532272051756741,0.0465842603373821,-0.900416114599739,-3.76694108429119,rs10518714,FinnGen,post_outlier_removal
0.387597692303376,0.409436923026099,0.0368014349434068,-0.113842640427187,-4.48531625461269,rs12438366,FinnGen,post_outlier_removal
-0.649682432724931,-0.536950058768908,0.0427795173143626,-0.545042932502948,-5.84586690151127,rs2414937,FinnGen,post_outlier_removal
0.460993781923221,0.39591303799612,0.050216496238629,0.290421861631052,-4.15217097885107,rs12443188,FinnGen,post_outlier_removal
0.140969495687478,0.0946475322994497,0.108973785770509,0.140322056098665,-0.379553721399756,rs17293408,FinnGen,post_outlier_removal
-1.36294134791953,-2.17607246763338,0.168680193480356,1.97983290149669,-6.10495946148024,rs75866685,FinnGen,post_outlier_removal
1.48888452664501,0.782134823981333,0.0914019170273329,2.33769572251517,-4.88847382125321,rs550829374,FinnGen,post_outlier_removal
0.469946236857686,0.623888624311764,0.0525332024244717,-0.671647309739974,-4.71687712021906,rs71398298,FinnGen,post_outlier_removal
0.42076586110312,0.649911931513913,0.0525332024244735,-0.99975935331524,-4.20560373544674,rs71400358,FinnGen,post_outlier_removal
0.287770419707176,0.0671264794994694,0.0501658094049119,0.98511763251087,-1.04574569342203,rs12915039,FinnGen,post_outlier_removal
0.526691307862509,0.515842891421246,0.0447344618259954,0.0512914810704304,-5.22067198449557,rs76165714,FinnGen,post_outlier_removal
0.515152426390155,0.519329177384464,0.0447344618259951,-0.0197477434352235,-5.1842933642003,rs75708580,FinnGen,post_outlier_removal
0.101562742028124,-0.0354553711793158,0.0565010873042117,0.576433988141362,0.198222937223627,rs745103,FinnGen,post_outlier_removal
0.388401497127618,-0.04464296095733,0.121855086749791,1.24053966072579,0.410192211218818,rs145131010,FinnGen,post_outlier_removal
0.213333823636818,0.192739307802148,0.0515468698271864,0.0907090121589548,-2.16808132497148,rs2033786,FinnGen,post_outlier_removal
0.501793018717984,0.523365505823796,0.044734461825995,-0.101995053381361,-5.13256404130652,rs74455222,FinnGen,post_outlier_removal
0.44744021478694,-0.435654707052474,0.077429710108659,3.17361010834742,3.72764964683155,rs192798109,FinnGen,post_outlier_removal
-2.31292541571408,-1.25945580621066,0.0904356977046621,-3.50309620829669,-5.81056124895447,rs12439792,FinnGen,post_outlier_removal
0.326389591072632,0.37397849168234,0.0578937046383626,-0.197783474230793,-3.50984602023879,rs17293443,FinnGen,post_outlier_removal
-0.41666749576952,-0.737880180394713,0.0801972020264225,1.13426120666605,-3.45576671368907,rs893473,FinnGen,post_outlier_removal
-0.159468812754862,1.02067557863036,0.109447810977983,-3.56723406673824,0.721028901477561,rs17227716,FinnGen,post_outlier_removal
-0.627907892566574,-0.591537472659349,0.0477505154045183,-0.166440604077871,-5.88448668581033,rs750766,FinnGen,post_outlier_removal
0.405595221556644,0.380595885138124,0.051366984764005,0.110302776432517,-3.93375442381942,rs72743459,FinnGen,post_outlier_removal
-0.751938771352718,-0.844312247226628,0.0462256396671191,0.429641101129767,-7.69574970024449,rs2289263,FinnGen,post_outlier_removal
0.479354569439515,0.530144919490886,0.0447344618259964,-0.240137562226274,-5.02253242705316,rs78458000,FinnGen,post_outlier_removal
-1.28472020990302,-0.971461829339993,0.0549935732054839,-1.33581627069496,-7.68916513877422,rs62006055,FinnGen,post_outlier_removal
-2.12054952120884,-2.12442479640011,0.0384054205401092,0.0197745352624955,-14.7987456521732,rs7167532,FinnGen,post_outlier_removal
-0.859788899638789,-0.478263439481749,0.124743283401281,-1.08022677897824,-3.30367201227314,rs147793459,FinnGen,post_outlier_removal
0.111111375350705,0.25329169632065,0.0382986882097556,-0.726519944056307,-1.89981318022817,rs72743461,FinnGen,post_outlier_removal
-1.31147313627851,-1.35671263599424,0.0381440894916659,0.231634992246053,-10.4341311505404,rs1866317,FinnGen,post_outlier_removal
-2.13473348869165,-2.15835771163559,0.0383916471158205,0.120569971965741,-14.9539293474921,rs2033785,FinnGen,post_outlier_removal
-0.974193667895168,-0.923241194038435,0.0369351192012725,-0.265121850477658,-9.03983784808661,rs11637659,FinnGen,post_outlier_removal
-2.13473348869165,-2.15835771163564,0.0383916471158188,0.120569971966027,-14.9539293474926,rs11637816,FinnGen,post_outlier_removal
0.104166914766261,0.254088926278081,0.0382986882097542,-0.766078812266873,-1.79788945218704,rs17293632,FinnGen,post_outlier_removal
1.42948358797511,1.32545288965811,0.0378547109243963,0.53468936582082,-10.4652003443975,rs17227883,FinnGen,post_outlier_removal
0.111926871634535,-0.184158844134168,0.138909997238168,0.79442097934829,0.458204508016439,rs183843811,FinnGen,post_outlier_removal
-0.142857479820394,-0.103767065170772,0.0371404911702092,-0.202836662405117,-1.18808601285699,rs8024330,FinnGen,post_outlier_removal
1.55413483092288,1.3127537294467,0.0378547109243977,1.24063291083705,-9.79068457126379,rs11630297,FinnGen,post_outlier_removal
-0.942857394904864,-2.16323282921739,0.103247681099951,3.79798551177734,-4.82820374858564,rs8026358,FinnGen,post_outlier_removal
1.59872012509925,1.34503347109358,0.0375992473787215,1.30830211806422,-9.87554931584525,rs10152307,FinnGen,post_outlier_removal
-1.0258063224834,-0.919364568239167,0.0369351192012722,-0.55385014146062,-8.93808044574816,rs11316595,FinnGen,post_outlier_removal
-0.740158286171064,-0.613068545532221,0.0368633757863099,-0.661931336719663,-7.15125056748141,rs10152544,FinnGen,post_outlier_removal
-0.171428972077864,-0.161186983824887,0.0370378336890004,-0.0532183597242212,-2.05955318270848,rs12439555,FinnGen,post_outlier_removal
-1.26229327839621,-1.19757137531949,0.0374119359616056,-0.334615602626139,-10.0075042937057,rs7177402,FinnGen,post_outlier_removal
1.00699297296237,-0.268090372119439,0.130741910593324,3.526396643709,1.36835044737285,rs71400359,FinnGen,post_outlier_removal
-0.590552107163632,-0.530742574837172,0.0369383719117281,-0.311194226957779,-6.1085176920858,rs744910,FinnGen,post_outlier_removal
-0.167347330442721,-0.161505759248953,0.0370378336890234,-0.0303533678682096,-2.0240895779431,rs7181794,FinnGen,post_outlier_removal
-0.247492198224842,-0.996239645473377,0.148482664213641,1.94311041240907,-1.31612161064589,rs55687824,FinnGen,post_outlier_removal
-2.12054952120884,-2.16002442286558,0.0383916471158213,0.201466426955004,-14.8907339127643,rs35533195,FinnGen,post_outlier_removal
-0.606300135838425,-0.529558249587887,0.0369383719117351,-0.399294745136315,-6.1434739397177,rs11634793,FinnGen,post_outlier_removal
-1.94404293391282,-2.12087244363144,0.0398108768109935,0.886245149799344,-13.3665111168459,rs12441344,FinnGen,post_outlier_removal
-0.157143226180792,-0.211824648863173,0.037129033147709,0.283780784698794,-2.33942050913377,rs28434383,FinnGen,post_outlier_removal
0.069444610852172,0.0743174891668693,0.0384641832088204,-0.0248460473789778,-0.415820154597005,rs56375023,FinnGen,post_outlier_removal
-1.2857122639467,-1.19548733849064,0.037411935961602,-0.466467553767558,-9.96832462870138,rs8032802,FinnGen,post_outlier_removal
-0.237410611377566,-0.205342700546362,0.0371290331477091,-0.166423191879794,-2.95595487945116,rs8032739,FinnGen,post_outlier_removal
-1.23626216349714,-1.19988786345367,0.0374119359615981,-0.188057021665808,-10.0199543386319,rs10584805,FinnGen,post_outlier_removal
1.63693605504081,1.42123890504509,0.038240017221414,1.10302502896772,-10.4402792424263,rs72187533,FinnGen,post_outlier_removal
-0.215827833608708,-0.207085605833322,0.037129033147709,-0.0453696362752863,-2.84165430077885,rs2033784,FinnGen,post_outlier_removal
-0.168116335391582,0.136484992145212,0.0651618037000014,-1.19326044113872,1.05860685007405,rs16950675,FinnGen,post_outlier_removal
0.104166914766261,-0.00320937576821206,0.0387744882694867,0.545299826031869,0.0267145233519066,rs17228058,FinnGen,post_outlier_removal
-1.30219562075571,-1.20016185869896,0.037948297274949,-0.523778602613649,-9.93121311299901,rs4776900,FinnGen,post_outlier_removal
-0.172662273858828,-0.247208870376737,0.0373511960263357,0.385723024727439,-2.69573796319053,rs7173698,FinnGen,post_outlier_removal
-1.26229327839621,-1.20433570929538,0.0379482972749509,-0.2975185266386,-10.0042878811332,rs1470004,FinnGen,post_outlier_removal
-0.179856534171293,-0.246581378506712,0.0373511960263346,0.345251292261783,-2.76597927928813,rs7174445,FinnGen,post_outlier_removal
-0.326798088473524,-0.00398573330775951,0.0533749422325593,-1.39727355415087,-0.0642575407814406,rs72743467,FinnGen,post_outlier_removal
0.266116297876604,-0.489914777490636,0.110205916647866,2.27738885613718,2.59938389190277,rs112694013,FinnGen,post_outlier_removal
1.63056673576065,1.530702522397,0.037768597295663,0.5138595799587,-11.4628816832087,rs10152987,FinnGen,post_outlier_removal
-0.163265688767299,-0.161824534676274,0.0370378336890151,-0.00748837578600936,-1.9876660817498,rs7180244,FinnGen,post_outlier_removal
-2.205653232208,-2.18774357752262,0.0388406305068913,-0.0908749273553411,-15.217153071207,rs4601989,FinnGen,post_outlier_removal
0.493717236553334,0.583147798851806,0.0592989145072306,-0.367250663985789,-4.62907873114896,rs187114235,FinnGen,post_outlier_removal
-0.163265688767299,-0.161824534676378,0.0370378336890074,-0.00748837578546902,-1.98766608175117,rs76270685,FinnGen,post_outlier_removal
-0.143885231371677,-0.08788400724625,0.0372034871913558,-0.290339213191942,-1.01875487205804,rs9920190,FinnGen,post_outlier_removal
1.5605041614249,1.41490490736914,0.0372534905908951,0.754354810448195,-10.8160118755951,rs35738694,FinnGen,post_outlier_removal
-0.15918404705258,-0.162143310106892,0.0370378336890041,0.0153766165175186,-1.95030810404513,rs79483120,FinnGen,post_outlier_removal
0.131944756620198,0.210960204058912,0.0383959655769889,-0.403245200365326,-1.97534538014532,rs56062135,FinnGen,post_outlier_removal
-1.28260670340123,-1.19576369984444,0.0374119359615989,-0.448982841783461,-9.9750294157972,rs4776901,FinnGen,post_outlier_removal
-1.53776473091216,-2.157045657092,0.104701225330069,1.91386729821575,-7.21392916666472,rs190342012,FinnGen,post_outlier_removal
1.5605041614249,1.372246456612,0.0378331845791551,0.967868398184966,-10.3818297614158,rs11852653,FinnGen,post_outlier_removal
0.0829385869578248,1.05853316154003,0.0843637923068097,-3.35885556903089,-0.442518562098494,rs188879376,FinnGen,post_outlier_removal
-1.25136441503847,-1.19854392614525,0.0374119359615991,-0.273084672758491,-10.0167435012051,rs1065080,FinnGen,post_outlier_removal
1.0468747581416,1.15744042642012,0.0398416645501781,-0.553925754509525,-9.2456684598114,rs2289261,FinnGen,post_outlier_removal
1.05246886288984,0.913878983337673,0.118127057177203,0.403233703791839,-5.93273158333941,rs35874463,FinnGen,post_outlier_removal
1.00589967635133,0.504313466073611,0.113734039145872,1.48730609194725,-3.1838549213172,rs56336520,FinnGen,post_outlier_removal
-0.737128181775863,-0.554746411915926,0.0449990791526752,-0.859764705063759,-5.89859897658165,rs2289259,FinnGen,post_outlier_removal
-0.0501859941433247,-0.328683719961093,0.123668149685288,0.791940806722275,-0.396930517313008,rs140143645,FinnGen,post_outlier_removal
-0.165468013417254,-0.137660650793883,0.0371128366123272,-0.144343664116769,-1.75030814841823,rs4562997,FinnGen,post_outlier_removal
1.57324281968133,1.46239035528593,0.0385717066531662,0.564431086545817,-11.0275789224648,rs17228212,FinnGen,post_outlier_removal
-0.843750585288759,-0.654827533251532,0.0395853441537976,-0.949549786442325,-7.24007347743791,rs28360855,FinnGen,post_outlier_removal
-2.38343178320164,-2.264580598522,0.0381123324308326,-0.608794543199427,-16.0045682685092,rs7179840,FinnGen,post_outlier_removal
-0.604336967069505,-0.851359852731084,0.044504240403828,1.17094499406633,-6.31041297455769,rs7179893,FinnGen,post_outlier_removal
-0.155102405299548,-0.162462085539995,0.0370378336890192,0.0382416090330283,-1.9120410061967,rs4776343,FinnGen,post_outlier_removal
-2.21274519782953,-2.26351690847038,0.0387800823941614,0.257820491808674,-15.4733480185779,rs11638064,FinnGen,post_outlier_removal
-0.155102405299548,-0.162462085539932,0.0370378336890186,0.0382416090327054,-1.91204100619613,rs17228313,FinnGen,post_outlier_removal
-2.1653942993985,-2.23687451571671,0.0382992045152674,0.365250636395975,-15.2578562176085,rs11639295,FinnGen,post_outlier_removal
-0.155102405299548,-0.162462085540133,0.0370378336889972,0.0382416090337599,-1.91204100619897,rs77813578,FinnGen,post_outlier_removal
-2.41350579380395,-2.22993006734637,0.0380252937504734,-0.941410345552356,-15.6162438975061,rs7183244,FinnGen,post_outlier_removal
-2.22140752508536,-2.27351203346951,0.0389472514165584,0.264020041849819,-15.5026357743889,rs7165382,FinnGen,post_outlier_removal
-0.166667056832921,-0.266415172522965,0.0380273010643394,0.511513321654961,-2.6745668858501,rs11392160,FinnGen,post_outlier_removal
-1.13766649785831,-1.53966584449482,0.124791253987,1.13797644536963,-6.99068352575092,rs56070432,FinnGen,post_outlier_removal
0.0570777625592949,0.1757491045827,0.0896905392760938,-0.39625297521136,-0.344545741730657,rs118128985,FinnGen,post_outlier_removal
-0.155102405299548,-0.256295556558477,0.0407428965120941,0.501331704013007,-2.41325645833713,rs11071939,FinnGen,post_outlier_removal
-0.146939121682473,-0.163099636415603,0.0370378336890005,0.0839715946897639,-1.83288023677517,rs75822029,FinnGen,post_outlier_removal
-0.140845402833416,-0.237443651917689,0.0405443827513362,0.479737765567545,-2.15897293252057,rs16950687,FinnGen,post_outlier_removal
-0.0068027374678366,-0.157060450586674,0.0456570797759354,0.70320622956925,-0.0714232096163419,rs72743477,FinnGen,post_outlier_removal
-0.730419763974551,-0.822692475220774,0.0901529486992909,0.307314685106458,-5.39783252898711,rs74020119,FinnGen,post_outlier_removal
-2.2642632137927,-2.44043869488431,0.0392380634831394,0.889388855830213,-15.6426171574655,rs34708051,FinnGen,post_outlier_removal
0.49064538765409,0.820098887492869,0.0915984085019647,-1.08855445994164,-3.7522521596114,rs72743479,FinnGen,post_outlier_removal
-2.24283537687813,-2.44348453862819,0.0392380634831409,1.012939639991,-15.4005833709431,rs1866320,FinnGen,post_outlier_removal
-0.370892788992919,-0.343766726437828,0.0397742461372802,-0.136014678857858,-4.015090674209,rs4776344,FinnGen,post_outlier_removal
1.51633512540469,1.5720672950373,0.0453967883988555,-0.261573284328636,-10.7816066172623,rs72743481,FinnGen,post_outlier_removal
-0.419192751189112,-0.464558862718769,0.0428233050711418,0.219225699628464,-4.55977813418087,rs12593904,FinnGen,post_outlier_removal
-0.151020763509185,-0.232857315366759,0.0372953424955444,0.423760060975632,-2.38670060443121,rs4776345,FinnGen,post_outlier_removal
-0.432912239446066,-0.290174755873507,0.0448110922876376,-0.674287751754929,-3.55100741763693,rs74020121,FinnGen,post_outlier_removal
-0.226027913703067,-0.426831175420545,0.0415160345091945,0.985514074057864,-3.00825014136119,rs72743482,FinnGen,post_outlier_removal
-0.347518466221321,-0.539340437063271,0.0406357568788654,0.95157751642018,-4.01998573241726,rs2278546,FinnGen,post_outlier_removal
-1.43715478306079,-1.66292352745632,0.0435987346736822,1.08125187856918,-10.1054405138159,rs2278545,FinnGen,post_outlier_removal
-0.423174640008959,-0.251960866971616,0.0434591709758696,-0.821292731249003,-3.2548943562833,rs3217454,FinnGen,post_outlier_removal
0.447316964948354,-0.454143424620839,0.0914476641888162,2.98098877014921,3.59112615266222,rs537056315,FinnGen,post_outlier_removal
-1.83801764315293,-2.03188919833642,0.0412684901811844,0.954343684645043,-12.474979320954,rs12912010,FinnGen,post_outlier_removal
-1.87322811969565,-2.02480322912497,0.0412684901811837,0.746137040559368,-12.8226185033693,rs12912045,FinnGen,post_outlier_removal
-1.88731230095331,-2.13543158799638,0.0426510028372664,1.20142288726951,-12.3409681526292,rs12913547,FinnGen,post_outlier_removal
-0.527559971869629,-0.076997522920217,0.0416885813561539,-2.20671595671431,-0.717432501218044,rs12708492,FinnGen,post_outlier_removal
-0.409548559431017,-0.487095580571779,0.0438426342639367,0.370353795114138,-4.50049307936866,rs12324906,FinnGen,post_outlier_removal
1.43670517949829,1.76334862038462,0.0438935822320119,-1.55909805199946,-9.45091245743327,rs11634560,FinnGen,post_outlier_removal
-1.56215674432478,-1.60966035517311,0.0471647307914333,0.218734829803028,-10.8466139299171,rs2118616,FinnGen,post_outlier_removal
-0.0709221557285026,-0.172887750946276,0.0705165852653464,0.38397948512962,-0.531840301182398,rs17294280,FinnGen,post_outlier_removal
0.936599700529857,-0.943965884570741,0.110481257239395,5.65775556233236,5.9900502742208,rs117903543,FinnGen,post_outlier_removal
-2.29997624186833,-2.23143419832376,0.0794070073734881,-0.243235877452977,-11.5305394846841,rs35251008,FinnGen,post_outlier_removal
0.574163606177193,0.213267123542349,0.0976665095403742,1.15480808528774,-2.21290107361988,rs77100310,FinnGen,post_outlier_removal
-0.265403437646376,-0.120930309867108,0.13059995043552,-0.399774942158261,-0.74357239563276,rs117009032,FinnGen,post_outlier_removal
-0.0988595513046306,-0.0898152994507778,0.178211726833853,-0.0214241947917021,-0.155758596104221,rs112146149,FinnGen,post_outlier_removal
-0.633106715458882,-0.837887382723838,0.0675664170559809,0.787813663954642,-5.5121422439755,rs36123155,FinnGen,post_outlier_removal
0.414063326077864,1.15429004550501,0.133466800778,-2.02618050389327,-2.02725616162792,rs3784680,FinnGen,post_outlier_removal
1.53434614181292,1.99089846873255,0.0709325252744092,-1.71422510011557,-8.26599901661538,rs1470003,FinnGen,post_outlier_removal
2.89225639840486,2.90615224164824,0.0533933664497881,-0.0601369301041248,-17.2516133603456,rs1470002,FinnGen,post_outlier_removal
2.81533766191073,2.89851859406163,0.0556433391769675,-0.352628322181165,-16.4999248717879,rs1470001,FinnGen,post_outlier_removal
-1.26197003035623,-0.875875686775955,0.0495580771119207,-1.73434788702334,-6.9308452548862,rs71400360,FinnGen,post_outlier_removal
-1.14927968765632,-1.43860174547359,0.228830602173239,0.604817701860857,-5.43747795560551,rs193185714,FinnGen,post_outlier_removal
2.55721779914453,2.27408308179619,0.0514238357506308,1.24856423624771,-13.399396069982,rs55994097,FinnGen,post_outlier_removal
-2.87308413919904,-3.27643582432905,0.0678050691777458,1.54900490862097,-14.4335434963577,rs893475,FinnGen,post_outlier_removal
1.05945914707297,2.3203448911516,0.103569773541095,-3.91795299376404,-5.0079758146949,rs143516956,FinnGen,post_outlier_removal
-1.22881205037297,-0.922373110112492,0.0386632340988147,-1.55845713732339,-7.71182269668444,rs12904527,FinnGen,post_outlier_removal
-1.22881205037297,-0.728792677697148,0.0445912591682855,-2.3678923957603,-5.82592013914389,rs12909923,FinnGen,post_outlier_removal
-4.28170048327028,-4.35244979494502,0.0412264914433492,0.348444834665551,-35.134294959867,rs3784681,FinnGen,post_outlier_removal
-0.245283573947223,-0.123155404484702,0.0487727328233514,-0.553002764490397,-1.7095549120874,rs185919074,FinnGen,post_outlier_removal
-0.949685758912899,0.0457508382590779,0.133431898098171,-2.72510833153421,0.223887143465392,rs141034598,FinnGen,post_outlier_removal
-1,-1.37474037726524,0.10224656732914,1.17194200707698,-6.80719319297028,rs76580234,FinnGen,post_outlier_removal
-1.01440322131266,-0.393704914847828,0.0848177500638102,-2.13126369248359,-2.37618742592585,rs139899275,FinnGen,post_outlier_removal
-3.92391459708381,-4.08369292002999,0.0405417153016104,0.793536300893939,-31.3287401239001,rs7178824,FinnGen,post_outlier_removal
0.023696739491263,-0.194723475112481,0.0743969452945567,0.800783797756419,0.189568105159778,rs117185005,FinnGen,post_outlier_removal
-1.23512591578394,-0.921581275157464,0.038663234098816,-1.59459461202438,-7.65223252447738,rs71400361,FinnGen,post_outlier_removal
-4.10510645877189,-4.13905249948435,0.0387256992471057,0.17250015656974,-34.4207255419419,rs10152566,FinnGen,post_outlier_removal
-3.20522643981709,-3.49365915859499,0.0431280678744115,1.38887935537025,-22.1213502982415,rs10152595,FinnGen,post_outlier_removal
-4.20788441112608,-4.19554972678186,0.0391852451769283,-0.0623112919264567,-35.1371236656018,rs34445740,FinnGen,post_outlier_removal
-1.08262063407069,-0.940707278807701,0.0386632340988131,-0.721729037449115,-8.82906794597549,rs35779650,FinnGen,post_outlier_removal
3.01556622922595,2.81408561779991,0.0402920594851909,1.00374530503123,-19.7554719350789,rs6494636,FinnGen,post_outlier_removal
-3.93024302118067,-3.69976401214916,0.0394444732465317,-1.16048170345945,-29.184422549435,rs7181877,FinnGen,post_outlier_removal
-3.8073296861648,-3.73407968302126,0.0386441114589313,-0.372619848254615,-30.0270575330772,rs7181543,FinnGen,post_outlier_removal
-3.8073296861648,-3.7121300100474,0.0387553182061255,-0.483581655082608,-29.7580961687304,rs7181556,FinnGen,post_outlier_removal
-4.06991115857505,-3.86691696334419,0.0386827277149484,-1.03210783218612,-31.7177067627761,rs2289791,FinnGen,post_outlier_removal
-3.96164325735445,-3.87900286801369,0.037851976061518,-0.424764366101364,-32.3222140789465,rs2289790,FinnGen,post_outlier_removal
3.03900223409117,3.29922733377781,0.0407309122303798,-1.28939836489084,-21.4726580042296,rs55894213,FinnGen,post_outlier_removal
1.84381806146977,1.44116717124167,0.178946108722416,0.951847852001496,-7.41952015333469,rs79913183,FinnGen,post_outlier_removal
-3.9234308957855,-3.94769788002275,0.0384451523091977,0.123764193216474,-32.2592123487463,rs11315136,FinnGen,post_outlier_removal
2.69527184311325,2.94098117825082,0.0398719882154762,-1.23051726244902,-18.6756127944655,rs7173811,FinnGen,post_outlier_removal
-1.18413483062828,-1.00558045742495,0.0388234809498403,-0.906198325820139,-8.87780862739098,rs28564777,FinnGen,post_outlier_removal
0.0596027920130125,-0.502641722156062,0.0477891805762802,2.57193764248862,0.677267243137762,rs11632754,FinnGen,post_outlier_removal
-3.61299037032192,-3.17216790282487,0.0690335760271126,-1.67777429256709,-15.8576447072963,rs3825977,FinnGen,post_outlier_removal
-0.783334062128911,-0.793770906069047,0.0734005031745969,0.0385229618900641,-6.16885481578758,rs28503201,FinnGen,post_outlier_removal
0.812500664870519,0.42185612215542,0.0423173927673759,1.89898839378549,-3.99378689653622,rs2028762,FinnGen,post_outlier_removal
2.38165259457188,2.01523590819071,0.0443032635274465,1.74083409296418,-12.2114230556723,rs11629568,FinnGen,post_outlier_removal
-3.95252354943453,-3.65853747686706,0.0391728535043732,-1.48536830357378,-28.6451804646707,rs8025774,FinnGen,post_outlier_removal
-0.294696129303259,-0.131958211862905,0.0823607759382642,-0.567059380704696,-1.35067784631997,rs55970514,FinnGen,post_outlier_removal
-3.98210605571792,-3.83446624725064,0.038544771280688,-0.752005014632912,-31.4311739347207,rs8031440,FinnGen,post_outlier_removal
-3.98210605571792,-3.65131780146186,0.0386446364228977,-1.68269524393726,-28.7125000814604,rs8031627,FinnGen,post_outlier_removal
-3.98210605571792,-3.77545982516293,0.0374826118105974,-1.06736403506064,-31.3142306207796,rs2278670,FinnGen,post_outlier_removal
2.37689646522631,2.28690481400266,0.0393909829881094,0.453423276925792,-15.9079482156094,rs11638476,FinnGen,post_outlier_removal
-3.89335838731319,-3.78353998435633,0.0374826118105968,-0.567231317934725,-31.4226274373787,rs12595334,FinnGen,post_outlier_removal
-3.89927491243578,-3.75999882182527,0.0376881043836625,-0.717421554864504,-31.0338745465405,rs3743342,FinnGen,post_outlier_removal
0.934673651274964,0.762749809762787,0.0541932481576598,0.738522133469009,-7.29973634627215,rs11556089,FinnGen,post_outlier_removal
2.55465350558796,2.818074072122,0.0367587471491697,-1.37394494006453,-18.2443167034952,rs11556090,FinnGen,post_outlier_removal
-0.83136156498413,-0.692708635555242,0.0417513739064573,-0.678568451167745,-7.51212043893881,rs12900401,FinnGen,post_outlier_removal
0.390071718319506,0.511270238778483,0.0366778149032436,-0.632842432117977,-4.69149301272983,rs3743343,FinnGen,post_outlier_removal
0.390071718319506,0.511270238778371,0.0366778149032431,-0.632842432117394,-4.69149301272986,rs1052488,FinnGen,post_outlier_removal
-3.95252354943453,-3.79724360544374,0.0378401985005505,-0.798249513930259,-31.4077106242689,rs10438355,FinnGen,post_outlier_removal
1.26888702490305,0.327448371461709,0.144747458463794,2.47449483735164,-1.3565332789235,rs189031289,FinnGen,post_outlier_removal
2.5937142298241,2.78275956195967,0.0362498567862807,-0.992916689831584,-19.0670804866344,rs746978,FinnGen,post_outlier_removal
-1.8160136906114,-1.61717578517429,0.0596726005853272,-0.813976181942648,-10.1312220268896,rs34944378,FinnGen,post_outlier_removal
-1.62012353162782,-0.815616577483919,0.160906715592866,-2.00559259472669,-3.89154139862876,rs571947913,FinnGen,post_outlier_removal
-0.186364069520053,0.0981267204691565,0.058211816377761,-1.1791325707195,0.942166008173994,rs144504184,FinnGen,post_outlier_removal
-0.397163926040489,-0.721780113202479,0.0423208557270492,1.57794896212148,-3.97837820808009,rs11281459,FinnGen,post_outlier_removal
-0.40726659237093,-0.845879532300436,0.0802477966506559,1.54833482357357,-3.01745912042932,rs143849800,FinnGen,post_outlier_removal
0.761590174141884,0.911603979156941,0.0378778784043736,-0.770794139658762,-8.14992769307775,rs28412970,FinnGen,post_outlier_removal
-3.91702447595883,-3.79675066569614,0.0370965172234381,-0.624459821424246,-31.8532211861678,rs10163040,FinnGen,post_outlier_removal
-3.9224831675088,-3.87086824018538,0.0348159287467563,-0.276621752068766,-34.2260694264942,rs12917612,FinnGen,post_outlier_removal
0.228037903711782,0.49464203204304,0.0442232414858005,-1.267773249957,-2.72004413013148,rs187350333,FinnGen,post_outlier_removal
3.86296573026393,3.83533221763591,0.0349563121601509,0.147799610380575,-33.5287913088558,rs7166081,FinnGen,post_outlier_removal
2.55465350558796,2.65931646755318,0.0349458631414031,-0.559880233752736,-19.2779887981024,rs7172645,FinnGen,post_outlier_removal
1.00723323784358,-0.438815169523345,0.317292562836388,2.5671596924222,2.48649034003347,rs192133201,FinnGen,post_outlier_removal
-3.86296573026393,-3.87166722877051,0.0348159287467552,0.0466342565481435,-33.8907709711719,rs12476,FinnGen,post_outlier_removal
0.397163926040489,0.586038296296597,0.0347684449938918,-1.01293224315732,-4.79375455562645,rs8991,FinnGen,post_outlier_removal
-1.11519542413718,-1.32193688886608,0.113412955729992,0.613898050651361,-7.37874018424595,rs34311413,FinnGen,post_outlier_removal
2.56246565496781,2.65918204714362,0.0349458631414041,-0.517371142975166,-19.3485171222289,rs1050285,FinnGen,post_outlier_removal
-3.86296573026393,-3.87166722877062,0.0348159287467554,0.0466342565487074,-33.8907709711724,rs10518716,FinnGen,post_outlier_removal
-3.86296573026393,-3.87166722877043,0.0348159287467545,0.0466342565476965,-33.8907709711719,rs12148121,FinnGen,post_outlier_removal
-2.21933386122433,-2.15638923119519,0.0527866651313663,-0.273965939088506,-13.111253438689,rs149079147,FinnGen,post_outlier_removal
-1.08214805352122,-0.462703535158018,0.291969000782533,-1.14639436412274,-2.50974829132566,rs183556113,FinnGen,post_outlier_removal
-0.975308756514992,-0.835954902289991,0.0368580292025246,-0.725860109613929,-8.53709856240625,rs34772313,FinnGen,post_outlier_removal
2.55465350558796,2.65931646755335,0.0349458631414042,-0.559880233753612,-19.277988798102,rs7165503,FinnGen,post_outlier_removal
-3.86296573026393,-3.87166722877049,0.0348159287467548,0.0466342565480129,-33.890770971172,rs11071940,FinnGen,post_outlier_removal
2.55465350558796,2.65931646755325,0.0349458631414038,-0.559880233753089,-19.2779887981021,rs7171475,FinnGen,post_outlier_removal
-0.390071718319506,-0.586123702683703,0.0347684449938967,1.05142574944486,-4.69594987432721,rs67763639,FinnGen,post_outlier_removal
-3.91653143276802,-3.87094813892325,0.0348159287467534,-0.244296200000335,-34.1998777036149,rs4776905,FinnGen,post_outlier_removal
-3.85701397561519,-3.87174712777563,0.0348159287467567,0.0789599167422983,-33.8482629358535,rs2289262,FinnGen,post_outlier_removal
-1.54827629698903,-1.94460696213575,0.18836962834928,0.913171262278717,-7.66722380045795,rs139418005,FinnGen,post_outlier_removal
-3.86891748293558,-3.8715873297918,0.0348159287467552,0.0143086070914102,-33.9316476771912,rs16953610,FinnGen,post_outlier_removal
0.397163926040489,0.586038296296669,0.0347684449938947,-1.01293224315766,-4.79375455562612,rs28693872,FinnGen,post_outlier_removal
0.397163926040489,0.586038296296642,0.0347684449938955,-1.01293224315751,-4.79375455562613,rs28418884,FinnGen,post_outlier_removal
0.340426256624344,0.621423694800081,0.0371269561140326,-1.45833630689231,-3.7383647836207,rs66517624,FinnGen,post_outlier_removal
1.0216717188421,0.911160496427924,0.14132181672121,0.293969163772704,-5.37177028656292,rs550846458,FinnGen,post_outlier_removal
0.397163926040489,0.58603829629668,0.0347684449938953,-1.01293224315771,-4.79375455562605,rs8034421,FinnGen,post_outlier_removal
-3.86296573026393,-3.87166722877055,0.0348159287467549,0.0466342565483364,-33.8907709711723,rs67486165,FinnGen,post_outlier_removal
2.55465350558796,2.65931646755322,0.0349458631414023,-0.559880233752948,-19.2779887981026,rs62014612,FinnGen,post_outlier_removal
2.55465350558796,2.65931646755337,0.0349458631414043,-0.559880233753723,-19.2779887981019,rs11858541,FinnGen,post_outlier_removal
2.27690013622318,2.33532860464953,0.0402820752130957,-0.291117681876745,-15.6336294049304,rs10163156,FinnGen,post_outlier_removal
-3.86296573026393,-3.85101882253521,0.0349902631140835,-0.0638677924556017,-33.6223716585124,rs72625777,FinnGen,post_outlier_removal
2.55465350558796,2.68141554403527,0.0352230761439604,-0.675422577208094,-19.1747020478407,rs8024648,FinnGen,post_outlier_removal
-0.397163926040489,-0.574234557004586,0.0352974050884423,0.942486515412442,-4.78849438066303,rs4412926,FinnGen,post_outlier_removal
-0.570910017530368,0.431112395744572,0.049703674689044,-4.49451865006886,4.49574942696677,rs571878738,FinnGen,post_outlier_removal
0.807947695365545,1.12118329143437,0.0364731170551875,-1.64015415752754,-7.27637320909096,rs7169664,FinnGen,post_outlier_removal
-2.71621172961445,-2.07495942280455,0.0911275339733282,-2.12424268547102,-8.73239288505373,rs114877444,FinnGen,post_outlier_removal
-0.467392183916866,-0.158559892779185,0.0603224041431474,-1.25742873981123,-2.06554204148193,rs877176,FinnGen,post_outlier_removal
-3.86296573026393,-3.87166722877046,0.0348159287467572,0.0466342565478613,-33.8907709711701,rs877177,FinnGen,post_outlier_removal
1.42818791383801,1.07583992439551,0.17100073465643,0.852065163380426,-5.87004860365968,rs538988516,FinnGen,post_outlier_removal
-3.86296573026393,-3.87166722877045,0.0348159287467552,0.046634256547815,-33.8907709711715,rs66739142,FinnGen,post_outlier_removal
2.55465350558796,2.68141554403524,0.0352230761439556,-0.675422577207951,-19.1747020478423,rs11855544,FinnGen,post_outlier_removal
-3.86296573026393,-3.87166722877057,0.0348159287467539,0.0466342565484229,-33.8907709711732,rs35997299,FinnGen,post_outlier_removal
0.480447817196577,0.578345801554788,0.0394440893431659,-0.492927199739608,-5.44863499035024,rs11856485,FinnGen,post_outlier_removal
-3.86296573026393,-3.85101882253534,0.0349902631140829,-0.0638677924549019,-33.6223716585138,rs2033783,FinnGen,post_outlier_removal
2.50778056224661,2.62061435658436,0.0357989038547344,-0.596354263128116,-18.5835903961273,rs8027890,FinnGen,post_outlier_removal
0.260300209771731,-0.0772775882123795,0.0487253194515216,1.52931352157699,1.15192824734687,rs563091902,FinnGen,post_outlier_removal
0.860927688821205,0.958208517986689,0.0385214216534496,-0.495651141045864,-8.69415971250739,rs7178966,FinnGen,post_outlier_removal
-3.86296573026393,-3.87166722877049,0.0348159287467554,0.0466342565480315,-33.8907709711716,rs16950776,FinnGen,post_outlier_removal
-0.278539431439554,0.0762451148848329,0.0557325312327139,-1.50283157295469,1.06622405177553,rs72745406,FinnGen,post_outlier_removal
-3.86296573026393,-3.85101882253534,0.0349902631140827,-0.0638677924549234,-33.6223716585139,rs8026870,FinnGen,post_outlier_removal
0.078695005972816,0.138971784059052,0.0596247571467372,-0.246852038961733,-0.563239801088496,rs62014640,FinnGen,post_outlier_removal
-3.86296573026393,-3.85101882253538,0.0349902631140827,-0.0638677924547122,-33.6223716585142,rs35322464,FinnGen,post_outlier_removal
0.485944668887552,0.595091393133414,0.0483241544320649,-0.49651065666945,-5.01877597025,rs74953780,FinnGen,post_outlier_removal
-3.94033835967368,-3.85498158705757,0.0347583141156128,-0.457834624678494,-34.1787617353485,rs34590589,FinnGen,post_outlier_removal
-3.94033835967368,-3.85498158705773,0.0347583141156141,-0.457834624677618,-34.1787617353492,rs34699563,FinnGen,post_outlier_removal
0.76584098287964,1.13588390989434,0.126361252738439,-1.04098661676059,-4.83283117051416,rs117428962,FinnGen,post_outlier_removal
0.480447817196577,0.578345801554806,0.0394440893431659,-0.492927199739702,-5.44863499035028,rs7161888,FinnGen,post_outlier_removal
-3.94033835967368,-3.85498158705757,0.0347583141156085,-0.457834624678493,-34.1787617353518,rs34296414,FinnGen,post_outlier_removal
-0.0625001499048489,0.00177339319813236,0.0758934721498662,-0.233308214486513,0.00457610780173162,rs72745408,FinnGen,post_outlier_removal
-3.94033835967368,-3.85498158705769,0.0347583141156101,-0.457834624677852,-34.1787617353518,rs9806590,FinnGen,post_outlier_removal
-0.453901576985306,-0.572677716044291,0.0352974050884508,0.632204837167663,-5.46957559779697,rs1992217,FinnGen,post_outlier_removal
0.986842167383146,1.04793080044166,0.15078991254327,-0.157316495308424,-5.5227519218118,rs140334701,FinnGen,post_outlier_removal
-3.93438663096468,-3.87070844279065,0.0348159287467544,-0.341272823477771,-34.2735847248548,rs12594065,FinnGen,post_outlier_removal
-0.333334046779983,-0.00700195691813508,0.0497357590401793,-1.46327316145847,-0.119074895007059,rs79005079,FinnGen,post_outlier_removal
-3.93438663096468,-3.73071692009511,0.0351023206780658,-1.08707255696793,-32.3219744925839,rs8031500,FinnGen,post_outlier_removal
0.078695005972816,0.0982936216679797,0.0374754856246027,-0.101239912780967,-0.633872062222033,rs62014641,FinnGen,post_outlier_removal
-0.228235815053998,-0.130310008910721,0.0487727328233511,-0.443413192472373,-1.70869815526298,rs184812791,FinnGen,post_outlier_removal
2.55465350558796,2.75436950800803,0.0354827304973352,-1.06024039843958,-18.918549064614,rs8182047,FinnGen,post_outlier_removal
-0.290489072315592,0.63644751593537,0.0766724497197817,-3.34757530468099,2.68699968949678,rs56317520,FinnGen,post_outlier_removal
-3.93438663096468,-3.85505150436418,0.034758314115611,-0.425535863150717,-34.1614878637415,rs4776906,FinnGen,post_outlier_removal
2.55465350558796,2.7543695080082,0.035482730497334,-1.06024039844047,-18.9185490646138,rs8032898,FinnGen,post_outlier_removal
-3.93438663096468,-3.73071692009528,0.0351023206780663,-1.08707255696699,-32.3219744925862,rs12915085,FinnGen,post_outlier_removal
-1.0985005239196,-1.14366024867754,0.0621827479903076,0.181099116262852,-8.75461647017738,rs138939599,FinnGen,post_outlier_removal
-3.93438663096468,-3.84969760857086,0.0349902631140824,-0.45274484647723,-33.9335528309504,rs12900758,FinnGen,post_outlier_removal
0.741380114299753,0.556740481123699,0.0642835705410203,0.728240676467532,-5.00622088292944,rs569830854,FinnGen,post_outlier_removal
-1.74999130914195,-1.59920648413333,0.0456004011683113,-0.706111532505324,-10.9974471124055,rs143981918,FinnGen,post_outlier_removal
2.55465350558796,2.75436950800804,0.035482730497335,-1.06024039843961,-18.918549064614,rs1822829,FinnGen,post_outlier_removal
-3.94033835967368,-3.85498158705776,0.0347583141156091,-0.457834624677496,-34.1787617353533,rs12898685,FinnGen,post_outlier_removal
1.12946353594733,0.821313667594128,0.110798719731306,0.9257519071872,-5.55583215078663,rs565947855,FinnGen,post_outlier_removal
-3.93438663096468,-3.85505150436423,0.0347583141156115,-0.425535863150488,-34.1614878637416,rs12899067,FinnGen,post_outlier_removal
2.55465350558796,2.68138598312998,0.0350924293589417,-0.676520884443087,-19.2177613402144,rs55841220,FinnGen,post_outlier_removal
0.237383716951403,-0.0676916205161287,0.0487253194515191,1.38206908592588,0.948303007152862,rs557336194,FinnGen,post_outlier_removal
2.55465350558796,2.75436950800802,0.0354827304973372,-1.06024039843949,-18.9185490646134,rs12592388,FinnGen,post_outlier_removal
-2.41350579380395,-2.70521943802653,0.0409322436873896,1.44186289962086,-15.8971188575404,rs7173826,FinnGen,post_outlier_removal
2.55465350558796,2.68138598312993,0.0350924293589443,-0.676520884442818,-19.2177613402135,rs6494638,FinnGen,post_outlier_removal
-0.503547004335353,-0.571315480676835,0.0352974050884474,0.360708462911836,-5.95800725101751,rs6494639,FinnGen,post_outlier_removal
-0.398855769442937,0.133004211612255,0.217555172323548,-1.14028288868902,0.72934896992139,rs185699549,FinnGen,post_outlier_removal
-3.9700969729076,-3.83345627079162,0.0349563121601488,-0.730831538021428,-33.8354199737871,rs28645602,FinnGen,post_outlier_removal
0.560284613534183,0.569758640861932,0.0352974050884501,-0.0504270129633295,-6.38249727964721,rs2289788,FinnGen,post_outlier_removal
-3.9700969729076,-3.8334562707916,0.0349563121601491,-0.730831538021559,-33.8354199737866,rs2289789,FinnGen,post_outlier_removal
-0.529412682180578,-0.654168933169717,0.0674513891658797,0.480360033259065,-4.68016999158223,rs117044723,FinnGen,post_outlier_removal
1.54786713778433,0.258588507902086,0.15118302618434,3.31585298561129,-1.11360928805787,rs141947059,FinnGen,post_outlier_removal
-3.9700969729076,-3.85463200088161,0.0347583141156093,-0.619328267819872,-34.2414428474516,rs4776348,FinnGen,post_outlier_removal
2.55465350558796,2.68138598313008,0.0350924293589346,-0.676520884443732,-19.2177613402166,rs1992216,FinnGen,post_outlier_removal
-1.95169706006874,-1.53318020241122,0.0456004011683129,-1.95987613291308,-9.21506387061515,rs148732143,FinnGen,post_outlier_removal
2.55465350558796,2.68138598313015,0.035092429358939,-0.676520884444057,-19.2177613402151,rs13313480,FinnGen,post_outlier_removal
-3.9700969729076,-3.83345627079162,0.0349563121601496,-0.730831538021457,-33.8354199737865,rs7182798,FinnGen,post_outlier_removal
0.482270394706358,0.58496727467649,0.0368189969533695,-0.535206369101875,-5.66264827313539,rs17295739,FinnGen,post_outlier_removal
-3.98200040399913,-3.85449216657788,0.0347583141156106,-0.683925648005936,-34.2556297694808,rs12900708,FinnGen,post_outlier_removal
0.468085986526137,0.572288505892086,0.0352974050884464,-0.554634435082112,-5.6198484079631,rs11071943,FinnGen,post_outlier_removal
-3.9700969729076,-3.85463200088157,0.0347583141156093,-0.619328267820065,-34.2414428474512,rs12910196,FinnGen,post_outlier_removal
-3.9700969729076,-3.85463200088147,0.0347583141156108,-0.619328267820586,-34.2414428474489,rs12910062,FinnGen,post_outlier_removal
0.237383716951403,0.339090517846797,0.0404484564968909,-0.505707060689221,-3.30810074367879,rs144723869,FinnGen,post_outlier_removal
0.824228664874762,0.574689218004302,0.132035464353966,0.686742475304086,-3.87320343681131,rs570396836,FinnGen,post_outlier_removal
-3.9700969729076,-3.85463200088156,0.0347583141156095,-0.619328267820118,-34.2414428474509,rs12591495,FinnGen,post_outlier_removal
-0.289474322822508,-0.397205289902436,0.0732675970549969,0.398001385846026,-3.1117423984622,rs117325434,FinnGen,post_outlier_removal
-0.496454801484738,-0.571510085700347,0.0352974050884513,0.399493653456252,-5.89475256600976,rs6494640,FinnGen,post_outlier_removal
-3.9700969729076,-3.83345627079164,0.0349563121601517,-0.730831538021293,-33.8354199737852,rs4776908,FinnGen,post_outlier_removal
2.55465350558796,2.70348201041551,0.0353442569694381,-0.791638105318179,-19.1040234410025,rs7167097,FinnGen,post_outlier_removal
-3.9700969729076,-4.07579915666218,0.0370259942081797,0.549326556915466,-34.1092760269231,rs4776350,FinnGen,post_outlier_removal
-3.9700969729076,-3.88575536455833,0.0350693932646984,-0.450378606046528,-34.3558696936872,rs4776909,FinnGen,post_outlier_removal
-1.10075989523479,-0.436655230004564,0.0623236397188956,-2.66017450530806,-3.19836582644116,rs112582956,FinnGen,post_outlier_removal
-0.496454801484738,-0.571510085700402,0.0352974050884531,0.399493653456534,-5.89475256600974,rs8042340,FinnGen,post_outlier_removal
-2.22094671090595,-1.94690676421172,0.0570707418734094,-1.14711541358166,-11.283764791075,rs190305945,FinnGen,post_outlier_removal
-3.95224181103861,-3.88612679313452,0.0350693932646987,-0.353049819480247,-34.3000272569464,rs58074225,FinnGen,post_outlier_removal
-3.95819353368844,-3.86476382407131,0.035294101554873,-0.497317719580699,-33.9349449229119,rs12911370,FinnGen,post_outlier_removal
2.55465350558796,2.70348201041559,0.0353442569694367,-0.791638105318627,-19.1040234410028,rs2044330,FinnGen,post_outlier_removal
0.38697397232914,0.294323008847241,0.281586284882833,0.174599980531516,-1.20385573753466,rs151328686,FinnGen,post_outlier_removal
-3.9700969729076,-3.88575536455815,0.0350693932646991,-0.450378606047484,-34.3558696936849,rs3743347,FinnGen,post_outlier_removal
-1.0985005239196,-1.41355356128125,0.0576035133391831,1.31268095582011,-8.01201123967036,rs138248410,FinnGen,post_outlier_removal
0.078695005972816,0.0982936216680572,0.0374754856245982,-0.101239912781373,-0.633872062222592,rs78249440,FinnGen,post_outlier_removal
0.078695005972816,0.0982936216681035,0.0374754856245969,-0.101239912781614,-0.633872062222901,rs78226807,FinnGen,post_outlier_removal
0.147541331134563,0.137441890152837,0.155157437231881,0.0256395876777948,-0.40519040537422,rs187732956,FinnGen,post_outlier_removal
0.791444562268672,0.631788068753837,0.0758195388893851,0.579823772616437,-5.20589729081515,rs143999488,FinnGen,post_outlier_removal
-0.496454801484738,-0.690017056168647,0.0354119944123768,1.02859753396419,-5.89960183552409,rs7176337,FinnGen,post_outlier_removal
-0.496454801484738,-0.67074944716787,0.0353680348350944,0.926784114123068,-5.93799689149701,rs7176940,FinnGen,post_outlier_removal
-0.496454801484738,-0.670749447167624,0.0353680348350923,0.926784114121786,-5.93799689149754,rs11071944,FinnGen,post_outlier_removal
2.55465350558796,2.68138598313013,0.0350924293589314,-0.676520884443995,-19.2177613402176,rs11631135,FinnGen,post_outlier_removal
-1.55758627452811,-1.62428973987257,0.0827296943428386,0.231909044673212,-9.44917605196508,rs35731545,FinnGen,post_outlier_removal
-3.9700969729076,-3.8644383467577,0.035294101554876,-0.562411113405193,-33.9586139586852,rs8038652,FinnGen,post_outlier_removal
-1.1026610238281,-0.786310964174718,0.063639975707992,-1.25401553913619,-6.71909848508666,rs75826896,FinnGen,post_outlier_removal
-3.9700969729076,-3.88575536455829,0.0350693932646959,-0.450378606046741,-34.3558696936887,rs16950804,FinnGen,post_outlier_removal
-0.496454801484738,-0.690017056168565,0.0354119944123794,1.02859753396372,-5.89960183552407,rs8035235,FinnGen,post_outlier_removal
0.092307912679981,0.0970570387042923,0.0374754856246005,-0.0245324012657569,-0.731482474436836,rs62014646,FinnGen,post_outlier_removal
-3.9700969729076,-3.8644383467577,0.0352941015548721,-0.562411113405258,-33.958613958688,rs12443472,FinnGen,post_outlier_removal
1.28318384298516,1.23625104091245,0.0518203345150926,0.206170430608417,-9.45975747962298,rs62014647,FinnGen,post_outlier_removal
-3.9700969729076,-3.86443834675781,0.0352941015548734,-0.562411113404673,-33.9586139586883,rs8042237,FinnGen,post_outlier_removal
-3.9700969729076,-3.88575536455823,0.0350693932646986,-0.450378606047037,-34.3558696936861,rs10587237,FinnGen,post_outlier_removal
-3.9700969729076,-3.88575536455818,0.0350693932646978,-0.450378606047347,-34.355869693686,rs8025621,FinnGen,post_outlier_removal
-0.905077656789742,-0.5607757159519,0.0605332996825969,-1.39940137668135,-4.88378740977488,rs182738124,FinnGen,post_outlier_removal
0.496454801484738,0.571510085700291,0.0352974050884459,-0.399493653455986,-5.89475256601007,rs12438251,FinnGen,post_outlier_removal
2.55465350558796,2.70348201041556,0.0353442569694366,-0.791638105318435,-19.1040234410029,rs1444934,FinnGen,post_outlier_removal
2.55465350558796,2.49761944979806,0.038212032537569,0.29176566762578,-17.773692656377,rs8032868,FinnGen,post_outlier_removal
-3.9700969729076,-3.78869408654378,0.0370903778983259,-0.941919014089053,-31.766648174848,rs12592400,FinnGen,post_outlier_removal
1.28318384298516,1.23625104091234,0.0518203345150941,0.206170430608897,-9.4597574796226,rs62014648,FinnGen,post_outlier_removal
-3.9700969729076,-3.8546320008815,0.0347583141156074,-0.619328267820471,-34.2414428474518,rs16950805,FinnGen,post_outlier_removal
2.55465350558796,2.68138598313012,0.0350924293589417,-0.676520884443881,-19.2177613402142,rs11071945,FinnGen,post_outlier_removal
-3.9700969729076,-3.7503334635097,0.035112336063073,-1.17280475863458,-32.5427333865761,rs67872952,FinnGen,post_outlier_removal
-3.9700969729076,-3.85463200088159,0.0347583141156101,-0.619328267819955,-34.2414428474508,rs12901789,FinnGen,post_outlier_removal
-3.9700969729076,-3.85463200088155,0.0347583141156125,-0.619328267820132,-34.2414428474486,rs71400364,FinnGen,post_outlier_removal
-0.503547004335353,-0.689798795287461,0.0354119944123784,0.989749438404702,-5.99766077147386,rs8038044,FinnGen,post_outlier_removal
-0.375276714551418,-0.554357664741995,0.0423191009768667,0.870524851096293,-4.2410768817939,rs75260023,FinnGen,post_outlier_removal
-1.79463326077834,-1.55096103945375,0.0636899801723995,-0.965540434097734,-9.5957529962193,rs34667215,FinnGen,post_outlier_removal
2.55465350558796,2.69300003263211,0.0351791100763651,-0.737608371172024,-19.1751824761947,rs11855736,FinnGen,post_outlier_removal
-3.9700969729076,-3.9016547766025,0.0351769236314188,-0.364917767790166,-34.4359161189376,rs35129260,FinnGen,post_outlier_removal
0.595629340686063,0.0736517421453025,0.119251855912629,1.51153877218401,-0.794482798485636,rs187484710,FinnGen,post_outlier_removal
-1.56208608650598,-2.28255553785223,0.0714210429581189,2.69589191991705,-7.41193618941952,rs148467642,FinnGen,post_outlier_removal
0.546100213574311,0.577293111392945,0.0348782920577563,-0.167023706690404,-6.3630736691286,rs2414945,FinnGen,post_outlier_removal
-0.811146178893419,-0.84791678017511,0.0368580292025427,0.191529059783284,-8.6015814708728,rs71400365,FinnGen,post_outlier_removal
-3.9700969729076,-3.85463200088163,0.034758314115607,-0.619328267819745,-34.2414428474536,rs35151633,FinnGen,post_outlier_removal
0.078695005972816,0.0982936216682317,0.0374754856245995,-0.101239912782273,-0.633872062223659,rs62014649,FinnGen,post_outlier_removal
0.267797208748853,0.151851744581882,0.0500017525810816,0.51851479180771,-2.12535317581488,rs192436214,FinnGen,post_outlier_removal
0.078695005972816,0.0982936216681312,0.0374754856246038,-0.101239912781748,-0.633872062222962,rs62014650,FinnGen,post_outlier_removal
2.55465350558796,2.68105634103612,0.0350428613873533,-0.675238250047626,-19.2344905835923,rs956197,FinnGen,post_outlier_removal
-3.97604868947084,-3.90151233828096,0.0351769236314196,-0.397410374941571,-34.4553208723375,rs12442171,FinnGen,post_outlier_removal
0.221748908541786,0.203647939905245,0.0515878078405653,0.0796944869560412,-2.32340936610953,rs139941211,FinnGen,post_outlier_removal
0.496454801484738,0.57804969361775,0.034878292057756,-0.436903342879485,-5.94619872731586,rs9920845,FinnGen,post_outlier_removal
2.55465350558796,2.68105634103614,0.0350428613873534,-0.675238250047691,-19.2344905835923,rs55885982,FinnGen,post_outlier_removal
-3.9700969729076,-3.77454642630216,0.0355806225127092,-1.03669800587577,-32.581236977739,rs36078679,FinnGen,post_outlier_removal
-3.9700969729076,-3.90165477660254,0.0351769236314162,-0.364917767789926,-34.43591611894,rs12899051,FinnGen,post_outlier_removal
-0.496454801484738,-0.604188719482385,0.0350115681081725,0.575766871785844,-5.97922254335916,rs7161879,FinnGen,post_outlier_removal
0.496454801484738,0.578049693617832,0.0348782920577578,-0.436903342879917,-5.94619872731589,rs971868,FinnGen,post_outlier_removal
-0.446809371717546,-0.578806276111921,0.0348782920577576,0.706783075166447,-5.42264682798685,rs8029582,FinnGen,post_outlier_removal
0.461165922815629,0.226174910438078,0.0591632326896769,0.96610716792905,-2.76274831480688,rs117423782,FinnGen,post_outlier_removal
-0.496454801484738,-0.645803118729201,0.0359708874957036,0.787453208836205,-5.91387890484085,rs2120837,FinnGen,post_outlier_removal
0.496454801484738,0.584842607273387,0.0347684449938939,-0.47402333235497,-5.97003129635443,rs12440294,FinnGen,post_outlier_removal
-0.496454801484738,-0.584842607273495,0.0347684449938958,0.474023332355539,-5.97003129635448,rs8025414,FinnGen,post_outlier_removal
0.237383716951403,0.339090517846604,0.0404484564968884,-0.505707060688277,-3.30810074367889,rs181131766,FinnGen,post_outlier_removal
-3.96414525431245,-3.90168643538761,0.0355155174013978,-0.331424564753144,-34.1639681885386,rs35524716,FinnGen,post_outlier_removal
-3.9700969729076,-3.90148533800568,0.0355155174014021,-0.364073186554026,-34.1844162919636,rs34796890,FinnGen,post_outlier_removal
-0.0510047592788846,0.574797916184345,0.0442232414858018,-2.97585748829072,0.39672346680453,rs191220996,FinnGen,post_outlier_removal
-0.496454801484738,-0.578049693617765,0.0348782920577555,0.436903342879571,-5.94619872731593,rs4597266,FinnGen,post_outlier_removal
2.55465350558796,2.67608616132515,0.0352916852440645,-0.646396944009197,-19.1568313980002,rs12591763,FinnGen,post_outlier_removal
-3.9700969729076,-3.90148533800573,0.0355155174014002,-0.364073186553789,-34.1844162919655,rs4776913,FinnGen,post_outlier_removal
2.55465350558796,2.67608616132498,0.0352916852440611,-0.646396944008315,-19.1568313980014,rs8038739,FinnGen,post_outlier_removal
2.55465350558796,2.65442400602303,0.0351153700749167,-0.532418975884447,-19.221534237993,rs8032525,FinnGen,post_outlier_removal
-3.9700969729076,-3.86923913748571,0.0353002603744856,-0.536810112901229,-34.0078033556582,rs12324222,FinnGen,post_outlier_removal
0.463688027286971,0.580828617981491,0.0394440893431645,-0.589815854998767,-5.2915213009101,rs8038097,FinnGen,post_outlier_removal
-3.9700969729076,-3.88528454349565,0.0354188865921515,-0.450652776503435,-34.092998934204,rs12595736,FinnGen,post_outlier_removal
-0.496454801484738,-0.584842607273355,0.0347684449938979,0.474023332354771,-5.97003129635402,rs35782264,FinnGen,post_outlier_removal
0.447581506984315,0.610690729692379,0.0483241544320666,-0.741987153853534,-4.68183086527469,rs77522868,FinnGen,post_outlier_removal
0.078695005972816,0.0982936216681869,0.0374754856245942,-0.101239912782048,-0.633872062223466,rs62015981,FinnGen,post_outlier_removal
2.55465350558796,2.65442400602293,0.0351153700749295,-0.5324189758838,-19.2215342379888,rs1037039,FinnGen,post_outlier_removal
2.55465350558796,2.65442400602316,0.0351153700749217,-0.532418975885097,-19.2215342379914,rs8040514,FinnGen,post_outlier_removal
0.496454801484738,0.584842607273317,0.0347684449938984,-0.474023332354564,-5.9700312963539,rs12708493,FinnGen,post_outlier_removal
-0.404424195256811,-0.799730251679146,0.113675627070414,1.17246473456129,-2.98481089779428,rs149456822,FinnGen,post_outlier_removal
-0.496454801484738,-0.578049693617687,0.0348782920577564,0.436903342879146,-5.94619872731568,rs11636197,FinnGen,post_outlier_removal
-2.63034225955967,-2.12711010953404,0.075398810596135,-1.83267785288754,-9.95758512872931,rs143697763,FinnGen,post_outlier_removal
-2.22094671090595,-2.15552390851214,0.0527866651313654,-0.284752162135555,-13.108434545577,rs138163086,FinnGen,post_outlier_removal
0.496454801484738,0.578049693617759,0.0348782920577566,-0.43690334287953,-5.94619872731583,rs9920957,FinnGen,post_outlier_removal
-3.9700969729076,-3.85335829119303,0.0352522818435323,-0.621757693502278,-33.8614955475825,rs72625778,FinnGen,post_outlier_removal
-0.496454801484738,-0.584842607273524,0.0347684449938991,0.474023332355668,-5.97003129635425,rs10851773,FinnGen,post_outlier_removal
-0.811146178893419,-0.8479167801753,0.0368580292025502,0.191529059784256,-8.60158147087256,rs74631573,FinnGen,post_outlier_removal
-1.32975625326337,-1.90432852916051,0.093161898252226,1.8824588965674,-6.98863197247683,rs12595533,FinnGen,post_outlier_removal
-0.811146178893419,-0.847916780175137,0.0368580292025382,0.191529059783438,-8.60158147087306,rs113122047,FinnGen,post_outlier_removal
0.472637699749125,0.309095121867008,0.278242934055563,0.310040741583191,-1.51706864628118,rs149439828,FinnGen,post_outlier_removal
-3.9700969729076,-3.86923913748572,0.0353002603744872,-0.536810112901177,-34.0078033556572,rs12916403,FinnGen,post_outlier_removal
-3.9700969729076,-3.86923913748566,0.0353002603744856,-0.536810112901482,-34.0078033556577,rs12901312,FinnGen,post_outlier_removal
-3.9700969729076,-3.85335829119316,0.0352522818435369,-0.621757693501561,-33.8614955475806,rs12148134,FinnGen,post_outlier_removal
2.55465350558796,2.68749644179155,0.0353119621502973,-0.706931837416951,-19.1389678786308,rs11631885,FinnGen,post_outlier_removal
-0.107226362445561,-0.151325058627332,0.0504070926439357,0.196417385003068,-0.970801784265804,rs117367464,FinnGen,post_outlier_removal
-3.9700969729076,-3.88528454349558,0.0354188865921514,-0.450652776503809,-34.0929989342033,rs12594229,FinnGen,post_outlier_removal
-3.9700969729076,-3.88528454349537,0.0354188865921482,-0.45065277650495,-34.0929989342034,rs12594234,FinnGen,post_outlier_removal
2.55465350558796,2.67608616132501,0.0352916852440604,-0.646396944008504,-19.1568313980016,rs8027755,FinnGen,post_outlier_removal
-2.42285715885043,-1.58529703121534,0.123713990359892,-2.38125873890065,-6.5308668941947,rs181452550,FinnGen,post_outlier_removal
-0.321759953807764,-0.051083569783667,0.0504070926439354,-1.20560361496756,-0.841746483309815,rs138305245,FinnGen,post_outlier_removal
-0.496454801484738,-0.604188719482285,0.0350115681081714,0.57576687178532,-5.97922254335914,rs10438290,FinnGen,post_outlier_removal
2.55465350558796,2.67608616132499,0.0352916852440623,-0.646396944008368,-19.156831398001,rs8038883,FinnGen,post_outlier_removal
0.267797208748853,0.151851744581787,0.0500017525810806,0.51851479180814,-2.12535317581381,rs182979134,FinnGen,post_outlier_removal
-3.97604868947084,-3.90128424069217,0.0355155174014019,-0.396721797210056,-34.2032216611348,rs34310656,FinnGen,post_outlier_removal
-3.9700969729076,-3.88528454349541,0.0354188865921529,-0.45065277650471,-34.0929989342005,rs4776917,FinnGen,post_outlier_removal
0.078695005972816,-0.0873872633653657,0.0611516565697326,0.67161309786086,0.349328451138921,rs62015983,FinnGen,post_outlier_removal
0.115631966353672,0.250053998120643,0.0441244945967672,-0.639927219488565,-1.76708686033223,rs117553999,FinnGen,post_outlier_removal
0.078695005972816,0.0982936216681271,0.0374754856246043,-0.101239912781726,-0.633872062222928,rs75874311,FinnGen,post_outlier_removal
-0.496454801484738,-0.578049693617725,0.0348782920577554,0.436903342879358,-5.94619872731586,rs2044329,FinnGen,post_outlier_removal
-1.74679988256928,-1.73220539450249,0.0688650508961043,-0.0556146782952858,-10.3072651264325,rs148983545,FinnGen,post_outlier_removal
-0.375276714551418,-0.331337203709106,0.050028224142242,-0.196448028334387,-3.68850199239979,rs17230654,FinnGen,post_outlier_removal
-0.496454801484738,-0.539858891002881,0.0373725943063614,0.224519479784553,-5.63011126660956,rs5813434,FinnGen,post_outlier_removal
0.496454801484738,0.578049693617789,0.0348782920577552,-0.436903342879702,-5.94619872731602,rs17296465,FinnGen,post_outlier_removal
-0.496454801484738,-0.578049693617808,0.0348782920577557,0.436903342879798,-5.94619872731601,rs8038166,FinnGen,post_outlier_removal
-0.496454801484738,-0.584842607273353,0.0347684449938944,0.474023332354787,-5.97003129635432,rs4776918,FinnGen,post_outlier_removal
-0.496454801484738,-0.597442166183128,0.0351482183305612,0.538660812154351,-5.95876497257738,rs4776919,FinnGen,post_outlier_removal
0.496454801484738,0.578049693617768,0.0348782920577567,-0.436903342879581,-5.94619872731584,rs17230761,FinnGen,post_outlier_removal
-0.811146178893419,-0.84791678017506,0.0368580292025264,0.191529059783066,-8.60158147087362,rs35494569,FinnGen,post_outlier_removal
0.496454801484738,0.578049693617679,0.0348782920577566,-0.436903342879105,-5.94619872731565,rs28429363,FinnGen,post_outlier_removal
-0.496454801484738,-0.597442166183255,0.0351482183305632,0.538660812155012,-5.9587649725774,rs11071947,FinnGen,post_outlier_removal
-1.07293315884446,-2.01326410706315,0.151362592611252,2.41697106311493,-5.1170206030525,rs72745440,FinnGen,post_outlier_removal
2.55465350558796,2.65442400602295,0.0351153700749255,-0.532418975883955,-19.2215342379901,rs4641686,FinnGen,post_outlier_removal
1.3189849924359,0.666054464981444,0.106714617294453,1.99873408506709,-3.90771019878236,rs76173081,FinnGen,post_outlier_removal
1.23076770516369,1.35873030733066,0.0399212505527141,-0.640443753824819,-9.87164446116749,rs11635391,FinnGen,post_outlier_removal
-1.94968503809563,-1.5338388168981,0.0456004011683114,-1.94736978684397,-9.23323624762193,rs150638203,FinnGen,post_outlier_removal
0.0792684823524125,-0.276659832807893,0.107928290885364,1.08341511166943,0.610103163478577,rs138075852,FinnGen,post_outlier_removal
-0.496454801484738,-0.584842607273478,0.0347684449938943,0.474023332355457,-5.97003129635458,rs975946,FinnGen,post_outlier_removal
0.496454801484738,0.584842607273294,0.0347684449938963,-0.474023332354457,-5.97003129635404,rs975944,FinnGen,post_outlier_removal
0.496454801484738,0.578049693617733,0.0348782920577565,-0.436903342879394,-5.94619872731577,rs4776920,FinnGen,post_outlier_removal
0.496454801484738,0.584842607273444,0.034768444993898,-0.474023332355251,-5.97003129635419,rs5813436,FinnGen,post_outlier_removal
0.496454801484738,0.584842607273574,0.0347684449938935,-0.474023332355978,-5.97003129635484,rs12440869,FinnGen,post_outlier_removal
-3.9224831675088,-3.85460224191605,0.0352522818435247,-0.36153815607194,-33.7511141978997,rs17526859,FinnGen,post_outlier_removal
-0.496454801484738,-0.682772925565342,0.0349517024397386,0.996600121380857,-5.95022486374858,rs7163460,FinnGen,post_outlier_removal
0.887417672591245,1.13101694565641,0.0358231066394804,-1.28704687669309,-8.1235281023876,rs12440986,FinnGen,post_outlier_removal
0.496454801484738,0.584842607273457,0.0347684449938971,-0.474023332355322,-5.9700312963543,rs12441098,FinnGen,post_outlier_removal
0.496454801484738,0.584842607273589,0.0347684449938984,-0.474023332356023,-5.97003129635444,rs12441076,FinnGen,post_outlier_removal
2.5937142298241,2.65355917799084,0.0351153700749125,-0.319358787175083,-19.5367410172348,rs7170004,FinnGen,post_outlier_removal
-3.9700969729076,-3.85335829119298,0.0352522818435329,-0.621757693502528,-33.8614955475815,rs9806377,FinnGen,post_outlier_removal
-0.510639206820047,-0.67588409879227,0.035043597678944,0.882721491948003,-6.14346492043066,rs9806386,FinnGen,post_outlier_removal
-3.9700969729076,-3.86923913748543,0.0353002603744811,-0.536810112902759,-34.0078033556583,rs144822359,FinnGen,post_outlier_removal
-0.496454801484738,-0.682772925565417,0.0349517024397396,0.996600121381244,-5.95022486374836,rs7177772,FinnGen,post_outlier_removal
-0.496454801484738,-0.676168516662434,0.0350435976789441,0.960012481425694,-5.95510990518389,rs7183186,FinnGen,post_outlier_removal
2.56246565496781,2.66570822155767,0.0351524850757464,-0.550656507829295,-19.2805067146855,rs11852260,FinnGen,post_outlier_removal
-3.9700969729076,-3.86923913748557,0.0353002603744834,-0.536810112901983,-34.0078033556583,rs35008245,FinnGen,post_outlier_removal
-0.884766087702526,-1.64163168817801,0.105104711422943,2.33457416359912,-5.11159666829299,rs117678478,FinnGen,post_outlier_removal
0.552548694965525,-0.029904464664868,0.0612558360064132,2.35335405197164,0.320472436732545,rs186140122,FinnGen,post_outlier_removal
-0.817901886515297,-0.847424518474623,0.0368580292025519,0.153776162053475,-8.62679868438514,rs74791128,FinnGen,post_outlier_removal
0.496454801484738,0.578049693617844,0.0348782920577565,-0.436903342879989,-5.94619872731602,rs8032438,FinnGen,post_outlier_removal
-3.9700969729076,-3.85335829119291,0.0352522818435301,-0.621757693502943,-33.8614955475826,rs113203559,FinnGen,post_outlier_removal
-0.482270394706358,-0.683019401694896,0.0349517024397376,1.07378971165099,-5.75059400253706,rs7178975,FinnGen,post_outlier_removal
0.078695005972816,0.0982936216682028,0.0374754856246082,-0.101239912782112,-0.633872062223336,rs56213124,FinnGen,post_outlier_removal
0.496454801484738,0.578049693617873,0.0348782920577563,-0.436903342880144,-5.94619872731611,rs4776921,FinnGen,post_outlier_removal
-0.496454801484738,-0.676168516662454,0.0350435976789452,0.960012481425785,-5.95510990518377,rs4133922,FinnGen,post_outlier_removal
2.55465350558796,2.65442400602307,0.0351153700749275,-0.532418975884579,-19.2215342379894,rs11071948,FinnGen,post_outlier_removal
2.55465350558796,2.65442400602264,0.0351153700749243,-0.532418975882318,-19.2215342379904,rs8029371,FinnGen,post_outlier_removal
0.887417672591245,1.01025601411412,0.0371609545455477,-0.637221636677358,-8.76961638473476,rs28655729,FinnGen,post_outlier_removal
-0.496454801484738,-0.578049693617733,0.0348782920577589,0.43690334287938,-5.94619872731557,rs8031586,FinnGen,post_outlier_removal
-3.9700969729076,-3.86923913748568,0.0353002603744825,-0.53681011290142,-34.0078033556601,rs8030620,FinnGen,post_outlier_removal
2.55465350558796,2.65442400602313,0.0351153700749261,-0.532418975884914,-19.2215342379899,rs55832357,FinnGen,post_outlier_removal
-3.9700969729076,-3.86923913748565,0.0353002603744818,-0.53681011290156,-34.0078033556603,rs34340802,FinnGen,post_outlier_removal
0.725389428617898,-0.0377426484507818,0.13760400691164,2.05723625163132,0.345855089007463,rs142696630,FinnGen,post_outlier_removal
-0.496454801484738,-0.578049693617723,0.0348782920577576,0.43690334287933,-5.94619872731565,rs4374116,FinnGen,post_outlier_removal
2.55465350558796,2.65442400602293,0.0351153700749238,-0.532418975883868,-19.2215342379907,rs58036323,FinnGen,post_outlier_removal
-3.9700969729076,-3.85335829119322,0.0352522818435225,-0.621757693501364,-33.8614955475918,rs35722009,FinnGen,post_outlier_removal
0.0458016367709397,0.373072667116501,0.0404484564968858,-1.62725864295957,-0.809966195669299,rs143273302,FinnGen,post_outlier_removal
-1.12038766085919,-1.34487861913698,0.0566501246040906,0.943188330990566,-8.57315370449591,rs201238113,FinnGen,post_outlier_removal
0.505929760151917,0.281871811236474,0.0574085381064842,0.935130263206889,-3.14024296627826,rs75966616,FinnGen,post_outlier_removal
0.221748908541786,0.333785813952009,0.0626741470107027,-0.447524574810605,-2.71978233959118,rs137876438,FinnGen,post_outlier_removal
2.29997624186833,2.32211221224596,0.0369324647247209,-0.115184600168587,-16.4600949652794,rs72745452,FinnGen,post_outlier_removal
0.496454801484738,0.584842607273609,0.0347684449938946,-0.474023332356154,-5.97003129635481,rs28571147,FinnGen,post_outlier_removal
2.29997624186833,2.32195894873242,0.0366844855044093,-0.114773057827231,-16.5194002910335,rs956129,FinnGen,post_outlier_removal
1.12999924658398,1.22746816381392,0.0490035322896257,-0.440303815100139,-9.20042642877176,rs72745455,FinnGen,post_outlier_removal
-3.9700969729076,-3.87022905125554,0.0348159287467556,-0.535225774701835,-34.3775012379264,rs12915601,FinnGen,post_outlier_removal
2.33739819144864,1.89703520749011,0.0835731858607935,1.52327153593187,-9.23239949313152,rs28538466,FinnGen,post_outlier_removal
-0.531915812027062,-0.584415575676983,0.0347684449938985,0.281555953235104,-6.29133695778197,rs7162340,FinnGen,post_outlier_removal
-0.811146178893419,-0.84791678017517,0.0368580292025331,0.191529059783622,-8.60158147087336,rs34630901,FinnGen,post_outlier_removal
0.496454801484738,0.584842607273587,0.0347684449938939,-0.474023332356042,-5.97003129635483,rs12901046,FinnGen,post_outlier_removal
2.53121704396072,2.65951652640763,0.0347614997929853,-0.688138175255289,-19.111489004772,rs6494650,FinnGen,post_outlier_removal
2.53902920007753,2.65942402951313,0.0347614997929888,-0.645741328475496,-19.1901898960529,rs4506839,FinnGen,post_outlier_removal
-3.9700969729076,-3.8702290512556,0.0348159287467556,-0.535225774701514,-34.377501237927,rs4238407,FinnGen,post_outlier_removal
-3.9700969729076,-3.85463200088161,0.0347583141156102,-0.619328267819826,-34.241442847451,rs4776922,FinnGen,post_outlier_removal
-3.97604868947084,-3.85456208371766,0.0347583141156082,-0.651626963435256,-34.2493031189486,rs4432221,FinnGen,post_outlier_removal
-3.9700969729076,-3.85463200088158,0.0347583141156059,-0.619328267820021,-34.2414428474539,rs1444935,FinnGen,post_outlier_removal
-3.9700969729076,-3.85463200088144,0.0347583141156089,-0.619328267820752,-34.2414428474499,rs1444936,FinnGen,post_outlier_removal
2.53902920007753,2.74491359468882,0.0348068631356572,-1.10354738741623,-18.9696369423408,rs11636980,FinnGen,post_outlier_removal
2.21536376934515,2.08153028017218,0.0395009394308584,0.673381356890038,-14.4196147775773,rs2166185,FinnGen,post_outlier_removal
2.51559272503838,2.74522203189376,0.0348068631356621,-1.23082092808861,-18.6506407881716,rs8037981,FinnGen,post_outlier_removal
2.51559272503838,2.65970152027558,0.0347614997929868,-0.772931905113502,-18.9464879524865,rs2120836,FinnGen,post_outlier_removal
2.55465350558796,2.65923903580402,0.034761499792987,-0.560947671404438,-19.3398297509607,rs8043518,FinnGen,post_outlier_removal
2.44528318088738,2.66053399397184,0.0347614997929847,-1.15450428102432,-18.0883448089306,rs55962710,FinnGen,post_outlier_removal
2.52340488561205,2.74511921946266,0.0348068631356573,-1.18839640243499,-18.7587375642443,rs11071949,FinnGen,post_outlier_removal
-0.531915812027062,-0.577509277713696,0.0348782920577584,0.244132163806021,-6.25525744065615,rs8025186,FinnGen,post_outlier_removal
-0.460993781923221,-0.585269638978675,0.0347684449938963,0.666490760428624,-5.59448469371254,rs12594477,FinnGen,post_outlier_removal
0.539008012996531,0.577401194550368,0.0348782920577575,-0.205577934183741,-6.31031168515958,rs4410030,FinnGen,post_outlier_removal
-3.9700969729076,-3.87022905125569,0.0348159287467548,-0.535225774701017,-34.3775012379286,rs4352000,FinnGen,post_outlier_removal
2.51559272503838,2.74522203189365,0.0348068631356603,-1.23082092808805,-18.6506407881727,rs4301969,FinnGen,post_outlier_removal
-3.9700969729076,-3.87022905125558,0.034815928746755,-0.535225774701611,-34.3775012379273,rs34221449,FinnGen,post_outlier_removal
-0.942605109572052,-0.370586641867683,0.0909975999161944,-1.89624776256385,-2.30186857337436,rs75986296,FinnGen,post_outlier_removal
-0.403292994209042,-0.371479511700382,0.0760755472999262,-0.115342316570657,-3.45403044948752,rs77715810,FinnGen,post_outlier_removal
1.29213274810139,1.55174749588031,0.0452934698571375,-1.21986441696532,-9.23660967422257,rs72745461,FinnGen,post_outlier_removal
2.51559272503838,2.67124354485625,0.0348447889388237,-0.833839555671333,-18.8966575092195,rs11853367,FinnGen,post_outlier_removal
2.51559272503838,2.67124354485613,0.0348447889388223,-0.833839555670706,-18.8966575092203,rs11856840,FinnGen,post_outlier_removal
2.53121704396072,2.64691996571854,0.0359513935252604,-0.610220033696298,-18.741179036927,rs74892931,FinnGen,post_outlier_removal
-3.96414525431245,-3.85470191806907,0.0347583141156084,-0.587029561179651,-34.2320371994555,rs10152973,FinnGen,post_outlier_removal
-3.9700969729076,-3.85202528797294,0.0358836456287372,-0.623300508640774,-33.391066751824,rs10152913,FinnGen,post_outlier_removal
0.595745606218515,0.490232442319979,0.0359689742854767,0.556342988685133,-5.82404127449695,rs12708494,FinnGen,post_outlier_removal
-0.517731408933666,-0.5845863883022,0.0347684449938913,0.358542898786002,-6.1695043268164,rs7162810,FinnGen,post_outlier_removal
0.303515040499299,-0.415240371936651,0.0728417926594178,2.66312048581375,3.21391711656994,rs148601227,FinnGen,post_outlier_removal
-0.517731408933666,-0.584586388302034,0.0347684449938954,0.358542898785095,-6.16950432681555,rs8029963,FinnGen,post_outlier_removal
0.951181320526059,0.301477294808143,0.304785741778392,1.17684220369393,-1.8986550638035,rs182035264,FinnGen,post_outlier_removal
0.517731408933666,0.584586388302067,0.0347684449938957,-0.358542898785268,-6.16950432681561,rs8030142,FinnGen,post_outlier_removal
2.52340488561205,2.7451192194629,0.0348068631356551,-1.18839640243633,-18.758737564244,rs869304,FinnGen,post_outlier_removal
2.51559272503838,2.65970152027546,0.0347614997929885,-0.772931905112833,-18.9464879524862,rs869305,FinnGen,post_outlier_removal
0.469274624135942,0.580001012474396,0.0394440893431649,-0.55751963535067,-5.34538359853951,rs16950870,FinnGen,post_outlier_removal
-3.9700969729076,-3.85463200088141,0.0347583141156091,-0.619328267820946,-34.2414428474494,rs3743349,FinnGen,post_outlier_removal
0.189765898900631,0.228971877895071,0.0441244945967665,-0.186643311334055,-2.50920449063697,rs139534889,FinnGen,post_outlier_removal
-0.792570369053553,-0.849270325983996,0.0368580292025291,0.295336194190822,-8.51952165939686,rs17231180,FinnGen,post_outlier_removal
-3.93438663096468,-3.85505150436403,0.0347583141156087,-0.425535863151579,-34.1614878637416,rs8042007,FinnGen,post_outlier_removal
-3.99985553534383,-3.85428241530189,0.0347583141156063,-0.780821635295776,-34.2655435313418,rs4491456,FinnGen,post_outlier_removal
1.75181609064324,1.66415773902306,0.0527915563724657,0.38151451595851,-10.8885385587938,rs72745470,FinnGen,post_outlier_removal
-3.99985553534383,-3.85428241530176,0.034758314115609,-0.780821635296433,-34.2655435313381,rs4536412,FinnGen,post_outlier_removal
2.50778056224661,2.6412421487603,0.0360620808399246,-0.702798606784817,-18.4852431983609,rs11071950,FinnGen,post_outlier_removal
2.49996839724364,2.67146641823358,0.0348447889388218,-0.918734856572593,-18.714827210607,rs4496076,FinnGen,post_outlier_removal
-3.99985553534383,-3.85428241530172,0.0347583141156074,-0.780821635296673,-34.2655435313388,rs12442323,FinnGen,post_outlier_removal
2.52340488561205,2.64706315717586,0.0357228861838463,-0.654259295849735,-18.7373260561639,rs62016013,FinnGen,post_outlier_removal
-3.99985553534383,-3.85428241530175,0.0347583141156083,-0.780821635296468,-34.2655435313386,rs12915659,FinnGen,post_outlier_removal
-3.99985553534383,-3.85428241530183,0.0347583141156063,-0.780821635296069,-34.2655435313411,rs8039943,FinnGen,post_outlier_removal
-3.99985553534383,-3.85428241530184,0.0347583141156098,-0.780821635295975,-34.2655435313387,rs28696998,FinnGen,post_outlier_removal
-0.581561210407468,-0.681294069339631,0.0349517024397382,0.533462752525646,-6.97101879124637,rs4312262,FinnGen,post_outlier_removal
0.546100213574311,0.584244763070534,0.0347684449938963,-0.204569016076877,-6.40406945335722,rs4776354,FinnGen,post_outlier_removal
0.560284613534183,0.584073950483297,0.0347684449938985,-0.127582087534768,-6.50756170839148,rs4776923,FinnGen,post_outlier_removal
-0.379691731675232,-0.553334143251419,0.0423191009768669,0.844087739765159,-4.29067772015959,rs78140934,FinnGen,post_outlier_removal
-0.304850550352167,-0.240603779504926,0.0543018502511951,-0.275704586115535,-2.96975899619288,rs150134693,FinnGen,post_outlier_removal
2.52340488561205,2.65960902332828,0.0347614997929871,-0.730535034146015,-19.0302428987552,rs11637059,FinnGen,post_outlier_removal
2.52340488561205,2.67113210821494,0.0348447889388221,-0.791391923279936,-18.9839882542217,rs4625676,FinnGen,post_outlier_removal
-2.62781073429847,-2.9798200968452,0.0786682298871607,1.2550312091133,-12.5592071434338,rs137909273,FinnGen,post_outlier_removal
0.912621726470983,-0.286809565162917,0.149480991438981,3.10228997909601,1.82521344815073,rs143412009,FinnGen,post_outlier_removal
-0.792570369053553,-0.849270325983969,0.0368580292025323,0.295336194190667,-8.51952165939668,rs71400367,FinnGen,post_outlier_removal
2.52340488561205,2.65960902332836,0.0347614997929866,-0.730535034146444,-19.0302428987553,rs7178870,FinnGen,post_outlier_removal
-4.01175894600971,-3.85414258123805,0.034758314115608,-0.845418904636498,-34.2647568746602,rs8043060,FinnGen,post_outlier_removal
-0.881092092479076,0.157876426015315,0.176789826185344,-2.47100573805438,1.12513440538579,rs184496557,FinnGen,post_outlier_removal
2.52340488561205,2.65960902332835,0.0347614997929869,-0.730535034146416,-19.0302428987552,rs41357746,FinnGen,post_outlier_removal
2.52340488561205,2.67113210821489,0.0348447889388221,-0.791391923279668,-18.9839882542218,rs41370046,FinnGen,post_outlier_removal
2.23074787255871,2.25626472378916,0.0372093682326791,-0.132282055112955,-15.8850231834038,rs72745473,FinnGen,post_outlier_removal
-0.510639206820047,-0.682526449460851,0.0349517024397389,0.919410538963653,-6.14220462191427,rs8028934,FinnGen,post_outlier_removal
0.185501497392938,-0.255181665363257,0.052106745399438,1.93054301957662,2.35685714022411,rs140045367,FinnGen,post_outlier_removal
0.0617762099579438,0.0998305083426931,0.0374754856246049,-0.196575814809384,-0.507160957888781,rs56026891,FinnGen,post_outlier_removal
-0.792570369053553,-0.849270325983883,0.0368580292025263,0.295336194190245,-8.519521659397,rs34983272,FinnGen,post_outlier_removal
-0.170863708760328,-0.986534658729378,0.101418835880575,2.56127189862827,-0.810244208646243,rs144929767,FinnGen,post_outlier_removal
2.50778056224661,2.67135498152917,0.034844788938822,-0.876287200114741,-18.8069193452116,rs11633767,FinnGen,post_outlier_removal
2.49996839724364,2.67146641823358,0.0348447889388238,-0.918734856572541,-18.7148272106064,rs11633857,FinnGen,post_outlier_removal
2.49996839724364,2.67146641823352,0.0348447889388235,-0.918734856572231,-18.7148272106067,rs4580100,FinnGen,post_outlier_removal
2.49996839724364,2.67146641823354,0.0348447889388238,-0.918734856572313,-18.7148272106065,rs55691227,FinnGen,post_outlier_removal
2.55465350558796,2.73134411940652,0.03560061428787,-0.936450301003576,-18.9558469153865,rs11857142,FinnGen,post_outlier_removal
-0.237089740670902,-0.126594192902185,0.0487727328233496,-0.500329642611522,-1.71144697953663,rs117400732,FinnGen,post_outlier_removal
-2.53121704396072,-2.6710206716053,0.0348447889388231,0.748944302977669,-19.0688636795381,rs12164949,FinnGen,post_outlier_removal
0.805334014822734,1.22524553455462,0.0881852225473408,-1.41403409581561,-5.81472414153685,rs139800563,FinnGen,post_outlier_removal
2.26151605605032,2.41735950307139,0.040091201500448,-0.778330429018196,-15.5063497599349,rs66926990,FinnGen,post_outlier_removal
-2.17966781326692,-2.69986563190754,0.0535883270957577,2.24715705698013,-11.5047412934326,rs4776924,FinnGen,post_outlier_removal
-0.523200914947002,-0.413282871103207,0.0592552980307253,-0.451549533007304,-4.07768698333305,rs62016022,FinnGen,post_outlier_removal
-1.69821714836743,-1.34555678309866,0.040885063824291,-1.74411177028753,-8.99601457159718,rs12903168,FinnGen,post_outlier_removal
1.34108269280542,1.34343748439414,0.0383209490801483,-0.0120291335787068,-10.4978228228627,rs113386507,FinnGen,post_outlier_removal
0.608434657631433,0.771953427042872,0.040050171558213,-0.817081579439417,-6.8254625985374,rs3825979,FinnGen,post_outlier_removal
1.37209010717671,1.33985771505567,0.0383209490801486,0.164654805224623,-10.5357549375452,rs6494654,FinnGen,post_outlier_removal
-0.105348711143264,0.485254916271356,0.0612558360064118,-2.38628534621968,1.38831141398267,rs139553529,FinnGen,post_outlier_removal
-0.648352553258481,-1.15456739408574,0.0931889771889346,1.65825990770951,-4.33504141700611,rs4275804,FinnGen,post_outlier_removal
0.37078728691828,0.315427866186145,0.0404484564968931,0.275258386788695,-3.84185321553316,rs149894655,FinnGen,post_outlier_removal
0.59036237186538,0.786951232547493,0.0424098860738968,-0.954608622588442,-6.42423461763349,rs4776926,FinnGen,post_outlier_removal
-0.796138040995296,-0.643788514250095,0.0605332996825969,-0.619218517749796,-5.90633363913878,rs35933176,FinnGen,post_outlier_removal
-1.72022997997917,-1.5421080817778,0.0393259569254478,-0.898209543330493,-11.1410516764936,rs35921378,FinnGen,post_outlier_removal
1.34108269280542,1.30643847345195,0.038612467326721,0.176305963651097,-10.3736571159791,rs11071951,FinnGen,post_outlier_removal
1.34108269280542,1.34343748439411,0.0383209490801505,-0.012029133578542,-10.4978228228625,rs11071952,FinnGen,post_outlier_removal
2.99320862652087,2.75541357413269,0.0527888934488894,1.03497899327755,-16.381942908655,rs12324662,FinnGen,post_outlier_removal
-0.710611779508066,-0.612123435609616,0.0458761352465673,-0.459823775027729,-6.3977570271962,rs950784,FinnGen,post_outlier_removal
0.118279850711457,0.0597822124603567,0.0467895722673969,0.270435558672459,-0.465582871865988,rs62016025,FinnGen,post_outlier_removal
1.74555352655984,1.48406812825527,0.0399284843295296,1.3085973300595,-10.3455135557676,rs2286664,FinnGen,post_outlier_removal
2.87994941700888,2.81618651070302,0.0527888934488905,0.277521621724748,-16.9637008229633,rs75940327,FinnGen,post_outlier_removal
1.02307680806777,1.25107477787075,0.0381325537297926,-1.16757028740196,-8.66770844666591,rs7359257,FinnGen,post_outlier_removal
-1.54869608370165,-1.64777934707566,0.142819589918215,0.262184136488312,-8.48746092464768,rs183956019,FinnGen,post_outlier_removal
-1.53468886932122,-2.13066400155463,0.0765840948067788,2.15356927696325,-7.5195017518834,rs139440514,FinnGen,post_outlier_removal
1.084614923951,1.24430773937605,0.0381325537297919,-0.817781783596515,-9.2804222546617,rs8026196,FinnGen,post_outlier_removal
-0.694358232609262,-0.412954066126403,0.165535666019385,-0.691647375111225,-3.02478456687381,rs140154811,FinnGen,post_outlier_removal
-0.0266667308312302,-0.0983666466921051,0.0396961828613871,0.359868863439887,-0.204924314353769,rs4776929,FinnGen,post_outlier_removal
1.06923040041185,1.28163427031741,0.0379795365881937,-1.08990236374694,-8.94546227209807,rs55854539,FinnGen,post_outlier_removal
1.06923040041185,1.2816342703174,0.0379795365881926,-1.08990236374694,-8.94546227209814,rs56108040,FinnGen,post_outlier_removal
0.254717554667508,-0.149697494126899,0.0988439909273577,1.28632932865279,1.14469851842481,rs78910246,FinnGen,post_outlier_removal
-1.40908756525952,-1.44190764511093,0.0390647365395064,0.166053174857111,-10.7824192405246,rs28399271,FinnGen,post_outlier_removal
2.04748426196398,0.787976363441127,0.0777445218564538,4.51716544130475,-4.37027313952339,rs180887784,FinnGen,post_outlier_removal
-0.940574031669004,-0.877449590825681,0.0674254400596492,-0.24310038652164,-7.39913617588561,rs191267411,FinnGen,post_outlier_removal
-0.514423987802182,-0.41964445183938,0.0592552980307253,-0.38935968750929,-4.11037071670027,rs62016027,FinnGen,post_outlier_removal
-0.798942494748331,-0.552477644205762,0.081763777339803,-0.861935003453218,-4.44994651871085,rs187478541,FinnGen,post_outlier_removal
0.139665134205929,0.233711292892879,0.0389415519582776,-0.476578486427175,-2.18509935346601,rs60141690,FinnGen,post_outlier_removal
0.59036237186538,0.616093106322756,0.0363735691983118,-0.134914684929849,-6.71490763076466,rs3809573,FinnGen,post_outlier_removal
0.325490896787901,0.754999546235107,0.084538104986828,-1.47722163595492,-2.54907208401524,rs77167076,FinnGen,post_outlier_removal
0.59036237186538,0.616093106322818,0.0363735691983076,-0.134914684930182,-6.71490763076535,rs3743352,FinnGen,post_outlier_removal
-0.596386467434462,-0.744630922997345,0.0367792694589538,0.772995401112739,-6.97440493162287,rs6494657,FinnGen,post_outlier_removal
-0.871287634022962,-0.785150954976207,0.0456157745370271,-0.403302205555053,-7.97916083840642,rs75463836,FinnGen,post_outlier_removal
0.596386467434462,0.597572700865158,0.0363903938033178,-0.0062183731797579,-6.65518446562694,rs12148153,FinnGen,post_outlier_removal
0.575758502540653,0.616951293220294,0.036373569198301,-0.21598731995513,-6.61297816803309,rs12148151,FinnGen,post_outlier_removal
-0.653466248103953,-0.80120443049505,0.1255096930724,0.417017343953631,-4.31739118666219,rs76479722,FinnGen,post_outlier_removal
0.596386467434462,0.745017902994327,0.0383563003314698,-0.758913567832174,-6.84540117132798,rs4776359,FinnGen,post_outlier_removal
0.346457427006217,0.684417695103571,0.0406181245808954,-1.67689439192415,-3.44779814135203,rs12594849,FinnGen,post_outlier_removal
0.958199545768735,-0.216476415248306,0.120025093447551,3.39064291788251,1.11872273379087,rs137869543,FinnGen,post_outlier_removal
0.35135209292568,0.352393519068575,0.0406673481217872,-0.00516422967418954,-3.95885671952452,rs17298032,FinnGen,post_outlier_removal
0.554217792061518,0.618217119083702,0.0363735691983182,-0.335569474521712,-6.44354776631921,rs4238408,FinnGen,post_outlier_removal
-0.596386467434462,-0.744630922997339,0.036779269458953,0.772995401112716,-6.97440493162294,rs4423371,FinnGen,post_outlier_removal
0.596386467434462,0.615739104258519,0.036373569198311,-0.101472225909626,-6.75386787895169,rs72747403,FinnGen,post_outlier_removal
0.596386467434462,0.597572700865233,0.0363903938033041,-0.00621837318015483,-6.65518446562868,rs72747405,FinnGen,post_outlier_removal
-0.551570430789494,-1.09520031928043,0.107259046702207,1.65991694982078,-3.39113881679294,rs72747406,FinnGen,post_outlier_removal
0.596386467434462,0.597572700864761,0.0363903938032955,-0.00621837317768093,-6.65518446562678,rs10518723,FinnGen,post_outlier_removal
0.596386467434462,0.597572700865002,0.0363903938032941,-0.00621837317894048,-6.6551844656283,rs11635641,FinnGen,post_outlier_removal
-1.42856784836301,-1.43923691710651,0.039064736539509,0.0539801470821507,-10.8394154595997,rs2414952,FinnGen,post_outlier_removal
0.72613541182898,0.570021217520895,0.06428357054102,0.615732952419275,-5.11420682711026,rs531822201,FinnGen,post_outlier_removal
0.162011553049036,0.230727747223532,0.0389415519582756,-0.34821900511352,-2.43622338943239,rs2414953,FinnGen,post_outlier_removal
0.162011553049036,0.230727747223573,0.0389415519582755,-0.348219005113731,-2.43622338943263,rs2414954,FinnGen,post_outlier_removal
0.302703364789466,0.303546446922925,0.0440248008207071,-0.00401810411682963,-3.52476133616712,rs62016030,FinnGen,post_outlier_removal
-0.71790892011956,-0.727433576340699,0.164577669518732,0.0234781490429287,-4.01344253155657,rs79171522,FinnGen,post_outlier_removal
0.898256231686278,0.969430401563992,0.159411579043494,-0.178263520348178,-4.95040141810204,rs202083553,FinnGen,post_outlier_removal
-0.350000739520865,0.561139224164311,0.114549527165796,-2.69208299841746,3.0692880647513,rs117817908,FinnGen,post_outlier_removal
0.128491924396449,0.235203065779407,0.0389415519582785,-0.54075822931259,-2.04647776306438,rs62016031,FinnGen,post_outlier_removal
-0.738758837992636,-1.42966963681327,0.105382233544249,2.12832664035832,-4.36525201955153,rs117353140,FinnGen,post_outlier_removal
0.596386467434462,0.615739104258701,0.0363735691983127,-0.101472225910581,-6.75386787895242,rs2414955,FinnGen,post_outlier_removal
2.59337083908965,2.42405032218986,0.067239216649735,0.652977569480227,-13.0174154627785,rs13379682,FinnGen,post_outlier_removal
0.596386467434462,0.597572700865214,0.0363903938032931,-0.00621837318005217,-6.65518446562961,rs4776931,FinnGen,post_outlier_removal
0.965197374730794,0.922853515734118,0.0868900314082182,0.143649942900103,-6.80023131237891,rs534582141,FinnGen,post_outlier_removal
-0.510870474286155,-0.0998077683081594,0.0596471061873656,-1.68311343864066,-1.22449913193924,rs145301595,FinnGen,post_outlier_removal
-0.0207373771005331,0.15657316295289,0.085652563609237,-0.605848963948965,0.117382865828476,rs187632209,FinnGen,post_outlier_removal
0.596386467434462,0.59757270086551,0.0363903938033023,-0.00621837318160646,-6.65518446563043,rs143073716,FinnGen,post_outlier_removal
-0.602942100492489,-0.767536810552296,0.038135036707841,0.842856788122996,-6.91419760161413,rs2899723,FinnGen,post_outlier_removal
0.167598157583482,0.0126082457176946,0.0402614123410748,0.772429636746336,-0.158492149516991,rs139107736,FinnGen,post_outlier_removal
0.596386467434462,0.615739104258518,0.0363735691983073,-0.101472225909629,-6.75386787895204,rs60357413,FinnGen,post_outlier_removal
