gene,celltype,avg_log2FC,AveExpr,t,p_val,p_val_adj,B,n_Young,n_Aged,direction
AL121985.1,EC1,3.28830299667659,3.40773612208986,7.44361146239221,4.33078660448497e-06,0.0369530730698694,3.92502023094752,5,5,Up
AL136962.1,EC1,3.32129112298912,3.68067017050742,7.04301277927658,7.85198299791765e-06,0.0369530730698694,3.56064293781481,5,5,Up
NLGN4X,EC1,3.30208878067763,2.5556081370604,6.9605607906005,8.89792272330109e-06,0.0369530730698694,2.89388820188954,5,5,Up
DEPDC1B,EC2,2.23405669891678,3.79179214915747,7.246240320366,5.13665502779346e-06,0.045289887380055,2.53210453488038,5,5,Up
XKR6,FAP1,-3.51347080825982,3.77630184269896,-13.696743155381,6.25194400053344e-09,9.70614306082816e-05,10.2823070021591,5,5,Down
MECOM,FAP1,8.70793654453047,1.18106082543958,11.7076596827707,3.93626781192758e-08,0.000305552788900878,6.69847531664642,5,5,Up
SHOX,FAP1,-4.35477247330382,4.141454826244,-9.88442603095795,2.72401958388885e-07,0.00100971153898094,7.14749375981414,5,5,Down
LFNG,FAP1,-2.80704981680707,2.95411127744362,-9.78260618825759,3.05994871192948e-07,0.00100971153898094,6.92371390186496,5,5,Down
EPHA6,FAP1,3.18184922068359,4.71034067592778,9.72966758009207,3.25188901443138e-07,0.00100971153898094,7.05131402812727,5,5,Up
SLPI,FAP1,4.1238108784438,2.84266347000738,8.64853150191179,1.19554893256616e-06,0.00309348286301493,5.46685172198926,5,5,Up
HAND2-AS1,FAP1,-3.89828994411851,2.95019422373339,-8.17298076798562,2.20305958424345e-06,0.00467172111884116,5.11900487652209,5,5,Down
TLL2,FAP1,-1.80883468073322,5.5145449620529,-8.06624193874288,2.53582063154824e-06,0.00467172111884116,5.15637730777724,5,5,Down
AP001924.1,FAP1,-4.77592815367505,-0.49134345786535,-8.01666399358061,2.70824412686444e-06,0.00467172111884116,3.90523021060352,5,5,Down
AF121898.1,FAP1,-6.15981804633329,3.8351025847824,-7.75967630268433,3.82625846184445e-06,0.00594026626201351,4.60953344729624,5,5,Down
MYO1D,FAP1,-1.3877953012103,6.84991616235475,-7.40122269560478,6.2785901495097e-06,0.00886137382464891,4.27119483149463,5,5,Down
CLEC11A,FAP1,-2.97659387588875,3.49596576561658,-7.14891514890214,8.98264091204133e-06,0.0116212916799535,3.92056525158426,5,5,Down
ID4,FAP1,-1.5199443251152,4.868361215743,-7.03114354003073,1.06466114992592e-05,0.0127145110404615,3.75874086552197,5,5,Down
AC004917.1,FAP1,2.05047024336074,3.25335205554935,6.87816451733153,1.33121315198613e-05,0.0147622029889891,3.54190590289455,5,5,Up
MCOLN3,FAP1,-1.76195140632262,3.91428400417755,-6.7890639756004,1.51837259392605e-05,0.014847349300815,3.42451182712718,5,5,Down
COLEC12,FAP1,-1.34202044616283,8.78241898378341,-6.76946347603339,1.56317340229197e-05,0.014847349300815,3.38620801567724,5,5,Down
PTGFR,FAP1,2.28479092351293,5.67976460541931,6.69102414943559,1.75698502382621e-05,0.014847349300815,3.26677182236023,5,5,Up
NR1D2,FAP1,-2.03015074941394,6.53661605597616,-6.66293398435324,1.83245270025961e-05,0.014847349300815,3.21636120656686,5,5,Down
ZNF608,FAP1,4.49384242075429,0.0641008960905475,6.6329023059765,1.9169490757629e-05,0.014847349300815,2.60409326699104,5,5,Up
AC011511.5,FAP1,3.02948537438711,1.29003505038867,6.62077123236148,1.95224250419013e-05,0.014847349300815,2.9014999735383,5,5,Up
EFNA5,FAP1,2.04661795738991,6.57505214841534,6.60196049589796,2.00833710349188e-05,0.014847349300815,3.13009695611599,5,5,Up
NR1D1,FAP1,-2.98527634388092,3.45060736464237,-6.47251455190121,2.44376891593043e-05,0.0172452329181,2.96957286380972,5,5,Down
ROBO2,FAP1,-2.05435837519533,8.11910194817881,-6.4231278578162,2.63532783393001e-05,0.0177884628790276,2.86654298821231,5,5,Down
OPA3,FAP1,1.3330817380638,4.60536696646042,6.34116121393582,2.98915733139389e-05,0.0186368887138765,2.75284729374097,5,5,Up
PPP1R14A,FAP1,-2.07908010274637,1.69500010040752,-6.33759741689563,3.00563829423294e-05,0.0186368887138765,2.70123630996179,5,5,Down
EYA1,FAP1,2.82319794489508,2.08736084802591,6.28903171373719,3.24006535247889e-05,0.0186368887138765,2.61375914577487,5,5,Up
AC025470.2,FAP1,-3.02855601921112,2.02058450941282,-6.28880618098893,3.24119803719592e-05,0.0186368887138765,2.64466309919391,5,5,Down
AC023355.1,FAP1,2.09892189486643,3.89205541340185,6.26449232864564,3.36579810859595e-05,0.0186621484414114,2.65613988870761,5,5,Up
GNG2,FAP1,-1.20647431669423,5.47665120440186,-6.23299131866748,3.53480718428907e-05,0.0188896803215619,2.56613320515863,5,5,Down
LRATD1,FAP1,-3.91396116025191,0.922843809137983,-6.21238844517399,3.65017977228249e-05,0.0188896803215619,2.30365588202089,5,5,Down
ERI2,FAP1,2.01148279807735,7.69765580378416,6.15368189506595,4.00128260131313e-05,0.0200386814146408,2.45359024930961,5,5,Up
DBP,FAP1,-2.67073170175282,3.39214721374746,-6.07367661994839,4.5382454927512e-05,0.0219920809131094,2.3757748509394,5,5,Down
ICAM5,FAP1,3.06139863627634,0.337328720966711,6.05494401001606,4.67464521824547e-05,0.0219920809131094,1.98144271035885,5,5,Up
SOX6,FAP1,-1.85145375752986,5.54748690941635,-6.00457091836368,5.06333726064921e-05,0.0231177170465675,2.2116448194668,5,5,Down
SORBS2,FAP1,5.92922896696128,1.05765161184812,5.96211172766376,5.41744503587557e-05,0.0231177170465675,1.85748617139754,5,5,Up
RBFOX1,FAP1,-6.02602413676672,0.282715812219638,-5.95404608365213,5.48761578543187e-05,0.0231177170465675,1.82394369017107,5,5,Down
EPHA7,FAP1,2.88533267788941,6.20192099077052,5.95048138614032,5.51893337838567e-05,0.0231177170465675,2.13840892299987,5,5,Up
AP001977.1,FAP1,-1.92041521324509,1.60499079601462,-5.93485687022616,5.65844281977176e-05,0.0231177170465675,2.12446629479181,5,5,Down
ACOT12,FAP1,1.47690245152844,3.99463370007253,5.88687654189472,6.11058491962284e-05,0.0243248284300371,2.06577857358775,5,5,Up
SLC6A20,FAP1,-1.87489241031944,3.87383935819726,-5.72261702485066,7.9696140762671e-05,0.0309320646335117,1.80803438786532,5,5,Down
AC096531.2,FAP1,2.48635121870955,2.31814906881694,5.69829913538872,8.29190800484917e-05,0.0312886710976439,1.79153706345403,5,5,Up
PER3,FAP1,-1.20320828375041,7.46980945796719,-5.67392881507736,8.62869044789088e-05,0.0312886710976439,1.68221539925417,5,5,Down
TMEM150C,FAP1,1.02960384668293,4.13389556139651,5.65911586840146,8.84040454897066e-05,0.0312886710976439,1.69530816165246,5,5,Up
RGCC,FAP1,-1.84883025277761,5.52141208237951,-5.65723725376092,8.86764269434029e-05,0.0312886710976439,1.65410460253916,5,5,Down
MYH11,FAP1,4.95423691758766,0.695316380396733,5.61278388676591,9.53861941217351e-05,0.0320361125813244,1.3948549860951,5,5,Up
CP,FAP1,2.51720878989741,2.42799919839961,5.60433012573577,9.67215517793325e-05,0.0320361125813244,1.65676133272202,5,5,Up
GSTT2B,FAP1,-2.12765439341305,1.05423633083688,-5.60267472948325,9.69853327743797e-05,0.0320361125813244,1.57621802043211,5,5,Down
TANC1,FAP1,5.50421530059062,1.61958957447758,5.52405737286872,0.00011042597778599,0.035715902190156,1.34428083145228,5,5,Up
AL355838.1,FAP1,3.56029426273798,0.411994483254982,5.4606038310983,0.000122698326588219,0.0388753371486142,1.19713377973722,5,5,Up
NRK,FAP1,-2.64863930071653,4.34133610014788,-5.41272355376953,0.000132903129154162,0.0398326012155647,1.2942496960295,5,5,Down
SCN9A,FAP1,-2.78076994184986,3.97980445818891,-5.4063807701193,0.000134320390366059,0.0398326012155647,1.3017750266116,5,5,Down
AL033523.1,FAP1,1.71186871273244,5.48698022559754,5.40237154380289,0.000135224407671195,0.0398326012155647,1.24255937799061,5,5,Up
AC104758.5,FAP1,2.23788024546176,0.538039913681562,5.38849800068424,0.000138402281738732,0.0398326012155647,1.17084195202128,5,5,Up
PER1,FAP1,-1.6448246984645,5.6436005319286,-5.38786911741464,0.000138548178141095,0.0398326012155647,1.20643075473793,5,5,Down
GRM7,FAP1,-2.48069387716616,5.91004405638426,-5.36132011871944,0.00014485698400475,0.0408891759395225,1.16545790246561,5,5,Down
STEAP2-AS1,FAP1,1.94938570352272,2.30313030811561,5.33893331538162,0.000150410925453164,0.0411946078823394,1.24688714943189,5,5,Up
HAND2,FAP1,-2.94794369230048,1.03961299634247,-5.30184010061379,0.000160110578480601,0.0411946078823394,1.11393608824729,5,5,Down
MPPED2,FAP1,1.39392281210886,3.41946366016956,5.30017789027756,0.000160560306312235,0.0411946078823394,1.14616296118274,5,5,Up
PLA2G2A,FAP1,3.93483411841326,3.75206628297912,5.29834723592396,0.000161057141701649,0.0411946078823394,1.17711307670846,5,5,Up
L3MBTL4,FAP1,6.1844079022708,1.59041441597408,5.29152581053227,0.00016292270364948,0.0411946078823394,0.99394961184467,5,5,Up
ITM2C,FAP1,-1.2486331291019,4.73543292605966,-5.28126981760196,0.000165770331577098,0.0411946078823394,1.04572441729554,5,5,Down
SUSD4,FAP1,-2.05099794375052,3.28275803972218,-5.27542644775303,0.000167416066104143,0.0411946078823394,1.11281497397414,5,5,Down
PPDPF,FAP1,-1.38041225773577,3.8423074341207,-5.26724285726873,0.000169749753901991,0.0411946078823394,1.06250573348438,5,5,Down
ARL4C,FAP1,1.6713050821146,3.05740207392534,5.26525944600776,0.000170320475090097,0.0411946078823394,1.10731593582878,5,5,Up
CGNL1,FAP1,1.22323721801445,4.92795594299328,5.25783966333132,0.000172473398541195,0.0411946078823394,1.00824178975064,5,5,Up
AC009262.1,FAP1,1.89546734675164,4.42573254543844,5.24379926513302,0.000176625793470347,0.0415472036913202,1.0081152481281,5,5,Up
OAS3,FAP1,3.6045384335473,0.0144969116211831,5.20687239111969,0.000188054724246124,0.0425553624260446,0.810234119020768,5,5,Up
THEGL,FAP1,1.88075602553507,1.41260530046386,5.20223139385494,0.000189545000102611,0.0425553624260446,1.00409564731694,5,5,Up
ANK3,FAP1,-4.53772281537284,0.137309676869641,-5.19067411452287,0.000193310191812777,0.0425553624260446,0.815720098348633,5,5,Down
ELMOD1,FAP1,-2.51789688735189,1.77694526843814,-5.18428970369188,0.000195423657143212,0.0425553624260446,0.998767798298616,5,5,Down
PRDM16,FAP1,3.45975250163898,-0.147085463141687,5.17861459853456,0.000197322637632821,0.0425553624260446,0.761043269764006,5,5,Up
AL445250.1,FAP1,-1.57141736648085,7.92858037143483,-5.17502208212698,0.000198534732274934,0.0425553624260446,0.859343021229151,5,5,Down
PTGDR2,FAP1,-2.73602121520931,1.60983970358497,-5.16885540481827,0.000200633549588468,0.0425553624260446,0.96683312480353,5,5,Down
PDLIM3,FAP1,-6.33254658140703,0.490211827053407,-5.16042577996672,0.000203540219917907,0.0425553624260446,0.786928815240046,5,5,Down
TMEM255A,FAP1,2.33311740388855,2.05841128562083,5.15458098961401,0.000205581460995385,0.0425553624260446,0.95279023821163,5,5,Up
DKK3,FAP1,-1.79375164039816,3.64630093253882,-5.14284304669068,0.000209745851001147,0.0428461096946421,0.867746665982401,5,5,Down
APCDD1L-DT,FAP1,-1.55704349333684,5.46369449085743,-5.12669676428253,0.00021561906752473,0.04347384445872,0.767625985822619,5,5,Down
EPHA2,FAP1,2.20783296568186,1.27758437175162,5.09948435674593,0.000225910376855681,0.0449648538549289,0.829738338220573,5,5,Up
ICAM4,FAP1,4.39629741470134,2.19881780511456,5.06770224431522,0.000238583928861444,0.0459749166945628,0.792837877280226,5,5,Up
LMO3,FAP1,2.33428124648342,2.57472017841118,5.06335347878655,0.000240375061270732,0.0459749166945628,0.802865278405405,5,5,Up
PLPPR5,FAP1,-1.7475421676819,2.75426129067061,-5.06174544806393,0.000241040920394053,0.0459749166945628,0.778366332170578,5,5,Down
CRISPLD1,FAP1,-2.11024107305377,3.20270932512624,-5.05348144359321,0.000244493475038286,0.0459749166945628,0.746247173521462,5,5,Down
TBX18,FAP1,1.25834264863175,6.17019698664509,5.05040526151866,0.000245791825162558,0.0459749166945628,0.633390943271049,5,5,Up
CAMKK1,FAP1,-1.84217070301192,3.24035788676435,-5.04327272633677,0.000248830041441583,0.0459891237307212,0.723444057535357,5,5,Down
PBK,FAP1,1.67800624696297,3.77803018706814,5.02925615407021,0.000254915605963055,0.0461043695565413,0.67713095575441,5,5,Up
SLC2A13,FAP1,-1.09927622772623,8.31278640842602,-5.02817151435126,0.000255392965015301,0.0461043695565413,0.615792766795707,5,5,Down
AL513166.1,FAP1,1.05494517829694,5.93452949404942,5.01482185446202,0.000261345402769061,0.0461080665526777,0.572610396060624,5,5,Up
PDZRN4,FAP1,2.26055563808855,7.41609619080051,5.01480437305406,0.000261353291892795,0.0461080665526777,0.586588717808132,5,5,Up
CNTN3,FAP1,2.59422886536195,2.33648616495599,5.00802396484536,0.000264432053052944,0.0461270519510894,0.719082254833102,5,5,Up
RSPO3,FAP1,1.71442108307184,3.49178105059915,4.99741111702219,0.000269327333954379,0.0464589651071304,0.643305188532819,5,5,Up
LGI4,FAP1,1.61335951530507,2.78980646833742,4.99045857880024,0.000272585536375851,0.0465042906839021,0.674143025774741,5,5,Up
CNTFR,FAP1,2.47289470425382,2.62761371580623,4.94356439480976,0.000295665813727177,0.0498936060664612,0.609644610782278,5,5,Up
LYRM1,FAP1,1.25858734964762,5.43548211046447,4.93658266193385,0.000299272903588599,0.0499592669700322,0.447417981718977,5,5,Up
PER1,FAP2,-1.90943401259916,5.92240951153969,-6.96077552267606,1.24361257028096e-05,0.0474978499104568,3.49091129068983,5,5,Down
ZBTB7C,FAP2,1.90279981970086,5.0149369148458,6.76140300485564,1.66420663146666e-05,0.0474978499104568,2.80758388193938,5,5,Up
AL445250.1,FAP2,-2.36944195329758,5.90963994999009,-6.653287374098,1.95330431434366e-05,0.0474978499104568,3.08302434965294,5,5,Down
SHOX,FAP3,-3.354520809867,4.87385258863654,-8.2347203658941,7.0876851741395e-07,0.00362774603346383,5.62388689809948,5,5,Down
RNF150,FAP3,-3.39511107481482,4.30063189353478,-7.93163452385382,1.11691688222408e-06,0.00362774603346383,4.92673282907205,5,5,Down
AC004160.1,FAP3,2.7519647209207,5.52110722013839,7.51496142624407,2.12656117448122e-06,0.00460471379647667,5.06873443459568,5,5,Up
MAP3K5,FAP3,-1.76125497424425,6.1197260450267,-7.30272758936602,2.97742405185705e-06,0.00483533666021584,4.85785844894326,5,5,Down
HPSE2,FAP3,3.18644186788799,5.86518789599347,6.92663930995796,5.48509026404973e-06,0.00679755685309915,4.25928302645707,5,5,Up
KAZN,FAP3,2.1208011964037,8.82531977447238,6.73421798863608,7.55323242740408e-06,0.00679755685309915,4.01451698572437,5,5,Up
DKK2,FAP3,3.8242199344217,3.95098882909699,6.67871136073518,8.29126389613611e-06,0.00679755685309915,2.8225896609378,5,5,Up
NR1D2,FAP3,-2.00907162022886,6.43160957108883,-6.6730003888971,8.37137543485116e-06,0.00679755685309915,3.90579728291229,5,5,Down
LUCAT1,FAP3,2.94710382984117,6.18996461141063,6.41949139787678,1.28862799220664e-05,0.00916398347470739,3.48354145902187,5,5,Up
LRP1B,FAP3,3.82829455247113,7.67748846314907,6.36694317939536,1.41071174179609e-05,0.00916398347470739,3.41588948810428,5,5,Up
EPHA6,FAP3,4.1514858571661,5.08645063801404,6.1539020024662,2.04412543123684e-05,0.0112871530660792,2.79935146994044,5,5,Up
PLCB4,FAP3,-3.57426627520767,4.28116494273857,-6.14261152688414,2.08506522156635e-05,0.0112871530660792,2.83923030253773,5,5,Down
AMPD3,FAP3,3.62636592912471,5.21680827563701,5.95672016482661,2.89742383165012e-05,0.0137110856845483,2.62859535450847,5,5,Up
AC109927.1,FAP3,1.91557115556634,5.35402911742669,5.94569253772163,2.9549753630492e-05,0.0137110856845483,2.69545209654087,5,5,Up
PLA2G2A,FAP3,2.63039441751429,7.11089620565738,5.88178773549678,3.31281126165098e-05,0.0143466813037898,2.60351865267751,5,5,Up
COTL1,FAP3,1.53167757374292,5.41744134546279,5.6325276091077,5.20176445690259e-05,0.0210460097692491,2.17287773525889,5,5,Up
ERI2,FAP3,2.33534733993693,7.33927340077451,5.6012828051368,5.50773038911999e-05,0.0210460097692491,2.10765145956698,5,5,Up
IGFBP3,FAP3,-1.27394695086128,6.25676357740709,-5.55340463477739,6.01339770277973e-05,0.0217016841540317,2.03468278445922,5,5,Down
ADM,FAP3,1.55318637819475,5.8069825888536,5.50433849748758,6.58192156135653e-05,0.0225032434013537,1.95586262940833,5,5,Up
ISM1,FAP3,2.17480707576434,5.65213263872547,5.4244332460453,7.63033308125005e-05,0.0228434061197511,1.81716736574364,5,5,Up
GAS6,FAP3,1.54821821969525,6.58565555115507,5.41205626501165,7.80763289442492e-05,0.0228434061197511,1.78044445063506,5,5,Up
CXCL2,FAP3,1.71997704238394,9.88212731748987,5.38234508329177,8.25092546765661e-05,0.0228434061197511,1.68562092532772,5,5,Up
EFCAB13,FAP3,1.52326573371751,6.24031931943314,5.3746078493942,8.37059987719718e-05,0.0228434061197511,1.72054216596236,5,5,Up
PER1,FAP3,-1.69996038797581,5.82064226950076,-5.34015479514463,8.92578011708003e-05,0.0228434061197511,1.66816024963486,5,5,Down
CRISPLD1,FAP3,-3.81209178501915,5.05509597698535,-5.30995872549369,9.44377082889921e-05,0.0228434061197511,1.56549116758279,5,5,Down
SLPI,FAP3,3.05166130466331,5.12061838616711,5.28181669080469,9.95462218696599e-05,0.0228434061197511,1.54686705382681,5,5,Up
KCNIP1,FAP3,-1.99936402845163,6.59413117210674,-5.27400494907002,0.000101014481168095,0.0228434061197511,1.53087836161035,5,5,Down
NTRK2,FAP3,1.25963512044362,7.84180144542815,5.27189015570489,0.000101415818174994,0.0228434061197511,1.49774065238596,5,5,Up
SLFN11,FAP3,1.22104002132512,5.87658993616288,5.26893455936518,0.000101979491606032,0.0228434061197511,1.54028403418091,5,5,Up
CAPN6,FAP3,-2.35823037095614,4.72660786006474,-5.19588088478845,0.000116994757588094,0.0236476679560593,1.38722296457291,5,5,Down
RSPO3,FAP3,3.07304394076131,4.0529296334132,5.19361406069256,0.000117495762055748,0.0236476679560593,1.25108468685209,5,5,Up
TMEM72-AS1,FAP3,3.13465884074082,5.30196833810606,5.1772586225927,0.000121177091471365,0.0236476679560593,1.37713611605567,5,5,Up
EPHA3,FAP3,-2.4268029944592,7.42116681982605,-5.14849791880533,0.000127943196173078,0.0236476679560593,1.28422866489614,5,5,Down
CCDC85A,FAP3,3.05599577330056,4.62062733898483,5.14788724201632,0.000128091030799116,0.0236476679560593,1.17025886433467,5,5,Up
MARCKS,FAP3,-1.29255070900269,7.88348306939577,-5.14226095082008,0.000129461412573358,0.0236476679560593,1.25753675260005,5,5,Down
RASD1,FAP3,1.74831959921318,7.54851556070809,5.12712976453676,0.000133222706363362,0.0236476679560593,1.2430449994871,5,5,Up
CACNA1C,FAP3,1.61568356091824,6.34967843859133,5.12133607781613,0.000134692690020658,0.0236476679560593,1.26758904387933,5,5,Up
TENM4,FAP3,-1.71700878352432,6.03816169540815,-5.07396513712538,0.000147359930522015,0.0251907923334477,1.18488018450235,5,5,Down
KCNH1,FAP3,3.35323532967251,4.44067961090885,5.02967472187573,0.000160319635263968,0.0253177276403673,1.00052784574384,5,5,Up
C11orf80,FAP3,-2.84630609356599,3.88243847876664,-5.0215013481377,0.000162837272328644,0.0253177276403673,0.955067203420096,5,5,Down
MX2,FAP3,2.02737216667216,5.86967091707016,5.00889626029571,0.000166800431455651,0.0253177276403673,1.08140515127447,5,5,Up
MTX2,FAP3,-2.21487598895404,4.07075800714543,-4.99788257621996,0.000170344848806254,0.0253177276403673,0.972200393258444,5,5,Down
AC119674.1,FAP3,1.71359113500198,8.90972700191517,4.99550161301991,0.000171121271436793,0.0253177276403673,0.975691104398607,5,5,Up
SCN7A,FAP3,-1.87587859068917,6.25202357035619,-4.99438372468417,0.00017148707145569,0.0253177276403673,1.03526587762054,5,5,Down
CRYM,FAP3,1.95973653929226,4.43887437554464,4.97937906292266,0.000176475938893378,0.0254752822011419,0.995936103350513,5,5,Up
DPH6,FAP3,1.31401032697166,6.0547134931781,4.94924633529216,0.000186952928678954,0.0261905246249791,0.957589413594848,5,5,Up
SMIM4,FAP3,1.269972681099,5.69362345451953,4.94220021128093,0.000189494251443045,0.0261905246249791,0.95695166443652,5,5,Up
ADAMTSL1,FAP3,-1.99960344814418,7.10178993164294,-4.9027047639199,0.00020441478253502,0.0276641339030728,0.834475153383168,5,5,Down
ANGPT1,FAP3,1.88982757248255,5.91616768633425,4.88472066951963,0.000211605794671766,0.0278750580962529,0.853594976866113,5,5,Up
ICAM1,FAP3,2.37814139888783,7.06270702604263,4.86064502578453,0.000221643487020804,0.0278750580962529,0.77055186137316,5,5,Up
PCDH9,FAP3,1.19349860156551,9.62008587805337,4.85689950863792,0.000223248700433787,0.0278750580962529,0.709977386644413,5,5,Up
ZCWPW2,FAP3,1.25251217601237,5.46735253267747,4.85365746754122,0.000224647823900948,0.0278750580962529,0.801773134242056,5,5,Up
LRMDA,FAP3,1.34668161883568,7.95277691010612,4.84727460430596,0.000227428891487285,0.0278750580962529,0.707729838174586,5,5,Up
PRKCE,FAP3,1.14767861387208,7.94269696964883,4.7804660021177,0.000258761058882797,0.0301016671041809,0.581561221691652,5,5,Up
SKAP2,FAP3,3.00998247105574,3.95728728594216,4.77955501992958,0.0002592177893387,0.0301016671041809,0.561067263015905,5,5,Up
KCND2,FAP3,-1.50935320352926,9.03817822796904,-4.77899866924562,0.000259497130208456,0.0301016671041809,0.563562396743437,5,5,Down
ALPK1,FAP3,1.26397618843248,5.68460234558134,4.75601964255309,0.000271310053190965,0.0309198264127808,0.614017403250511,5,5,Up
CASC15,FAP3,2.02606809192646,4.98823572130253,4.74122230228625,0.000279209040576936,0.0311873581366958,0.609529800245824,5,5,Up
RASSF2,FAP3,-2.61109978695013,3.76633577492794,-4.73380079620361,0.000283259564357305,0.0311873581366958,0.492070596007486,5,5,Down
GNG2,FAP3,-1.36012173438467,4.83090433394545,-4.7219654878761,0.000289844730559743,0.0313805228286015,0.575331366322519,5,5,Down
AL355304.1,FAP3,1.76878484422078,5.26153949403667,4.69907572017444,0.000303031679562922,0.0321077074768191,0.533492029572989,5,5,Up
BHLHE40,FAP3,-1.06018836259648,7.43977030319891,-4.68344068841988,0.000312392902037661,0.0321077074768191,0.406587222513536,5,5,Down
SLC39A8,FAP3,1.66047058645782,4.80408699108989,4.66723412356807,0.000322410926253185,0.0321077074768191,0.477352086314342,5,5,Up
DACT1,FAP3,-1.4317364677613,4.99589185258721,-4.66069121733376,0.000326548546890344,0.0321077074768191,0.464606987472751,5,5,Down
MEPCE,FAP3,1.64684322660078,4.27188231482114,4.65566648446866,0.000329763169832084,0.0321077074768191,0.431305564449811,5,5,Up
SF3B6,FAP3,-1.12614101675842,5.18150979657717,-4.6535122455941,0.000331151321333068,0.0321077074768191,0.447416725172954,5,5,Down
RAB6A,FAP3,-1.01214528525491,6.42114610080995,-4.65349855848994,0.000331160160244286,0.0321077074768191,0.386310108015842,5,5,Down
SYNE2,FAP3,3.2355859655453,4.78100473373196,4.61734303434204,0.000355377354832784,0.0336762014439313,0.350960207515907,5,5,Up
CES1,FAP3,1.7466523185097,4.51542479735644,4.6140009758485,0.000357705957455551,0.0336762014439313,0.379620228651612,5,5,Up
TMEM184B,FAP3,1.57708209243536,5.07831776158308,4.59517759239761,0.000371117509984747,0.0342858088619351,0.347381326549469,5,5,Up
TTLL7,FAP3,-1.38895052058961,4.88309744872308,-4.59021714015602,0.000374737135036545,0.0342858088619351,0.33737459073573,5,5,Down
AC114971.1,FAP3,4.14571068764958,3.91368640111591,4.55232743188946,0.000403610161498414,0.0364146056818569,0.102163954260364,5,5,Up
AL078604.4,FAP3,1.62397673715109,10.9777541771238,4.544904241896,0.000409529519479213,0.0364425172402325,0.118428788884879,5,5,Up
SLC16A7,FAP3,1.2068801492052,8.70156037573525,4.52528252449582,0.000425609333715201,0.0373615977272155,0.0836330901986182,5,5,Up
CP,FAP3,2.89239400376532,4.77766356557814,4.50874208104835,0.00043966712867137,0.0379263240026148,0.188616839971282,5,5,Up
RFC3,FAP3,1.71035099448151,4.05824005698169,4.50214223046312,0.000445408621860612,0.0379263240026148,0.146967678254321,5,5,Up
MXD4,FAP3,-1.17298751301608,5.33657483920381,-4.49668514296464,0.00045021407711343,0.0379263240026148,0.152267437292735,5,5,Down
RMDN2-AS1,FAP3,1.5988045836895,6.10001956255745,4.49086698230293,0.000455396131804796,0.0379263240026148,0.114439221402121,5,5,Up
LINC00880,FAP3,2.10730179201609,5.86272374453404,4.47141533449281,0.000473169871170923,0.0388016426134848,0.0853217457383098,5,5,Up
NABP1,FAP3,1.47529677743434,8.8412130559819,4.46620135940062,0.000478053976640527,0.0388016426134848,-0.0297822975337549,5,5,Up
PAK3,FAP3,-1.39338590621626,6.41326257369218,-4.46010959947514,0.000483825900814697,0.0388016426134848,0.0225844726797408,5,5,Down
SELENOW,FAP3,-1.4646288016695,5.5553654033765,-4.4470565095046,0.000496435585270002,0.0393273849013894,0.0519055782637468,5,5,Down
LINC02245,FAP3,1.59069417279508,4.80374625039645,4.43518721914933,0.00050819420593436,0.0394400888774864,0.0577894353970407,5,5,Up
CRY2,FAP3,-0.929719446037834,6.46142617360922,-4.43031906751746,0.000513099200726904,0.0394400888774864,-0.0389905634826988,5,5,Down
DHDH,FAP3,1.45409280543835,4.55159332914076,4.42739118457545,0.000516072591531149,0.0394400888774864,0.0468426093472063,5,5,Up
SERPINE3,FAP3,1.84255948440468,5.51871085149495,4.41739256120528,0.000526360456003678,0.0397585758395336,0.00194162625555361,5,5,Up
KCNQ1OT1,FAP3,0.96124400907019,8.57149749058213,4.40803145369414,0.000536182913210643,0.0400083749695459,-0.141998137925559,5,5,Up
AC006460.2,FAP3,1.31265388870433,5.35308339513428,4.40258375169506,0.000541985375203207,0.0400083749695459,-0.0229783845785567,5,5,Up
RIPOR3,FAP3,1.31282233824841,4.64739882915011,4.36575874696057,0.000582933549529307,0.0422775328306188,-0.0661259254151982,5,5,Up
GLI2,FAP3,-1.72032847096012,5.7440678398089,-4.35355561011829,0.000597191308684802,0.0422775328306188,-0.136025475901175,5,5,Down
HHIP,FAP3,-2.19139380079029,7.34170577825328,-4.35283087023004,0.000598049222033936,0.0422775328306188,-0.213102772970511,5,5,Down
NUP210L,FAP3,1.73470884003677,5.26574543432765,4.35223278144098,0.000598758162009995,0.0422775328306188,-0.110943098842711,5,5,Up
TBX18,FAP3,1.20790286579711,5.81160691081409,4.32924119016209,0.000626673520330019,0.0437728084738044,-0.188082463767982,5,5,Up
AL033523.1,FAP3,1.67479346348175,5.25559024318462,4.32361175002514,0.000633709315567541,0.0437933586587952,-0.167571405414037,5,5,Up
TPRG1,FAP3,1.25981441333717,6.2078962936067,4.31689134793612,0.000642214575189023,0.0439139566360831,-0.236186053866549,5,5,Up
ADGRB3,FAP3,2.69192953751069,4.82800345447069,4.29681331656518,0.000668327492209614,0.044459358726055,-0.189228342766584,5,5,Up
HDAC5,FAP3,-1.22064832406738,4.6695200697059,-4.29024261656915,0.000677107033511763,0.044459358726055,-0.203244249173062,5,5,Down
EPHA7,FAP3,3.4660165656846,4.89314927998999,4.28201742087531,0.000688263731075557,0.044459358726055,-0.230177333907117,5,5,Up
SMAD3,FAP3,0.993597836739163,8.04865431820317,4.27583247277489,0.000696776712310178,0.044459358726055,-0.389202652331409,5,5,Up
PLEKHA6,FAP3,1.94052098226355,6.14993803658149,4.27537767715545,0.000697406927941628,0.044459358726055,-0.298058686447019,5,5,Up
ADCY1,FAP3,-1.76714135069889,4.06359957536166,-4.27447278103477,0.000698662587023795,0.044459358726055,-0.233868398253333,5,5,Down
AC068282.1,FAP3,-1.52860024600388,4.827688382759,-4.26711439067291,0.000708959497339132,0.044459358726055,-0.247444169714595,5,5,Down
CLDN11,FAP3,1.74014991923698,4.6964588605216,4.2637105551235,0.000713774982037964,0.044459358726055,-0.252586309580681,5,5,Up
PLD5,FAP3,-1.69315333195684,5.6655729477104,-4.26349327854508,0.000714083501110723,0.044459358726055,-0.298599314936717,5,5,Down
CSF1R,FAP3,2.1383031599866,4.20611447744715,4.26030114371945,0.00071863187595994,0.044459358726055,-0.259739382106907,5,5,Up
TIMP3,FAP3,0.932464282381795,9.65089966834236,4.24744726766205,0.000737248698452575,0.045180825897622,-0.460210102822506,5,5,Up
AF165147.1,FAP3,1.77099912241442,4.38342203552037,4.22904029122436,0.000764770284784552,0.0464294184108453,-0.309978205938345,5,5,Up
EFNB2,FAP3,1.6842450670656,4.17783208666959,4.2210396837709,0.000777057688434406,0.0465443031607411,-0.332533127138119,5,5,Up
GLI1,FAP3,-2.35101749532142,3.79250306974516,-4.21427869293185,0.000787598387746611,0.0465443031607411,-0.383843164502873,5,5,Down
SMG5,FAP3,1.41127084824586,6.48396620345423,4.2139224353616,0.000788157842931269,0.0465443031607411,-0.44482457652373,5,5,Up
RASGEF1B,FAP3,-4.42048775871642,4.04455436545301,-4.20216020016068,0.000806858552327751,0.0468136756683266,-0.453092076188868,5,5,Down
COL21A1,FAP3,-3.58536289703843,3.87844707560393,-4.20199007060811,0.000807132339109079,0.0468136756683266,-0.533255874782254,5,5,Down
DIRC3,FAP3,1.73758439021727,5.40463310909867,4.17320484503405,0.000854848825525096,0.0491424599169117,-0.447912646866484,5,5,Up
AC005759.1,FAP3,2.32044123083789,4.62149653011143,4.16784893471092,0.000864040037957539,0.0492351235664226,-0.420378713405928,5,5,Up
GALNTL6,MSM,7.4571386419923,6.06347244524947,12.4277606274602,1.60631185760086e-08,0.000146061937211646,8.61864200323388,5,5,Up
COL19A1,MSM,7.5684945257388,6.28341362575718,9.56565988776239,3.38218191052369e-07,0.00143995195443042,6.45093066352926,5,5,Up
DNAH11,MSM,4.73328548139532,5.93704056510684,9.15319709364561,5.5623215555996e-07,0.00143995195443042,6.31221385065724,5,5,Up
AP001042.1,MSM,4.42939166970645,6.35783937728482,9.04770253246654,6.33433170320212e-07,0.00143995195443042,6.2493092178982,5,5,Up
EFCAB7,MSM,5.0667151581323,5.9106585267204,8.63186818272326,1.06926000112443e-06,0.00194455623804489,5.7311981297516,5,5,Up
AC117464.1,MSM,6.74630335341444,5.20821165394851,8.2928907054638,1.66122827382179e-06,0.0022796361703405,5.07312436749305,5,5,Up
DAAM2,MSM,-4.45880734391821,4.99612598724811,-8.2513577335148,1.75491622043149e-06,0.0022796361703405,5.39383669881301,5,5,Down
DLEU2L,MSM,5.31480371599342,5.04266549332437,7.96607456366526,2.57181835171335e-06,0.00292319303401619,4.8480104390399,5,5,Up
MDM2,MSM,3.06009416570934,7.3812746396543,7.53983675623392,4.63459017251698e-06,0.00420098379642803,4.53606042701281,5,5,Up
TENM2,MSM,7.24884092427807,5.09520271521313,7.50238375095536,4.88589400506355e-06,0.00420098379642803,4.13253293946486,5,5,Up
SNX7,MSM,5.33590252155524,5.21621340419396,7.47454865158505,5.08202152872632e-06,0.00420098379642803,4.3152743109123,5,5,Up
AL157829.1,MSM,4.70816164502076,4.46027366262501,7.38833872951305,5.74434435166055e-06,0.00435277693247078,4.12213705099832,5,5,Up
SPATS2L,MSM,-2.15226521548659,6.87709061456537,-7.2412258614587,7.09523724770879e-06,0.004962845561032,4.14874697556924,5,5,Down
MARCH1,MSM,5.03680277762208,6.03150250526576,7.13870129645578,8.23376825924409e-06,0.00528666675022781,3.93541941962488,5,5,Up
IGFN1,MSM,-6.03040968992815,4.67520137889339,-7.09934278748923,8.72099430918477e-06,0.00528666675022781,3.85689352959114,5,5,Down
NNMT,MSM,3.18668570089962,7.51492291755347,6.81530016922393,1.32845405593659e-05,0.00738203580745358,3.54242579289328,5,5,Up
EFNA5,MSM,6.40051666964971,5.37733830666338,6.78989708535512,1.38012326764226e-05,0.00738203580745358,3.37997246367524,5,5,Up
MUSK,MSM,6.11363407604074,3.88879426222048,6.71686164829131,1.54088118308699e-05,0.00778401810989444,3.18738473334711,5,5,Up
LINC01497,MSM,4.38888069734946,3.69304056348123,6.60823296546059,1.81766376104335e-05,0.00869895609429852,3.04782730938101,5,5,Up
AC068506.1,MSM,3.98874469766506,6.92682851306183,6.56984318814194,1.92767209402327e-05,0.00876416117547678,3.18185746020782,5,5,Up
ACTN3,MSM,-3.0017592084768,6.71626347853775,-6.52767156487294,2.05667879882881e-05,0.00890541919892873,3.11935409396104,5,5,Down
DKK2,MSM,4.00613031476708,3.74620188813297,6.43516523036432,2.37271716677075e-05,0.00931013559559717,2.83569554419757,5,5,Up
MCU,MSM,2.91826958029274,9.23098517067792,6.42273428992841,2.41894919418121e-05,0.00931013559559717,2.9693534723903,5,5,Up
EBF3,MSM,-2.83143707862629,4.22256137395543,-6.41260869750036,2.45731061579602e-05,0.00931013559559717,2.94329505358892,5,5,Down
FLRT2,MSM,2.78037016949801,7.84433722803858,6.36944599194598,2.62819094109108e-05,0.00955925609093646,2.88920943209647,5,5,Up
RUNX1,MSM,3.58387616051752,9.0936223423568,6.32837732557044,2.80246481017542e-05,0.0098010817380481,2.82829631853883,5,5,Up
C20orf194,MSM,-2.35709349915048,6.35603873135945,-6.18183262929594,3.53066761716251e-05,0.0118905039417995,2.59405743545765,5,5,Down
AC005208.1,MSM,5.55880506628942,4.08193189671646,6.14007658807031,3.7729112395712e-05,0.0122525292505075,2.41896427722726,5,5,Up
AC068413.1,MSM,5.28048920543446,4.97809867811303,6.06731322665516,4.23787646038922e-05,0.0132879347083859,2.38181116112155,5,5,Up
OSBPL3,MSM,-2.86780622527993,4.15144447732652,-5.97953239540458,4.8804757524319e-05,0.0147927220056211,2.299067136246,5,5,Down
LDLRAD4,MSM,-2.01458716782258,7.27775287125121,-5.94477722754406,5.16258323632545e-05,0.0151430223767443,2.213335547385,5,5,Down
RRAD,MSM,2.57509643956762,9.08838137775759,5.87413624893815,5.79023823726884e-05,0.0164533238410892,2.12446877887123,5,5,Up
CASQ2,MSM,2.5791873249692,6.75661094597284,5.82421372851163,6.28194040355713e-05,0.0169519389112514,2.05312796413698,5,5,Up
AMOTL1,MSM,2.26123951796678,7.16645505595239,5.81873020808416,6.3385672823331e-05,0.0169519389112514,2.03714436386193,5,5,Up
AC104663.1,MSM,4.79189211742295,3.28215000941109,5.75703923749939,7.01394679469912e-05,0.0177036897924842,1.8746150145017,5,5,Up
AC044893.1,MSM,3.189645495204,5.2919144872185,5.74247843361276,7.18413805596496e-05,0.0177036897924842,1.9340023963937,5,5,Up
ITGA9,MSM,3.74611930784462,6.01244561240046,5.72078772307365,7.44576359443463e-05,0.0177036897924842,1.89863190206176,5,5,Up
PLCE1,MSM,3.3296442039889,6.42843406632773,5.70950304511177,7.58581890707677e-05,0.0177036897924842,1.87624391833628,5,5,Up
SAA1,MSM,5.25239310374176,4.4308201241879,5.7089194793253,7.59313649958081e-05,0.0177036897924842,1.83010256790184,5,5,Up
BTNL8,MSM,5.23102734087381,3.927964982451,5.65229798062611,8.33965773477432e-05,0.0178031926900227,1.72491513239561,5,5,Up
AL591501.1,MSM,4.96626489445461,5.83023967635779,5.64297069574028,8.46985332203508e-05,0.0178031926900227,1.77880727224721,5,5,Up
AC090403.1,MSM,2.92408676642128,6.48501526615685,5.64182862264783,8.48594116839559e-05,0.0178031926900227,1.76979057097617,5,5,Up
GALNT17,MSM,3.96580716741431,5.42307788467861,5.64109344758677,8.49631421623104e-05,0.0178031926900227,1.77583308882684,5,5,Up
PRUNE2,MSM,3.54980849889883,6.599703380613,5.60920769301245,8.95927612821136e-05,0.0178031926900227,1.72022372895772,5,5,Up
TTC28,MSM,-1.56545558743611,7.45760605004272,-5.59961217478465,9.10372729562402e-05,0.0178031926900227,1.65468168374994,5,5,Down
NCAM1,MSM,2.74799648822543,6.60514976658264,5.59950628208791,9.10533498481831e-05,0.0178031926900227,1.69787490463831,5,5,Up
RRM2B,MSM,2.99227666193075,6.048001077658,5.59316639568062,9.20213412989185e-05,0.0178031926900227,1.69362217834468,5,5,Up
GADD45A,MSM,3.08587388064837,6.72125449589113,5.57256776780685,9.52416908775423e-05,0.0180423478156144,1.65253271437386,5,5,Up
KLF5,MSM,3.00378579018461,7.39209244387388,5.54655353212968,9.94786581484427e-05,0.0184603967049753,1.59978017469764,5,5,Up
C2orf27A,MSM,2.89068390854747,6.42997590825097,5.51380737773244,0.000105095156309507,0.0187385113401249,1.56124803234369,5,5,Up
CAPRIN2,MSM,2.70059418942986,5.08492935655397,5.51378630522765,0.000105098875876649,0.0187385113401249,1.57486254176892,5,5,Up
PREPL,MSM,2.18820830836479,6.89481902680744,5.44834400728264,0.000117344250897786,0.0205194475656455,1.44602028924016,5,5,Up
ROBO1,MSM,-2.77879538045333,7.25332358847874,-5.42339410714814,0.000122399055088349,0.0209995209041199,1.3648758020083,5,5,Down
GABRB2,MSM,4.39854640811239,3.09809677866765,5.40025740082795,0.000127290734010989,0.0211072318672627,1.34646250382518,5,5,Up
COL21A1,MSM,2.45942977900961,6.25693486086965,5.37984869358563,0.000131775803003741,0.0211072318672627,1.34245366375194,5,5,Up
FRMD6,MSM,-1.77143261359609,4.69482015497118,-5.36985720969367,0.000134031661497439,0.0211072318672627,1.33278436915211,5,5,Down
MT1A,MSM,-2.46152323538762,3.43380834801939,-5.36966600232438,0.000134075224533367,0.0211072318672627,1.3436048189054,5,5,Down
PEX5L,MSM,2.93699749144858,5.41265076521514,5.35419066211499,0.000137650660681936,0.0211072318672627,1.31594370971297,5,5,Up
PTPRD,MSM,4.02570047845988,5.13760708756567,5.35251436871452,0.000138043906525659,0.0211072318672627,1.31800626922676,5,5,Up
LRRK2,MSM,2.87777151091661,6.98622761607097,5.34729580388192,0.000139275696913644,0.0211072318672627,1.2834078374104,5,5,Up
SLIT2,MSM,1.96438475212504,6.70507492258451,5.30388497968359,0.000149979707900019,0.022356811212047,1.19917490351252,5,5,Up
FST,MSM,5.72655173569275,5.00676642624376,5.28378530115503,0.000155224372036642,0.0227269029049855,1.20647254665535,5,5,Up
AL136442.1,MSM,4.21322752235373,4.53405754322911,5.27542817265769,0.000157461221050708,0.0227269029049855,1.19047690352442,5,5,Up
MYLK4,MSM,-4.33491583423181,6.29487620987661,-5.26263994431749,0.000160949646432452,0.0228674239845357,1.12388950959265,5,5,Down
KCTD8,MSM,3.26869205009601,6.69984919656421,5.24110119043464,0.00016700915503468,0.0230889640061624,1.12329949601987,5,5,Up
TMEM200A,MSM,5.08341353180245,4.00752426226963,5.23130885400537,0.000169842547006749,0.0230889640061624,1.0947760028763,5,5,Up
GPD1,MSM,-1.70923778623047,5.38324167235519,-5.22755798292487,0.000170941138805252,0.0230889640061624,1.07870552852271,5,5,Down
ASTN2,MSM,1.88983698143842,6.6919960837466,5.21699337369065,0.000174075555430827,0.0230889640061624,1.05893018668764,5,5,Up
LINC01608,MSM,4.65233393915219,3.74709089050401,5.21323546932593,0.000175204939670648,0.0230889640061624,1.06508327564064,5,5,Up
MALRD1,MSM,3.11405522561573,4.3493605026547,5.18776983485447,0.000183063106029457,0.0235941998950953,1.05492798017684,5,5,Up
CPNE8,MSM,7.70423996620657,6.36956251042829,5.18409135330687,0.000184228328665102,0.0235941998950953,1.04730462828305,5,5,Up
DUSP3,MSM,-1.5829383686276,5.19173533874518,-5.16344151622873,0.000190915116245468,0.0241109882225006,0.978061399059058,5,5,Down
RASSF3,MSM,-2.09558985601628,6.21976776480483,-5.14359464930486,0.000197581354002021,0.0246110582457586,0.908052740936751,5,5,Down
ATP2A1,MSM,-2.04272308223308,8.97904283639367,-5.12577262424296,0.000203774925371036,0.0248708807779727,0.863610854075956,5,5,Down
SAMD3,MSM,5.83501755606053,4.43343180706558,5.12192758770999,0.000205137584773777,0.0248708807779727,0.927681259274001,5,5,Up
COBLL1,MSM,6.47778674082306,5.32542522385089,5.08171133336784,0.000219974215993498,0.0262863521812042,0.88319924564972,5,5,Up
ADGRV1,MSM,4.1922135192333,4.11617444930985,5.06832084217085,0.000225159611408428,0.0262863521812042,0.855179586822082,5,5,Up
ITGA3,MSM,3.05528054997434,5.28060458669913,5.06749124465407,0.000225485040155496,0.0262863521812042,0.849732744716295,5,5,Up
HAS2-AS1,MSM,3.93356712998204,4.37360810088987,5.04293211021826,0.000235344862688284,0.0270884916003109,0.820672206773063,5,5,Up
EOGT,MSM,2.18724622470215,6.14562324946772,5.01556144262428,0.000246865916896677,0.0280593972792686,0.728101154870155,5,5,Up
MYLK2,MSM,-2.63348411565153,5.63896128827536,-4.98808484303017,0.000259025079983212,0.0290779636084857,0.661639833685315,5,5,Down
PTP4A1,MSM,2.67101439862513,3.74958590313741,4.96875191760595,0.000267953884916693,0.0297134716530182,0.698546112803525,5,5,Up
ZNF274,MSM,1.70887865063484,4.87124945083245,4.92281236484442,0.000290483047618868,0.031823642795161,0.603484559295025,5,5,Up
AC091576.1,MSM,5.3683710106906,3.52915702667105,4.91027358902079,0.000296969211305203,0.0321469171237883,0.592029576690308,5,5,Up
SYT14,MSM,3.55329246532944,3.52160629361369,4.89745960536378,0.000303753916374619,0.0324945219011107,0.574439091003439,5,5,Up
DOCK10,MSM,-3.52041771707394,3.07162033103773,-4.87122052740785,0.000318155923287181,0.0334310459734578,0.539011636365061,5,5,Down
RARB,MSM,2.22038583343628,5.55702509364512,4.86241177455837,0.000323148919893955,0.0334310459734578,0.485252083449027,5,5,Up
ARHGAP42,MSM,2.86861617891495,6.58238080793539,4.86173112264172,0.000323538111257483,0.0334310459734578,0.471115501776108,5,5,Up
PCLO,MSM,3.76774784558497,3.41603948373272,4.85264714166328,0.000328779265860046,0.0335908973535438,0.499523901224791,5,5,Up
MYH8,MSM,4.72352113461397,5.8503009678618,4.84509999547933,0.000333200970140853,0.0336644046832308,0.473888568673436,5,5,Up
CFAP61,MSM,3.30683136021556,5.73868401131068,4.83585275382582,0.00033870331143734,0.0338442770428542,0.456309639304514,5,5,Up
RAMP1,MSM,2.10305995474952,6.51994757383852,4.79185997481474,0.000366206384010687,0.0358870826340541,0.340771107529217,5,5,Up
PDGFC,MSM,2.41891307485079,6.95506809666332,4.79058018701958,0.000367040436046083,0.0358870826340541,0.345578009626305,5,5,Up
PDZD2,MSM,-2.21688703405158,4.76215943242913,-4.75222907619365,0.00039297390565418,0.0380139545118453,0.291284243708864,5,5,Down
CHSY3,MSM,-4.20150490672302,5.11984867255351,-4.73760621567755,0.000403357824506925,0.0385136280891351,0.266801955124487,5,5,Down
MRLN,MSM,-1.8118973028633,5.25233449211005,-4.73310631264807,0.000406610392231054,0.0385136280891351,0.240263867889828,5,5,Down
TNS1,MSM,-1.24897217771196,6.77311650870186,-4.7226097570812,0.000414303866286524,0.0386725988409634,0.164057911988877,5,5,Down
SP110,MSM,3.75309594968824,5.37668294595939,4.71925472087314,0.000416794752712462,0.0386725988409634,0.26216748020639,5,5,Up
HK2,MSM,-1.94929949681936,3.56846701245366,-4.71121545676415,0.000422826932707355,0.0388360131223028,0.267321653967044,5,5,Down
LOXL4,MSM,3.34429943014812,4.24330898271844,4.70246709573718,0.0004294944222944,0.0390539278192298,0.258284441368461,5,5,Up
TPRG1,MSM,2.27153360803476,6.65151003574285,4.66762847059668,0.000457149858737929,0.0410081519258851,0.119204920451957,5,5,Up
MBNL1-AS1,MSM,-1.62533199007598,4.74448559557819,-4.66415638670368,0.000460005663305871,0.0410081519258851,0.140692442680533,5,5,Down
DHRS3,MSM,2.32192838638471,5.71139975615221,4.65222467327442,0.000469961663766605,0.0411353698203882,0.119212816002176,5,5,Up
DCLK1,MSM,5.47985271286627,5.31206444882361,4.65161019003562,0.000470480420248584,0.0411353698203882,0.159681155358566,5,5,Up
PLEKHA6,MSM,3.51201716690256,4.21887546063582,4.63391075875146,0.00048568073201927,0.0420599513928688,0.144623409867857,5,5,Up
TBC1D1,MSM,-2.81158729708252,6.33956057732612,-4.62336346939433,0.000494980489950848,0.0424609207087081,0.00679983907496062,5,5,Down
MORC4,MSM,2.38243836252764,5.12095108882333,4.61542509705739,0.000502101762780838,0.0426692647566931,0.079436173196517,5,5,Up
ITGA10,MSM,2.84747875732577,4.87453725668137,4.60542695564372,0.000511222441790377,0.0430420894740731,0.0698791669973025,5,5,Up
HMBOX1,MSM,1.49424671057423,7.80958368692821,4.57050040413624,0.000544456559416655,0.0454196650896848,-0.0862755921692049,5,5,Up
MT1M,MSM,-3.41921132201473,3.02805906376418,-4.55437503751997,0.000560549602806581,0.046337068530184,0.0187728082774887,5,5,Down
BICD1,MSM,2.90640863701644,6.80738780658177,4.54103798291705,0.000574232499719105,0.0470405055850975,-0.0986001336543367,5,5,Up
FAM184B,MSM,2.02262228367979,6.41688845709961,4.53489729737055,0.000580648445916331,0.0471413957028321,-0.113964431231028,5,5,Up
PMEPA1,MSM,-2.73317865558131,3.72176947366437,-4.51943876419025,0.000597131174678285,0.0480505643482269,-0.0585922378007613,5,5,Down
OSMR-AS1,MSM,5.01462204145582,4.23659129393717,4.50053205817316,0.000617952177867088,0.0492898171346091,-0.0700489568531495,5,5,Up
ALPK1,MSM,3.0829297609776,4.36739798843649,4.49149028143977,0.000628174045650039,0.0496694486703983,-0.105836152669466,5,5,Up
PXDNL,MSM,2.03506703489968,5.79295011817268,4.48352730603662,0.000637321410799373,0.0499583067965405,-0.185796116194585,5,5,Up
KAZN,MuSC,2.51820354020533,6.88453435827177,9.33067432405436,2.71684030395966e-07,0.00270379947050065,7.05159091073667,5,5,Up
IGFN1,MuSC,2.93051698141514,3.24717377567013,7.23196719214449,5.05443052607454e-06,0.0198106832897004,3.63180556418833,5,5,Up
FAM180A,MuSC,3.23553716260327,3.03922098667524,7.12272676851636,5.97186996273124e-06,0.0198106832897004,3.36695323420535,5,5,Up
LINC02207,MuSC,2.5302188523804,3.13771742318487,6.53601212675156,1.50289991270382e-05,0.0322201991287597,2.83745594157869,5,5,Up
ACTC1,MuSC,-3.58403460451098,2.94891532685714,-6.49004229171297,1.61878010092241e-05,0.0322201991287597,1.90546611453205,5,5,Down
PKIA,MuSC,-2.24886125971429,3.78490942044071,-5.97408800385277,3.80118296120772e-05,0.0491710288547309,2.12912910924564,5,5,Down
LINC01580,MuSC,3.44012401058942,2.84119891315811,5.96401115066566,3.86650802339996e-05,0.0491710288547309,1.90304084041449,5,5,Up
HTR4,MuSC,2.14381925349615,3.95321477673121,5.95099194304782,3.9526550526311e-05,0.0491710288547309,2.31355901198526,5,5,Up
FMO3,Pericyte,2.04470853834704,4.65845158359287,8.65911439563409,2.45628737701375e-06,0.0265033407979784,3.0007224893643,5,5,Up
NCAM2,SMC1,3.79265880039874,7.04822272325525,9.80254006785591,1.76129758043852e-07,0.000585813970811655,7.69476346194583,5,5,Up
CCN5,SMC1,7.49942163363388,4.63415686145907,9.72216688733939,1.94171021150698e-07,0.000585813970811655,5.36611858753859,5,5,Up
SMOC2,SMC1,2.59506403523162,8.193846694548,8.78674464089302,6.33460700320484e-07,0.000802451109195043,6.46609366145979,5,5,Up
TNFAIP2,SMC1,2.99625968734033,7.41619922165104,8.78324826682523,6.3637562633049e-07,0.000802451109195043,6.46409819384944,5,5,Up
ABCA8,SMC1,4.13672595231135,6.75400094650981,8.74985909671555,6.64941257205041e-07,0.000802451109195043,6.40694519365354,5,5,Up
IGFBP6,SMC1,2.99577383594908,7.16015693035369,8.25200233787052,1.29868980760167e-06,0.00115367537584904,5.7661588144347,5,5,Up
SNED1,SMC1,2.75271213129339,7.23223242505317,8.23009936659235,1.33837050562534e-06,0.00115367537584904,5.73518621860478,5,5,Up
ABCA10,SMC1,3.38237357054532,5.92290392849079,8.03062459766265,1.76496547332391e-06,0.00133122520825456,5.44512051905049,5,5,Up
SLC39A14,SMC1,2.85132903366864,7.88589321613762,7.84678948567347,2.28712981769778e-06,0.00153339347999871,5.19849144266755,5,5,Up
AL110292.1,SMC1,7.49388583894586,5.27987111100258,7.59946325992155,3.26235965005338e-06,0.00196850781284221,3.67496736478438,5,5,Up
PDE3A,SMC1,-1.74581346483478,10.2722545369343,-7.33218560818921,4.82987438316005e-06,0.00264940563890798,4.45239194875004,5,5,Down
XYLT1,SMC1,3.14248272564296,8.58454755431469,7.17417303499166,6.11698018366735e-06,0.0027285980646836,4.21316304064905,5,5,Up
KAZN,SMC1,2.51781233159037,7.99011002672412,7.14885557711717,6.35486889524049e-06,0.0027285980646836,4.17733814388533,5,5,Up
SORBS2,SMC1,-2.9961075707158,6.96275099007953,-7.14355063517039,6.40594357334883e-06,0.0027285980646836,4.21419766391676,5,5,Down
GSN,SMC1,2.63264545417031,9.85238722200159,7.05426245873479,7.33391921767485e-06,0.0027285980646836,4.03157709003024,5,5,Up
CERS6,SMC1,-2.94658686092966,6.34191990188229,-7.03989863295126,7.49600851785162e-06,0.0027285980646836,4.02334482797753,5,5,Down
ERI2,SMC1,3.55360844840261,6.86450877622412,7.02334925783881,7.68746554518084e-06,0.0027285980646836,4.02361763565211,5,5,Up
MSRB3,SMC1,-1.57046087716841,7.52223350000408,-6.96852124920677,8.35954640419403e-06,0.00275744512158728,3.93893637876854,5,5,Down
HSPA5,SMC1,1.73147769749122,8.11422307213573,6.91465521419231,9.08053909642372e-06,0.00275744512158728,3.81747005287451,5,5,Up
SSPN,SMC1,1.71441241575608,6.91086398491815,6.91043802956336,9.13969214977553e-06,0.00275744512158728,3.83673147898507,5,5,Up
LINC00968,SMC1,4.68051998387639,3.17806424951418,6.8078643070523,1.07111712202061e-05,0.00283173426794839,2.72372729020614,5,5,Up
FBLN1,SMC1,2.06536036702315,6.58444097416868,6.79651358427582,1.09018317383593e-05,0.00283173426794839,3.67418256532017,5,5,Up
NNMT,SMC1,3.04035111603403,7.54635823521538,6.78130313967156,1.11629586959489e-05,0.00283173426794839,3.62537383828706,5,5,Up
PDZRN4,SMC1,7.76337225021079,4.11061149052502,6.77556862982936,1.12631127661189e-05,0.00283173426794839,2.80339395214113,5,5,Up
KCNMB2,SMC1,4.82470909702446,3.67061246268633,6.62690965614009,1.42196839627896e-05,0.00313379653021143,2.58252877769317,5,5,Up
LRRK1,SMC1,2.09758196841694,6.24734780051478,6.60641862141565,1.46874146421186e-05,0.00313379653021143,3.39385623124418,5,5,Up
HES4,SMC1,-2.4273214700404,6.77698263198054,-6.59632798955286,1.49236795442416e-05,0.00313379653021143,3.40599668516219,5,5,Down
AGTR1,SMC1,2.13398861556535,7.44095138964655,6.54309780784618,1.62381130641824e-05,0.00313379653021143,3.2470657345121,5,5,Up
LINC00963,SMC1,2.15180196327188,4.73945856200102,6.54102358655513,1.62917399443904e-05,0.00313379653021143,3.28637142395905,5,5,Up
CXCL2,SMC1,3.07022707228163,9.33347148686314,6.53746194239044,1.63842585106216e-05,0.00313379653021143,3.2236207340202,5,5,Up
RDH10,SMC1,2.10813044047958,6.35111906457581,6.52543881761382,1.67006867992356e-05,0.00313379653021143,3.2615576303399,5,5,Up
SPSB1,SMC1,3.01874211495196,8.48283072525399,6.5190344893203,1.68718608054615e-05,0.00313379653021143,3.19581388792132,5,5,Up
CCDC80,SMC1,2.63483008498776,8.16584161369076,6.50918400600679,1.7138761268972e-05,0.00313379653021143,3.18123547213336,5,5,Up
TEX26-AS1,SMC1,2.41276604074867,6.1549776346148,6.46294246468166,1.8452495956765e-05,0.00318635000881518,3.17426263435331,5,5,Up
LINC00882,SMC1,1.70613922059924,6.83012306345779,6.45919649535181,1.856346708778e-05,0.00318635000881518,3.13359887266978,5,5,Up
FREM1,SMC1,4.98358237610425,3.72463244166698,6.42377286277366,1.96482899920822e-05,0.00318635000881518,2.36689804273086,5,5,Up
CA13,SMC1,1.56673424248543,5.79406075466019,6.41135833488845,2.00441085666434e-05,0.00318635000881518,3.10815332264153,5,5,Up
CTNNA3,SMC1,-1.87549506545815,8.42749851361924,-6.410663577913,2.00665065188891e-05,0.00318635000881518,3.04607045521894,5,5,Down
LRRC4C,SMC1,5.19778987445642,4.09110463164151,6.38306620502364,2.09778680179168e-05,0.00321032595910053,2.34674536165545,5,5,Up
ALPK1,SMC1,1.6779402789842,5.6903620774548,6.36024674447289,2.1764348703157e-05,0.00321032595910053,3.03251176130841,5,5,Up
WNT5A,SMC1,4.77118060932412,3.61192299281564,6.35884626477099,2.18136168914686e-05,0.00321032595910053,2.27855768622848,5,5,Up
PARM1,SMC1,-1.99922914842256,6.84867779340787,-6.30895197488886,2.36477446097286e-05,0.00326896277252756,2.95298991490436,5,5,Down
C1S,SMC1,1.72589090109699,8.14304210008457,6.30575406151369,2.37707052512366e-05,0.00326896277252756,2.85080314442733,5,5,Up
SYTL2,SMC1,-2.03650828436708,6.65889668100967,-6.283782948052,2.46339034905078e-05,0.00326896277252756,2.92095644010668,5,5,Down
RNF19A,SMC1,1.92490356503716,7.90656238360255,6.27713324905706,2.49016108903364e-05,0.00326896277252756,2.80732822746252,5,5,Up
LINC00513,SMC1,1.30823343753321,7.87551788420711,6.27665875762651,2.49208298866867e-05,0.00326896277252756,2.80759332553964,5,5,Up
SLITRK4,SMC1,5.01814643793062,3.38160383958506,6.25315433687986,2.58926709916216e-05,0.00332417822900946,2.15391626207933,5,5,Up
TPM1,SMC1,-1.72154785121323,7.71260182970153,-6.22546832414482,2.7088786759138e-05,0.0034052862355133,2.76737077733571,5,5,Down
BTBD19,SMC1,1.72653841950104,5.14513817360311,6.20174579517807,2.81599045541726e-05,0.0034594672872492,2.80221527852316,5,5,Up
PLCL1,SMC1,-2.10488845021398,7.66295879369333,-6.19085559305393,2.86664508389891e-05,0.0034594672872492,2.7193565564025,5,5,Down
SOD2,SMC1,3.34895565985881,9.99416135656282,6.15855048750413,3.02262519324743e-05,0.00349995088222334,2.61058845915083,5,5,Up
LAMA3,SMC1,-2.04970487364025,6.2140795155413,-6.14805783523407,3.075187171353e-05,0.00349995088222334,2.71862935958149,5,5,Down
PRKG1,SMC1,-1.73541927975094,11.371852764838,-6.13049396342349,3.16533351785461e-05,0.00349995088222334,2.57032827596024,5,5,Down
CTSL,SMC1,1.72793019491727,8.87601942103495,6.10286223454572,3.31281883061898e-05,0.00349995088222334,2.51293386508248,5,5,Up
AC007389.1,SMC1,3.23771594876889,4.5757050296832,6.0933501032609,3.36524683297602e-05,0.00349995088222334,2.4486103887318,5,5,Up
SQSTM1,SMC1,1.59928448949274,9.39715216787609,6.0862156514521,3.40514169836292e-05,0.00349995088222334,2.486888858741,5,5,Up
ARHGAP24,SMC1,4.19773632315222,8.21243920405154,6.08536932927691,3.40990708556347e-05,0.00349995088222334,2.50505894503369,5,5,Up
GFPT2,SMC1,3.03895036968649,8.84599376838341,6.08002294152262,3.44017342850551e-05,0.00349995088222334,2.47748508493984,5,5,Up
PTGFR,SMC1,5.67226895908111,3.47353199377107,6.07454076418302,3.47150179381567e-05,0.00349995088222334,1.95993090323471,5,5,Up
CPXM2,SMC1,5.4016697440046,3.00523872081544,6.07287121904828,3.48110199163963e-05,0.00349995088222334,1.92841151893597,5,5,Up
MEF2C,SMC1,-3.09317002934808,5.79236944435606,-6.06303464516274,3.53823340761723e-05,0.00349995088222334,2.54877948407708,5,5,Down
SELENOP,SMC1,1.6313807024432,7.47193584625005,6.03562733379186,3.7026737631793e-05,0.00352867950255451,2.41834904822238,5,5,Up
MICAL2,SMC1,-1.6669087349787,6.50753539907769,-6.02722129122607,3.7547028672455e-05,0.00352867950255451,2.51222599954192,5,5,Down
MPRIP,SMC1,-1.40577101150997,8.75318848847199,-6.01438296550199,3.83565275115332e-05,0.00352867950255451,2.38362195735754,5,5,Down
KCND2,SMC1,5.47279042527612,5.27641032590928,6.01239317325825,3.84836221669334e-05,0.00352867950255451,2.16611867968355,5,5,Up
PDGFRL,SMC1,2.2743422914893,6.20780431503173,6.01062769401446,3.8596759557275e-05,0.00352867950255451,2.44176052784464,5,5,Up
EDIL3,SMC1,-2.17338410156751,7.25270663117851,-5.95453321113572,4.23795509874603e-05,0.00356879360237107,2.36027908967846,5,5,Down
EDA,SMC1,1.71863113762316,7.51279298317026,5.95103082750315,4.26282944072176e-05,0.00356879360237107,2.27551559886517,5,5,Up
OPHN1,SMC1,1.71648494711108,6.63815447147818,5.94492429406005,4.30656605233345e-05,0.00356879360237107,2.30296121067401,5,5,Up
LYRM1,SMC1,2.08689480605922,4.94663985431565,5.93734850583981,4.36148152635833e-05,0.00356879360237107,2.38619791895169,5,5,Up
MME,SMC1,3.12686178279085,6.49264553038567,5.92730834690673,4.43539587493608e-05,0.00356879360237107,2.30078230251092,5,5,Up
TEX41,SMC1,-1.80265269583222,9.00264252060885,-5.92134702015135,4.47990347125565e-05,0.00356879360237107,2.22820380801561,5,5,Down
SOX6,SMC1,-1.88402749147187,6.85718313153666,-5.91837811603795,4.50224411010858e-05,0.00356879360237107,2.32396582817777,5,5,Down
NFKB1,SMC1,2.75732816063449,9.7913811031121,5.91684117501242,4.51385531028989e-05,0.00356879360237107,2.20554059567881,5,5,Up
LRP1,SMC1,2.21973899894005,7.24335317588341,5.91359194067979,4.53850603403517e-05,0.00356879360237107,2.22349702291554,5,5,Up
XG,SMC1,4.43071925519566,3.90458107367101,5.91170931377972,4.55285343246642e-05,0.00356879360237107,1.79095474902639,5,5,Up
SIPA1L1,SMC1,-1.77842889769797,6.68538380096812,-5.91154014752637,4.55414496822294e-05,0.00356879360237107,2.31965622128668,5,5,Down
ABCA6,SMC1,4.36801668696609,4.96228422202053,5.89033446570989,4.71912918657035e-05,0.00365066993740584,2.10170375480711,5,5,Up
MRC2,SMC1,2.96497868663996,7.51440855890196,5.86717165700755,4.90652879747038e-05,0.00374759427391599,2.14255806720947,5,5,Up
AP002784.1,SMC1,2.3431873057765,7.01023202720444,5.81560644858916,5.35231431163717e-05,0.00401288337666157,2.06907860100857,5,5,Up
RGS2,SMC1,1.97584465648809,6.31496511133574,5.79058781763162,5.58372011820292e-05,0.00401288337666157,2.06536250152731,5,5,Up
PLPPR4,SMC1,-2.46733034506653,5.21524498114732,-5.7898989214652,5.59023843877998e-05,0.00401288337666157,2.04221769275024,5,5,Down
AC005237.1,SMC1,2.25752782120898,4.72141085891942,5.78880007155238,5.60065225153489e-05,0.00401288337666157,2.14545658883598,5,5,Up
UAP1,SMC1,1.71293909877301,8.90905773116864,5.78515936716968,5.63530082988402e-05,0.00401288337666157,1.97772287894648,5,5,Up
BNIP3L,SMC1,-1.87097405602832,7.62192408485351,-5.78060581998293,5.67895355074172e-05,0.00401288337666157,2.03585603429215,5,5,Down
NLGN4Y,SMC1,4.86837516196559,3.82089880250553,5.77491823341337,5.73397628581147e-05,0.00401288337666157,1.58991445034617,5,5,Up
FBN1,SMC1,2.19053515972853,9.52183528299789,5.76769393019164,5.80467248263926e-05,0.00401288337666157,1.95034398295489,5,5,Up
PDLIM3,SMC1,-2.7248061846809,7.51156458309701,-5.76185267508492,5.86250228081735e-05,0.00401288337666157,2.03777460082093,5,5,Down
EPS8,SMC1,-1.7226150751678,9.55075003126633,-5.7562136400018,5.9189032237799e-05,0.00401288337666157,1.94026317772491,5,5,Down
PLAGL1,SMC1,1.70084689031427,8.04390108208314,5.74854121719081,5.99655687277139e-05,0.00402035824114473,1.92064126037456,5,5,Up
SERPING1,SMC1,1.37358476439617,8.50215147578742,5.71643082726079,6.33332275910822e-05,0.00419308561069471,1.86124799671358,5,5,Up
UGDH,SMC1,1.91297272366814,7.92578186222564,5.7083120459588,6.4215709998329e-05,0.00419308561069471,1.85373716932062,5,5,Up
GAS1,SMC1,3.53383616517435,4.33880844759555,5.70457160167583,6.46266095118675e-05,0.00419308561069471,1.73922214092407,5,5,Up
CFH,SMC1,3.84442721318901,6.78162908165545,5.68760431910296,6.65254076469797e-05,0.004270364997254,1.89695329243698,5,5,Up
ROCK2,SMC1,-1.22971549711905,8.46910668204212,-5.67686190759171,6.77577255541651e-05,0.00427118260225686,1.81498820084198,5,5,Down
AP002518.2,SMC1,2.34396977503733,6.30466706809767,5.66981739537081,6.85788020970709e-05,0.00427118260225686,1.8634518834859,5,5,Up
AL357507.1,SMC1,6.10254089251692,3.69912596584825,5.66714886972078,6.88925493511209e-05,0.00427118260225686,1.46714536457049,5,5,Up
RTL1,SMC1,4.64540242220846,3.36712132873496,5.66311606840296,6.93695550250534e-05,0.00427118260225686,1.40962346514628,5,5,Up
DIO2,SMC1,4.52343034095365,5.16931825142668,5.64314499509299,7.17832749083317e-05,0.00437515435148357,1.76294658665169,5,5,Up
WTAP,SMC1,1.68342089290729,8.45900843706861,5.61265735256037,7.56390661689952e-05,0.00456406125263717,1.68219472188379,5,5,Up
TCIM,SMC1,-2.36933684836578,6.76273553669572,-5.60062746540246,7.72196126741424e-05,0.00461329844431461,1.81985528861953,5,5,Down
ARHGAP17,SMC1,-1.21818567478868,7.1915312594842,-5.56723065788075,8.17913142302199e-05,0.0048385175496583,1.67916368079811,5,5,Down
PLAU,SMC1,2.83420271282965,8.34337706723294,5.55440606532832,8.36213799639391e-05,0.00484732481305794,1.58503464993385,5,5,Up
PPARGC1A,SMC1,-2.63778410057825,5.62582429299425,-5.55060160306076,8.41724785626612e-05,0.00484732481305794,1.75761797787693,5,5,Down
ASPN,SMC1,-2.47834969395037,6.53569767133893,-5.54423345169093,8.51034636497522e-05,0.00484732481305794,1.73157616565659,5,5,Down
ARHGAP15,SMC1,-3.55080681131358,6.09785430369204,-5.54389302060806,8.51535349990292e-05,0.00484732481305794,1.73233029352637,5,5,Down
RAPGEF2,SMC1,-1.24740529938017,8.51370381217682,-5.51599116769131,8.93640331114021e-05,0.00503946332517944,1.53614294361852,5,5,Down
PCSK6,SMC1,5.44905437760058,5.94912146262487,5.5090269281053,9.04485553245926e-05,0.00505339428544992,1.60773855093343,5,5,Up
CNTN4,SMC1,-2.2534194541683,7.85862206579929,-5.49479504981024,9.27078817869846e-05,0.00507880865167437,1.54756491696247,5,5,Down
DKK3,SMC1,-2.61390943028357,5.44919964012819,-5.48936379447224,9.35855916719157e-05,0.00507880865167437,1.64025645476534,5,5,Down
AC079447.1,SMC1,2.16848201788178,4.87218522036444,5.48614528467808,9.41098109450667e-05,0.00507880865167437,1.65824805128547,5,5,Up
CSRP2,SMC1,-1.43818762968354,7.12220490217394,-5.48516411618438,9.42702301934918e-05,0.00507880865167437,1.54779371658209,5,5,Down
VIT,SMC1,5.37912232999355,4.63437169263938,5.47709497317739,9.56004159894919e-05,0.00510489300956278,1.28760795480275,5,5,Up
AL445250.1,SMC1,3.2352277850397,5.38579858450366,5.43305067716274,0.000103215216512527,0.00537230525994488,1.56879717235409,5,5,Up
RDH10-AS1,SMC1,2.29714133574389,4.89578268125867,5.42961369405659,0.000103835511268186,0.00537230525994488,1.56375894665529,5,5,Up
NFATC1,SMC1,2.21216881994786,7.67984430070148,5.42929604219478,0.000103893036330696,0.00537230525994488,1.37571801182459,5,5,Up
IQCN,SMC1,2.29470795726347,5.89112583569838,5.42356412739391,0.000104936798829838,0.00537230525994488,1.47409602568932,5,5,Up
CALD1,SMC1,-1.51417564969143,10.1976163571691,-5.42289150960827,0.000105059996797066,0.00537230525994488,1.35968275304988,5,5,Down
EGFLAM,SMC1,-2.77800484504621,6.3434250422811,-5.40831579382801,0.00010776717403016,0.00541678598407543,1.52667253631462,5,5,Down
CST3,SMC1,1.35780650477031,9.1374703083036,5.40483253725096,0.000108424854919964,0.00541678598407543,1.31889290937041,5,5,Up
CLMN,SMC1,-1.83398983208672,7.09060667600761,-5.39483467639188,0.000110335970010195,0.00541678598407543,1.41302823696199,5,5,Down
MRVI1,SMC1,-2.52571638899894,6.00457672264469,-5.39451719173154,0.000110397231473565,0.00541678598407543,1.50495089245807,5,5,Down
PCDH9,SMC1,1.38451832497514,9.80776300564888,5.39440748632627,0.000110418408359509,0.00541678598407543,1.30448169975113,5,5,Up
LPCAT2,SMC1,3.64465671210076,5.70539289194806,5.38549599305043,0.000112152885676856,0.00544090641001641,1.48576471724863,5,5,Up
MYLK,SMC1,-2.32889988105202,6.73567548639063,-5.38264636520095,0.000112713507002329,0.00544090641001641,1.43652441283845,5,5,Down
EGFR,SMC1,1.53666993617784,8.80974765552126,5.3584070822908,0.000117602235598369,0.00563184039365524,1.23630340071648,5,5,Up
FCGRT,SMC1,1.57371895536335,5.58885424670302,5.34143837722984,0.000121156017330233,0.00574229205723139,1.35663234119,5,5,Up
DAB2,SMC1,1.86513497303212,7.13727773727764,5.33836323427563,0.000121811962765266,0.00574229205723139,1.23559992491601,5,5,Up
DCUN1D3,SMC1,1.56458970258917,5.91961606587141,5.305140443893,0.000129139682244443,0.0060198368419522,1.26291039039234,5,5,Up
NEGR1,SMC1,6.22179834176245,7.2489395390427,5.30270406171155,0.00012969486069834,0.0060198368419522,1.33979273750584,5,5,Up
CAV2,SMC1,-2.10795807023522,5.60975543070807,-5.29022442523783,0.000132577918990535,0.00602605295131246,1.33782233262249,5,5,Down
PDE7B,SMC1,2.23559951959333,6.17187987605325,5.28960710371863,0.000132722258122997,0.00602605295131246,1.21849394160387,5,5,Up
ADAM17,SMC1,1.55026794081427,7.35191772091156,5.28017400826506,0.000134948376748416,0.00602605295131246,1.12288134326545,5,5,Up
AVPR1A,SMC1,-2.4091487231641,7.58699466143556,-5.28003190654459,0.000134982207753758,0.00602605295131246,1.20358405919597,5,5,Down
ITGB3,SMC1,2.39409397229623,5.59399075465314,5.27871376189738,0.000135296448505555,0.00602605295131246,1.25476867342685,5,5,Up
TNXB,SMC1,4.29184403414587,6.91983114906141,5.27055437061732,0.000137258682567125,0.00602605295131246,1.18911493557958,5,5,Up
AC108734.4,SMC1,4.93292188645428,4.44835867418808,5.26904359045432,0.000137625253463041,0.00602605295131246,1.00610451239195,5,5,Up
LTBP3,SMC1,1.60244689992626,6.36494197784269,5.26110124752636,0.000139569231455841,0.00602605295131246,1.14800565123044,5,5,Up
ABCA9-AS1,SMC1,3.90090896741167,3.65244362049918,5.2575703027441,0.000140442649963944,0.00602605295131246,0.907457919552471,5,5,Up
SVEP1,SMC1,2.69204512490891,5.97765228381133,5.25077897347262,0.000142138631774902,0.00602605295131246,1.17918315208709,5,5,Up
PDE4C,SMC1,2.21925063553887,6.98119801584681,5.25053196383234,0.000142200718129488,0.00602605295131246,1.08997082558104,5,5,Up
AC016831.1,SMC1,2.10405718367703,5.28939352021306,5.246278761867,0.000143274218133291,0.00602605295131246,1.22604031077265,5,5,Up
GUCY1A1,SMC1,-1.52168799905134,6.84201324922573,-5.24564597211012,0.00014343465413377,0.00602605295131246,1.15520615271939,5,5,Down
BOC,SMC1,2.33806238738953,6.22164550351889,5.24416705901782,0.000143810345540105,0.00602605295131246,1.13618940783701,5,5,Up
SSTR2,SMC1,-2.04018471585777,7.11288485044238,-5.23384671348419,0.000146460787264451,0.00605777779982699,1.13815450828547,5,5,Down
KCNQ1OT1,SMC1,1.69212548619501,7.7541183787644,5.23340509554095,0.000146575332909304,0.00605777779982699,1.02635774519521,5,5,Up
XKR6,SMC1,-3.18413612105901,4.26622769434997,-5.22278920580569,0.000149357160281179,0.00610538793612259,0.896030228853204,5,5,Down
NABP1,SMC1,1.20294869615192,9.04827692939946,5.21794124968242,0.000150645799557513,0.00610538793612259,0.987454251676523,5,5,Up
LTBP4,SMC1,1.69450370165396,7.81525700770674,5.21750318720512,0.000150762811150525,0.00610538793612259,0.996498091645711,5,5,Up
SCARA5,SMC1,4.81657080022327,4.91126559501105,5.20334567580719,0.000154595933686653,0.00621887909243509,1.02126257855131,5,5,Up
DPYD-AS1,SMC1,1.26211102054328,5.38261692536943,5.19390811628394,0.000157207479566743,0.0062820525278525,1.12563668839724,5,5,Up
DCN,SMC1,5.59788810339537,9.54804228854323,5.18779035873653,0.00015892491419777,0.00630890087019306,0.949501436393162,5,5,Up
DPP6,SMC1,5.17355575888813,3.49241248713812,5.17305174584303,0.000163143291581261,0.00643403020523743,0.796270171499466,5,5,Up
RORA,SMC1,1.04414543782111,10.5975857959914,5.16704793822787,0.000164894964452239,0.006460884516265,0.906693219278334,5,5,Up
TENM1,SMC1,2.45908841529419,6.36318555523944,5.1496721552219,0.000170075861930053,0.00659696183916221,0.959880572667597,5,5,Up
COL21A1,SMC1,-2.43407904279343,5.67403589539492,-5.14525593464416,0.000171419484474164,0.00659696183916221,1.09750174671093,5,5,Down
FSTL1,SMC1,1.92176617250372,8.61004549889764,5.14450899434366,0.000171647830419037,0.00659696183916221,0.855488886976615,5,5,Up
PER1,SMC1,-2.42046779521745,5.9146551530084,-5.13267806564322,0.00017530722190654,0.00664295760223968,1.07233087529843,5,5,Down
GPX3,SMC1,2.62164384741068,6.32664336695009,5.12814708377612,0.000176730132773194,0.00664295760223968,0.923107091243616,5,5,Up
CELF2,SMC1,2.02230718219748,7.86603078370137,5.12344102207912,0.000178220771267053,0.00664295760223968,0.827326877563736,5,5,Up
ROCK1,SMC1,-1.09257988421846,7.38578674953802,-5.12335222035321,0.000178249024681052,0.00664295760223968,0.885230755760479,5,5,Down
RNF152,SMC1,-1.31136545468571,7.7501456645912,-5.12303745245214,0.000178349209738619,0.00664295760223968,0.872052334597622,5,5,Down
COL12A1,SMC1,2.64129472727776,8.32195722688848,5.10468416996375,0.000184293355310202,0.00682224604872245,0.788241887850631,5,5,Up
TBC1D16,SMC1,1.44009609333857,5.8514281864312,5.08984327794055,0.000189250694425497,0.00696304079367956,0.892039574927291,5,5,Up
PDGFRA,SMC1,4.96396061503295,5.62849727385657,5.08405679501996,0.000191221019625054,0.0069928947419247,0.94575948071278,5,5,Up
SLC9A9,SMC1,3.18303223109441,6.78084929717676,5.07949506581886,0.000192789363456441,0.00700777722347089,0.814321340884093,5,5,Up
EFCAB13,SMC1,1.6725502696634,5.78183368559786,5.06401494565878,0.000198212092855787,0.00716174711551987,0.852892534784305,5,5,Up
APOD,SMC1,4.19397517887353,8.14275136828814,5.05888386121076,0.000200044374999372,0.00718492713539411,0.730626990927043,5,5,Up
ZFHX4,SMC1,3.14765416095146,5.08363515107034,5.05437134425134,0.000201670342685127,0.00720046655480508,0.945332520786521,5,5,Up
BCL2,SMC1,-1.14723957907297,8.26250302131484,-5.04602761529164,0.000204713127208445,0.00726611182103385,0.708061507493959,5,5,Down
ANOS1,SMC1,2.84307668564779,4.63523572265013,5.0399202340587,0.000206970628681334,0.00726949617647939,0.913190116670521,5,5,Up
COLGALT2,SMC1,4.02010053036096,3.80670764898136,5.03925525277246,0.000207217988457815,0.00726949617647939,0.633727510832067,5,5,Up
ARHGEF10,SMC1,1.08060047842488,6.55198935403161,5.03453165137736,0.000208983953410505,0.00728907037502304,0.733920690699487,5,5,Up
MRTFB,SMC1,-1.34725395375516,6.63979902169746,-5.02601250828775,0.000212208629525407,0.00735900500319715,0.782429300467796,5,5,Down
RCAN2,SMC1,-2.1066371661719,7.40723545236367,-5.01948100260805,0.000214715988218848,0.00740340727378589,0.731926477642999,5,5,Down
NAV3,SMC1,5.16384397063326,4.36998710190822,5.01548010838349,0.000216267086660184,0.00741452045970198,0.62200701189009,5,5,Up
NR2F2,SMC1,-2.14233513115241,7.67674147952379,-4.99396188917697,0.000224811767128616,0.00756979202760838,0.664314723274082,5,5,Down
TGFBR2,SMC1,1.64751455917415,6.92448494632445,4.9938031677156,0.000224876082753481,0.00756979202760838,0.63197035678239,5,5,Up
IRF1,SMC1,1.23379499298365,9.06535261896544,4.99373412918939,0.000224904063871989,0.00756979202760838,0.583768254878335,5,5,Up
SPRY1,SMC1,1.69414556389011,6.1777127399237,4.99026327123818,0.000226315471152642,0.00756979202760838,0.682797842959203,5,5,Up
MOB3B,SMC1,-1.8712217330082,5.893973972608,-4.98842024620136,0.000227068670367437,0.00756979202760838,0.819859077926287,5,5,Down
CRIM1,SMC1,-1.4604990476906,8.53087403122262,-4.98439458614366,0.000228722940945682,0.00758304519596838,0.59438159592353,5,5,Down
DOCK10,SMC1,-2.31051287662949,6.42661521491921,-4.98088048144618,0.000230177244372661,0.00758956006854994,0.759537570912499,5,5,Down
STON2,SMC1,1.97192499257469,5.82207418179497,4.96961113916785,0.000234906253286804,0.00770339311050312,0.681814137781871,5,5,Up
SUGCT,SMC1,1.38244524973598,6.01872201380974,4.96405423254603,0.000237275212810014,0.00773901964376014,0.651453723243923,5,5,Up
SCN4B,SMC1,-2.90237534038054,5.30787801260087,-4.95472726953272,0.000241307382912465,0.00782184464132477,0.744434471946517,5,5,Down
MMP16,SMC1,4.96011409451268,3.68632810908051,4.95221139572642,0.000242407183945597,0.00782184464132477,0.492436878030268,5,5,Up
PODN,SMC1,1.67879190472819,6.09428378873582,4.9423263341376,0.000246779103895592,0.00792055911120215,0.604436236661701,5,5,Up
LRRTM4,SMC1,6.58241604804142,7.66063630380744,4.93743464006403,0.000248972822404117,0.0079308795672485,0.69374146207788,5,5,Up
PARP14,SMC1,1.19500411453479,5.93337940997529,4.93575798919099,0.000249729386439711,0.0079308795672485,0.611380195923456,5,5,Up
SLIT2,SMC1,3.33036663359937,8.77478905820133,4.91719041671866,0.000258269286532501,0.00812619996002125,0.448779597534727,5,5,Up
CXCL3,SMC1,3.04807819975317,6.02634777737145,4.91654156083363,0.000258573150865774,0.00812619996002125,0.60137837714836,5,5,Up
UBASH3B,SMC1,1.97578251258849,8.1983445169257,4.90546478327651,0.000263818195252795,0.00824807766919877,0.426501416192483,5,5,Up
PFKFB3,SMC1,1.51531600312925,8.30766970393787,4.89859892657838,0.000267124689325858,0.00827993553920979,0.412597690887464,5,5,Up
P4HA1,SMC1,1.06335204260801,7.29249276286108,4.89518318847666,0.000268785668809833,0.00827993553920979,0.435739953954494,5,5,Up
SPAG17,SMC1,6.15942172381281,5.84342118170264,4.89483861005672,0.000268953822619344,0.00827993553920979,0.580686590594715,5,5,Up
CXCL14,SMC1,4.20870847173193,6.35742101907373,4.88708733319549,0.000272765458056524,0.00831220116070254,0.595196144191746,5,5,Up
HSPG2,SMC1,2.80415665219437,7.04357674664494,4.88656964053222,0.000273022020649514,0.00831220116070254,0.440980756647073,5,5,Up
FAM184A,SMC1,1.41352935781955,5.46613397445983,4.88324293090003,0.00027467669289352,0.00831220116070254,0.568611654023845,5,5,Up
MEDAG,SMC1,2.39516743911858,8.14982137150241,4.87687589514781,0.000277872706450922,0.00831220116070254,0.376238365201226,5,5,Up
PSAP,SMC1,1.32188608890134,8.06167420433938,4.87612119034703,0.000278254092512639,0.00831220116070254,0.375405291512508,5,5,Up
RGS5,SMC1,-2.01773099932363,8.550535711058,-4.87504904255003,0.000278796831825942,0.00831220116070254,0.405871053063339,5,5,Down
TRIB1,SMC1,1.17202665686211,7.0592240142849,4.87279513928482,0.000279941384286505,0.00831220116070254,0.406356198462335,5,5,Up
SESN1,SMC1,-1.18413195843246,7.55728459133816,-4.86770087372513,0.000282546315805511,0.00831220116070254,0.420141290423747,5,5,Down
CRADD,SMC1,1.73029745385995,5.88406922888212,4.86502461865364,0.000283924882423781,0.00831220116070254,0.486803753404641,5,5,Up
ACSL4,SMC1,2.15030597274514,7.93732703716031,4.86268851741233,0.000285133942267876,0.00831220116070254,0.353392532998718,5,5,Up
SSC5D,SMC1,2.13662177659897,4.33896484368096,4.8616000917203,0.000285699086758007,0.00831220116070254,0.612487077438746,5,5,Up
ADGRL3,SMC1,-1.95821321128026,10.6114600258373,-4.85784911138714,0.000287655640962977,0.00831220116070254,0.347147475904346,5,5,Down
NCK2,SMC1,-1.25911314363672,6.96055170922979,-4.85736306885658,0.000287910182729008,0.00831220116070254,0.445366104767413,5,5,Down
MAP3K5,SMC1,-2.06385075729322,6.94022505563607,-4.8543769725491,0.00028947915066307,0.00831770092905221,0.474791176573948,5,5,Down
SYNPO2,SMC1,-1.68124137662662,8.51648934438639,-4.8517160485863,0.00029088474606981,0.0083184765771812,0.357816641007056,5,5,Down
CPQ,SMC1,1.02102923741735,8.16623690812067,4.83481381601938,0.000299980166160583,0.00853811472930639,0.299159339653908,5,5,Up
COL15A1,SMC1,4.16710026609308,7.19136633789224,4.82495581712563,0.000305420797599391,0.00864763720904655,0.365853549576051,5,5,Up
FBLN2,SMC1,4.98578900591982,5.93005567297541,4.82202282091254,0.000307059213725276,0.00864763720904655,0.55198063752271,5,5,Up
LAMP1,SMC1,0.993537740396406,6.76005057517916,4.82011897733014,0.000308127610199703,0.00864763720904655,0.331275288405767,5,5,Up
NIBAN1,SMC1,2.0634948027552,7.61666110555089,4.80908655953443,0.000314395194751474,0.0087546855608543,0.26346019193892,5,5,Up
TPM2,SMC1,-1.66842386736583,7.94296629455072,-4.80830589068133,0.000314843680262741,0.0087546855608543,0.302836412958817,5,5,Down
H6PD,SMC1,1.48533617802061,5.09300169120558,4.80570696519093,0.000316341524096427,0.008755985121091,0.475566372763423,5,5,Up
ANGPT2,SMC1,-2.30689982654746,7.5857255467186,-4.79824297467926,0.000320684513866307,0.00883566372908355,0.325877772475156,5,5,Down
BCHE,SMC1,3.3613506656502,3.79555682248926,4.77742131170723,0.00033312984827076,0.00910829793550841,0.277262226733609,5,5,Up
PLXDC2,SMC1,3.4805378160097,7.03341696949376,4.77628659441346,0.000333822313218977,0.00910829793550841,0.257784347801969,5,5,Up
SLC7A5,SMC1,-1.55089653832454,7.80078222013215,-4.77418611948103,0.000335108077839388,0.00910829793550841,0.246366936643907,5,5,Down
CFD,SMC1,6.35062391930569,8.80824059157401,4.7592047341956,0.000344428901422563,0.00931965915329034,0.206658560323245,5,5,Up
GMDS,SMC1,-0.885681141426393,7.75061650692748,-4.74498816445752,0.000353522645987002,0.00952301627627485,0.175977595898394,5,5,Down
KIAA1958,SMC1,-2.10545112578355,6.2589148303974,-4.74235186889379,0.000355236156312454,0.00952664429861931,0.38484108817985,5,5,Down
SERPINE3,SMC1,2.24588839616237,4.93789741532436,4.73685388848514,0.000358837435535688,0.00958064197355019,0.376707410580393,5,5,Up
MEG3,SMC1,5.47963881708096,6.87774242306447,4.73155939946112,0.00036234120781878,0.00960801448225301,0.3472497509585,5,5,Up
FRMD3,SMC1,-2.20725333556896,7.11965215752016,-4.73049888957943,0.000363047282392059,0.00960801448225301,0.235346574346283,5,5,Down
FAT4,SMC1,1.57458258085455,6.34149423553004,4.71885004152713,0.000370897481217101,0.00977290568412221,0.175971928386139,5,5,Up
LPAR1,SMC1,5.0521867227005,4.55078438300782,4.71326569789349,0.000374722979721301,0.00982584617010891,0.208269312532007,5,5,Up
PRPSAP1,SMC1,1.52515659716818,6.93155597613744,4.71117819280145,0.000376163484470527,0.00982584617010891,0.116433420435105,5,5,Up
ANKH,SMC1,2.67915682552737,7.41624550331011,4.70875600923946,0.000377842133101871,0.00982715272041676,0.0928925090987489,5,5,Up
TMTC2,SMC1,2.41316452035835,7.12619919277701,4.70371688746273,0.000381359323490423,0.00987606076369619,0.0942040022038029,5,5,Up
STK32B,SMC1,5.42739115008453,3.82763694791175,4.68826614177586,0.000392356602243172,0.0101174347775013,0.119614209859606,5,5,Up
GPR176,SMC1,-1.40470609156285,5.58470779588193,-4.6821782384557,0.00039677952350825,0.0101879474248884,0.297180277395432,5,5,Down
PLAC9,SMC1,1.48534550885054,7.63882373569684,4.67854130423349,0.000399446407013628,0.0102129644911874,0.0221198618770577,5,5,Up
ENOX1,SMC1,-1.18358303695104,8.70924999790411,-4.67479382197343,0.000402213782489843,0.0102403289601001,0.0192974146329101,5,5,Down
BICC1,SMC1,3.51255772140505,6.6272233404352,4.65765244779834,0.000415127517116599,0.0105098043812153,0.0799768457119194,5,5,Up
GUCY1A2,SMC1,-1.76503351346663,8.59990652642879,-4.65614749819958,0.000416281612050124,0.0105098043812153,-0.00254290918093414,5,5,Down
ARHGDIB,SMC1,-2.64003147254158,5.43821248842974,-4.64652607012638,0.00042373890804435,0.0106106607618647,0.25941664132802,5,5,Down
PLEKHO1,SMC1,-1.48257486779205,6.64122873779911,-4.64645643942874,0.000423793378125521,0.0106106607618647,0.111123005699435,5,5,Down
GPRC5A,SMC1,1.25145410102528,8.75698614850807,4.64037024069283,0.000428582556902723,0.0106789954975092,-0.0650834776251559,5,5,Up
LGALS3BP,SMC1,1.37907886844395,6.57799346507756,4.63456010005131,0.000433206796586899,0.0106789954975092,0.00131980246888119,5,5,Up
CCDC3,SMC1,-1.81102333051818,6.83853947047396,-4.63450903005295,0.000433247670967011,0.0106789954975092,0.0876018729645667,5,5,Down
CD248,SMC1,2.73728652312521,4.8241591017075,4.63406664500847,0.000433601905351301,0.0106789954975092,0.234082900024487,5,5,Up
LINC00598,SMC1,3.37356106295941,3.34087033039131,4.63153896479819,0.000435631673030251,0.0106853720124575,-0.00990028594180359,5,5,Up
LINC01197,SMC1,-3.04590490399427,5.62282349209431,-4.62645982199966,0.000439740100028707,0.0107424767756001,0.203397428505244,5,5,Down
NR1D2,SMC1,-1.61765390084615,5.84205905165448,-4.62032765094717,0.000444753797500463,0.0107950202360986,0.181804503429853,5,5,Down
OGFRL1,SMC1,1.8476718983681,6.18432015141605,4.61945871527186,0.000445469015377618,0.0107950202360986,0.00932975351750276,5,5,Up
ANGPTL2,SMC1,1.19836868151623,7.45370385348153,4.61232802901495,0.000451383411425112,0.0108314827456309,-0.0923486163228846,5,5,Up
C1R,SMC1,1.764249032277,7.81506199367547,4.61194561901056,0.000451702880030967,0.0108314827456309,-0.106885346164177,5,5,Up
KLF4,SMC1,1.60615134013144,6.91511020886979,4.61116121757301,0.000452358908170201,0.0108314827456309,-0.0671151587217045,5,5,Up
EDNRA,SMC1,-1.73553277060713,7.82702718360971,-4.60861009544801,0.000454499345880707,0.0108397195772497,-0.0600284019734314,5,5,Down
ARL6IP5,SMC1,1.22969392622135,6.08525106208686,4.60516929100598,0.000457402855900803,0.0108618489662875,-0.00619291303905367,5,5,Up
SERPINF1,SMC1,2.90347313175201,6.35753094449478,4.60114485924388,0.000460823225177138,0.0108618489662875,-0.0204413242319301,5,5,Up
LRP1B,SMC1,6.01730902494275,6.13843172690582,4.60113980989642,0.000460827533206761,0.0108618489662875,0.156331499801457,5,5,Up
AC083870.1,SMC1,-1.72407388229927,5.75477509987208,-4.5859736843786,0.000473956961254664,0.0111026469467848,0.135770070333947,5,5,Down
RASAL2,SMC1,-1.0942451527912,9.99575091599492,-4.58403401978165,0.000475663837962429,0.0111026469467848,-0.160507622165912,5,5,Down
COBLL1,SMC1,-1.69284058087956,7.29270474601862,-4.58093874425291,0.000478400816727336,0.0111026469467848,-0.0697709248107836,5,5,Down
GJC1,SMC1,-1.97269644581118,5.65812354027414,-4.58093544080875,0.000478403746464043,0.0111026469467848,0.126527358031136,5,5,Down
LINC01117,SMC1,2.65336573047687,4.88598668695686,4.57566549676086,0.000483101231203927,0.0111687081574119,0.130761612562835,5,5,Up
ADAMTS9-AS2,SMC1,-1.52435679211161,9.90712137137001,-4.57079071114814,0.000487488960407604,0.0112271312484713,-0.183413130424588,5,5,Down
ADH1B,SMC1,6.08823630158287,3.58460081814652,4.56712615648636,0.000490814500253876,0.0112607402833912,-0.0565231577181367,5,5,Up
IGFBP5,SMC1,-1.98109048973721,10.4973529621931,-4.56489013767836,0.000492855177600393,0.0112647278092453,-0.193734167401979,5,5,Down
CREB3L2,SMC1,-0.953182913901346,8.37592364007192,-4.5454314322212,0.000510988634325615,0.0116351147906444,-0.216392219601867,5,5,Down
ITM2B,SMC1,1.14578035939698,9.06529147856814,4.54190905192679,0.000514344165745765,0.0116674913387592,-0.248031096915955,5,5,Up
ACTA2,SMC1,-2.12370059621509,8.32007019635851,-4.53346617688503,0.000522480170410446,0.0117058090142731,-0.210559342205063,5,5,Down
COL8A1,SMC1,5.36875501938447,4.87489976088479,4.52827863172021,0.000527545034497225,0.0117058090142731,-0.0624085081650083,5,5,Up
PDGFD,SMC1,4.54879506239946,3.73394205125956,4.52612334074255,0.000529664250764246,0.0117058090142731,-0.127059763376256,5,5,Up
CSPP1,SMC1,-1.38035089552278,7.02187903708883,-4.52609273744883,0.000529694405098159,0.0117058090142731,-0.152870730082381,5,5,Down
WNT5B,SMC1,2.60841793453927,5.20274913314218,4.52534483056911,0.000530431891712313,0.0117058090142731,-0.0296871635535814,5,5,Up
LCORL,SMC1,-1.19611152877725,6.91768324769775,-4.52458683122458,0.000531180412965167,0.0117058090142731,-0.163918609737192,5,5,Down
MXI1,SMC1,-1.6348271748693,6.50522434159854,-4.52424411086688,0.000531519206194825,0.0117058090142731,-0.103904675510029,5,5,Down
MT-ND5,SMC1,0.887302916441948,10.534488801472,4.52100166079233,0.000534735573996457,0.0117058090142731,-0.276340801491705,5,5,Up
FN1,SMC1,1.87803160342913,8.87728566946277,4.52053690498742,0.000535198236691329,0.0117058090142731,-0.289136192930652,5,5,Up
AC024230.1,SMC1,5.15301759144093,6.27175383109599,4.52030114422501,0.000535433093791743,0.0117058090142731,0.0339358811231341,5,5,Up
MXRA8,SMC1,1.54151655542138,5.48327704213988,4.51692010970546,0.000538812908643663,0.011737173612837,-0.0967113471754493,5,5,Up
CSRNP3,SMC1,-2.02485048606582,5.3810514547934,-4.51353141378879,0.000542222507262158,0.0117689590245319,0.0228148059022164,5,5,Down
TTLL7,SMC1,-1.49551115361853,5.99590147310499,-4.50744013503019,0.000548407524246835,0.0118573230366045,-0.0675860817959091,5,5,Down
TNFRSF10B,SMC1,1.66758902576213,7.29864304919282,4.5041601453897,0.000551768137452029,0.0118573230366045,-0.288252282788716,5,5,Up
FBXL3,SMC1,-1.29501309083669,5.5153906134832,-4.50375093968006,0.000552188891827288,0.0118573230366045,-0.021399889602665,5,5,Down
ERN1,SMC1,1.23924182970609,6.59117409806058,4.49349780786331,0.000562840298277202,0.0120431856730661,-0.258700017885436,5,5,Up
ATXN1,SMC1,-1.10618077449707,8.6899299287267,-4.48851314925023,0.000568095032242897,0.0121126693447125,-0.327395602391164,5,5,Down
IGF2BP2,SMC1,-2.00976566382766,6.6381789177889,-4.48230629813132,0.0005747090867023,0.0122105444688792,-0.132161349792156,5,5,Down
CYBRD1,SMC1,1.1589857556489,7.29765007120403,4.46677351802605,0.00059161171450912,0.0125255617029755,-0.356139884739849,5,5,Up
CDH6,SMC1,-2.84276384649696,5.1481102824791,-4.45972943786338,0.000599445392277849,0.0126448689200326,-0.0937337518845807,5,5,Down
CYP1B1-AS1,SMC1,4.60730028645763,4.49511661168332,4.45578500529117,0.000603878666045804,0.0126448689200326,-0.16398179306134,5,5,Up
RAP2A,SMC1,-1.9507354284762,4.95320201905886,-4.45500738249311,0.000604756647733182,0.0126448689200326,-0.0767578447157815,5,5,Down
EZR,SMC1,-1.67458070640337,6.28033922925502,-4.45423564533886,0.000605629287021779,0.0126448689200326,-0.172989347032765,5,5,Down
LRRN4CL,SMC1,4.21497954149992,4.0842445599327,4.45051708708625,0.000609852291456334,0.0126891335401639,-0.197506608280202,5,5,Up
CYCS,SMC1,-1.23518609015278,7.42559182749408,-4.42817351596033,0.000635874987074075,0.0131851191477834,-0.379458966274293,5,5,Down
INSIG1,SMC1,2.35116713128189,6.5671516709465,4.42628450262915,0.000638126937522929,0.0131864997979909,-0.378483655308489,5,5,Up
SLC44A1,SMC1,1.13910059627316,6.18889793966479,4.42237213121793,0.000642817202782655,0.0132216796899331,-0.353936468745417,5,5,Up
SLC24A3,SMC1,-3.38126061256868,6.00557866114933,-4.41923490714716,0.000646603886394424,0.0132216796899331,-0.158742477702982,5,5,Down
AP1AR,SMC1,-1.0499964536297,6.86962682914905,-4.41625797712948,0.000650218372930636,0.0132216796899331,-0.360682083788111,5,5,Down
CPE,SMC1,-1.85279840852083,9.0815068247409,-4.41540543359461,0.000651257336752177,0.0132216796899331,-0.46138226922268,5,5,Down
ZNF385D,SMC1,2.79473281981669,6.71564524111607,4.41440779566198,0.000652475296723349,0.0132216796899331,-0.40412145804841,5,5,Up
FAM172A,SMC1,0.876582764139246,7.99627436438157,4.41299316802208,0.00065420636542035,0.0132216796899331,-0.479450080677117,5,5,Up
FIGN,SMC1,-1.64107166562182,5.96491691936813,-4.41220918903023,0.00065516775394266,0.0132216796899331,-0.220076067979997,5,5,Down
C20orf194,SMC1,-1.48083248497689,7.25308499911402,-4.41009648245835,0.000657765814950751,0.0132298630913761,-0.389206454515964,5,5,Down
RNASE4,SMC1,1.59211687373909,5.32735827569548,4.40764438826975,0.000660794561001014,0.0132466258507645,-0.273482881495347,5,5,Up
PLPP3,SMC1,1.56560977485127,9.33945508583293,4.40265950618838,0.000666996149372618,0.0133266714083258,-0.508164904878662,5,5,Up
NOCT,SMC1,0.971295732672723,7.66136148459808,4.39596888602413,0.000675414297534898,0.0134503296083352,-0.502308568961642,5,5,Up
THY1,SMC1,-2.68676133006441,5.17554885015696,-4.38844137071039,0.000685016531691184,0.0135729426905126,-0.180415662576568,5,5,Down
KLF11,SMC1,-2.64289525914454,5.27830135989219,-4.38762200594609,0.000686070189029886,0.0135729426905126,-0.181113210661679,5,5,Down
PAWR,SMC1,-1.1768113277904,8.50416333910915,-4.38474238126772,0.000689786500772261,0.013586296353648,-0.516868998721902,5,5,Down
MMP2,SMC1,3.71972729424627,6.45257907903068,4.38361397686338,0.000691248422368236,0.013586296353648,-0.375363077158415,5,5,Up
EGLN1,SMC1,1.17042703193885,6.55672006586485,4.37273748052478,0.000705504492246882,0.0138214743708366,-0.481351680899363,5,5,Up
ANKRD33B,SMC1,-1.21990943853501,7.51549560087613,-4.36312641291268,0.000718354119464672,0.0139719460256879,-0.509507546200267,5,5,Down
CD34,SMC1,2.76108697502187,4.34659400677553,4.36258154371928,0.000719089774342445,0.0139719460256879,-0.230585544142831,5,5,Up
ABCA9,SMC1,4.49614817879901,5.49333019112418,4.36176878044077,0.000720188569532113,0.0139719460256879,-0.226919513703026,5,5,Up
BIRC2,SMC1,1.73566882024441,5.84096021889139,4.35841655132156,0.000724738851143156,0.0139719460256879,-0.435207972228589,5,5,Up
NHS,SMC1,-1.26661701595353,7.12448761616939,-4.35811190931056,0.000725153835050671,0.0139719460256879,-0.481932655742097,5,5,Down
ARHGEF3,SMC1,3.34319149667306,4.07655572598276,4.35600625071881,0.000728028870946301,0.0139719460256879,-0.307472674743204,5,5,Up
SNX14,SMC1,0.992338150159008,6.3153710601507,4.35363767044291,0.000731276938763453,0.0139719460256879,-0.491509219293009,5,5,Up
MBNL2,SMC1,-1.00989675944611,7.45610603815781,-4.35332307474526,0.000731709470354222,0.0139719460256879,-0.53243352883223,5,5,Down
CACNA1C,SMC1,-1.38264697162805,9.38611576401791,-4.34964900761681,0.000736780436126489,0.0140243947999597,-0.595462735473122,5,5,Down
MIR99AHG,SMC1,1.32153742155606,7.81142776141028,4.34381920889071,0.000744901190598776,0.0141343829687831,-0.607464796936418,5,5,Up
PI16,SMC1,5.24750907619741,4.72272481549355,4.34197753934225,0.000747485710959113,0.014138961692562,-0.348473330398114,5,5,Up
ACO1,SMC1,1.23954041389015,6.94219684273708,4.32757671157755,0.000768016470356646,0.0144698687099887,-0.596541798045205,5,5,Up
ITPKC,SMC1,2.95928720727986,5.22591043981642,4.3263610912044,0.000769775912480342,0.0144698687099887,-0.378740514426523,5,5,Up
AC097376.3,SMC1,0.980852220421621,5.82152612996567,4.32333343213077,0.000774176098801831,0.0145073868949387,-0.489203088272778,5,5,Up
TNFSF10,SMC1,3.33921140093318,4.07259950332637,4.31783171280996,0.000782238335665279,0.014613083954812,-0.361962820063654,5,5,Up
STX4,SMC1,1.81725580638915,4.95416497311034,4.31580322964001,0.000785232654416258,0.0146237464097151,-0.378691531516168,5,5,Up
CASC15,SMC1,-1.92671153094529,6.67816406467118,-4.31020668111232,0.000793555282654977,0.014718734450115,-0.497184380341479,5,5,Down
ITGA11,SMC1,2.29431767923285,4.97819972947495,4.30910003373967,0.000795211705458651,0.014718734450115,-0.390666026292829,5,5,Up
TMEM132C,SMC1,3.06862967837217,4.13239891032133,4.30582681247137,0.000800131910907883,0.0147645136098415,-0.363250385017127,5,5,Up
MEG8,SMC1,6.20462659156584,7.83085762790967,4.29949227660446,0.000809743010233109,0.0148963089138615,-0.55050786067073,5,5,Up
ATP6V0E1,SMC1,1.01917879706396,6.04173802377248,4.29761938195423,0.000812607372547284,0.0149035650028885,-0.567969367805308,5,5,Up
IPMK,SMC1,-1.22573100086396,7.30192611012137,-4.29168072744041,0.00082175898038731,0.0150044587528391,-0.624108207277278,5,5,Down
PDIA3,SMC1,1.07083776773264,7.39636779517281,4.29082793134201,0.000823081844081827,0.0150044587528391,-0.690077120177849,5,5,Up
FHL5,SMC1,-3.0451172285832,5.7302997467967,-4.2876380534271,0.000828049471095118,0.0150495497246625,-0.371319952175544,5,5,Down
SLIT3,SMC1,-1.79416601226248,9.38736784089627,-4.28493140701972,0.000832288754125799,0.0150811721993846,-0.713438363961231,5,5,Down
LAMB1,SMC1,2.40074133131745,6.61172333201286,4.27883073462658,0.000841926037432481,0.0152101248798431,-0.657451933492706,5,5,Up
AMPH,SMC1,2.5342757195951,5.05232710122061,4.27164141975358,0.000853430618536329,0.015349535572733,-0.43163138254931,5,5,Up
LINC02062,SMC1,1.04589825231201,6.70219522586551,4.27083537806887,0.000854730519131302,0.015349535572733,-0.682731954714964,5,5,Up
PLTP,SMC1,1.06518843216568,5.68116810778219,4.26346809671389,0.000866706527476119,0.0154545633201036,-0.583004423348091,5,5,Up
ITGA7,SMC1,-2.33874270234425,5.97038263919906,-4.26288995584715,0.000867653609383075,0.0154545633201036,-0.470162889998171,5,5,Down
PPP1R12B,SMC1,-1.26099243776632,7.07252112417683,-4.26099783517574,0.000870760639183305,0.0154545633201036,-0.669737639047377,5,5,Down
KLHL23,SMC1,-2.11954451948285,5.39727125854485,-4.26071699527004,0.000871222777764412,0.0154545633201036,-0.409939325998666,5,5,Down
SPECC1,SMC1,-1.62674074242262,6.63699783796332,-4.25940495280521,0.000873385166084743,0.0154545633201036,-0.596576864030815,5,5,Down
AL590807.1,SMC1,4.35501781370232,5.81965818324024,4.25479149886987,0.000881032575783589,0.0155442998897023,-0.440228517302463,5,5,Up
CUBN,SMC1,2.83477476037158,3.6813054755484,4.24959150454345,0.000889734875531365,0.0156158744902217,-0.507873381598857,5,5,Up
RRBP1,SMC1,0.912871914709229,8.08361796375009,4.24791785506352,0.000892554530815797,0.0156158744902217,-0.792918500862768,5,5,Up
SGMS2,SMC1,0.95860935408776,6.68747180955332,4.24651599851468,0.000894923359252974,0.0156158744902217,-0.725790686566722,5,5,Up
SFMBT2,SMC1,-1.55473127947142,6.41404481108769,-4.24496837936422,0.000897546004747836,0.0156158744902217,-0.586092656854525,5,5,Down
SLC19A2,SMC1,1.71610128243526,7.33512284112287,4.24404302157994,0.000899117920797996,0.0156158744902217,-0.778554149686825,5,5,Up
AF117829.1,SMC1,1.24969702614683,6.72694745987535,4.24316195924383,0.000900617222836785,0.0156158744902217,-0.739096158353751,5,5,Up
ENAH,SMC1,-1.32717914932268,8.60739418524221,-4.24028947908904,0.000905523196550147,0.0156559511976607,-0.788605624375558,5,5,Down
THSD7A,SMC1,5.20358862888035,3.81904262829373,4.2349568605639,0.000914703891742273,0.0157694950936368,-0.554340541957201,5,5,Up
BX284613.2,SMC1,1.86659064372593,4.72668664900383,4.23297361217823,0.000918142642980268,0.0157836829280426,-0.49539685249925,5,5,Up
LGR4,SMC1,-1.81148275472451,7.95794121140301,-4.22818214030406,0.000926505525272828,0.0158700345192286,-0.773825869979803,5,5,Down
CRLF1,SMC1,3.05948884226273,5.18778682113275,4.22708812043408,0.000928425950495145,0.0158700345192286,-0.492239224726525,5,5,Up
INPP4B,SMC1,-1.91254906391639,9.04299832153058,-4.2234880615011,0.000934774376843082,0.0159178103244243,-0.822441032124665,5,5,Down
AC008397.1,SMC1,2.58912986651823,4.39364217475361,4.22251555470491,0.000936496961413761,0.0159178103244243,-0.464305569633046,5,5,Up
CACNB4,SMC1,3.27987475047042,4.55152066160851,4.22097599716678,0.00093923062797733,0.0159194314865596,-0.46794630941081,5,5,Up
MGP,SMC1,1.35200396964608,9.42180380932573,4.2174572825877,0.000945509362755014,0.0159809621704867,-0.857041788388296,5,5,Up
AL356124.1,SMC1,2.3861716497287,4.77305952686897,4.2110753589805,0.000957007474338721,0.016041784532375,-0.514416646226319,5,5,Up
C3,SMC1,6.86282102659518,5.66049576587231,4.20929320546424,0.000960243923244778,0.016041784532375,-0.542854987878675,5,5,Up
MYO1D,SMC1,-1.06765552574373,8.47925406730002,-4.20905249505932,0.000960681922651868,0.016041784532375,-0.849241506948059,5,5,Down
NFASC,SMC1,-2.73568735973266,5.97397126395308,-4.20878248714309,0.00096117347648286,0.016041784532375,-0.549994434012297,5,5,Down
ADD3,SMC1,2.278523637724,6.04672878823179,4.20810898262129,0.000962400729320473,0.016041784532375,-0.732364535861103,5,5,Up
DPT,SMC1,4.88192021621399,5.77055528286561,4.19359359737656,0.000989245484206657,0.0164438216300357,-0.512682562201104,5,5,Up
AC135050.3,SMC1,2.66634519880962,4.75187824303142,4.19163456461201,0.000992926996082822,0.0164546388174574,-0.544213950199036,5,5,Up
TNNI3K,SMC1,1.81930613850628,4.4156847709379,4.19034917451898,0.000995350210204168,0.0164546388174574,-0.533276998547827,5,5,Up
FGD4,SMC1,-1.72322387580637,5.49168012080168,-4.18520865919135,0.00100510198796257,0.0165704518999075,-0.571149552009695,5,5,Down
CFAP161,SMC1,2.33824356271248,7.99114176358208,4.17603166328426,0.00102275585813235,0.0167746406726042,-0.928552829006428,5,5,Up
ARHGEF7,SMC1,-1.36661873239601,7.37933719977666,-4.17588150137288,0.00102304735954894,0.0167746406726042,-0.850714485516662,5,5,Down
LRRTM3,SMC1,-2.36781884865349,5.00151424129747,-4.17430427488945,0.00102611430626906,0.0167793325854404,-0.545567145200085,5,5,Down
LRRC8C,SMC1,-1.095049334825,6.23069716888564,-4.16985586208426,0.00103481530221274,0.0168483154468952,-0.730978321777889,5,5,Down
B4GALT5,SMC1,1.02857784984024,7.47856590682743,4.16929520078297,0.00103591730705968,0.0168483154468952,-0.92334715887353,5,5,Up
RMDN2-AS1,SMC1,4.52891747894722,4.11983618648067,4.16483957920942,0.00104471798656,0.0169457750830727,-0.641003955374917,5,5,Up
TDRP,SMC1,-1.19156466586879,5.87378369242004,-4.14380740967183,0.00108730862844788,0.0175771750001279,-0.712890469173422,5,5,Down
FOXP1,SMC1,-0.850974747102343,9.02063268775314,-4.14276262361408,0.00108947024362741,0.0175771750001279,-0.987957459906436,5,5,Down
ECHDC1,SMC1,1.59160971192448,5.05586985028628,4.13595752588436,0.00110365802479883,0.0177585933910297,-0.728216763373325,5,5,Up
ACSL3,SMC1,0.980581885367073,7.94183341271153,4.13409890287511,0.00110756589051317,0.0177740760195651,-1.00572138009327,5,5,Up
CCNG2,SMC1,1.55537426222154,6.70107970906768,4.13029404151109,0.00111561018674307,0.0178556813443174,-0.952079723363704,5,5,Up
LINC00924,SMC1,-2.3788056202637,5.94964410014633,-4.12807376069986,0.00112033201367523,0.0178838184405194,-0.69612964220362,5,5,Down
B4GALT1,SMC1,0.93100161820188,8.6824539943846,4.12108619328652,0.00113532658990933,0.0180753578984509,-1.04046221441887,5,5,Up
ULK4,SMC1,1.17434852984735,5.26236102566734,4.11396706832423,0.00115081530455142,0.0182224247310994,-0.799279653235005,5,5,Up
ISLR,SMC1,3.22295706909812,5.47830384310794,4.11378473227182,0.0011512148384645,0.0182224247310994,-0.707400531377187,5,5,Up
CALM2,SMC1,-1.04150627506965,8.43305760838615,-4.11268670562953,0.00115362383945641,0.0182224247310994,-1.03087812819281,5,5,Down
CHST15,SMC1,-1.58729362276631,7.05541946846146,-4.1097730113857,0.00116004139681691,0.0182759524501129,-0.926138185913402,5,5,Down
AL078604.4,SMC1,5.80275489299131,8.18299053728764,4.10703341811781,0.00116610888930488,0.0182892019995375,-0.986142411197305,5,5,Up
PCOLCE,SMC1,1.84635876599476,6.6272065847361,4.10665729468117,0.00116694444312595,0.0182892019995375,-0.989977556845018,5,5,Up
CAVIN2,SMC1,-2.85485182073278,4.91402623962027,-4.10186223716237,0.0011776505779607,0.0183903804485175,-0.685983226258973,5,5,Down
AHNAK,SMC1,0.834445665275176,8.71369509360698,4.1010403498241,0.00117949572979388,0.0183903804485175,-1.07829554713939,5,5,Up
HSP90B1,SMC1,1.11789670132197,8.01214287668858,4.09834066061868,0.00118557747001751,0.0184375630259939,-1.07645775511488,5,5,Up
RFX3-AS1,SMC1,1.37941422503794,5.83584496153604,4.09456216793622,0.00119414353436736,0.0185101925269437,-0.926746497808382,5,5,Up
TANC1,SMC1,-1.49894459251725,7.95246058259713,-4.09357891680543,0.00119638301052504,0.0185101925269437,-1.03722795215201,5,5,Down
TXNIP,SMC1,1.3389605525523,6.93536663083154,4.09035978525667,0.00120374515514993,0.0185609938255335,-1.04460388735163,5,5,Up
PELI1,SMC1,-1.12295418014375,7.25843103591592,-4.08920548057225,0.00120639634666846,0.0185609938255335,-1.01128993981274,5,5,Down
VCAN-AS1,SMC1,4.62149426273356,3.48456032747638,4.08757620267888,0.00121014864220599,0.0185609938255335,-0.799013016943405,5,5,Up
TNFAIP6,SMC1,5.69911700038537,8.15833684099082,4.08678689109135,0.00121197076023537,0.0185609938255335,-1.02294745622248,5,5,Up
MFAP4,SMC1,1.24248938077669,7.02852247401604,4.0803453208188,0.00122694659949205,0.018742774129962,-1.06919887674345,5,5,Up
ECM1,SMC1,1.90494042735833,5.67438300938994,4.07667158045146,0.00123557239181798,0.0188268783137113,-0.934608109962748,5,5,Up
FNBP1L,SMC1,-1.68543228479264,5.48994848490428,-4.07298517500642,0.00124429040965186,0.0189119605336003,-0.777509361191194,5,5,Down
NAV1,SMC1,1.21401195633596,6.43634297943377,4.06103198985891,0.00127299469861614,0.0192261856581947,-1.05695394630268,5,5,Up
MFAP5,SMC1,5.05644916085261,5.89005838298349,4.06078099301543,0.00127360466139964,0.0192261856581947,-0.741022084691426,5,5,Up
LRRC32,SMC1,-1.64536779605532,6.16897796340418,-4.06040316412904,0.00127452341121609,0.0192261856581947,-0.902581120164038,5,5,Down
COPB1,SMC1,0.841142981406215,6.38682745943189,4.05774797949104,0.00128099908977645,0.0192756820641174,-1.0529604592773,5,5,Up
SRPX2,SMC1,2.4751828570774,5.50465841708801,4.05266805187783,0.00129348253112086,0.0193044665888933,-0.933549668242294,5,5,Up
FNDC1,SMC1,4.08578066425646,4.26116486990794,4.0521885425231,0.00129466729896799,0.0193044665888933,-0.803450454979246,5,5,Up
LAMA2,SMC1,5.94210709613987,7.86175492076475,4.05216534761689,0.00129472463693539,0.0193044665888933,-1.03593722833507,5,5,Up
ACTN1,SMC1,-1.76973747417164,7.25103712224607,-4.05061356688827,0.00129856656423969,0.0193044665888933,-1.0589241985254,5,5,Down
ALDH1A1,SMC1,1.67287705260059,6.20111217906485,4.05047571501071,0.00129890842477473,0.0193044665888933,-1.05454070638996,5,5,Up
ADD1,SMC1,-1.19244666885525,6.36189176724775,-4.04464571615994,0.00131345102489775,0.0194726375533981,-0.99494124105173,5,5,Down
PDE1C,SMC1,-1.36513748682058,8.01440846965726,-4.03428090580456,0.00133971860240468,0.019813387369877,-1.15695309481943,5,5,Down
MT2A,SMC1,-1.81895481342919,9.7150179817433,-4.031784867128,0.00134612431458964,0.0198594477120633,-1.19710896067747,5,5,Down
LPIN1,SMC1,1.02132488325427,5.76741802339233,4.02863938162237,0.00135424142390981,0.0198826682402313,-1.0337735041495,5,5,Up
SKIL,SMC1,0.886879932977074,7.86182950853293,4.02862120577101,0.00135428847310823,0.0198826682402313,-1.20344093795612,5,5,Up
MAP2,SMC1,-2.68140070745839,5.08866078680235,-4.02420862392671,0.00136576035374318,0.0200024222681708,-0.802173848588677,5,5,Down
MYH11,SMC1,-1.90659540914467,7.74431775711733,-4.01816957882044,0.00138162219160314,0.020126900782109,-1.14905384331108,5,5,Down
LMOD1,SMC1,-1.89190042954315,6.8414557820838,-4.01748642549731,0.00138342836015522,0.020126900782109,-1.05573039090437,5,5,Down
DPY19L2,SMC1,-2.67347525911308,5.45683881032767,-4.01609210322411,0.00138712227152618,0.020126900782109,-0.819230298655779,5,5,Down
PTEN,SMC1,-0.970431805382025,7.41148101384593,-4.01591128535538,0.0013876020426512,0.020126900782109,-1.16586481198806,5,5,Down
PANX1,SMC1,1.21830325633715,6.75339498548121,4.0140575463784,0.00139253044872717,0.0201499489870976,-1.17433197211207,5,5,Up
SMC6,SMC1,-1.18013462423632,6.05724003269295,-4.00850990108939,0.00140738689901372,0.0203162022694948,-1.00626347567567,5,5,Down
WDR48,SMC1,-1.59681996202848,5.14921024641968,-4.00517221469887,0.00141640319765414,0.0203573902702467,-0.857700488158058,5,5,Down
BTBD9,SMC1,-0.904682700215042,7.91686773513492,-4.00388433279778,0.00141989801863424,0.0203573902702467,-1.22086142695827,5,5,Down
GEM,SMC1,1.46180745252096,9.75023829200524,4.00371377745416,0.00142036150211698,0.0203573902702467,-1.26109449350524,5,5,Up
ZCCHC14,SMC1,-1.04657391663109,7.36359631530461,-4.00037858789239,0.00142945604706453,0.0204090338045799,-1.19174996901225,5,5,Down
MT-ND1,SMC1,0.940273411422113,12.2230744965488,3.99991334619653,0.00143072941652922,0.0204090338045799,-1.24919400058682,5,5,Up
TEAD4,SMC1,-1.42108805890617,6.07688291068478,-3.99684278796407,0.00143916271419799,0.0204643429197662,-1.00752093574867,5,5,Down
COL25A1,SMC1,-1.76427799181868,8.72342439667888,-3.99603499884988,0.0014413897482434,0.0204643429197662,-1.24879616349471,5,5,Down
CYBA,SMC1,1.97903400383663,4.96849325330938,3.99450087117435,0.0014456289734509,0.0204763502953116,-0.96456120134069,5,5,Up
ARHGAP22,SMC1,4.39851283899977,3.68727124848805,3.99168917552854,0.00145343162128722,0.0205386566811407,-0.933262737129776,5,5,Up
VCAN,SMC1,5.34218964408201,7.21405317114891,3.988306947535,0.00146287465013841,0.0206237982218111,-1.10608036913684,5,5,Up
KCND3,SMC1,1.98900401262551,4.71142737336275,3.9855871462118,0.00147051372756508,0.0206675284453326,-0.943100216350691,5,5,Up
CCN1,SMC1,1.40003652000318,7.11134866897878,3.98476643595839,0.00147282685308137,0.0206675284453326,-1.25750719077364,5,5,Up
RYR2,SMC1,-1.84922952860423,7.37291076308416,-3.97639723336644,0.00149662854386947,0.0209527996141726,-1.20686048972275,5,5,Down
ELMO1,SMC1,3.88090553341719,5.07423810906458,3.97271671019751,0.00150722000833473,0.0210522350238236,-0.893960038491695,5,5,Up
FOXC1,SMC1,-1.24049819566617,6.55924900456092,-3.96523383901409,0.00152899048187298,0.0213069943824978,-1.1592497815445,5,5,Down
GREB1L,SMC1,3.61236292172335,5.68896948455173,3.9639541579826,0.00153274562488834,0.0213101085266733,-0.98696331737468,5,5,Up
LRRC23,SMC1,1.68559145591474,5.98119044343081,3.96093858045528,0.0015416319820857,0.0213843847813911,-1.19762365574764,5,5,Up
AP002762.2,SMC1,2.20853718483558,4.59914507971454,3.95781395987771,0.0015508952433426,0.0214635364640579,-0.964551531072892,5,5,Up
TAGLN,SMC1,-1.45500669056658,9.5950372751699,-3.94910564694729,0.00157701336350116,0.0217316562557923,-1.35680576322133,5,5,Down
NOVA1,SMC1,4.50842365427968,6.15616949497247,3.94895408188967,0.00157747189924379,0.0217316562557923,-1.02585565336387,5,5,Up
AC119674.1,SMC1,1.76994194254019,8.66860325100604,3.94754203301622,0.00158175038033795,0.0217388028421004,-1.37363785295305,5,5,Up
PRR16,SMC1,-1.71492242914347,6.7124726356831,-3.94640766050641,0.00158519609720321,0.0217388028421004,-1.17610389421632,5,5,Down
FGL2,SMC1,4.16894592590421,4.37441218896059,3.93562934533728,0.00161832100154377,0.02214274132271,-0.989181713792322,5,5,Up
PPP1R12A,SMC1,-0.968098940697273,8.45614356323358,-3.93244094655279,0.00162825481388201,0.0222282568935839,-1.37599313157873,5,5,Down
NCKAP5,SMC1,-1.61202725719093,9.10914818386578,-3.92843968391644,0.00164080940094116,0.0223214528721351,-1.38915115558628,5,5,Down
TGFBI,SMC1,-1.66132657522135,7.3477166133982,-3.92523661305389,0.0016509307781895,0.0223214528721351,-1.30004438847519,5,5,Down
SEPTIN7,SMC1,-1.15025415345054,8.37443962125975,-3.92512865965688,0.00165127300874714,0.0223214528721351,-1.38471403305352,5,5,Down
SLC25A44,SMC1,1.87304787707679,6.01026986774085,3.92429769913385,0.00165390972132884,0.0223214528721351,-1.26916078294078,5,5,Up
NEXN,SMC1,-1.85958833997324,5.94540104937119,-3.92392659870197,0.00165508864524675,0.0223214528721351,-1.07285571778529,5,5,Down
CCND1,SMC1,-2.3171055060806,4.95719386592819,-3.92323838942541,0.00165727724340678,0.0223214528721351,-0.974552122151763,5,5,Down
LINC01088,SMC1,1.94424963301676,6.87025553100011,3.92124035925666,0.00166364801297674,0.0223573543659279,-1.36241951076866,5,5,Up
ZNF217,SMC1,1.25673648466008,5.64773760213186,3.91488203947354,0.00168408863097534,0.0224874999526999,-1.23469194892425,5,5,Up
SMIM14,SMC1,1.09764579767876,5.69113135777089,3.91460649100976,0.00168498023614882,0.0224874999526999,-1.23506938823707,5,5,Up
ATF7IP2,SMC1,2.04947005199122,5.15428100040417,3.91282992185873,0.0016907403500606,0.0224874999526999,-1.15496999587847,5,5,Up
CSRP1,SMC1,-1.99336904613289,5.99732615671018,-3.91262039701293,0.00169142101018728,0.0224874999526999,-1.11887619321536,5,5,Down
XBP1,SMC1,0.851617467057328,7.1543525570985,3.91245258823608,0.00169196635374971,0.0224874999526999,-1.39266323710515,5,5,Up
PELI2,SMC1,-1.12985756997416,8.03225186893864,-3.90945135569369,0.00170175011374611,0.022521859577627,-1.40047508775301,5,5,Down
CASP4,SMC1,1.11351092807534,6.31751801536316,3.9093698659725,0.00170201656735133,0.022521859577627,-1.33052551963773,5,5,Up
TRIM33,SMC1,-1.03074712137082,6.50960248500575,-3.90542790303783,0.00171495693042738,0.0226434357072185,-1.26673871294417,5,5,Down
LTBP2,SMC1,3.6654230749182,5.44560115447011,3.90177430292116,0.00172704037605235,0.0227531913299125,-1.12685395568805,5,5,Up
CCDC126,SMC1,-1.89858679794385,5.7683063728124,-3.89914466484793,0.00173579106742056,0.0228082995491224,-1.14052399248432,5,5,Down
ASAP1,SMC1,-1.06971872106036,10.4101731341769,-3.89824861581424,0.00173878319400005,0.0228082995491224,-1.45619017305449,5,5,Down
MYH9,SMC1,-1.09720952011205,8.72600740818621,-3.89298664797328,0.00175646074833397,0.022984599227808,-1.45641289415741,5,5,Down
COL6A1,SMC1,1.25467360289478,9.57052894620537,3.89198642011184,0.00175984170421732,0.022984599227808,-1.47614986497498,5,5,Up
AL513166.1,SMC1,3.82466911889102,4.06659328826075,3.89010097647771,0.00176623292724638,0.0230182494233362,-1.05469121980508,5,5,Up
ASAP2,SMC1,-0.754576908580633,7.22604684818753,-3.88652717315389,0.00177841239092437,0.0231182755203517,-1.40639768122221,5,5,Down
FAM20C,SMC1,1.03903759051646,6.41231992421404,3.88560448828601,0.00178157078504534,0.0231182755203517,-1.38546733799963,5,5,Up
LINC01697,SMC1,4.18412794062885,3.87543545650843,3.88372637577448,0.00178801734986244,0.0231521388177467,-1.09465150111817,5,5,Up
SNAI2,SMC1,-1.76441473385396,5.50147394120289,-3.88190296132207,0.0017942989410886,0.0231828905794164,-1.10770906246984,5,5,Down
DEC1,SMC1,1.04818701450681,10.810291100297,3.87906448734113,0.00180412221900896,0.0231828905794164,-1.4895908520741,5,5,Up
HELLPAR,SMC1,3.77242904512039,3.45437008770313,3.87886992381915,0.00180479756308025,0.0231828905794164,-1.12212543603312,5,5,Up
FGFR1,SMC1,1.41830648248084,9.05508966037541,3.87859264814002,0.00180576045282163,0.0231828905794164,-1.50515717033701,5,5,Up
TRPC6,SMC1,-1.69178737809558,6.01645226039517,-3.87683063706585,0.00181189161522462,0.0232122165738117,-1.18793928368089,5,5,Down
ZBTB21,SMC1,0.999721185469077,6.91642295258867,3.87082575693618,0.00183294642851426,0.0234322007407946,-1.45760920284068,5,5,Up
PRELP,SMC1,1.30276398069077,6.33406363553346,3.86535903514218,0.00185233132913646,0.0236065664514638,-1.41730300951013,5,5,Up
EML1,SMC1,1.99806418972576,5.42112546622937,3.86435356112735,0.00185591942884797,0.0236065664514638,-1.28497833553938,5,5,Up
ZEB1,SMC1,0.839077520019025,8.55389709048431,3.86368121845284,0.00185832268220837,0.0236065664514638,-1.53076630145297,5,5,Up
TMOD3,SMC1,-0.735926353810819,7.36320586588874,-3.85709265935446,0.00188204176154681,0.0238268262920415,-1.47392999676002,5,5,Down
CBLB,SMC1,1.70852711144613,9.91270869156717,3.85667404329324,0.00188355918815111,0.0238268262920415,-1.54087528855739,5,5,Up
GBP1,SMC1,1.87772186037097,5.32924955535415,3.85424902828327,0.00189237412169908,0.023888254080193,-1.29830148063611,5,5,Up
CDC42,SMC1,-0.964290405875397,6.47711297595271,-3.85172403135778,0.00190159720287623,0.0239545668520985,-1.38640018613219,5,5,Down
LGALS3,SMC1,0.716056945978237,8.28878041168121,3.84444043439263,0.00192845971641592,0.0242423456851118,-1.56400273064123,5,5,Up
UNC13B,SMC1,-0.953916297372663,5.94977971085949,-3.84256640788908,0.00193543365230172,0.0242608346810195,-1.30809133192881,5,5,Down
RBPMS,SMC1,-0.897184421021067,8.73404234378038,-3.84139374578979,0.00193981062834254,0.0242608346810195,-1.55792904174239,5,5,Down
KIAA1217,SMC1,2.64047456397172,6.45365193256787,3.84081017646262,0.00194199256727419,0.0242608346810195,-1.46408881316155,5,5,Up
JMY,SMC1,-0.986521015373046,6.6201488656306,-3.8377627776317,0.00195342736467063,0.0243532659471541,-1.42062641119446,5,5,Down
LAMA5,SMC1,-2.13569023199244,5.01085213132163,-3.836337099103,0.00195880050093987,0.0243699014900436,-1.12473294981559,5,5,Down
LRRC49,SMC1,3.05810120358369,6.16842220742254,3.83400547941179,0.00196762045998862,0.0244292630773073,-1.42995848775729,5,5,Up
PDCD4,SMC1,-1.11195952509518,6.73411233695216,-3.82660970236288,0.00199586566446629,0.024691347557075,-1.45021142695296,5,5,Down
CUL4A,SMC1,-0.875785845157388,7.73083445183748,-3.82633732444822,0.00199691375668754,0.024691347557075,-1.55090875398165,5,5,Down
TACC2,SMC1,-1.08873150518255,7.40607973426952,-3.82464797753564,0.00200342679091039,0.0247034775246962,-1.52674284209151,5,5,Down
MAN1A1,SMC1,1.21650806498722,8.59916173161153,3.82032401822078,0.00202019598090668,0.0247034775246962,-1.61592469947274,5,5,Up
TMEM131L,SMC1,-1.83428963643655,7.60540556140839,-3.81972845704352,0.00202251686775343,0.0247034775246962,-1.52307807979223,5,5,Down
RNF144A,SMC1,2.3833714054053,4.58337631156327,3.81893632333126,0.00202560800313466,0.0247034775246962,-1.19004053323727,5,5,Up
IER3,SMC1,2.91710429775266,8.29258613889193,3.81883237330167,0.00202601400341295,0.0247034775246962,-1.61204166983302,5,5,Up
VPS13D,SMC1,-0.996889249223361,7.41884106683275,-3.81797624700225,0.0020293609526799,0.0247034775246962,-1.54144078490513,5,5,Down
SLC35F1,SMC1,-2.41367509344914,5.06482387605269,-3.81794869812936,0.00202946874604097,0.0247034775246962,-1.16454236924507,5,5,Down
HIF1A-AS3,SMC1,-3.0448308988708,4.91929602793769,-3.81764763142529,0.00203064714157264,0.0247034775246962,-1.15892476444317,5,5,Down
SYNE3,SMC1,1.43369893956011,5.19604740493774,3.81499485432572,0.00204106047102057,0.0247801989580243,-1.3484654040665,5,5,Up
IL1RL2,SMC1,1.66866844714703,5.46661496752328,3.80921536716701,0.00206393630897749,0.0250076138320686,-1.40850862732465,5,5,Up
METTL7A,SMC1,1.36376225216929,5.85023585028625,3.80621803129888,0.00207590276548831,0.0251021989718567,-1.46996243359129,5,5,Up
TLN2,SMC1,2.75999001683768,6.01164407275548,3.80437716988303,0.00208328715998886,0.0251411094467455,-1.46563928204933,5,5,Up
NPY1R,SMC1,-2.61661891041884,4.77182111093868,-3.80189987096766,0.00209326679417519,0.0252111214292477,-1.19057460902391,5,5,Down
ABCC9,SMC1,-1.63500670813805,9.3538974253482,-3.80010791815318,0.00210051589215114,0.0252234946931304,-1.63781188696858,5,5,Down
MGST1,SMC1,5.51185751927818,4.27671564485016,3.7995804407675,0.00210265459573162,0.0252234946931304,-1.2256683392869,5,5,Up
KIF21A,SMC1,2.27301874090862,5.77293247903677,3.79655524579414,0.00211496341719295,0.025311384954014,-1.46527101747092,5,5,Up
THOC1,SMC1,0.907772036382547,5.56240307848421,3.79572096614198,0.00211837079910127,0.025311384954014,-1.43485274053285,5,5,Up
TINAGL1,SMC1,-2.39966660899419,5.84594562779668,-3.79354245728898,0.00212729468912284,0.0253677789608048,-1.3199892324744,5,5,Down
FHIT,SMC1,0.872225902614783,7.05319256913159,3.79142425884472,0.00213600823192434,0.0254214470836913,-1.61748566374759,5,5,Up
ZBTB38,SMC1,-1.19632863188594,7.58811066037573,-3.78904611044533,0.00214583443282476,0.0254881200150879,-1.60428623775375,5,5,Down
ITPRIP,SMC1,2.24490638918534,5.39653222275515,3.78656629464039,0.00215612973186086,0.0255242711585909,-1.4262226404654,5,5,Up
ADRA2A,SMC1,-2.01357309209235,4.75695223863301,-3.78565348840063,0.00215993202308116,0.0255242711585909,-1.21003770746659,5,5,Down
NKD1,SMC1,-2.37751040054543,5.12172453341069,-3.78526119721205,0.00216156820716605,0.0255242711585909,-1.20998080452628,5,5,Down
NR2F1-AS1,SMC1,-1.74103744383228,5.6097969481532,-3.78333239906553,0.00216963128870885,0.0255694437423226,-1.29122023452467,5,5,Down
DISC1,SMC1,1.44145349849738,5.35306566737958,3.78186496515792,0.00217578620152449,0.0255919959844031,-1.43839739831305,5,5,Up
MCU,SMC1,-1.23914451036766,7.12333641302854,-3.77799422536117,0.00219210680110357,0.0257261902409008,-1.58516932319584,5,5,Down
THBD,SMC1,-1.34010144114878,6.72555934750467,-3.77682444057034,0.00219706356302494,0.0257261902409008,-1.53187611315297,5,5,Down
SRGAP1,SMC1,2.12654211639278,8.31362916026497,3.7752721706828,0.00220365865687642,0.0257261902409008,-1.70029059345563,5,5,Up
DNAJB1,SMC1,1.3898267342109,7.40662897172263,3.77513338026443,0.00220424931298404,0.0257261902409008,-1.6746517231641,5,5,Up
DDR2,SMC1,1.05267217798462,8.26945147421155,3.773817539364,0.00220985720266954,0.025741850117583,-1.70132859734125,5,5,Up
PCDH7,SMC1,4.76379189621894,3.91510504632562,3.77128220417465,0.00222070334387558,0.0257791938379861,-1.27494808673541,5,5,Up
CCDC102B,SMC1,-1.71156791604901,6.92196196015052,-3.77048191649047,0.00222413820410517,0.0257791938379861,-1.55506113266732,5,5,Down
SORBS1,SMC1,-1.14940117520099,8.18695104214713,-3.77007657344166,0.00222588001153311,0.0257791938379861,-1.67198535877268,5,5,Down
RERG,SMC1,-2.12935389281636,6.1428553398487,-3.76896446782148,0.002230665993939,0.0257851314318543,-1.38844398238329,5,5,Down
CLEC14A,SMC1,3.17402518109768,4.1949981830965,3.76674715573759,0.00224023954378012,0.0258462818492719,-1.24790372142172,5,5,Up
TUBB3,SMC1,-1.57046494593527,5.09428250410773,-3.76390333678736,0.00225257934780891,0.0259390530241965,-1.2843094244977,5,5,Down
MERTK,SMC1,-2.52185222637331,5.18287059943513,-3.76016704081465,0.00226889694590991,0.0260771888983245,-1.25312156039546,5,5,Down
AC073050.1,SMC1,-1.59762649902764,6.10582072268725,-3.75533438964844,0.00229018118766712,0.0261775491167281,-1.39607281948117,5,5,Down
MAPRE2,SMC1,-1.59435416023947,5.70904864314275,-3.75524233264149,0.00229058859589964,0.0261775491167281,-1.35842309671482,5,5,Down
MYL9,SMC1,-1.63593327336872,8.12359175775621,-3.75522981353857,0.00229064400623673,0.0261775491167281,-1.68442569356478,5,5,Down
DLG2,SMC1,0.813183715303573,9.37094660921743,3.7534136416683,0.00229869696080008,0.026189403002583,-1.74258151607817,5,5,Up
TRAF3,SMC1,1.57053329376332,7.06828056754747,3.75303896182157,0.0023003618812345,0.026189403002583,-1.69770341218308,5,5,Up
MBP,SMC1,2.49422796346094,5.07974231808928,3.74904777999943,0.0023181733266523,0.0263424818324294,-1.40559800858916,5,5,Up
COL27A1,SMC1,-1.50287350870356,7.55941872727382,-3.7445860448253,0.00233825082442286,0.0264978699275317,-1.6782378444375,5,5,Down
OXSR1,SMC1,-1.25573281461023,6.07356663586292,-3.74370454938846,0.00234223836547377,0.0264978699275317,-1.47749215236858,5,5,Down
FLNA,SMC1,-0.967334072641322,8.04588841791857,-3.74309010400932,0.00234502196574444,0.0264978699275317,-1.72424730780935,5,5,Down
TMED10,SMC1,1.02971419249142,5.85272500322702,3.74118763811539,0.00235366199080382,0.0265457877617014,-1.5893842580928,5,5,Up
ACVRL1,SMC1,3.12284208248555,4.70133749789375,3.73581386247941,0.00237824218036935,0.0267729726051281,-1.32911512583159,5,5,Up
SNX25,SMC1,-1.19367155459692,6.63447375594868,-3.73415046715477,0.00238590349263945,0.0268092023735315,-1.60987799089243,5,5,Down
RUNX1,SMC1,1.03929094416785,9.16599148619339,3.730887557107,0.00240100485653699,0.0269287422013833,-1.78735918997394,5,5,Up
MAGI1,SMC1,-1.83796861181221,6.77002916603077,-3.72846569985996,0.00241227646508933,0.0270049651026884,-1.61449379346721,5,5,Down
JMJD1C,SMC1,0.854364547086404,10.6511686447105,3.72470240562197,0.00242989810698081,0.027151861439856,-1.78692592880413,5,5,Up
NAALADL2,SMC1,0.925658128988885,8.99325591098353,3.72261057678744,0.00243974962303272,0.0272115512483908,-1.80325569364808,5,5,Up
REL,SMC1,0.889546107653118,7.67525479918109,3.72116451156133,0.00244658362197578,0.0272374272601511,-1.78515953324641,5,5,Up
KLHL21,SMC1,1.21214829209344,7.08577415703491,3.71683042219476,0.00246718297225025,0.027416173212814,-1.76690808889991,5,5,Up
S100A13,SMC1,1.74444372700506,5.66674407121097,3.71532008469099,0.00247440274361955,0.0274458569025741,-1.6180548282471,5,5,Up
NMD3,SMC1,-1.26490937047757,7.77027219276634,-3.71328785871,0.00248415115551864,0.0274873162600346,-1.75803525185095,5,5,Down
FBXL20,SMC1,-0.958687705713763,5.84765044073944,-3.71264326606863,0.00248725135531636,0.0274873162600346,-1.51912136752021,5,5,Down
EHD2,SMC1,-1.53947541294152,5.84063661046471,-3.70794919417188,0.00250994658989137,0.0276527530397437,-1.49764071643895,5,5,Down
ACKR3,SMC1,1.85946226689843,6.4631513009279,3.70709113554501,0.00251411788239574,0.0276527530397437,-1.73490110755695,5,5,Up
CD47,SMC1,1.10100989790821,5.76483200712774,3.70671066108864,0.00251596974126935,0.0276527530397437,-1.64404937503916,5,5,Up
SLC16A7,SMC1,1.16053182540444,8.59580733386841,3.70500317326979,0.0025242975657103,0.0276938391118108,-1.83704785943923,5,5,Up
PPP1R14A,SMC1,-3.40180362579076,4.49452460935118,-3.70349948742748,0.00253165458507538,0.0277241447665061,-1.37372717158914,5,5,Down
FBLN5,SMC1,4.17364800095161,4.83364928665883,3.70026791780658,0.00254753933664668,0.0278475586183443,-1.35615713136275,5,5,Up
TGFBR3,SMC1,0.992646686455653,8.04321353133544,3.69704867784225,0.00256346414529563,0.0279709632056308,-1.84396315143811,5,5,Up
TACC1,SMC1,-1.17684348021245,8.9578176877595,-3.69556305221885,0.00257084723747691,0.028000888503494,-1.83791305366655,5,5,Down
PTGS2,SMC1,4.78179565912757,4.82726571375755,3.69190413966958,0.00258912310711275,0.028149133023997,-1.37506644778065,5,5,Up
DENND4A,SMC1,0.987512034072996,9.87108486799183,3.68919964846844,0.00260271650039454,0.0281992210955691,-1.86229605839675,5,5,Up
PMF1,SMC1,1.62963689699836,6.26995651466659,3.68912813556081,0.00260307692247796,0.0281992210955691,-1.74848338476672,5,5,Up
VDAC1,SMC1,-1.16147623654004,6.28875635218733,-3.68805968080837,0.00260846792901689,0.0282069811535626,-1.61983544761315,5,5,Down
ADGRB3,SMC1,-1.31311972926398,8.61859986678206,-3.68677139763015,0.00261498318167089,0.0282268488697713,-1.84478155059147,5,5,Down
PTGER4,SMC1,2.43054291743917,5.05453294619572,3.68460829420357,0.00262595985989259,0.0282947174903427,-1.53499408324431,5,5,Up
THBS4,SMC1,3.15966955206966,7.85070977921598,3.68168059095385,0.00264089104973638,0.0283299910874826,-1.85831135328596,5,5,Up
PLD3,SMC1,1.08941041794851,5.47314920648313,3.68036540974433,0.0026476264579349,0.0283299910874826,-1.64638486580542,5,5,Up
FOXC2,SMC1,-2.41642199706924,5.11020390757185,-3.67989322029046,0.00265004892342686,0.0283299910874826,-1.39664860875429,5,5,Down
ZFAND3,SMC1,0.846885006558242,9.59303717680386,3.67851068035866,0.00265715469059483,0.0283299910874826,-1.88501379511009,5,5,Up
PMP22,SMC1,0.781567781316651,7.35468774243564,3.67848769690343,0.00265727298073512,0.0283299910874826,-1.85176785870466,5,5,Up
BMPER,SMC1,4.58063059354858,5.95601589220004,3.67846226655592,0.00265740387065216,0.0283299910874826,-1.48150018197154,5,5,Up
TNRC6A,SMC1,-0.835110221079847,6.38282005087568,-3.67641032542119,0.0026679868025499,0.0283926496765186,-1.70152490252707,5,5,Down
AP001011.1,SMC1,-1.20585899491648,6.43909041254681,-3.67437136196177,0.00267854517831423,0.0284548267710353,-1.70387505860406,5,5,Down
NFKBIA,SMC1,1.55161993719558,8.81496841209949,3.66945554886232,0.00270417547994246,0.0286766166010066,-1.90704646597095,5,5,Up
ST5,SMC1,-0.968227722058215,6.99744238659131,-3.66712729105191,0.00271640138211977,0.0287557297187907,-1.79135243413551,5,5,Down
SEPTIN9,SMC1,-0.941127463389765,7.84907384703002,-3.66362113302443,0.00273491847410816,0.0288936534053106,-1.8671559190432,5,5,Down
SERTAD2,SMC1,0.997214714844072,6.69666855235153,3.66285018204664,0.00273900725022168,0.0288936534053106,-1.83610412937329,5,5,Up
CARMN,SMC1,-3.80471340398964,5.48722777939008,-3.65781046911707,0.00276588883907528,0.0291263058551138,-1.4816053976759,5,5,Down
FBXO32,SMC1,-1.55571214746036,5.37860712794872,-3.65652399973535,0.00277279358751035,0.0291481472248039,-1.53891687098007,5,5,Down
PLOD1,SMC1,1.41295403317991,5.1394246629067,3.65314513824506,0.00279101203296071,0.0292529296707799,-1.63998501886833,5,5,Up
LONRF3,SMC1,1.2363879092337,7.3864849941369,3.6511724838802,0.00280170445762439,0.0292529296707799,-1.90984517788108,5,5,Up
KLHL24,SMC1,-0.971999469039653,6.86714901148276,-3.64994499508992,0.00280837880568884,0.0292529296707799,-1.81118625968055,5,5,Down
AOC3,SMC1,-1.7861975959705,5.82928466332654,-3.6497882273863,0.00280923237503315,0.0292529296707799,-1.59076534611884,5,5,Down
RASA1,SMC1,-1.58367950858632,8.2780999596867,-3.64962569951044,0.00281011758519985,0.0292529296707799,-1.89882813140134,5,5,Down
SEC23IP,SMC1,0.821037042994409,6.43372487231115,3.64930788414049,0.00281184938830831,0.0292529296707799,-1.83309448320444,5,5,Up
ENPP1,SMC1,1.47596400521976,7.999086969912,3.64793365938487,0.00281935012493768,0.0292804796107986,-1.93960995840275,5,5,Up
ANO1,SMC1,-1.8519440094521,6.6068419096022,-3.64601573758503,0.00282985238402987,0.0293390537547015,-1.74773061997614,5,5,Down
LARP6,SMC1,1.20259490616092,5.23286743569484,3.63869555070937,0.00287030267248395,0.0295998240811048,-1.67686843647018,5,5,Up
ISG15,SMC1,-1.21324318954075,5.72394331582447,-3.63814824762626,0.00287335044512122,0.0295998240811048,-1.60387796077041,5,5,Down
PPM1A,SMC1,-1.06510317261738,5.67260392622705,-3.63810688084406,0.00287358093810794,0.0295998240811048,-1.63203397278306,5,5,Down
GASK1B,SMC1,4.32906108234691,5.12603602552611,3.63791925700041,0.00287462660118121,0.0295998240811048,-1.46015768723972,5,5,Up
RNF180,SMC1,-1.23124402587616,6.65524061850994,-3.63194156464786,0.00290814413049978,0.0298553675569615,-1.80755285509634,5,5,Down
SERINC5,SMC1,-1.43787422029728,8.25931685409103,-3.63056627861347,0.00291591139945317,0.0298553675569615,-1.93649828468052,5,5,Down
ITGA1,SMC1,-1.63129632960411,7.34409476735616,-3.63022391429362,0.00291784825398651,0.0298553675569615,-1.8731561096953,5,5,Down
GATA6,SMC1,-2.06292998600452,5.33661836910567,-3.62945658159099,0.00292219401672762,0.0298553675569615,-1.50942359249074,5,5,Down
AR,SMC1,1.67366409642385,5.33209317986854,3.6291057134128,0.00292418333214522,0.0298553675569615,-1.72031702650806,5,5,Up
NOTCH3,SMC1,-1.54573467418869,8.1012356433514,-3.62821373404817,0.00292924676587671,0.0298565455832771,-1.9331920882843,5,5,Down
FILIP1,SMC1,1.07370464911602,8.7033057354829,3.62186116028684,0.00296556591854408,0.0301757584359106,-1.99698435435025,5,5,Up
ATP2B1,SMC1,1.65157393935909,7.67080174828025,3.6188742697869,0.00298280008707947,0.0303000264738005,-1.98618349111376,5,5,Up
TNC,SMC1,1.17589623125152,12.3966013957167,3.61506328499547,0.00300493668011583,0.0304735931559982,-1.98514351658497,5,5,Up
PDPN,SMC1,5.04779605199791,4.59915209226079,3.6118557119776,0.003023697254964,0.0305624452510891,-1.51351489438299,5,5,Up
MT-ND6,SMC1,0.934454720802788,7.13658303142312,3.61183338181352,0.00302382827558837,0.0305624452510891,-1.96819482180427,5,5,Up
SCAPER,SMC1,0.731176061460182,7.03393808869188,3.60938230674535,0.00303824480422665,0.0306568045964943,-1.96222069735332,5,5,Up
SERPINE2,SMC1,3.13689900511554,6.15046708112857,3.60772231278603,0.00304804794874465,0.0307043761648167,-1.83868891544929,5,5,Up
AL392172.1,SMC1,-1.51920547603354,4.81244443276821,-3.60556125363353,0.00306085817798656,0.0307369319497796,-1.53476662611408,5,5,Down
LSP1,SMC1,2.49436204708553,4.64369726993301,3.60545865699742,0.00306146770000291,0.0307369319497796,-1.55217691137693,5,5,Up
ZEB2,SMC1,-0.739642747061732,10.4041870680724,-3.60326081781169,0.00307455453343872,0.0308170466026067,-2.02234050501717,5,5,Down
MTSS1,SMC1,2.92489825886795,5.00211954333658,3.60008656105216,0.00309355544332602,0.0309122594466494,-1.61790312541992,5,5,Up
ITIH5,SMC1,0.869311006093222,8.43908064737844,3.59951731848512,0.00309697545111714,0.0309122594466494,-2.03716919106057,5,5,Up
HPRT1,SMC1,-1.05667483779811,6.36054059851864,-3.59911036640929,0.00309942276520101,0.0309122594466494,-1.83849583192743,5,5,Down
ANXA1,SMC1,1.53077553129431,8.03297791090217,3.59621741583662,0.00311687683499154,0.0309588689906373,-2.03982592157049,5,5,Up
TANK,SMC1,1.78424906214569,6.72228268163217,3.59571797465969,0.00311990017941334,0.0309588689906373,-1.97270828839202,5,5,Up
SEMA6D,SMC1,-2.90516804011694,4.54358547865374,-3.5948773472684,0.0031249955866205,0.0309588689906373,-1.54310541755545,5,5,Down
RFTN2,SMC1,2.07690081152453,4.350566046723,3.5947602372137,0.00312570610993498,0.0309588689906373,-1.56858593712859,5,5,Up
AC006460.2,SMC1,1.45422917895226,5.04581676851153,3.59409426565363,0.00312974976537765,0.0309588689906373,-1.73133463934236,5,5,Up
SYTL4,SMC1,1.58713819157732,5.06005603479351,3.59123639495679,0.00314716245323987,0.0310801607902609,-1.73953741780669,5,5,Up
FEM1C,SMC1,1.56143960615279,6.38609954232497,3.58954820810547,0.00315749444288272,0.0311312442293372,-1.95145622257332,5,5,Up
SCGB2B2,SMC1,1.73272379191791,4.48272628951304,3.58738472892367,0.00317078552812302,0.0312112885427313,-1.6299543667837,5,5,Up
MAP3K2,SMC1,-0.879839263125272,7.11714128883269,-3.58193461570051,0.00320451930179334,0.0314906667887823,-1.97298527753809,5,5,Down
MCAM,SMC1,-1.86161778285378,6.48154982414723,-3.58111790582092,0.0032096055808918,0.0314906667887823,-1.84267748759502,5,5,Down
PTPRS,SMC1,1.14517466610017,6.43265854757036,3.57762345181635,0.00323146067634277,0.0316536261705394,-1.97503017470862,5,5,Up
CYP1B1,SMC1,3.80450715454603,6.33060927134916,3.57476619498896,0.00324944249127818,0.0317781782696476,-1.90227169653341,5,5,Up
ZBTB20,SMC1,0.67945588152883,10.4272951686804,3.57027167820996,0.00327793338233544,0.0319891784525027,-2.08555273667276,5,5,Up
ANTXR2,SMC1,1.80007396317264,7.14232702334113,3.56969282875466,0.00328162105768962,0.0319891784525027,-2.0538230826454,5,5,Up
UBL5,SMC1,-1.68816896742406,5.12459503276546,-3.56213185768124,0.00333017703933991,0.0323641576937534,-1.65903982200648,5,5,Down
NECTIN3,SMC1,0.872302190523669,6.69652505405328,3.56203315267455,0.00333081569900909,0.0323641576937534,-2.02759293627253,5,5,Up
MTURN,SMC1,-1.30775483817176,5.72261292082614,-3.5603407984433,0.00334178518266488,0.0324185398588422,-1.76512131528095,5,5,Down
PRKAA2,SMC1,-2.20248654214794,4.67873979108085,-3.55225284327312,0.0033947164199122,0.032841864878426,-1.60484525839747,5,5,Down
LPP,SMC1,-0.949015663687153,11.0363170201882,-3.55104676157028,0.00340268189981288,0.032841864878426,-2.1186551356636,5,5,Down
ABI3BP,SMC1,4.98504997553446,8.04457287005312,3.5505637444512,0.00340587725018269,0.032841864878426,-2.05850155418116,5,5,Up
LINC01004,SMC1,0.849257435296685,7.1697511339453,3.55036486418282,0.00340719380409259,0.032841864878426,-2.0874100301752,5,5,Up
AGMO,SMC1,1.75491589169268,6.05004802668864,3.54798897257843,0.00342296166369529,0.0329412291526912,-1.98901805307996,5,5,Up
AL021707.1,SMC1,1.08900857083054,5.14542553609646,3.54403711644491,0.00344935220205109,0.0330877266241153,-1.8405977882498,5,5,Up
ENPP2,SMC1,1.84519610452385,4.51884073864141,3.54296090893407,0.00345657470559028,0.0330877266241153,-1.70559154636099,5,5,Up
DGKI,SMC1,1.94555301930162,5.61646066510979,3.54235963479599,0.00346061655412839,0.0330877266241153,-1.93178513687658,5,5,Up
EEFSEC,SMC1,1.11606908122152,4.75854860961908,3.54187296944462,0.003463891485292,0.0330877266241153,-1.76504067070614,5,5,Up
CTTNBP2NL,SMC1,-1.46489011766266,5.03144199484472,-3.54161894768326,0.00346560212569454,0.0330877266241153,-1.68100847549607,5,5,Down
CBL,SMC1,-1.48963685823499,5.65775246965756,-3.53966761870578,0.00347877133243694,0.033134038246184,-1.78765414665864,5,5,Down
CTSC,SMC1,-1.82821696074947,6.14827950772691,-3.5392738058845,0.00348143524164412,0.033134038246184,-1.88057084150284,5,5,Down
CADM1,SMC1,-2.03526719814844,5.91410616263642,-3.53630065372988,0.0035016135154831,0.0332299581648902,-1.8075834822823,5,5,Down
CAMK1D,SMC1,1.34369427210364,7.9411573736586,3.53616633390144,0.00350252790733679,0.0332299581648902,-2.15256966159767,5,5,Up
ANXA2,SMC1,1.06703369517595,8.7791247052237,3.53286801976106,0.00352505730973258,0.0333912022086756,-2.16826099829151,5,5,Up
RFC3,SMC1,1.36418356249867,4.76522094300106,3.53166949694842,0.00353328015342001,0.0334166339274865,-1.78999451735302,5,5,Up
ZNRF3,SMC1,0.839178014711797,5.88873952001088,3.53086131583731,0.00353883587645357,0.0334168007488589,-1.98361974588332,5,5,Up
RARRES2,SMC1,-1.65668455966862,6.17601941173693,-3.52899481666384,0.00355170061909796,0.0334858773994329,-1.91966318869459,5,5,Down
ATP8B4,SMC1,-2.05428844764372,5.77727556908392,-3.52707054017052,0.00356501307506226,0.033524860836843,-1.75313635253106,5,5,Down
COL6A2,SMC1,0.953581373410205,10.2618459460813,3.52604483915565,0.00357212963223454,0.033524860836843,-2.17204792736263,5,5,Up
HIPK2,SMC1,-1.13187476067249,8.61438369914179,-3.52599102547959,0.00357250340041267,0.033524860836843,-2.15637813383704,5,5,Down
UBE2W,SMC1,-1.23098924721291,7.03493752750356,-3.52287550518082,0.00359421006601755,0.0336761856185557,-2.06479849260035,5,5,Down
SRPX,SMC1,3.11222819740315,4.88603007011118,3.51704108031135,0.00363521920332577,0.0339985156426178,-1.71866899419043,5,5,Up
UST,SMC1,1.80527262765729,7.65439126913236,3.51586605414169,0.00364353527452959,0.0339985156426178,-2.18352201896015,5,5,Up
RELL1,SMC1,-0.832549120462625,6.39947127089983,-3.51558667712493,0.00364551534981335,0.0339985156426178,-2.00739264557241,5,5,Down
RASL11A,SMC1,-1.35066976988216,5.37759762712039,-3.51327406559146,0.00366194770547636,0.0340990624303153,-1.77726968257817,5,5,Down
RNF169,SMC1,-0.873178626254721,6.0631574279053,-3.51130534933969,0.00367599544828902,0.0341639041488302,-1.94930450660139,5,5,Down
FOXN3,SMC1,1.06208095619149,7.99396741767249,3.51071269817516,0.00368023495139868,0.0341639041488302,-2.20125596215896,5,5,Up
LUM,SMC1,3.85268207468709,6.51679422355026,3.50750355942005,0.00370327730071018,0.0343250003571202,-2.01446588562441,5,5,Up
SLC7A2,SMC1,-1.52326815506858,7.89343656549918,-3.50373074464844,0.00373055339975569,0.0344299986296498,-2.15618533291698,5,5,Down
PID1,SMC1,5.58469954712711,5.13964350417665,3.50258255389811,0.00373889460800865,0.0344299986296498,-1.68865254393607,5,5,Up
SH3RF3,SMC1,-1.07085661143488,6.27888175929486,-3.50210542001547,0.00374236635738846,0.0344299986296498,-2.01026730664825,5,5,Down
EPB41L2,SMC1,0.821661902169135,9.4075750931795,3.50184571276592,0.00374425742239859,0.0344299986296498,-2.22573743691686,5,5,Up
CORO2B,SMC1,1.96774871208782,4.71046300684193,3.50144122676826,0.00374720461952898,0.0344299986296498,-1.82659320196168,5,5,Up
ALDH1A3,SMC1,4.46753610681662,4.97873884717104,3.50121672461316,0.00374884141526018,0.0344299986296498,-1.69109144647898,5,5,Up
PRICKLE1,SMC1,2.32050263467546,5.45987576684737,3.4994841797599,0.00376149732582124,0.0344639100340971,-1.94863903627254,5,5,Up
RET,SMC1,1.45240845444992,4.5995019863113,3.49914813921666,0.00376395702891448,0.0344639100340971,-1.80924566028624,5,5,Up
RAB27A,SMC1,1.41176346265108,6.3584078326684,3.49229104103504,0.00381450486608842,0.034872987727744,-2.13351235270643,5,5,Up
OAF,SMC1,1.71673855346016,6.24869317280919,3.49138135661463,0.00382126199516702,0.034872987727744,-2.122996497132,5,5,Up
SLC41A2,SMC1,2.8537132216804,6.02387889199497,3.49071050210302,0.00382625283737475,0.034872987727744,-2.04586482678308,5,5,Up
LINC00702,SMC1,-1.57226540746859,5.42999470129263,-3.48874685430842,0.00384089930383618,0.034872987727744,-1.84521619890809,5,5,Down
LINC01290,SMC1,1.29278461775235,5.0654715631765,3.4885323736162,0.00384250249790567,0.034872987727744,-1.92900246161974,5,5,Up
MAML2,SMC1,-0.925752458192426,8.85739600358735,-3.48783518077004,0.00384771852260078,0.034872987727744,-2.23850685906037,5,5,Down
MT-ND2,SMC1,0.829962153134983,11.9691218371249,3.48765200553202,0.00384909012705958,0.034872987727744,-2.23224613298997,5,5,Up
GJA1,SMC1,3.21239979057363,5.21821790013268,3.47422624132551,0.0039509766980791,0.03563625644099,-1.87685898074349,5,5,Up
SHPRH,SMC1,-0.970364946661455,6.43680053484693,-3.47412414894474,0.00395176180166985,0.03563625644099,-2.0793374514607,5,5,Down
GPATCH2L,SMC1,0.922505321383332,6.297402978381,3.4735282010248,0.00395634786014847,0.03563625644099,-2.15479688061949,5,5,Up
MTUS1,SMC1,-0.759432964760737,8.79759799091842,-3.47292555500029,0.00396099092359783,0.03563625644099,-2.26856616923744,5,5,Down
MGLL,SMC1,-1.10449033093649,6.97634143690284,-3.47229724217311,0.00396583758954482,0.03563625644099,-2.15672838330379,5,5,Down
SPARCL1,SMC1,0.882137444403939,9.79309691600263,3.47191733400448,0.00396877101895017,0.03563625644099,-2.2803611815216,5,5,Up
TTLL3,SMC1,1.27770881732798,5.11227741226855,3.46057820342729,0.00405734006042295,0.0363238629128102,-1.99463381196443,5,5,Up
C6orf89,SMC1,1.07369653030885,4.94290436755125,3.46057204120655,0.00405738873106299,0.0363238629128102,-1.95528394668442,5,5,Up
OLFML2B,SMC1,-0.998588365438673,6.27314141741688,-3.45894748324303,0.00407024042404322,0.0363849343980397,-2.1009395374592,5,5,Down
PLCL2,SMC1,1.22385066573264,6.02485899964947,3.45800717514279,0.00407769784257071,0.0363976757131237,-2.1566987635353,5,5,Up
CILP,SMC1,4.11502813787649,6.22003058583281,3.45700793704363,0.00408563772536914,0.0364146795197598,-2.00879965941404,5,5,Up
S1PR3,SMC1,2.07465870010565,4.90336872738742,3.45579105039619,0.00409532808522638,0.0364472118971327,-1.95273343897995,5,5,Up
LAMC1,SMC1,1.49709743668675,9.0892993563538,3.45340772406902,0.00411437427729039,0.0365627899693228,-2.32173864596619,5,5,Up
TJP1,SMC1,-0.750667163865402,8.70021454380466,-3.45105933604737,0.00413322861590244,0.0366763256887579,-2.30898776352373,5,5,Down
FGF7,SMC1,-1.34572843015808,6.58650560707351,-3.44947538036471,0.00414599477623169,0.0367298354859411,-2.1293885759109,5,5,Down
SLC4A7,SMC1,1.71110024717216,9.30096038699513,3.44880210582785,0.00415143317888827,0.0367298354859411,-2.32956025275682,5,5,Up
DCLK1,SMC1,2.32838951837802,8.56943863649484,3.44573993543278,0.00417625885958329,0.0368673955985531,-2.33541300128771,5,5,Up
CLSTN2,SMC1,-1.15756448198816,9.49913915703222,-3.44530971964699,0.00417975868118597,0.0368673955985531,-2.32476917625828,5,5,Down
ZNF462,SMC1,-1.16135569605981,5.81989922931494,-3.44462795687856,0.00418531090238795,0.0368673955985531,-2.02518062360082,5,5,Down
KDM6B,SMC1,1.07077595412656,8.87861843289928,3.44301604058442,0.00419846780321448,0.036929380065009,-2.34109108636273,5,5,Up
CTSK,SMC1,1.90119342740453,4.52390393713085,3.43889684898783,0.00423227945743948,0.0371725971560259,-1.89539818256868,5,5,Up
RGS6,SMC1,-1.71289160749855,10.5568158893447,-3.43444801196026,0.00426910525482681,0.0374415423075945,-2.34500367012129,5,5,Down
LCLAT1,SMC1,-1.17573773500483,5.82278085302081,-3.43205083190462,0.00428908189264538,0.0375484186476813,-2.02759616001161,5,5,Down
HAS2,SMC1,2.54207423959485,7.58334869571137,3.43149384281983,0.00429373696832948,0.0375484186476813,-2.33791265758465,5,5,Up
HRH1,SMC1,4.43010557849827,4.80326047860357,3.42908134717377,0.00431395841245685,0.0376706585539286,-1.81196843006084,5,5,Up
NEURL1B,SMC1,-1.47315048854511,5.8966224728195,-3.42804380658556,0.00432268451447023,0.037692309769239,-2.06419834519718,5,5,Down
ARHGAP44,SMC1,-1.24866449180036,5.88017991504899,-3.42692648179957,0.00433210151710352,0.0377199142196286,-2.05893155285691,5,5,Down
CREBRF,SMC1,-0.875302293682124,7.32736550861936,-3.42596842368618,0.00434019264870701,0.0377359113001414,-2.28895856279241,5,5,Down
PDE5A,SMC1,-0.7944861317738,7.70399610867885,-3.42401392977864,0.00435674625945955,0.0378253337116243,-2.32269274430138,5,5,Down
AC018682.1,SMC1,-1.83013056815065,6.08737728499905,-3.42031151551091,0.00438827843729354,0.0380443564520535,-2.03735842401776,5,5,Down
TMEM100,SMC1,1.87468453231271,4.70352759162809,3.41841256121597,0.00440454024560659,0.0381305535753087,-1.97573538833708,5,5,Up
CCDC146,SMC1,0.937645895930227,5.98921271278256,3.4145109139825,0.00443814292602568,0.0382273802979478,-2.22613043594615,5,5,Up
MARCH3,SMC1,1.34801135299536,8.59281210155259,3.41372270466135,0.00444496260677778,0.0382273802979478,-2.3974009021724,5,5,Up
LDLRAD3,SMC1,-0.868112728961938,7.34607379107258,-3.41352622606775,0.00444666420521318,0.0382273802979478,-2.3166341080838,5,5,Down
SDK1,SMC1,2.523562588252,8.49728628592561,3.4134454463623,0.00444736398628156,0.0382273802979478,-2.39596852563184,5,5,Up
IGF1,SMC1,4.12567542017137,5.18911846903053,3.4134411102159,0.00444740155272777,0.0382273802979478,-1.848870570579,5,5,Up
DGKD,SMC1,-1.06536959266004,7.30387478790293,-3.41232927935517,0.00445704451298345,0.0382557704002022,-2.30616655981187,5,5,Down
CLIP2,SMC1,-1.07283610843681,6.23900758677659,-3.41038105548204,0.0044739923384502,0.0382849626772442,-2.16923447578529,5,5,Down
ADIRF,SMC1,-1.43557063543189,7.24405964085606,-3.41017434580344,0.00447579433289724,0.0382849626772442,-2.27827628771382,5,5,Down
KITLG,SMC1,1.96882794932724,6.42194277210403,3.40975179256031,0.0044794802204399,0.0382849626772442,-2.29692425576407,5,5,Up
DSCAML1,SMC1,1.51363146971442,5.26145862816689,3.40731873081782,0.00450076309651742,0.0383951911197827,-2.12453794653954,5,5,Up
TENM4,SMC1,4.29935132774492,4.39242983014878,3.40647837574497,0.00450813761540298,0.0383951911197827,-1.8507249536685,5,5,Up
SCN7A,SMC1,2.53813380628234,5.92264085768639,3.40609945865105,0.00451146677227808,0.0383951911197827,-2.20590262358027,5,5,Up
ARHGAP29,SMC1,-1.12137522913422,7.03036259612056,-3.40351884808835,0.0045342058731483,0.0385343637163054,-2.29859454314284,5,5,Down
PLK3,SMC1,1.3156540404739,4.93774965669468,3.40194137254415,0.00454816260737242,0.03855168709087,-2.06251022628393,5,5,Up
DCUN1D4,SMC1,-0.811844845062841,6.47296686036749,-3.40184435201782,0.00454902240780568,0.03855168709087,-2.22671089225739,5,5,Down
HMCN2,SMC1,3.75792727440007,6.15923202289677,3.40024205543564,0.00456324571868132,0.0386179869095696,-2.20449008665661,5,5,Up
B3GALNT2,SMC1,-1.26628054335652,6.86921758823662,-3.39855818127744,0.00457824141699293,0.0386406323514671,-2.27319539031677,5,5,Down
PGM2L1,SMC1,-1.44214127139491,5.14251563020146,-3.39850349857378,0.00457872922295309,0.0386406323514671,-1.95792964574061,5,5,Down
SORBS3,SMC1,-1.33460103448382,5.97878354559493,-3.39747815002705,0.00458788570339744,0.0386638300758382,-2.11472449115506,5,5,Down
NPNT,SMC1,-2.95819971396784,4.35747223261076,-3.39636806398372,0.00459781967509289,0.0386935061638919,-1.86833345280493,5,5,Down
BCAR3,SMC1,-2.73078429510947,4.43952309749399,-3.39527183518605,0.00460765088227157,0.0387222359660539,-1.86723081313894,5,5,Down
AC099489.1,SMC1,2.22542753181783,5.9768826380831,3.39410018218595,0.00461818189698472,0.0387567587849872,-2.26843432962322,5,5,Up
TPM4,SMC1,-0.935686357093143,7.34546275020939,-3.39266929191251,0.00463107583562452,0.0387787830730327,-2.35520627987806,5,5,Down
DLGAP1,SMC1,2.11442629401958,6.29665605332615,3.39238303328365,0.00463365969434149,0.0387787830730327,-2.31295449457013,5,5,Up
PRH1,SMC1,1.06996353283586,5.61861770479555,3.38737985894881,0.00467905482984837,0.0391044554616414,-2.22516302310045,5,5,Up
SPDYA,SMC1,0.976531549993718,5.39459668841219,3.38514892991136,0.00469944061790638,0.0391945572831533,-2.18527395964489,5,5,Up
BNC2,SMC1,4.22970585700123,5.98551613147362,3.38384081223005,0.00471143546635867,0.0391945572831533,-2.06838242673845,5,5,Up
SLC43A3,SMC1,1.51255887811777,5.81753467003324,3.38378101796442,0.00471198448819173,0.0391945572831533,-2.26748640951861,5,5,Up
TSPAN4,SMC1,1.37342150426481,4.83039584514351,3.38336365325505,0.00471581845998829,0.0391945572831533,-2.07814027965855,5,5,Up
VPS13C,SMC1,0.691528538632367,7.34553914258595,3.38062931024934,0.004741014260169,0.0393497662253916,-2.42069586953266,5,5,Up
SFXN5,SMC1,1.87753580924821,6.24231860448252,3.37880818335981,0.00475787023814747,0.0394354244738761,-2.33560754002464,5,5,Up
EPN2,SMC1,-1.11255690869225,7.49298308743254,-3.3776419245066,0.00476869653633193,0.0394561538992965,-2.38424229435007,5,5,Down
ITGA5,SMC1,1.33170326280273,5.42123507113259,3.37713078865757,0.00477344917906637,0.0394561538992965,-2.21381575351818,5,5,Up
ECRG4,SMC1,-2.42395554153953,7.34211037129481,-3.37531882746244,0.00479033555974298,0.0395415660293969,-2.30017221942325,5,5,Down
KCNT2,SMC1,3.74925492730499,5.24025861046029,3.36751113041366,0.00486378832898116,0.040093031116219,-2.06347121026189,5,5,Up
DPYSL3,SMC1,2.53515205375893,5.25600783863086,3.36624639423394,0.00487579275399187,0.0401371534482768,-2.14613730882843,5,5,Up
PLXDC1,SMC1,1.96314164323825,5.3865873071752,3.36437777062373,0.00489358359633207,0.0402287240058144,-2.22039068632052,5,5,Up
EPB41L3,SMC1,5.94117214114606,4.28528311099281,3.36005669287562,0.00493497414058191,0.0405137877064915,-1.93174287794229,5,5,Up
DUSP22,SMC1,1.22985783809535,5.54966882113058,3.35724715753605,0.00496207457167635,0.0406786270042645,-2.26780800806257,5,5,Up
VIM,SMC1,0.95286596226692,10.4748430856929,3.35593165564924,0.00497481509977819,0.0406786270042645,-2.49650467725686,5,5,Up
GBP2,SMC1,1.51350784216741,5.95099039522917,3.35457709342932,0.00498796827612067,0.0406786270042645,-2.34456985893771,5,5,Up
NFIX,SMC1,1.04405342238683,6.17027160812116,3.35449230939517,0.0049887927138365,0.0406786270042645,-2.36879807029111,5,5,Up
APP,SMC1,0.761284456170211,9.26632156337766,3.35385128844093,0.0049950304175147,0.0406786270042645,-2.51042407252633,5,5,Up
GOLIM4,SMC1,1.02337314016226,6.94523323942997,3.35380279844023,0.00499550258703348,0.0406786270042645,-2.45059969749198,5,5,Up
TBC1D1,SMC1,-1.84713570464644,8.0846995303691,-3.3464316691418,0.00506780272870311,0.0412094500836119,-2.45704197875182,5,5,Down
MUSTN1,SMC1,-2.15132221410562,5.40454828629891,-3.34576949642734,0.00507434892478018,0.0412094500836119,-2.04117502677555,5,5,Down
BBX,SMC1,-0.820998511057521,8.20197016900905,-3.34377682804154,0.00509409959954604,0.0413142432576086,-2.49949085068329,5,5,Down
F3,SMC1,2.44664615383657,5.08412936329921,3.34232047212695,0.00510858334544993,0.041376096518718,-2.15979684892187,5,5,Up
METTL8,SMC1,0.885054316285283,5.54219127990984,3.33930286828276,0.00513872578436944,0.0415483771350121,-2.28579831549525,5,5,Up
CNR1,SMC1,-2.12080280263418,5.16822796503804,-3.33881400682311,0.00514362574077793,0.0415483771350121,-2.00881670462982,5,5,Down
ADAMTS3,SMC1,3.10437075927323,6.62885182120664,3.33596772453036,0.00517224793173929,0.0417237219520253,-2.42272508953049,5,5,Up
HIF1A,SMC1,-1.24316923580506,7.90591440111149,-3.3338283548477,0.00519386665532888,0.0418421781018084,-2.49580707532546,5,5,Down
TBC1D8,SMC1,0.879542434661124,6.30285549165152,3.33176593173562,0.00521479371197084,0.0419164762048147,-2.42391347123244,5,5,Up
MINDY2,SMC1,-0.988060144815866,6.19435985402624,-3.33155068048575,0.00521698270298571,0.0419164762048147,-2.32054037553422,5,5,Down
GGT5,SMC1,-1.29321614372683,6.99946232688483,-3.33061824791875,0.00522647570639093,0.0419369074632485,-2.42785332293623,5,5,Down
SLC9A1,SMC1,0.996233581832904,5.9602138807865,3.32955263356445,0.00523734585748255,0.0419683199256968,-2.38533598865538,5,5,Up
PRKCA,SMC1,-0.862220176782966,8.32672281801106,-3.32816885285878,0.00525149545085603,0.0420258933030043,-2.53291540178678,5,5,Down
KAT6B,SMC1,-0.724247330549161,7.32447735760225,-3.32712663313687,0.00526217780707705,0.0420556038250369,-2.48605373628619,5,5,Down
MT1E,SMC1,-1.98626274662537,5.88939234033045,-3.32422828801187,0.00529199956033808,0.0422379964908465,-2.18859785212565,5,5,Down
RTRAF,SMC1,-0.961236421612472,5.21551586919977,-3.32327022039697,0.00530189460300262,0.0422545138681811,-2.12755507382199,5,5,Down
PIGL,SMC1,1.07494004880302,5.53225296693651,3.32267277466356,0.0053080744965332,0.0422545138681811,-2.32696139876056,5,5,Up
RNF146,SMC1,2.06294842500036,4.75327427309912,3.32143825070896,0.00532086715055997,0.0423005433286941,-2.17004589807251,5,5,Up
CYB5D1,SMC1,3.14019100743801,5.22299598954667,3.31791254535471,0.00535757261565178,0.0425088383318679,-2.19142139806901,5,5,Up
LINC00989,SMC1,-2.86110655134079,5.3717833761481,-3.31756947768391,0.00536115776774138,0.0425088383318679,-2.06766587133093,5,5,Down
WWTR1,SMC1,1.39810346803305,7.93963114113382,3.31456912931724,0.00539261501270848,0.0426788083056279,-2.57788583677047,5,5,Up
JDP2,SMC1,1.33020412729783,5.27130427333383,3.31417697198022,0.0053967402613845,0.0426788083056279,-2.30068075387935,5,5,Up
NTN4,SMC1,1.61622664960801,7.49823443753071,3.30816827943364,0.00546034530962624,0.043125292667912,-2.57521766976175,5,5,Up
ETS1,SMC1,1.14602287623087,8.13699553171133,3.30233444094567,0.00552281889054057,0.0435616852098324,-2.60477793880188,5,5,Up
FABP5,SMC1,-1.27960624920587,5.9134616654254,-3.30071526327336,0.00554028514696147,0.0436424028417304,-2.31088628239987,5,5,Down
GLUD1,SMC1,-0.697262147413724,6.57439407932434,-3.29907254319031,0.00555806197147325,0.0437253532410295,-2.45402314092182,5,5,Down
C9,SMC1,1.63369671465396,5.48051795041125,3.2967783934872,0.00558298405767457,0.0438642263073025,-2.3771653796837,5,5,Up
GPC3,SMC1,-3.05361756228702,4.74907195160955,-3.29589564020483,0.00559260351819036,0.0438826653169839,-2.032994541616,5,5,Down
EFHD1,SMC1,-1.10033729673109,6.88279413001997,-3.29092816059233,0.00564704540422635,0.044202808127295,-2.4897951442065,5,5,Down
PDE1A,SMC1,-0.889917590777725,7.24346444050996,-3.29083647746582,0.00564805519823408,0.044202808127295,-2.54186245003434,5,5,Down
NES,SMC1,-1.52259947789548,5.38785496987555,-3.29009175390617,0.00565626426151807,0.0442097131528498,-2.22233366471542,5,5,Down
HSD17B11,SMC1,1.17177130232602,4.63131497684188,3.28876616614601,0.00567090577642971,0.044266811714071,-2.20431642812408,5,5,Up
ID4,SMC1,-1.39366376018622,7.84243882367658,-3.28657129430242,0.00569523237696535,0.0443992663599598,-2.57876043373945,5,5,Down
TSHZ3,SMC1,0.790292631256511,6.49798991194255,3.28166044930204,0.00575004064545138,0.0447687035543918,-2.54198566762522,5,5,Up
AC016831.5,SMC1,0.934128393724707,6.10893405748287,3.27721539240113,0.00580010605905575,0.0451003092272454,-2.50110736393348,5,5,Up
CALCRL,SMC1,2.3410401459705,6.65174259228702,3.27227902593714,0.00585621722928461,0.0454780112760661,-2.57601848751786,5,5,Up
KLF9,SMC1,-0.82292533463302,9.06083158308672,-3.26769408891769,0.00590882076456291,0.0458275379092193,-2.66482601009132,5,5,Down
EIF3J-DT,SMC1,1.06034666363681,4.65713778565117,3.26616546119404,0.00592646389470019,0.0459053698852644,-2.24904413800712,5,5,Up
ADGRD1,SMC1,4.40083540757759,4.73940249081625,3.263978370795,0.0059517986682402,0.0460425040566171,-2.09344224471025,5,5,Up
FGF10,SMC1,2.84892841866619,3.78417153556469,3.26233120756088,0.00597095062662675,0.0461315186697386,-2.09794984846478,5,5,Up
TMEM108,SMC1,1.6415537781421,4.8456707331918,3.25895098486748,0.00601044677841099,0.0463772837096316,-2.30818028825922,5,5,Up
ZC3H12C,SMC1,1.93958122126619,5.00767413049707,3.25335760506287,0.00607637794273028,0.0468102701544548,-2.35024935127587,5,5,Up
ANKRD29,SMC1,-2.01992351062123,4.54797425103387,-3.25287698400881,0.00608207686461593,0.0468102701544548,-2.10925292625013,5,5,Down
COX7B,SMC1,-1.46672244661809,5.41573176360785,-3.25146856124051,0.00609880794668716,0.0468792447774654,-2.23823513559991,5,5,Down
SMCHD1,SMC1,-0.739770774722923,8.47382301731055,-3.24996107345097,0.00611676690397299,0.0469118481756219,-2.68942002197893,5,5,Down
CNN1,SMC1,-3.21465403891757,4.48160177353268,-3.24980756082299,0.00611859869310812,0.0469118481756219,-2.10843315215668,5,5,Down
ICAM1,SMC1,3.50814269715842,5.80007358731952,3.2474299780789,0.00614703940446501,0.0470700961504338,-2.43869706957567,5,5,Up
INO80D,SMC1,0.834170784494965,7.75616780965707,3.24582638443356,0.00616629631698418,0.0471577084622085,-2.69947209128021,5,5,Up
MICAL3,SMC1,-1.09502250220001,6.49429619060558,-3.24469874992552,0.00617987377187525,0.0472017194170826,-2.52109276478672,5,5,Down
PRKRA,SMC1,-2.00852268501029,4.71861169516358,-3.24328400330438,0.00619695056782022,0.0472723131810711,-2.1735871447526,5,5,Down
TTC28,SMC1,0.57694878960974,8.57545939847828,3.234560610414,0.00630329506212843,0.0480228313192967,-2.73665823656459,5,5,Up
OS9,SMC1,1.07773802975872,5.41141287386812,3.22791952362609,0.00638547710482883,0.0485876025857972,-2.48695797731563,5,5,Up
COL6A3,SMC1,1.97399656499779,9.39012844946668,3.22427142157948,0.00643107674612025,0.0488729434333622,-2.7592853358801,5,5,Up
PXDN,SMC1,1.30963682173458,6.38277955696325,3.22343261551427,0.00644160740759511,0.0488913950911055,-2.64669684038845,5,5,Up
WNT9A,SMC1,2.937893519121,5.3629789912256,3.22152207304908,0.00646565742672763,0.0490019239457312,-2.38173421907204,5,5,Up
MT-CYB,SMC1,0.81345057797519,12.779930875479,3.22060034592431,0.00647729226650919,0.0490019239457312,-2.73900638598422,5,5,Up
ATP10A,SMC1,-0.7153536109124,7.50192031364001,-3.21993353989654,0.00648572231864426,0.0490019239457312,-2.70315505834085,5,5,Down
MAP4K5,SMC1,0.980885873014173,8.37125409232062,3.21970186396215,0.00648865383371548,0.0490019239457312,-2.76567848321465,5,5,Up
NR2F2-AS1,SMC1,-1.54713769933685,8.2287359393541,-3.21157153627779,0.00659237431945519,0.0496923287602801,-2.73507155666679,5,5,Down
ARHGAP6,SMC1,-0.634469538529563,9.63493998289505,-3.21090088061789,0.006601003662609,0.0496923287602801,-2.7773863617385,5,5,Down
AL359232.1,SMC1,1.70564356772982,5.00204605570126,3.21060760046809,0.00660478085279162,0.0496923287602801,-2.43686244583482,5,5,Up
SGIP1,SMC2,1.77734588708853,9.33741147312732,7.62781933222158,9.78837804362067e-07,0.00759578136184964,5.91175658815159,5,5,Up
OPCML,SMC2,2.51444807262306,6.19523933128007,6.73169500522801,4.64867394773889e-06,0.0123381668303741,4.35108279878924,5,5,Up
PRG4,SMC2,7.53354677175508,2.72040952945557,6.684630338558,5.06023167519903e-06,0.0123381668303741,3.480707373619,5,5,Up
RGS5,SMC2,2.13691041971171,8.81655213370607,6.47566470366452,7.40176993927886e-06,0.0123381668303741,3.9874301799297,5,5,Up
MT1E,SMC2,-2.37081622766138,6.44862683139151,-6.43677705929832,7.94984976183895e-06,0.0123381668303741,3.67863245147815,5,5,Down
PTN,SMC2,-1.8106550011651,7.10116498078629,-5.89412887075956,2.20098331606272e-05,0.0256324140700594,2.89474492477744,5,5,Down
C1R,SMC2,2.8559739111196,3.69039888403621,5.86838756274277,2.31220230013422e-05,0.0256324140700594,2.48204696094683,5,5,Up
GSE1,SMC2,2.23304895426009,4.03828071003913,5.68002409871176,3.32546303405359e-05,0.0322569914303198,2.27079386217106,5,5,Up
ANTXR2,SMC2,1.93350996349757,5.18082549175489,5.53490332464694,4.41392333611925e-05,0.0365528888153573,2.22276281325367,5,5,Up
P3H2,SMC2,-2.74519712289335,4.38800710687847,-5.50177811207879,4.71042381641202e-05,0.0365528888153573,1.96486007436943,5,5,Down
PLN,SMC2,-1.30754560204736,7.98843056562713,-5.39043209253957,5.86695616550188e-05,0.0413887089493587,2.02477038749298,5,5,Down
FN1,SMC2,2.15118334375845,6.73738421179017,5.30513824116604,6.94883331833186e-05,0.0449357887918794,1.86565752204814,5,5,Up
RORB,SMC2,4.28788864373514,3.79263225936918,5.25763277854533,7.63865482190835e-05,0.0455968933984683,1.54702707050868,5,5,Up
