Table S2 Pseudobulk differential expression results across all cell types,,,,,,,,,,
gene,celltype,avg_log2FC,AveExpr,t,p_val,p_val_adj,B,n_Young,n_Aged,direction
AL121985.1,EC1,3.288302997,3.407736122,7.443611462,4.33E-06,0.036953073,3.925020231,5,5,Up
AL136962.1,EC1,3.321291123,3.680670171,7.043012779,7.85E-06,0.036953073,3.560642938,5,5,Up
NLGN4X,EC1,3.302088781,2.555608137,6.960560791,8.90E-06,0.036953073,2.893888202,5,5,Up
DEPDC1B,EC2,2.234056699,3.791792149,7.24624032,5.14E-06,0.045289887,2.532104535,5,5,Up
XKR6,FAP1,-3.513470808,3.776301843,-13.69674316,6.25E-09,9.71E-05,10.282307,5,5,Down
MECOM,FAP1,8.707936545,1.181060825,11.70765968,3.94E-08,0.000305553,6.698475317,5,5,Up
SHOX,FAP1,-4.354772473,4.141454826,-9.884426031,2.72E-07,0.001009712,7.14749376,5,5,Down
LFNG,FAP1,-2.807049817,2.954111277,-9.782606188,3.06E-07,0.001009712,6.923713902,5,5,Down
EPHA6,FAP1,3.181849221,4.710340676,9.72966758,3.25E-07,0.001009712,7.051314028,5,5,Up
SLPI,FAP1,4.123810878,2.84266347,8.648531502,1.20E-06,0.003093483,5.466851722,5,5,Up
HAND2-AS1,FAP1,-3.898289944,2.950194224,-8.172980768,2.20E-06,0.004671721,5.119004877,5,5,Down
TLL2,FAP1,-1.808834681,5.514544962,-8.066241939,2.54E-06,0.004671721,5.156377308,5,5,Down
AP001924.1,FAP1,-4.775928154,-0.491343458,-8.016663994,2.71E-06,0.004671721,3.905230211,5,5,Down
AF121898.1,FAP1,-6.159818046,3.835102585,-7.759676303,3.83E-06,0.005940266,4.609533447,5,5,Down
MYO1D,FAP1,-1.387795301,6.849916162,-7.401222696,6.28E-06,0.008861374,4.271194831,5,5,Down
CLEC11A,FAP1,-2.976593876,3.495965766,-7.148915149,8.98E-06,0.011621292,3.920565252,5,5,Down
ID4,FAP1,-1.519944325,4.868361216,-7.03114354,1.06E-05,0.012714511,3.758740866,5,5,Down
AC004917.1,FAP1,2.050470243,3.253352056,6.878164517,1.33E-05,0.014762203,3.541905903,5,5,Up
MCOLN3,FAP1,-1.761951406,3.914284004,-6.789063976,1.52E-05,0.014847349,3.424511827,5,5,Down
COLEC12,FAP1,-1.342020446,8.782418984,-6.769463476,1.56E-05,0.014847349,3.386208016,5,5,Down
PTGFR,FAP1,2.284790924,5.679764605,6.691024149,1.76E-05,0.014847349,3.266771822,5,5,Up
NR1D2,FAP1,-2.030150749,6.536616056,-6.662933984,1.83E-05,0.014847349,3.216361207,5,5,Down
ZNF608,FAP1,4.493842421,0.064100896,6.632902306,1.92E-05,0.014847349,2.604093267,5,5,Up
AC011511.5,FAP1,3.029485374,1.29003505,6.620771232,1.95E-05,0.014847349,2.901499974,5,5,Up
EFNA5,FAP1,2.046617957,6.575052148,6.601960496,2.01E-05,0.014847349,3.130096956,5,5,Up
NR1D1,FAP1,-2.985276344,3.450607365,-6.472514552,2.44E-05,0.017245233,2.969572864,5,5,Down
ROBO2,FAP1,-2.054358375,8.119101948,-6.423127858,2.64E-05,0.017788463,2.866542988,5,5,Down
OPA3,FAP1,1.333081738,4.605366966,6.341161214,2.99E-05,0.018636889,2.752847294,5,5,Up
PPP1R14A,FAP1,-2.079080103,1.6950001,-6.337597417,3.01E-05,0.018636889,2.70123631,5,5,Down
EYA1,FAP1,2.823197945,2.087360848,6.289031714,3.24E-05,0.018636889,2.613759146,5,5,Up
AC025470.2,FAP1,-3.028556019,2.020584509,-6.288806181,3.24E-05,0.018636889,2.644663099,5,5,Down
AC023355.1,FAP1,2.098921895,3.892055413,6.264492329,3.37E-05,0.018662148,2.656139889,5,5,Up
GNG2,FAP1,-1.206474317,5.476651204,-6.232991319,3.53E-05,0.01888968,2.566133205,5,5,Down
LRATD1,FAP1,-3.91396116,0.922843809,-6.212388445,3.65E-05,0.01888968,2.303655882,5,5,Down
ERI2,FAP1,2.011482798,7.697655804,6.153681895,4.00E-05,0.020038681,2.453590249,5,5,Up
DBP,FAP1,-2.670731702,3.392147214,-6.07367662,4.54E-05,0.021992081,2.375774851,5,5,Down
ICAM5,FAP1,3.061398636,0.337328721,6.05494401,4.67E-05,0.021992081,1.98144271,5,5,Up
SOX6,FAP1,-1.851453758,5.547486909,-6.004570918,5.06E-05,0.023117717,2.211644819,5,5,Down
SORBS2,FAP1,5.929228967,1.057651612,5.962111728,5.42E-05,0.023117717,1.857486171,5,5,Up
RBFOX1,FAP1,-6.026024137,0.282715812,-5.954046084,5.49E-05,0.023117717,1.82394369,5,5,Down
EPHA7,FAP1,2.885332678,6.201920991,5.950481386,5.52E-05,0.023117717,2.138408923,5,5,Up
AP001977.1,FAP1,-1.920415213,1.604990796,-5.93485687,5.66E-05,0.023117717,2.124466295,5,5,Down
ACOT12,FAP1,1.476902452,3.9946337,5.886876542,6.11E-05,0.024324828,2.065778574,5,5,Up
SLC6A20,FAP1,-1.87489241,3.873839358,-5.722617025,7.97E-05,0.030932065,1.808034388,5,5,Down
AC096531.2,FAP1,2.486351219,2.318149069,5.698299135,8.29E-05,0.031288671,1.791537063,5,5,Up
PER3,FAP1,-1.203208284,7.469809458,-5.673928815,8.63E-05,0.031288671,1.682215399,5,5,Down
TMEM150C,FAP1,1.029603847,4.133895561,5.659115868,8.84E-05,0.031288671,1.695308162,5,5,Up
RGCC,FAP1,-1.848830253,5.521412082,-5.657237254,8.87E-05,0.031288671,1.654104603,5,5,Down
MYH11,FAP1,4.954236918,0.69531638,5.612783887,9.54E-05,0.032036113,1.394854986,5,5,Up
CP,FAP1,2.51720879,2.427999198,5.604330126,9.67E-05,0.032036113,1.656761333,5,5,Up
GSTT2B,FAP1,-2.127654393,1.054236331,-5.602674729,9.70E-05,0.032036113,1.57621802,5,5,Down
TANC1,FAP1,5.504215301,1.619589574,5.524057373,0.000110426,0.035715902,1.344280831,5,5,Up
AL355838.1,FAP1,3.560294263,0.411994483,5.460603831,0.000122698,0.038875337,1.19713378,5,5,Up
NRK,FAP1,-2.648639301,4.3413361,-5.412723554,0.000132903,0.039832601,1.294249696,5,5,Down
SCN9A,FAP1,-2.780769942,3.979804458,-5.40638077,0.00013432,0.039832601,1.301775027,5,5,Down
AL033523.1,FAP1,1.711868713,5.486980226,5.402371544,0.000135224,0.039832601,1.242559378,5,5,Up
AC104758.5,FAP1,2.237880245,0.538039914,5.388498001,0.000138402,0.039832601,1.170841952,5,5,Up
PER1,FAP1,-1.644824698,5.643600532,-5.387869117,0.000138548,0.039832601,1.206430755,5,5,Down
GRM7,FAP1,-2.480693877,5.910044056,-5.361320119,0.000144857,0.040889176,1.165457902,5,5,Down
STEAP2-AS1,FAP1,1.949385704,2.303130308,5.338933315,0.000150411,0.041194608,1.246887149,5,5,Up
HAND2,FAP1,-2.947943692,1.039612996,-5.301840101,0.000160111,0.041194608,1.113936088,5,5,Down
MPPED2,FAP1,1.393922812,3.41946366,5.30017789,0.00016056,0.041194608,1.146162961,5,5,Up
PLA2G2A,FAP1,3.934834118,3.752066283,5.298347236,0.000161057,0.041194608,1.177113077,5,5,Up
L3MBTL4,FAP1,6.184407902,1.590414416,5.291525811,0.000162923,0.041194608,0.993949612,5,5,Up
ITM2C,FAP1,-1.248633129,4.735432926,-5.281269818,0.00016577,0.041194608,1.045724417,5,5,Down
SUSD4,FAP1,-2.050997944,3.28275804,-5.275426448,0.000167416,0.041194608,1.112814974,5,5,Down
PPDPF,FAP1,-1.380412258,3.842307434,-5.267242857,0.00016975,0.041194608,1.062505733,5,5,Down
ARL4C,FAP1,1.671305082,3.057402074,5.265259446,0.00017032,0.041194608,1.107315936,5,5,Up
CGNL1,FAP1,1.223237218,4.927955943,5.257839663,0.000172473,0.041194608,1.00824179,5,5,Up
AC009262.1,FAP1,1.895467347,4.425732545,5.243799265,0.000176626,0.041547204,1.008115248,5,5,Up
OAS3,FAP1,3.604538434,0.014496912,5.206872391,0.000188055,0.042555362,0.810234119,5,5,Up
THEGL,FAP1,1.880756026,1.4126053,5.202231394,0.000189545,0.042555362,1.004095647,5,5,Up
ANK3,FAP1,-4.537722815,0.137309677,-5.190674115,0.00019331,0.042555362,0.815720098,5,5,Down
ELMOD1,FAP1,-2.517896887,1.776945268,-5.184289704,0.000195424,0.042555362,0.998767798,5,5,Down
PRDM16,FAP1,3.459752502,-0.147085463,5.178614599,0.000197323,0.042555362,0.76104327,5,5,Up
AL445250.1,FAP1,-1.571417366,7.928580371,-5.175022082,0.000198535,0.042555362,0.859343021,5,5,Down
PTGDR2,FAP1,-2.736021215,1.609839704,-5.168855405,0.000200634,0.042555362,0.966833125,5,5,Down
PDLIM3,FAP1,-6.332546581,0.490211827,-5.16042578,0.00020354,0.042555362,0.786928815,5,5,Down
TMEM255A,FAP1,2.333117404,2.058411286,5.15458099,0.000205581,0.042555362,0.952790238,5,5,Up
DKK3,FAP1,-1.79375164,3.646300933,-5.142843047,0.000209746,0.04284611,0.867746666,5,5,Down
APCDD1L-DT,FAP1,-1.557043493,5.463694491,-5.126696764,0.000215619,0.043473844,0.767625986,5,5,Down
EPHA2,FAP1,2.207832966,1.277584372,5.099484357,0.00022591,0.044964854,0.829738338,5,5,Up
ICAM4,FAP1,4.396297415,2.198817805,5.067702244,0.000238584,0.045974917,0.792837877,5,5,Up
LMO3,FAP1,2.334281246,2.574720178,5.063353479,0.000240375,0.045974917,0.802865278,5,5,Up
PLPPR5,FAP1,-1.747542168,2.754261291,-5.061745448,0.000241041,0.045974917,0.778366332,5,5,Down
CRISPLD1,FAP1,-2.110241073,3.202709325,-5.053481444,0.000244493,0.045974917,0.746247174,5,5,Down
TBX18,FAP1,1.258342649,6.170196987,5.050405262,0.000245792,0.045974917,0.633390943,5,5,Up
CAMKK1,FAP1,-1.842170703,3.240357887,-5.043272726,0.00024883,0.045989124,0.723444058,5,5,Down
PBK,FAP1,1.678006247,3.778030187,5.029256154,0.000254916,0.04610437,0.677130956,5,5,Up
SLC2A13,FAP1,-1.099276228,8.312786408,-5.028171514,0.000255393,0.04610437,0.615792767,5,5,Down
AL513166.1,FAP1,1.054945178,5.934529494,5.014821854,0.000261345,0.046108067,0.572610396,5,5,Up
PDZRN4,FAP1,2.260555638,7.416096191,5.014804373,0.000261353,0.046108067,0.586588718,5,5,Up
CNTN3,FAP1,2.594228865,2.336486165,5.008023965,0.000264432,0.046127052,0.719082255,5,5,Up
RSPO3,FAP1,1.714421083,3.491781051,4.997411117,0.000269327,0.046458965,0.643305189,5,5,Up
LGI4,FAP1,1.613359515,2.789806468,4.990458579,0.000272586,0.046504291,0.674143026,5,5,Up
CNTFR,FAP1,2.472894704,2.627613716,4.943564395,0.000295666,0.049893606,0.609644611,5,5,Up
LYRM1,FAP1,1.25858735,5.43548211,4.936582662,0.000299273,0.049959267,0.447417982,5,5,Up
PER1,FAP2,-1.909434013,5.922409512,-6.960775523,1.24E-05,0.04749785,3.490911291,5,5,Down
ZBTB7C,FAP2,1.90279982,5.014936915,6.761403005,1.66E-05,0.04749785,2.807583882,5,5,Up
AL445250.1,FAP2,-2.369441953,5.90963995,-6.653287374,1.95E-05,0.04749785,3.08302435,5,5,Down
SHOX,FAP3,-3.35452081,4.873852589,-8.234720366,7.09E-07,0.003627746,5.623886898,5,5,Down
RNF150,FAP3,-3.395111075,4.300631894,-7.931634524,1.12E-06,0.003627746,4.926732829,5,5,Down
AC004160.1,FAP3,2.751964721,5.52110722,7.514961426,2.13E-06,0.004604714,5.068734435,5,5,Up
MAP3K5,FAP3,-1.761254974,6.119726045,-7.302727589,2.98E-06,0.004835337,4.857858449,5,5,Down
HPSE2,FAP3,3.186441868,5.865187896,6.92663931,5.49E-06,0.006797557,4.259283026,5,5,Up
KAZN,FAP3,2.120801196,8.825319774,6.734217989,7.55E-06,0.006797557,4.014516986,5,5,Up
DKK2,FAP3,3.824219934,3.950988829,6.678711361,8.29E-06,0.006797557,2.822589661,5,5,Up
NR1D2,FAP3,-2.00907162,6.431609571,-6.673000389,8.37E-06,0.006797557,3.905797283,5,5,Down
LUCAT1,FAP3,2.94710383,6.189964611,6.419491398,1.29E-05,0.009163983,3.483541459,5,5,Up
LRP1B,FAP3,3.828294552,7.677488463,6.366943179,1.41E-05,0.009163983,3.415889488,5,5,Up
EPHA6,FAP3,4.151485857,5.086450638,6.153902002,2.04E-05,0.011287153,2.79935147,5,5,Up
PLCB4,FAP3,-3.574266275,4.281164943,-6.142611527,2.09E-05,0.011287153,2.839230303,5,5,Down
AMPD3,FAP3,3.626365929,5.216808276,5.956720165,2.90E-05,0.013711086,2.628595355,5,5,Up
AC109927.1,FAP3,1.915571156,5.354029117,5.945692538,2.95E-05,0.013711086,2.695452097,5,5,Up
PLA2G2A,FAP3,2.630394418,7.110896206,5.881787735,3.31E-05,0.014346681,2.603518653,5,5,Up
COTL1,FAP3,1.531677574,5.417441345,5.632527609,5.20E-05,0.02104601,2.172877735,5,5,Up
ERI2,FAP3,2.33534734,7.339273401,5.601282805,5.51E-05,0.02104601,2.10765146,5,5,Up
IGFBP3,FAP3,-1.273946951,6.256763577,-5.553404635,6.01E-05,0.021701684,2.034682784,5,5,Down
ADM,FAP3,1.553186378,5.806982589,5.504338497,6.58E-05,0.022503243,1.955862629,5,5,Up
ISM1,FAP3,2.174807076,5.652132639,5.424433246,7.63E-05,0.022843406,1.817167366,5,5,Up
GAS6,FAP3,1.54821822,6.585655551,5.412056265,7.81E-05,0.022843406,1.780444451,5,5,Up
CXCL2,FAP3,1.719977042,9.882127317,5.382345083,8.25E-05,0.022843406,1.685620925,5,5,Up
EFCAB13,FAP3,1.523265734,6.240319319,5.374607849,8.37E-05,0.022843406,1.720542166,5,5,Up
PER1,FAP3,-1.699960388,5.82064227,-5.340154795,8.93E-05,0.022843406,1.66816025,5,5,Down
CRISPLD1,FAP3,-3.812091785,5.055095977,-5.309958725,9.44E-05,0.022843406,1.565491168,5,5,Down
SLPI,FAP3,3.051661305,5.120618386,5.281816691,9.95E-05,0.022843406,1.546867054,5,5,Up
KCNIP1,FAP3,-1.999364028,6.594131172,-5.274004949,0.000101014,0.022843406,1.530878362,5,5,Down
NTRK2,FAP3,1.25963512,7.841801445,5.271890156,0.000101416,0.022843406,1.497740652,5,5,Up
SLFN11,FAP3,1.221040021,5.876589936,5.268934559,0.000101979,0.022843406,1.540284034,5,5,Up
CAPN6,FAP3,-2.358230371,4.72660786,-5.195880885,0.000116995,0.023647668,1.387222965,5,5,Down
RSPO3,FAP3,3.073043941,4.052929633,5.193614061,0.000117496,0.023647668,1.251084687,5,5,Up
TMEM72-AS1,FAP3,3.134658841,5.301968338,5.177258623,0.000121177,0.023647668,1.377136116,5,5,Up
EPHA3,FAP3,-2.426802994,7.42116682,-5.148497919,0.000127943,0.023647668,1.284228665,5,5,Down
CCDC85A,FAP3,3.055995773,4.620627339,5.147887242,0.000128091,0.023647668,1.170258864,5,5,Up
MARCKS,FAP3,-1.292550709,7.883483069,-5.142260951,0.000129461,0.023647668,1.257536753,5,5,Down
RASD1,FAP3,1.748319599,7.548515561,5.127129765,0.000133223,0.023647668,1.243044999,5,5,Up
CACNA1C,FAP3,1.615683561,6.349678439,5.121336078,0.000134693,0.023647668,1.267589044,5,5,Up
TENM4,FAP3,-1.717008784,6.038161695,-5.073965137,0.00014736,0.025190792,1.184880185,5,5,Down
KCNH1,FAP3,3.35323533,4.440679611,5.029674722,0.00016032,0.025317728,1.000527846,5,5,Up
C11orf80,FAP3,-2.846306094,3.882438479,-5.021501348,0.000162837,0.025317728,0.955067203,5,5,Down
MX2,FAP3,2.027372167,5.869670917,5.00889626,0.0001668,0.025317728,1.081405151,5,5,Up
MTX2,FAP3,-2.214875989,4.070758007,-4.997882576,0.000170345,0.025317728,0.972200393,5,5,Down
AC119674.1,FAP3,1.713591135,8.909727002,4.995501613,0.000171121,0.025317728,0.975691104,5,5,Up
SCN7A,FAP3,-1.875878591,6.25202357,-4.994383725,0.000171487,0.025317728,1.035265878,5,5,Down
CRYM,FAP3,1.959736539,4.438874376,4.979379063,0.000176476,0.025475282,0.995936103,5,5,Up
DPH6,FAP3,1.314010327,6.054713493,4.949246335,0.000186953,0.026190525,0.957589414,5,5,Up
SMIM4,FAP3,1.269972681,5.693623455,4.942200211,0.000189494,0.026190525,0.956951664,5,5,Up
ADAMTSL1,FAP3,-1.999603448,7.101789932,-4.902704764,0.000204415,0.027664134,0.834475153,5,5,Down
ANGPT1,FAP3,1.889827572,5.916167686,4.88472067,0.000211606,0.027875058,0.853594977,5,5,Up
ICAM1,FAP3,2.378141399,7.062707026,4.860645026,0.000221643,0.027875058,0.770551861,5,5,Up
PCDH9,FAP3,1.193498602,9.620085878,4.856899509,0.000223249,0.027875058,0.709977387,5,5,Up
ZCWPW2,FAP3,1.252512176,5.467352533,4.853657468,0.000224648,0.027875058,0.801773134,5,5,Up
LRMDA,FAP3,1.346681619,7.95277691,4.847274604,0.000227429,0.027875058,0.707729838,5,5,Up
PRKCE,FAP3,1.147678614,7.94269697,4.780466002,0.000258761,0.030101667,0.581561222,5,5,Up
SKAP2,FAP3,3.009982471,3.957287286,4.77955502,0.000259218,0.030101667,0.561067263,5,5,Up
KCND2,FAP3,-1.509353204,9.038178228,-4.778998669,0.000259497,0.030101667,0.563562397,5,5,Down
ALPK1,FAP3,1.263976188,5.684602346,4.756019643,0.00027131,0.030919826,0.614017403,5,5,Up
CASC15,FAP3,2.026068092,4.988235721,4.741222302,0.000279209,0.031187358,0.6095298,5,5,Up
RASSF2,FAP3,-2.611099787,3.766335775,-4.733800796,0.00028326,0.031187358,0.492070596,5,5,Down
GNG2,FAP3,-1.360121734,4.830904334,-4.721965488,0.000289845,0.031380523,0.575331366,5,5,Down
AL355304.1,FAP3,1.768784844,5.261539494,4.69907572,0.000303032,0.032107707,0.53349203,5,5,Up
BHLHE40,FAP3,-1.060188363,7.439770303,-4.683440688,0.000312393,0.032107707,0.406587223,5,5,Down
SLC39A8,FAP3,1.660470586,4.804086991,4.667234124,0.000322411,0.032107707,0.477352086,5,5,Up
DACT1,FAP3,-1.431736468,4.995891853,-4.660691217,0.000326549,0.032107707,0.464606987,5,5,Down
MEPCE,FAP3,1.646843227,4.271882315,4.655666484,0.000329763,0.032107707,0.431305564,5,5,Up
SF3B6,FAP3,-1.126141017,5.181509797,-4.653512246,0.000331151,0.032107707,0.447416725,5,5,Down
RAB6A,FAP3,-1.012145285,6.421146101,-4.653498558,0.00033116,0.032107707,0.386310108,5,5,Down
SYNE2,FAP3,3.235585966,4.781004734,4.617343034,0.000355377,0.033676201,0.350960208,5,5,Up
CES1,FAP3,1.746652319,4.515424797,4.614000976,0.000357706,0.033676201,0.379620229,5,5,Up
TMEM184B,FAP3,1.577082092,5.078317762,4.595177592,0.000371118,0.034285809,0.347381327,5,5,Up
TTLL7,FAP3,-1.388950521,4.883097449,-4.59021714,0.000374737,0.034285809,0.337374591,5,5,Down
AC114971.1,FAP3,4.145710688,3.913686401,4.552327432,0.00040361,0.036414606,0.102163954,5,5,Up
AL078604.4,FAP3,1.623976737,10.97775418,4.544904242,0.00040953,0.036442517,0.118428789,5,5,Up
SLC16A7,FAP3,1.206880149,8.701560376,4.525282524,0.000425609,0.037361598,0.08363309,5,5,Up
CP,FAP3,2.892394004,4.777663566,4.508742081,0.000439667,0.037926324,0.18861684,5,5,Up
RFC3,FAP3,1.710350994,4.058240057,4.50214223,0.000445409,0.037926324,0.146967678,5,5,Up
MXD4,FAP3,-1.172987513,5.336574839,-4.496685143,0.000450214,0.037926324,0.152267437,5,5,Down
RMDN2-AS1,FAP3,1.598804584,6.100019563,4.490866982,0.000455396,0.037926324,0.114439221,5,5,Up
LINC00880,FAP3,2.107301792,5.862723745,4.471415334,0.00047317,0.038801643,0.085321746,5,5,Up
NABP1,FAP3,1.475296777,8.841213056,4.466201359,0.000478054,0.038801643,-0.029782298,5,5,Up
PAK3,FAP3,-1.393385906,6.413262574,-4.460109599,0.000483826,0.038801643,0.022584473,5,5,Down
SELENOW,FAP3,-1.464628802,5.555365403,-4.44705651,0.000496436,0.039327385,0.051905578,5,5,Down
LINC02245,FAP3,1.590694173,4.80374625,4.435187219,0.000508194,0.039440089,0.057789435,5,5,Up
CRY2,FAP3,-0.929719446,6.461426174,-4.430319068,0.000513099,0.039440089,-0.038990563,5,5,Down
DHDH,FAP3,1.454092805,4.551593329,4.427391185,0.000516073,0.039440089,0.046842609,5,5,Up
SERPINE3,FAP3,1.842559484,5.518710851,4.417392561,0.00052636,0.039758576,0.001941626,5,5,Up
KCNQ1OT1,FAP3,0.961244009,8.571497491,4.408031454,0.000536183,0.040008375,-0.141998138,5,5,Up
AC006460.2,FAP3,1.312653889,5.353083395,4.402583752,0.000541985,0.040008375,-0.022978385,5,5,Up
RIPOR3,FAP3,1.312822338,4.647398829,4.365758747,0.000582934,0.042277533,-0.066125925,5,5,Up
GLI2,FAP3,-1.720328471,5.74406784,-4.35355561,0.000597191,0.042277533,-0.136025476,5,5,Down
HHIP,FAP3,-2.191393801,7.341705778,-4.35283087,0.000598049,0.042277533,-0.213102773,5,5,Down
NUP210L,FAP3,1.73470884,5.265745434,4.352232781,0.000598758,0.042277533,-0.110943099,5,5,Up
TBX18,FAP3,1.207902866,5.811606911,4.32924119,0.000626674,0.043772808,-0.188082464,5,5,Up
AL033523.1,FAP3,1.674793463,5.255590243,4.32361175,0.000633709,0.043793359,-0.167571405,5,5,Up
TPRG1,FAP3,1.259814413,6.207896294,4.316891348,0.000642215,0.043913957,-0.236186054,5,5,Up
ADGRB3,FAP3,2.691929538,4.828003454,4.296813317,0.000668327,0.044459359,-0.189228343,5,5,Up
HDAC5,FAP3,-1.220648324,4.66952007,-4.290242617,0.000677107,0.044459359,-0.203244249,5,5,Down
EPHA7,FAP3,3.466016566,4.89314928,4.282017421,0.000688264,0.044459359,-0.230177334,5,5,Up
SMAD3,FAP3,0.993597837,8.048654318,4.275832473,0.000696777,0.044459359,-0.389202652,5,5,Up
PLEKHA6,FAP3,1.940520982,6.149938037,4.275377677,0.000697407,0.044459359,-0.298058686,5,5,Up
ADCY1,FAP3,-1.767141351,4.063599575,-4.274472781,0.000698663,0.044459359,-0.233868398,5,5,Down
AC068282.1,FAP3,-1.528600246,4.827688383,-4.267114391,0.000708959,0.044459359,-0.24744417,5,5,Down
CLDN11,FAP3,1.740149919,4.696458861,4.263710555,0.000713775,0.044459359,-0.25258631,5,5,Up
PLD5,FAP3,-1.693153332,5.665572948,-4.263493279,0.000714084,0.044459359,-0.298599315,5,5,Down
CSF1R,FAP3,2.13830316,4.206114477,4.260301144,0.000718632,0.044459359,-0.259739382,5,5,Up
TIMP3,FAP3,0.932464282,9.650899668,4.247447268,0.000737249,0.045180826,-0.460210103,5,5,Up
AF165147.1,FAP3,1.770999122,4.383422036,4.229040291,0.00076477,0.046429418,-0.309978206,5,5,Up
EFNB2,FAP3,1.684245067,4.177832087,4.221039684,0.000777058,0.046544303,-0.332533127,5,5,Up
GLI1,FAP3,-2.351017495,3.79250307,-4.214278693,0.000787598,0.046544303,-0.383843165,5,5,Down
SMG5,FAP3,1.411270848,6.483966203,4.213922435,0.000788158,0.046544303,-0.444824577,5,5,Up
RASGEF1B,FAP3,-4.420487759,4.044554365,-4.2021602,0.000806859,0.046813676,-0.453092076,5,5,Down
COL21A1,FAP3,-3.585362897,3.878447076,-4.201990071,0.000807132,0.046813676,-0.533255875,5,5,Down
DIRC3,FAP3,1.73758439,5.404633109,4.173204845,0.000854849,0.04914246,-0.447912647,5,5,Up
AC005759.1,FAP3,2.320441231,4.62149653,4.167848935,0.00086404,0.049235124,-0.420378713,5,5,Up
GALNTL6,MSM,7.457138642,6.063472445,12.42776063,1.61E-08,0.000146062,8.618642003,5,5,Up
COL19A1,MSM,7.568494526,6.283413626,9.565659888,3.38E-07,0.001439952,6.450930664,5,5,Up
DNAH11,MSM,4.733285481,5.937040565,9.153197094,5.56E-07,0.001439952,6.312213851,5,5,Up
AP001042.1,MSM,4.42939167,6.357839377,9.047702532,6.33E-07,0.001439952,6.249309218,5,5,Up
EFCAB7,MSM,5.066715158,5.910658527,8.631868183,1.07E-06,0.001944556,5.73119813,5,5,Up
AC117464.1,MSM,6.746303353,5.208211654,8.292890705,1.66E-06,0.002279636,5.073124367,5,5,Up
DAAM2,MSM,-4.458807344,4.996125987,-8.251357734,1.75E-06,0.002279636,5.393836699,5,5,Down
DLEU2L,MSM,5.314803716,5.042665493,7.966074564,2.57E-06,0.002923193,4.848010439,5,5,Up
MDM2,MSM,3.060094166,7.38127464,7.539836756,4.63E-06,0.004200984,4.536060427,5,5,Up
TENM2,MSM,7.248840924,5.095202715,7.502383751,4.89E-06,0.004200984,4.132532939,5,5,Up
SNX7,MSM,5.335902522,5.216213404,7.474548652,5.08E-06,0.004200984,4.315274311,5,5,Up
AL157829.1,MSM,4.708161645,4.460273663,7.38833873,5.74E-06,0.004352777,4.122137051,5,5,Up
SPATS2L,MSM,-2.152265215,6.877090615,-7.241225861,7.10E-06,0.004962846,4.148746976,5,5,Down
MARCHF1,MSM,5.036802778,6.031502505,7.138701296,8.23E-06,0.005286667,3.93541942,5,5,Up
IGFN1,MSM,-6.03040969,4.675201379,-7.099342787,8.72E-06,0.005286667,3.85689353,5,5,Down
NNMT,MSM,3.186685701,7.514922918,6.815300169,1.33E-05,0.007382036,3.542425793,5,5,Up
EFNA5,MSM,6.40051667,5.377338307,6.789897085,1.38E-05,0.007382036,3.379972464,5,5,Up
MUSK,MSM,6.113634076,3.888794262,6.716861648,1.54E-05,0.007784018,3.187384733,5,5,Up
LINC01497,MSM,4.388880697,3.693040563,6.608232965,1.82E-05,0.008698956,3.047827309,5,5,Up
AC068506.1,MSM,3.988744698,6.926828513,6.569843188,1.93E-05,0.008764161,3.18185746,5,5,Up
ACTN3,MSM,-3.001759208,6.716263479,-6.527671565,2.06E-05,0.008905419,3.119354094,5,5,Down
DKK2,MSM,4.006130315,3.746201888,6.43516523,2.37E-05,0.009310136,2.835695544,5,5,Up
MCU,MSM,2.91826958,9.230985171,6.42273429,2.42E-05,0.009310136,2.969353472,5,5,Up
EBF3,MSM,-2.831437079,4.222561374,-6.412608698,2.46E-05,0.009310136,2.943295054,5,5,Down
FLRT2,MSM,2.780370169,7.844337228,6.369445992,2.63E-05,0.009559256,2.889209432,5,5,Up
RUNX1,MSM,3.583876161,9.093622342,6.328377326,2.80E-05,0.009801082,2.828296319,5,5,Up
C20orf194,MSM,-2.357093499,6.356038731,-6.181832629,3.53E-05,0.011890504,2.594057435,5,5,Down
AC005208.1,MSM,5.558805066,4.081931897,6.140076588,3.77E-05,0.012252529,2.418964277,5,5,Up
AC068413.1,MSM,5.280489205,4.978098678,6.067313227,4.24E-05,0.013287935,2.381811161,5,5,Up
OSBPL3,MSM,-2.867806225,4.151444477,-5.979532395,4.88E-05,0.014792722,2.299067136,5,5,Down
LDLRAD4,MSM,-2.014587168,7.277752871,-5.944777228,5.16E-05,0.015143022,2.213335547,5,5,Down
RRAD,MSM,2.57509644,9.088381378,5.874136249,5.79E-05,0.016453324,2.124468779,5,5,Up
CASQ2,MSM,2.579187325,6.756610946,5.824213729,6.28E-05,0.016951939,2.053127964,5,5,Up
AMOTL1,MSM,2.261239518,7.166455056,5.818730208,6.34E-05,0.016951939,2.037144364,5,5,Up
AC104663.1,MSM,4.791892117,3.282150009,5.757039237,7.01E-05,0.01770369,1.874615015,5,5,Up
AC044893.1,MSM,3.189645495,5.291914487,5.742478434,7.18E-05,0.01770369,1.934002396,5,5,Up
ITGA9,MSM,3.746119308,6.012445612,5.720787723,7.45E-05,0.01770369,1.898631902,5,5,Up
PLCE1,MSM,3.329644204,6.428434066,5.709503045,7.59E-05,0.01770369,1.876243918,5,5,Up
SAA1,MSM,5.252393104,4.430820124,5.708919479,7.59E-05,0.01770369,1.830102568,5,5,Up
BTNL8,MSM,5.231027341,3.927964982,5.652297981,8.34E-05,0.017803193,1.724915132,5,5,Up
AL591501.1,MSM,4.966264894,5.830239676,5.642970696,8.47E-05,0.017803193,1.778807272,5,5,Up
AC090403.1,MSM,2.924086766,6.485015266,5.641828623,8.49E-05,0.017803193,1.769790571,5,5,Up
GALNT17,MSM,3.965807167,5.423077885,5.641093448,8.50E-05,0.017803193,1.775833089,5,5,Up
PRUNE2,MSM,3.549808499,6.599703381,5.609207693,8.96E-05,0.017803193,1.720223729,5,5,Up
TTC28,MSM,-1.565455587,7.45760605,-5.599612175,9.10E-05,0.017803193,1.654681684,5,5,Down
NCAM1,MSM,2.747996488,6.605149767,5.599506282,9.11E-05,0.017803193,1.697874905,5,5,Up
RRM2B,MSM,2.992276662,6.048001078,5.593166396,9.20E-05,0.017803193,1.693622178,5,5,Up
GADD45A,MSM,3.085873881,6.721254496,5.572567768,9.52E-05,0.018042348,1.652532714,5,5,Up
KLF5,MSM,3.00378579,7.392092444,5.546553532,9.95E-05,0.018460397,1.599780175,5,5,Up
C2orf27A,MSM,2.890683909,6.429975908,5.513807378,0.000105095,0.018738511,1.561248032,5,5,Up
CAPRIN2,MSM,2.700594189,5.084929357,5.513786305,0.000105099,0.018738511,1.574862542,5,5,Up
PREPL,MSM,2.188208308,6.894819027,5.448344007,0.000117344,0.020519448,1.446020289,5,5,Up
ROBO1,MSM,-2.77879538,7.253323588,-5.423394107,0.000122399,0.020999521,1.364875802,5,5,Down
GABRB2,MSM,4.398546408,3.098096779,5.400257401,0.000127291,0.021107232,1.346462504,5,5,Up
COL21A1,MSM,2.459429779,6.256934861,5.379848694,0.000131776,0.021107232,1.342453664,5,5,Up
FRMD6,MSM,-1.771432614,4.694820155,-5.36985721,0.000134032,0.021107232,1.332784369,5,5,Down
MT1A,MSM,-2.461523235,3.433808348,-5.369666002,0.000134075,0.021107232,1.343604819,5,5,Down
PEX5L,MSM,2.936997491,5.412650765,5.354190662,0.000137651,0.021107232,1.31594371,5,5,Up
PTPRD,MSM,4.025700478,5.137607088,5.352514369,0.000138044,0.021107232,1.318006269,5,5,Up
LRRK2,MSM,2.877771511,6.986227616,5.347295804,0.000139276,0.021107232,1.283407837,5,5,Up
SLIT2,MSM,1.964384752,6.705074923,5.30388498,0.00014998,0.022356811,1.199174904,5,5,Up
FST,MSM,5.726551736,5.006766426,5.283785301,0.000155224,0.022726903,1.206472547,5,5,Up
AL136442.1,MSM,4.213227522,4.534057543,5.275428173,0.000157461,0.022726903,1.190476904,5,5,Up
MYLK4,MSM,-4.334915834,6.29487621,-5.262639944,0.00016095,0.022867424,1.12388951,5,5,Down
KCTD8,MSM,3.26869205,6.699849197,5.24110119,0.000167009,0.023088964,1.123299496,5,5,Up
TMEM200A,MSM,5.083413532,4.007524262,5.231308854,0.000169843,0.023088964,1.094776003,5,5,Up
GPD1,MSM,-1.709237786,5.383241672,-5.227557983,0.000170941,0.023088964,1.078705529,5,5,Down
ASTN2,MSM,1.889836981,6.691996084,5.216993374,0.000174076,0.023088964,1.058930187,5,5,Up
LINC01608,MSM,4.652333939,3.747090891,5.213235469,0.000175205,0.023088964,1.065083276,5,5,Up
MALRD1,MSM,3.114055226,4.349360503,5.187769835,0.000183063,0.0235942,1.05492798,5,5,Up
CPNE8,MSM,7.704239966,6.36956251,5.184091353,0.000184228,0.0235942,1.047304628,5,5,Up
DUSP3,MSM,-1.582938369,5.191735339,-5.163441516,0.000190915,0.024110988,0.978061399,5,5,Down
RASSF3,MSM,-2.095589856,6.219767765,-5.143594649,0.000197581,0.024611058,0.908052741,5,5,Down
ATP2A1,MSM,-2.042723082,8.979042836,-5.125772624,0.000203775,0.024870881,0.863610854,5,5,Down
SAMD3,MSM,5.835017556,4.433431807,5.121927588,0.000205138,0.024870881,0.927681259,5,5,Up
COBLL1,MSM,6.477786741,5.325425224,5.081711333,0.000219974,0.026286352,0.883199246,5,5,Up
ADGRV1,MSM,4.192213519,4.116174449,5.068320842,0.00022516,0.026286352,0.855179587,5,5,Up
ITGA3,MSM,3.05528055,5.280604587,5.067491245,0.000225485,0.026286352,0.849732745,5,5,Up
HAS2-AS1,MSM,3.93356713,4.373608101,5.04293211,0.000235345,0.027088492,0.820672207,5,5,Up
EOGT,MSM,2.187246225,6.145623249,5.015561443,0.000246866,0.028059397,0.728101155,5,5,Up
MYLK2,MSM,-2.633484116,5.638961288,-4.988084843,0.000259025,0.029077964,0.661639834,5,5,Down
PTP4A1,MSM,2.671014399,3.749585903,4.968751918,0.000267954,0.029713472,0.698546113,5,5,Up
ZNF274,MSM,1.708878651,4.871249451,4.922812365,0.000290483,0.031823643,0.603484559,5,5,Up
AC091576.1,MSM,5.368371011,3.529157027,4.910273589,0.000296969,0.032146917,0.592029577,5,5,Up
SYT14,MSM,3.553292465,3.521606294,4.897459605,0.000303754,0.032494522,0.574439091,5,5,Up
DOCK10,MSM,-3.520417717,3.071620331,-4.871220527,0.000318156,0.033431046,0.539011636,5,5,Down
RARB,MSM,2.220385833,5.557025094,4.862411775,0.000323149,0.033431046,0.485252083,5,5,Up
ARHGAP42,MSM,2.868616179,6.582380808,4.861731123,0.000323538,0.033431046,0.471115502,5,5,Up
PCLO,MSM,3.767747846,3.416039484,4.852647142,0.000328779,0.033590897,0.499523901,5,5,Up
MYH8,MSM,4.723521135,5.850300968,4.845099995,0.000333201,0.033664405,0.473888569,5,5,Up
CFAP61,MSM,3.30683136,5.738684011,4.835852754,0.000338703,0.033844277,0.456309639,5,5,Up
RAMP1,MSM,2.103059955,6.519947574,4.791859975,0.000366206,0.035887083,0.340771108,5,5,Up
PDGFC,MSM,2.418913075,6.955068097,4.790580187,0.00036704,0.035887083,0.34557801,5,5,Up
PDZD2,MSM,-2.216887034,4.762159432,-4.752229076,0.000392974,0.038013955,0.291284244,5,5,Down
CHSY3,MSM,-4.201504907,5.119848673,-4.737606216,0.000403358,0.038513628,0.266801955,5,5,Down
MRLN,MSM,-1.811897303,5.252334492,-4.733106313,0.00040661,0.038513628,0.240263868,5,5,Down
TNS1,MSM,-1.248972178,6.773116509,-4.722609757,0.000414304,0.038672599,0.164057912,5,5,Down
SP110,MSM,3.75309595,5.376682946,4.719254721,0.000416795,0.038672599,0.26216748,5,5,Up
HK2,MSM,-1.949299497,3.568467012,-4.711215457,0.000422827,0.038836013,0.267321654,5,5,Down
LOXL4,MSM,3.34429943,4.243308983,4.702467096,0.000429494,0.039053928,0.258284441,5,5,Up
TPRG1,MSM,2.271533608,6.651510036,4.667628471,0.00045715,0.041008152,0.11920492,5,5,Up
MBNL1-AS1,MSM,-1.62533199,4.744485596,-4.664156387,0.000460006,0.041008152,0.140692443,5,5,Down
DHRS3,MSM,2.321928386,5.711399756,4.652224673,0.000469962,0.04113537,0.119212816,5,5,Up
DCLK1,MSM,5.479852713,5.312064449,4.65161019,0.00047048,0.04113537,0.159681155,5,5,Up
PLEKHA6,MSM,3.512017167,4.218875461,4.633910759,0.000485681,0.042059951,0.14462341,5,5,Up
TBC1D1,MSM,-2.811587297,6.339560577,-4.623363469,0.00049498,0.042460921,0.006799839,5,5,Down
MORC4,MSM,2.382438363,5.120951089,4.615425097,0.000502102,0.042669265,0.079436173,5,5,Up
ITGA10,MSM,2.847478757,4.874537257,4.605426956,0.000511222,0.043042089,0.069879167,5,5,Up
HMBOX1,MSM,1.494246711,7.809583687,4.570500404,0.000544457,0.045419665,-0.086275592,5,5,Up
MT1M,MSM,-3.419211322,3.028059064,-4.554375038,0.00056055,0.046337069,0.018772808,5,5,Down
BICD1,MSM,2.906408637,6.807387807,4.541037983,0.000574232,0.047040506,-0.098600134,5,5,Up
FAM184B,MSM,2.022622284,6.416888457,4.534897297,0.000580648,0.047141396,-0.113964431,5,5,Up
PMEPA1,MSM,-2.733178656,3.721769474,-4.519438764,0.000597131,0.048050564,-0.058592238,5,5,Down
OSMR-AS1,MSM,5.014622041,4.236591294,4.500532058,0.000617952,0.049289817,-0.070048957,5,5,Up
ALPK1,MSM,3.082929761,4.367397988,4.491490281,0.000628174,0.049669449,-0.105836153,5,5,Up
PXDNL,MSM,2.035067035,5.792950118,4.483527306,0.000637321,0.049958307,-0.185796116,5,5,Up
KAZN,MuSC,2.51820354,6.884534358,9.330674324,2.72E-07,0.002703799,7.051590911,5,5,Up
IGFN1,MuSC,2.930516981,3.247173776,7.231967192,5.05E-06,0.019810683,3.631805564,5,5,Up
FAM180A,MuSC,3.235537163,3.039220987,7.122726769,5.97E-06,0.019810683,3.366953234,5,5,Up
LINC02207,MuSC,2.530218852,3.137717423,6.536012127,1.50E-05,0.032220199,2.837455942,5,5,Up
ACTC1,MuSC,-3.584034605,2.948915327,-6.490042292,1.62E-05,0.032220199,1.905466115,5,5,Down
PKIA,MuSC,-2.24886126,3.78490942,-5.974088004,3.80E-05,0.049171029,2.129129109,5,5,Down
LINC01580,MuSC,3.440124011,2.841198913,5.964011151,3.87E-05,0.049171029,1.90304084,5,5,Up
HTR4,MuSC,2.143819253,3.953214777,5.950991943,3.95E-05,0.049171029,2.313559012,5,5,Up
FMO3,Pericyte,2.044708538,4.658451584,8.659114396,2.46E-06,0.026503341,3.000722489,5,5,Up
NCAM2,SMC1,3.7926588,7.048222723,9.802540068,1.76E-07,0.000585814,7.694763462,5,5,Up
CCN5,SMC1,7.499421634,4.634156861,9.722166887,1.94E-07,0.000585814,5.366118588,5,5,Up
SMOC2,SMC1,2.595064035,8.193846695,8.786744641,6.33E-07,0.000802451,6.466093661,5,5,Up
TNFAIP2,SMC1,2.996259687,7.416199222,8.783248267,6.36E-07,0.000802451,6.464098194,5,5,Up
ABCA8,SMC1,4.136725952,6.754000947,8.749859097,6.65E-07,0.000802451,6.406945194,5,5,Up
IGFBP6,SMC1,2.995773836,7.16015693,8.252002338,1.30E-06,0.001153675,5.766158814,5,5,Up
SNED1,SMC1,2.752712131,7.232232425,8.230099367,1.34E-06,0.001153675,5.735186219,5,5,Up
ABCA10,SMC1,3.382373571,5.922903928,8.030624598,1.76E-06,0.001331225,5.445120519,5,5,Up
SLC39A14,SMC1,2.851329034,7.885893216,7.846789486,2.29E-06,0.001533393,5.198491443,5,5,Up
AL110292.1,SMC1,7.493885839,5.279871111,7.59946326,3.26E-06,0.001968508,3.674967365,5,5,Up
PDE3A,SMC1,-1.745813465,10.27225454,-7.332185608,4.83E-06,0.002649406,4.452391949,5,5,Down
XYLT1,SMC1,3.142482726,8.584547554,7.174173035,6.12E-06,0.002728598,4.213163041,5,5,Up
KAZN,SMC1,2.517812332,7.990110027,7.148855577,6.35E-06,0.002728598,4.177338144,5,5,Up
SORBS2,SMC1,-2.996107571,6.96275099,-7.143550635,6.41E-06,0.002728598,4.214197664,5,5,Down
GSN,SMC1,2.632645454,9.852387222,7.054262459,7.33E-06,0.002728598,4.03157709,5,5,Up
CERS6,SMC1,-2.946586861,6.341919902,-7.039898633,7.50E-06,0.002728598,4.023344828,5,5,Down
ERI2,SMC1,3.553608448,6.864508776,7.023349258,7.69E-06,0.002728598,4.023617636,5,5,Up
MSRB3,SMC1,-1.570460877,7.5222335,-6.968521249,8.36E-06,0.002757445,3.938936379,5,5,Down
HSPA5,SMC1,1.731477697,8.114223072,6.914655214,9.08E-06,0.002757445,3.817470053,5,5,Up
SSPN,SMC1,1.714412416,6.910863985,6.91043803,9.14E-06,0.002757445,3.836731479,5,5,Up
LINC00968,SMC1,4.680519984,3.17806425,6.807864307,1.07E-05,0.002831734,2.72372729,5,5,Up
FBLN1,SMC1,2.065360367,6.584440974,6.796513584,1.09E-05,0.002831734,3.674182565,5,5,Up
NNMT,SMC1,3.040351116,7.546358235,6.78130314,1.12E-05,0.002831734,3.625373838,5,5,Up
PDZRN4,SMC1,7.76337225,4.110611491,6.77556863,1.13E-05,0.002831734,2.803393952,5,5,Up
KCNMB2,SMC1,4.824709097,3.670612463,6.626909656,1.42E-05,0.003133797,2.582528778,5,5,Up
LRRK1,SMC1,2.097581968,6.247347801,6.606418621,1.47E-05,0.003133797,3.393856231,5,5,Up
HES4,SMC1,-2.42732147,6.776982632,-6.59632799,1.49E-05,0.003133797,3.405996685,5,5,Down
AGTR1,SMC1,2.133988616,7.44095139,6.543097808,1.62E-05,0.003133797,3.247065735,5,5,Up
LINC00963,SMC1,2.151801963,4.739458562,6.541023587,1.63E-05,0.003133797,3.286371424,5,5,Up
CXCL2,SMC1,3.070227072,9.333471487,6.537461942,1.64E-05,0.003133797,3.223620734,5,5,Up
RDH10,SMC1,2.10813044,6.351119065,6.525438818,1.67E-05,0.003133797,3.26155763,5,5,Up
SPSB1,SMC1,3.018742115,8.482830725,6.519034489,1.69E-05,0.003133797,3.195813888,5,5,Up
CCDC80,SMC1,2.634830085,8.165841614,6.509184006,1.71E-05,0.003133797,3.181235472,5,5,Up
TEX26-AS1,SMC1,2.412766041,6.154977635,6.462942465,1.85E-05,0.00318635,3.174262634,5,5,Up
LINC00882,SMC1,1.706139221,6.830123063,6.459196495,1.86E-05,0.00318635,3.133598873,5,5,Up
FREM1,SMC1,4.983582376,3.724632442,6.423772863,1.96E-05,0.00318635,2.366898043,5,5,Up
CA13,SMC1,1.566734242,5.794060755,6.411358335,2.00E-05,0.00318635,3.108153323,5,5,Up
CTNNA3,SMC1,-1.875495065,8.427498514,-6.410663578,2.01E-05,0.00318635,3.046070455,5,5,Down
LRRC4C,SMC1,5.197789874,4.091104632,6.383066205,2.10E-05,0.003210326,2.346745362,5,5,Up
ALPK1,SMC1,1.677940279,5.690362077,6.360246744,2.18E-05,0.003210326,3.032511761,5,5,Up
WNT5A,SMC1,4.771180609,3.611922993,6.358846265,2.18E-05,0.003210326,2.278557686,5,5,Up
PARM1,SMC1,-1.999229148,6.848677793,-6.308951975,2.36E-05,0.003268963,2.952989915,5,5,Down
C1S,SMC1,1.725890901,8.1430421,6.305754062,2.38E-05,0.003268963,2.850803144,5,5,Up
SYTL2,SMC1,-2.036508284,6.658896681,-6.283782948,2.46E-05,0.003268963,2.92095644,5,5,Down
RNF19A,SMC1,1.924903565,7.906562384,6.277133249,2.49E-05,0.003268963,2.807328227,5,5,Up
LINC00513,SMC1,1.308233438,7.875517884,6.276658758,2.49E-05,0.003268963,2.807593326,5,5,Up
SLITRK4,SMC1,5.018146438,3.38160384,6.253154337,2.59E-05,0.003324178,2.153916262,5,5,Up
TPM1,SMC1,-1.721547851,7.71260183,-6.225468324,2.71E-05,0.003405286,2.767370777,5,5,Down
BTBD19,SMC1,1.72653842,5.145138174,6.201745795,2.82E-05,0.003459467,2.802215279,5,5,Up
PLCL1,SMC1,-2.10488845,7.662958794,-6.190855593,2.87E-05,0.003459467,2.719356556,5,5,Down
SOD2,SMC1,3.34895566,9.994161357,6.158550488,3.02E-05,0.003499951,2.610588459,5,5,Up
LAMA3,SMC1,-2.049704874,6.214079516,-6.148057835,3.08E-05,0.003499951,2.71862936,5,5,Down
PRKG1,SMC1,-1.73541928,11.37185276,-6.130493963,3.17E-05,0.003499951,2.570328276,5,5,Down
CTSL,SMC1,1.727930195,8.876019421,6.102862235,3.31E-05,0.003499951,2.512933865,5,5,Up
AC007389.1,SMC1,3.237715949,4.57570503,6.093350103,3.37E-05,0.003499951,2.448610389,5,5,Up
SQSTM1,SMC1,1.599284489,9.397152168,6.086215651,3.41E-05,0.003499951,2.486888859,5,5,Up
ARHGAP24,SMC1,4.197736323,8.212439204,6.085369329,3.41E-05,0.003499951,2.505058945,5,5,Up
GFPT2,SMC1,3.03895037,8.845993768,6.080022942,3.44E-05,0.003499951,2.477485085,5,5,Up
PTGFR,SMC1,5.672268959,3.473531994,6.074540764,3.47E-05,0.003499951,1.959930903,5,5,Up
CPXM2,SMC1,5.401669744,3.005238721,6.072871219,3.48E-05,0.003499951,1.928411519,5,5,Up
MEF2C,SMC1,-3.093170029,5.792369444,-6.063034645,3.54E-05,0.003499951,2.548779484,5,5,Down
SELENOP,SMC1,1.631380702,7.471935846,6.035627334,3.70E-05,0.00352868,2.418349048,5,5,Up
MICAL2,SMC1,-1.666908735,6.507535399,-6.027221291,3.75E-05,0.00352868,2.512226,5,5,Down
MPRIP,SMC1,-1.405771012,8.753188488,-6.014382966,3.84E-05,0.00352868,2.383621957,5,5,Down
KCND2,SMC1,5.472790425,5.276410326,6.012393173,3.85E-05,0.00352868,2.16611868,5,5,Up
PDGFRL,SMC1,2.274342291,6.207804315,6.010627694,3.86E-05,0.00352868,2.441760528,5,5,Up
EDIL3,SMC1,-2.173384102,7.252706631,-5.954533211,4.24E-05,0.003568794,2.36027909,5,5,Down
EDA,SMC1,1.718631138,7.512792983,5.951030828,4.26E-05,0.003568794,2.275515599,5,5,Up
OPHN1,SMC1,1.716484947,6.638154471,5.944924294,4.31E-05,0.003568794,2.302961211,5,5,Up
LYRM1,SMC1,2.086894806,4.946639854,5.937348506,4.36E-05,0.003568794,2.386197919,5,5,Up
MME,SMC1,3.126861783,6.49264553,5.927308347,4.44E-05,0.003568794,2.300782303,5,5,Up
TEX41,SMC1,-1.802652696,9.002642521,-5.92134702,4.48E-05,0.003568794,2.228203808,5,5,Down
SOX6,SMC1,-1.884027491,6.857183132,-5.918378116,4.50E-05,0.003568794,2.323965828,5,5,Down
NFKB1,SMC1,2.757328161,9.791381103,5.916841175,4.51E-05,0.003568794,2.205540596,5,5,Up
LRP1,SMC1,2.219738999,7.243353176,5.913591941,4.54E-05,0.003568794,2.223497023,5,5,Up
XG,SMC1,4.430719255,3.904581074,5.911709314,4.55E-05,0.003568794,1.790954749,5,5,Up
SIPA1L1,SMC1,-1.778428898,6.685383801,-5.911540148,4.55E-05,0.003568794,2.319656221,5,5,Down
ABCA6,SMC1,4.368016687,4.962284222,5.890334466,4.72E-05,0.00365067,2.101703755,5,5,Up
MRC2,SMC1,2.964978687,7.514408559,5.867171657,4.91E-05,0.003747594,2.142558067,5,5,Up
AP002784.1,SMC1,2.343187306,7.010232027,5.815606449,5.35E-05,0.004012883,2.069078601,5,5,Up
RGS2,SMC1,1.975844656,6.314965111,5.790587818,5.58E-05,0.004012883,2.065362502,5,5,Up
PLPPR4,SMC1,-2.467330345,5.215244981,-5.789898921,5.59E-05,0.004012883,2.042217693,5,5,Down
AC005237.1,SMC1,2.257527821,4.721410859,5.788800072,5.60E-05,0.004012883,2.145456589,5,5,Up
UAP1,SMC1,1.712939099,8.909057731,5.785159367,5.64E-05,0.004012883,1.977722879,5,5,Up
BNIP3L,SMC1,-1.870974056,7.621924085,-5.78060582,5.68E-05,0.004012883,2.035856034,5,5,Down
NLGN4Y,SMC1,4.868375162,3.820898803,5.774918233,5.73E-05,0.004012883,1.58991445,5,5,Up
FBN1,SMC1,2.19053516,9.521835283,5.76769393,5.80E-05,0.004012883,1.950343983,5,5,Up
PDLIM3,SMC1,-2.724806185,7.511564583,-5.761852675,5.86E-05,0.004012883,2.037774601,5,5,Down
EPS8,SMC1,-1.722615075,9.550750031,-5.75621364,5.92E-05,0.004012883,1.940263178,5,5,Down
PLAGL1,SMC1,1.70084689,8.043901082,5.748541217,6.00E-05,0.004020358,1.92064126,5,5,Up
SERPING1,SMC1,1.373584764,8.502151476,5.716430827,6.33E-05,0.004193086,1.861247997,5,5,Up
UGDH,SMC1,1.912972724,7.925781862,5.708312046,6.42E-05,0.004193086,1.853737169,5,5,Up
GAS1,SMC1,3.533836165,4.338808448,5.704571602,6.46E-05,0.004193086,1.739222141,5,5,Up
CFH,SMC1,3.844427213,6.781629082,5.687604319,6.65E-05,0.004270365,1.896953292,5,5,Up
ROCK2,SMC1,-1.229715497,8.469106682,-5.676861908,6.78E-05,0.004271183,1.814988201,5,5,Down
AP002518.2,SMC1,2.343969775,6.304667068,5.669817395,6.86E-05,0.004271183,1.863451883,5,5,Up
AL357507.1,SMC1,6.102540893,3.699125966,5.66714887,6.89E-05,0.004271183,1.467145365,5,5,Up
RTL1,SMC1,4.645402422,3.367121329,5.663116068,6.94E-05,0.004271183,1.409623465,5,5,Up
DIO2,SMC1,4.523430341,5.169318251,5.643144995,7.18E-05,0.004375154,1.762946587,5,5,Up
WTAP,SMC1,1.683420893,8.459008437,5.612657353,7.56E-05,0.004564061,1.682194722,5,5,Up
TCIM,SMC1,-2.369336848,6.762735537,-5.600627465,7.72E-05,0.004613298,1.819855289,5,5,Down
ARHGAP17,SMC1,-1.218185675,7.191531259,-5.567230658,8.18E-05,0.004838518,1.679163681,5,5,Down
PLAU,SMC1,2.834202713,8.343377067,5.554406065,8.36E-05,0.004847325,1.58503465,5,5,Up
PPARGC1A,SMC1,-2.637784101,5.625824293,-5.550601603,8.42E-05,0.004847325,1.757617978,5,5,Down
ASPN,SMC1,-2.478349694,6.535697671,-5.544233452,8.51E-05,0.004847325,1.731576166,5,5,Down
ARHGAP15,SMC1,-3.550806811,6.097854304,-5.543893021,8.52E-05,0.004847325,1.732330294,5,5,Down
RAPGEF2,SMC1,-1.247405299,8.513703812,-5.515991168,8.94E-05,0.005039463,1.536142944,5,5,Down
PCSK6,SMC1,5.449054378,5.949121463,5.509026928,9.04E-05,0.005053394,1.607738551,5,5,Up
CNTN4,SMC1,-2.253419454,7.858622066,-5.49479505,9.27E-05,0.005078809,1.547564917,5,5,Down
DKK3,SMC1,-2.61390943,5.44919964,-5.489363794,9.36E-05,0.005078809,1.640256455,5,5,Down
AC079447.1,SMC1,2.168482018,4.87218522,5.486145285,9.41E-05,0.005078809,1.658248051,5,5,Up
CSRP2,SMC1,-1.43818763,7.122204902,-5.485164116,9.43E-05,0.005078809,1.547793717,5,5,Down
VIT,SMC1,5.37912233,4.634371693,5.477094973,9.56E-05,0.005104893,1.287607955,5,5,Up
AL445250.1,SMC1,3.235227785,5.385798585,5.433050677,0.000103215,0.005372305,1.568797172,5,5,Up
RDH10-AS1,SMC1,2.297141336,4.895782681,5.429613694,0.000103836,0.005372305,1.563758947,5,5,Up
NFATC1,SMC1,2.21216882,7.679844301,5.429296042,0.000103893,0.005372305,1.375718012,5,5,Up
IQCN,SMC1,2.294707957,5.891125836,5.423564127,0.000104937,0.005372305,1.474096026,5,5,Up
CALD1,SMC1,-1.51417565,10.19761636,-5.42289151,0.00010506,0.005372305,1.359682753,5,5,Down
EGFLAM,SMC1,-2.778004845,6.343425042,-5.408315794,0.000107767,0.005416786,1.526672536,5,5,Down
CST3,SMC1,1.357806505,9.137470308,5.404832537,0.000108425,0.005416786,1.318892909,5,5,Up
CLMN,SMC1,-1.833989832,7.090606676,-5.394834676,0.000110336,0.005416786,1.413028237,5,5,Down
MRVI1,SMC1,-2.525716389,6.004576723,-5.394517192,0.000110397,0.005416786,1.504950892,5,5,Down
PCDH9,SMC1,1.384518325,9.807763006,5.394407486,0.000110418,0.005416786,1.3044817,5,5,Up
LPCAT2,SMC1,3.644656712,5.705392892,5.385495993,0.000112153,0.005440906,1.485764717,5,5,Up
MYLK,SMC1,-2.328899881,6.735675486,-5.382646365,0.000112714,0.005440906,1.436524413,5,5,Down
EGFR,SMC1,1.536669936,8.809747656,5.358407082,0.000117602,0.00563184,1.236303401,5,5,Up
FCGRT,SMC1,1.573718955,5.588854247,5.341438377,0.000121156,0.005742292,1.356632341,5,5,Up
DAB2,SMC1,1.865134973,7.137277737,5.338363234,0.000121812,0.005742292,1.235599925,5,5,Up
DCUN1D3,SMC1,1.564589703,5.919616066,5.305140444,0.00012914,0.006019837,1.26291039,5,5,Up
NEGR1,SMC1,6.221798342,7.248939539,5.302704062,0.000129695,0.006019837,1.339792738,5,5,Up
CAV2,SMC1,-2.10795807,5.609755431,-5.290224425,0.000132578,0.006026053,1.337822333,5,5,Down
PDE7B,SMC1,2.23559952,6.171879876,5.289607104,0.000132722,0.006026053,1.218493942,5,5,Up
ADAM17,SMC1,1.550267941,7.351917721,5.280174008,0.000134948,0.006026053,1.122881343,5,5,Up
AVPR1A,SMC1,-2.409148723,7.586994661,-5.280031907,0.000134982,0.006026053,1.203584059,5,5,Down
ITGB3,SMC1,2.394093972,5.593990755,5.278713762,0.000135296,0.006026053,1.254768673,5,5,Up
TNXB,SMC1,4.291844034,6.919831149,5.270554371,0.000137259,0.006026053,1.189114936,5,5,Up
AC108734.4,SMC1,4.932921886,4.448358674,5.26904359,0.000137625,0.006026053,1.006104512,5,5,Up
LTBP3,SMC1,1.6024469,6.364941978,5.261101248,0.000139569,0.006026053,1.148005651,5,5,Up
ABCA9-AS1,SMC1,3.900908967,3.65244362,5.257570303,0.000140443,0.006026053,0.90745792,5,5,Up
SVEP1,SMC1,2.692045125,5.977652284,5.250778973,0.000142139,0.006026053,1.179183152,5,5,Up
PDE4C,SMC1,2.219250636,6.981198016,5.250531964,0.000142201,0.006026053,1.089970826,5,5,Up
AC016831.1,SMC1,2.104057184,5.28939352,5.246278762,0.000143274,0.006026053,1.226040311,5,5,Up
GUCY1A1,SMC1,-1.521687999,6.842013249,-5.245645972,0.000143435,0.006026053,1.155206153,5,5,Down
BOC,SMC1,2.338062387,6.221645504,5.244167059,0.00014381,0.006026053,1.136189408,5,5,Up
SSTR2,SMC1,-2.040184716,7.11288485,-5.233846713,0.000146461,0.006057778,1.138154508,5,5,Down
KCNQ1OT1,SMC1,1.692125486,7.754118379,5.233405096,0.000146575,0.006057778,1.026357745,5,5,Up
XKR6,SMC1,-3.184136121,4.266227694,-5.222789206,0.000149357,0.006105388,0.896030229,5,5,Down
NABP1,SMC1,1.202948696,9.048276929,5.21794125,0.000150646,0.006105388,0.987454252,5,5,Up
LTBP4,SMC1,1.694503702,7.815257008,5.217503187,0.000150763,0.006105388,0.996498092,5,5,Up
SCARA5,SMC1,4.8165708,4.911265595,5.203345676,0.000154596,0.006218879,1.021262579,5,5,Up
DPYD-AS1,SMC1,1.262111021,5.382616925,5.193908116,0.000157207,0.006282053,1.125636688,5,5,Up
DCN,SMC1,5.597888103,9.548042289,5.187790359,0.000158925,0.006308901,0.949501436,5,5,Up
DPP6,SMC1,5.173555759,3.492412487,5.173051746,0.000163143,0.00643403,0.796270171,5,5,Up
RORA,SMC1,1.044145438,10.5975858,5.167047938,0.000164895,0.006460885,0.906693219,5,5,Up
TENM1,SMC1,2.459088415,6.363185555,5.149672155,0.000170076,0.006596962,0.959880573,5,5,Up
COL21A1,SMC1,-2.434079043,5.674035895,-5.145255935,0.000171419,0.006596962,1.097501747,5,5,Down
FSTL1,SMC1,1.921766173,8.610045499,5.144508994,0.000171648,0.006596962,0.855488887,5,5,Up
PER1,SMC1,-2.420467795,5.914655153,-5.132678066,0.000175307,0.006642958,1.072330875,5,5,Down
GPX3,SMC1,2.621643847,6.326643367,5.128147084,0.00017673,0.006642958,0.923107091,5,5,Up
CELF2,SMC1,2.022307182,7.866030784,5.123441022,0.000178221,0.006642958,0.827326878,5,5,Up
ROCK1,SMC1,-1.092579884,7.38578675,-5.12335222,0.000178249,0.006642958,0.885230756,5,5,Down
RNF152,SMC1,-1.311365455,7.750145665,-5.123037452,0.000178349,0.006642958,0.872052335,5,5,Down
COL12A1,SMC1,2.641294727,8.321957227,5.10468417,0.000184293,0.006822246,0.788241888,5,5,Up
TBC1D16,SMC1,1.440096093,5.851428186,5.089843278,0.000189251,0.006963041,0.892039575,5,5,Up
PDGFRA,SMC1,4.963960615,5.628497274,5.084056795,0.000191221,0.006992895,0.945759481,5,5,Up
SLC9A9,SMC1,3.183032231,6.780849297,5.079495066,0.000192789,0.007007777,0.814321341,5,5,Up
EFCAB13,SMC1,1.67255027,5.781833686,5.064014946,0.000198212,0.007161747,0.852892535,5,5,Up
APOD,SMC1,4.193975179,8.142751368,5.058883861,0.000200044,0.007184927,0.730626991,5,5,Up
ZFHX4,SMC1,3.147654161,5.083635151,5.054371344,0.00020167,0.007200467,0.945332521,5,5,Up
BCL2,SMC1,-1.147239579,8.262503021,-5.046027615,0.000204713,0.007266112,0.708061507,5,5,Down
ANOS1,SMC1,2.843076686,4.635235723,5.039920234,0.000206971,0.007269496,0.913190117,5,5,Up
COLGALT2,SMC1,4.02010053,3.806707649,5.039255253,0.000207218,0.007269496,0.633727511,5,5,Up
ARHGEF10,SMC1,1.080600478,6.551989354,5.034531651,0.000208984,0.00728907,0.733920691,5,5,Up
MRTFB,SMC1,-1.347253954,6.639799022,-5.026012508,0.000212209,0.007359005,0.7824293,5,5,Down
RCAN2,SMC1,-2.106637166,7.407235452,-5.019481003,0.000214716,0.007403407,0.731926478,5,5,Down
NAV3,SMC1,5.163843971,4.369987102,5.015480108,0.000216267,0.00741452,0.622007012,5,5,Up
NR2F2,SMC1,-2.142335131,7.67674148,-4.993961889,0.000224812,0.007569792,0.664314723,5,5,Down
TGFBR2,SMC1,1.647514559,6.924484946,4.993803168,0.000224876,0.007569792,0.631970357,5,5,Up
IRF1,SMC1,1.233794993,9.065352619,4.993734129,0.000224904,0.007569792,0.583768255,5,5,Up
SPRY1,SMC1,1.694145564,6.17771274,4.990263271,0.000226315,0.007569792,0.682797843,5,5,Up
MOB3B,SMC1,-1.871221733,5.893973973,-4.988420246,0.000227069,0.007569792,0.819859078,5,5,Down
CRIM1,SMC1,-1.460499048,8.530874031,-4.984394586,0.000228723,0.007583045,0.594381596,5,5,Down
DOCK10,SMC1,-2.310512877,6.426615215,-4.980880481,0.000230177,0.00758956,0.759537571,5,5,Down
STON2,SMC1,1.971924993,5.822074182,4.969611139,0.000234906,0.007703393,0.681814138,5,5,Up
SUGCT,SMC1,1.38244525,6.018722014,4.964054233,0.000237275,0.00773902,0.651453723,5,5,Up
SCN4B,SMC1,-2.90237534,5.307878013,-4.95472727,0.000241307,0.007821845,0.744434472,5,5,Down
MMP16,SMC1,4.960114095,3.686328109,4.952211396,0.000242407,0.007821845,0.492436878,5,5,Up
PODN,SMC1,1.678791905,6.094283789,4.942326334,0.000246779,0.007920559,0.604436237,5,5,Up
LRRTM4,SMC1,6.582416048,7.660636304,4.93743464,0.000248973,0.00793088,0.693741462,5,5,Up
PARP14,SMC1,1.195004115,5.93337941,4.935757989,0.000249729,0.00793088,0.611380196,5,5,Up
SLIT2,SMC1,3.330366634,8.774789058,4.917190417,0.000258269,0.0081262,0.448779598,5,5,Up
CXCL3,SMC1,3.0480782,6.026347777,4.916541561,0.000258573,0.0081262,0.601378377,5,5,Up
UBASH3B,SMC1,1.975782513,8.198344517,4.905464783,0.000263818,0.008248078,0.426501416,5,5,Up
PFKFB3,SMC1,1.515316003,8.307669704,4.898598927,0.000267125,0.008279936,0.412597691,5,5,Up
P4HA1,SMC1,1.063352043,7.292492763,4.895183188,0.000268786,0.008279936,0.435739954,5,5,Up
SPAG17,SMC1,6.159421724,5.843421182,4.89483861,0.000268954,0.008279936,0.580686591,5,5,Up
CXCL14,SMC1,4.208708472,6.357421019,4.887087333,0.000272765,0.008312201,0.595196144,5,5,Up
HSPG2,SMC1,2.804156652,7.043576747,4.886569641,0.000273022,0.008312201,0.440980757,5,5,Up
FAM184A,SMC1,1.413529358,5.466133974,4.883242931,0.000274677,0.008312201,0.568611654,5,5,Up
MEDAG,SMC1,2.395167439,8.149821372,4.876875895,0.000277873,0.008312201,0.376238365,5,5,Up
PSAP,SMC1,1.321886089,8.061674204,4.87612119,0.000278254,0.008312201,0.375405292,5,5,Up
RGS5,SMC1,-2.017730999,8.550535711,-4.875049043,0.000278797,0.008312201,0.405871053,5,5,Down
TRIB1,SMC1,1.172026657,7.059224014,4.872795139,0.000279941,0.008312201,0.406356198,5,5,Up
SESN1,SMC1,-1.184131958,7.557284591,-4.867700874,0.000282546,0.008312201,0.42014129,5,5,Down
CRADD,SMC1,1.730297454,5.884069229,4.865024619,0.000283925,0.008312201,0.486803753,5,5,Up
ACSL4,SMC1,2.150305973,7.937327037,4.862688517,0.000285134,0.008312201,0.353392533,5,5,Up
SSC5D,SMC1,2.136621777,4.338964844,4.861600092,0.000285699,0.008312201,0.612487077,5,5,Up
ADGRL3,SMC1,-1.958213211,10.61146003,-4.857849111,0.000287656,0.008312201,0.347147476,5,5,Down
NCK2,SMC1,-1.259113144,6.960551709,-4.857363069,0.00028791,0.008312201,0.445366105,5,5,Down
MAP3K5,SMC1,-2.063850757,6.940225056,-4.854376973,0.000289479,0.008317701,0.474791177,5,5,Down
SYNPO2,SMC1,-1.681241377,8.516489344,-4.851716049,0.000290885,0.008318477,0.357816641,5,5,Down
CPQ,SMC1,1.021029237,8.166236908,4.834813816,0.00029998,0.008538115,0.29915934,5,5,Up
COL15A1,SMC1,4.167100266,7.191366338,4.824955817,0.000305421,0.008647637,0.36585355,5,5,Up
FBLN2,SMC1,4.985789006,5.930055673,4.822022821,0.000307059,0.008647637,0.551980638,5,5,Up
LAMP1,SMC1,0.99353774,6.760050575,4.820118977,0.000308128,0.008647637,0.331275288,5,5,Up
NIBAN1,SMC1,2.063494803,7.616661106,4.80908656,0.000314395,0.008754686,0.263460192,5,5,Up
TPM2,SMC1,-1.668423867,7.942966295,-4.808305891,0.000314844,0.008754686,0.302836413,5,5,Down
H6PD,SMC1,1.485336178,5.093001691,4.805706965,0.000316342,0.008755985,0.475566373,5,5,Up
ANGPT2,SMC1,-2.306899827,7.585725547,-4.798242975,0.000320685,0.008835664,0.325877772,5,5,Down
BCHE,SMC1,3.361350666,3.795556822,4.777421312,0.00033313,0.009108298,0.277262227,5,5,Up
PLXDC2,SMC1,3.480537816,7.033416969,4.776286594,0.000333822,0.009108298,0.257784348,5,5,Up
SLC7A5,SMC1,-1.550896538,7.80078222,-4.774186119,0.000335108,0.009108298,0.246366937,5,5,Down
CFD,SMC1,6.350623919,8.808240592,4.759204734,0.000344429,0.009319659,0.20665856,5,5,Up
GMDS,SMC1,-0.885681141,7.750616507,-4.744988164,0.000353523,0.009523016,0.175977596,5,5,Down
KIAA1958,SMC1,-2.105451126,6.25891483,-4.742351869,0.000355236,0.009526644,0.384841088,5,5,Down
SERPINE3,SMC1,2.245888396,4.937897415,4.736853888,0.000358837,0.009580642,0.376707411,5,5,Up
MEG3,SMC1,5.479638817,6.877742423,4.731559399,0.000362341,0.009608014,0.347249751,5,5,Up
FRMD3,SMC1,-2.207253336,7.119652158,-4.73049889,0.000363047,0.009608014,0.235346574,5,5,Down
FAT4,SMC1,1.574582581,6.341494236,4.718850042,0.000370897,0.009772906,0.175971928,5,5,Up
LPAR1,SMC1,5.052186723,4.550784383,4.713265698,0.000374723,0.009825846,0.208269313,5,5,Up
PRPSAP1,SMC1,1.525156597,6.931555976,4.711178193,0.000376163,0.009825846,0.11643342,5,5,Up
ANKH,SMC1,2.679156826,7.416245503,4.708756009,0.000377842,0.009827153,0.092892509,5,5,Up
TMTC2,SMC1,2.41316452,7.126199193,4.703716887,0.000381359,0.009876061,0.094204002,5,5,Up
STK32B,SMC1,5.42739115,3.827636948,4.688266142,0.000392357,0.010117435,0.11961421,5,5,Up
GPR176,SMC1,-1.404706092,5.584707796,-4.682178238,0.00039678,0.010187947,0.297180277,5,5,Down
PLAC9,SMC1,1.485345509,7.638823736,4.678541304,0.000399446,0.010212964,0.022119862,5,5,Up
ENOX1,SMC1,-1.183583037,8.709249998,-4.674793822,0.000402214,0.010240329,0.019297415,5,5,Down
BICC1,SMC1,3.512557721,6.62722334,4.657652448,0.000415128,0.010509804,0.079976846,5,5,Up
GUCY1A2,SMC1,-1.765033513,8.599906526,-4.656147498,0.000416282,0.010509804,-0.002542909,5,5,Down
ARHGDIB,SMC1,-2.640031473,5.438212488,-4.64652607,0.000423739,0.010610661,0.259416641,5,5,Down
PLEKHO1,SMC1,-1.482574868,6.641228738,-4.646456439,0.000423793,0.010610661,0.111123006,5,5,Down
GPRC5A,SMC1,1.251454101,8.756986149,4.640370241,0.000428583,0.010678995,-0.065083478,5,5,Up
LGALS3BP,SMC1,1.379078868,6.577993465,4.6345601,0.000433207,0.010678995,0.001319802,5,5,Up
CCDC3,SMC1,-1.811023331,6.83853947,-4.63450903,0.000433248,0.010678995,0.087601873,5,5,Down
CD248,SMC1,2.737286523,4.824159102,4.634066645,0.000433602,0.010678995,0.2340829,5,5,Up
LINC00598,SMC1,3.373561063,3.34087033,4.631538965,0.000435632,0.010685372,-0.009900286,5,5,Up
LINC01197,SMC1,-3.045904904,5.622823492,-4.626459822,0.00043974,0.010742477,0.203397429,5,5,Down
NR1D2,SMC1,-1.617653901,5.842059052,-4.620327651,0.000444754,0.01079502,0.181804503,5,5,Down
OGFRL1,SMC1,1.847671898,6.184320151,4.619458715,0.000445469,0.01079502,0.009329754,5,5,Up
ANGPTL2,SMC1,1.198368682,7.453703853,4.612328029,0.000451383,0.010831483,-0.092348616,5,5,Up
C1R,SMC1,1.764249032,7.815061994,4.611945619,0.000451703,0.010831483,-0.106885346,5,5,Up
KLF4,SMC1,1.60615134,6.915110209,4.611161218,0.000452359,0.010831483,-0.067115159,5,5,Up
EDNRA,SMC1,-1.735532771,7.827027184,-4.608610095,0.000454499,0.01083972,-0.060028402,5,5,Down
ARL6IP5,SMC1,1.229693926,6.085251062,4.605169291,0.000457403,0.010861849,-0.006192913,5,5,Up
SERPINF1,SMC1,2.903473132,6.357530944,4.601144859,0.000460823,0.010861849,-0.020441324,5,5,Up
LRP1B,SMC1,6.017309025,6.138431727,4.60113981,0.000460828,0.010861849,0.1563315,5,5,Up
AC083870.1,SMC1,-1.724073882,5.7547751,-4.585973684,0.000473957,0.011102647,0.13577007,5,5,Down
RASAL2,SMC1,-1.094245153,9.995750916,-4.58403402,0.000475664,0.011102647,-0.160507622,5,5,Down
COBLL1,SMC1,-1.692840581,7.292704746,-4.580938744,0.000478401,0.011102647,-0.069770925,5,5,Down
GJC1,SMC1,-1.972696446,5.65812354,-4.580935441,0.000478404,0.011102647,0.126527358,5,5,Down
LINC01117,SMC1,2.65336573,4.885986687,4.575665497,0.000483101,0.011168708,0.130761613,5,5,Up
ADAMTS9-AS2,SMC1,-1.524356792,9.907121371,-4.570790711,0.000487489,0.011227131,-0.18341313,5,5,Down
ADH1B,SMC1,6.088236302,3.584600818,4.567126156,0.000490815,0.01126074,-0.056523158,5,5,Up
IGFBP5,SMC1,-1.98109049,10.49735296,-4.564890138,0.000492855,0.011264728,-0.193734167,5,5,Down
CREB3L2,SMC1,-0.953182914,8.37592364,-4.545431432,0.000510989,0.011635115,-0.21639222,5,5,Down
ITM2B,SMC1,1.145780359,9.065291479,4.541909052,0.000514344,0.011667491,-0.248031097,5,5,Up
ACTA2,SMC1,-2.123700596,8.320070196,-4.533466177,0.00052248,0.011705809,-0.210559342,5,5,Down
COL8A1,SMC1,5.368755019,4.874899761,4.528278632,0.000527545,0.011705809,-0.062408508,5,5,Up
PDGFD,SMC1,4.548795062,3.733942051,4.526123341,0.000529664,0.011705809,-0.127059763,5,5,Up
CSPP1,SMC1,-1.380350896,7.021879037,-4.526092737,0.000529694,0.011705809,-0.15287073,5,5,Down
WNT5B,SMC1,2.608417935,5.202749133,4.525344831,0.000530432,0.011705809,-0.029687164,5,5,Up
LCORL,SMC1,-1.196111529,6.917683248,-4.524586831,0.00053118,0.011705809,-0.16391861,5,5,Down
MXI1,SMC1,-1.634827175,6.505224342,-4.524244111,0.000531519,0.011705809,-0.103904676,5,5,Down
MT-ND5,SMC1,0.887302916,10.5344888,4.521001661,0.000534736,0.011705809,-0.276340801,5,5,Up
FN1,SMC1,1.878031603,8.877285669,4.520536905,0.000535198,0.011705809,-0.289136193,5,5,Up
AC024230.1,SMC1,5.153017591,6.271753831,4.520301144,0.000535433,0.011705809,0.033935881,5,5,Up
MXRA8,SMC1,1.541516555,5.483277042,4.51692011,0.000538813,0.011737174,-0.096711347,5,5,Up
CSRNP3,SMC1,-2.024850486,5.381051455,-4.513531414,0.000542223,0.011768959,0.022814806,5,5,Down
TTLL7,SMC1,-1.495511154,5.995901473,-4.507440135,0.000548408,0.011857323,-0.067586082,5,5,Down
TNFRSF10B,SMC1,1.667589026,7.298643049,4.504160145,0.000551768,0.011857323,-0.288252283,5,5,Up
FBXL3,SMC1,-1.295013091,5.515390613,-4.50375094,0.000552189,0.011857323,-0.02139989,5,5,Down
ERN1,SMC1,1.23924183,6.591174098,4.493497808,0.00056284,0.012043186,-0.258700018,5,5,Up
ATXN1,SMC1,-1.106180774,8.689929929,-4.488513149,0.000568095,0.012112669,-0.327395602,5,5,Down
IGF2BP2,SMC1,-2.009765664,6.638178918,-4.482306298,0.000574709,0.012210544,-0.13216135,5,5,Down
CYBRD1,SMC1,1.158985756,7.297650071,4.466773518,0.000591612,0.012525562,-0.356139885,5,5,Up
CDH6,SMC1,-2.842763846,5.148110282,-4.459729438,0.000599445,0.012644869,-0.093733752,5,5,Down
CYP1B1-AS1,SMC1,4.607300286,4.495116612,4.455785005,0.000603879,0.012644869,-0.163981793,5,5,Up
RAP2A,SMC1,-1.950735428,4.953202019,-4.455007382,0.000604757,0.012644869,-0.076757845,5,5,Down
EZR,SMC1,-1.674580706,6.280339229,-4.454235645,0.000605629,0.012644869,-0.172989347,5,5,Down
LRRN4CL,SMC1,4.214979541,4.08424456,4.450517087,0.000609852,0.012689134,-0.197506608,5,5,Up
CYCS,SMC1,-1.23518609,7.425591827,-4.428173516,0.000635875,0.013185119,-0.379458966,5,5,Down
INSIG1,SMC1,2.351167131,6.567151671,4.426284503,0.000638127,0.0131865,-0.378483655,5,5,Up
SLC44A1,SMC1,1.139100596,6.18889794,4.422372131,0.000642817,0.01322168,-0.353936469,5,5,Up
SLC24A3,SMC1,-3.381260613,6.005578661,-4.419234907,0.000646604,0.01322168,-0.158742478,5,5,Down
AP1AR,SMC1,-1.049996454,6.869626829,-4.416257977,0.000650218,0.01322168,-0.360682084,5,5,Down
CPE,SMC1,-1.852798409,9.081506825,-4.415405434,0.000651257,0.01322168,-0.461382269,5,5,Down
ZNF385D,SMC1,2.79473282,6.715645241,4.414407796,0.000652475,0.01322168,-0.404121458,5,5,Up
FAM172A,SMC1,0.876582764,7.996274364,4.412993168,0.000654206,0.01322168,-0.479450081,5,5,Up
FIGN,SMC1,-1.641071666,5.964916919,-4.412209189,0.000655168,0.01322168,-0.220076068,5,5,Down
C20orf194,SMC1,-1.480832485,7.253084999,-4.410096482,0.000657766,0.013229863,-0.389206455,5,5,Down
RNASE4,SMC1,1.592116874,5.327358276,4.407644388,0.000660795,0.013246626,-0.273482881,5,5,Up
PLPP3,SMC1,1.565609775,9.339455086,4.402659506,0.000666996,0.013326671,-0.508164905,5,5,Up
NOCT,SMC1,0.971295733,7.661361485,4.395968886,0.000675414,0.01345033,-0.502308569,5,5,Up
THY1,SMC1,-2.68676133,5.17554885,-4.388441371,0.000685017,0.013572943,-0.180415663,5,5,Down
KLF11,SMC1,-2.642895259,5.27830136,-4.387622006,0.00068607,0.013572943,-0.181113211,5,5,Down
PAWR,SMC1,-1.176811328,8.504163339,-4.384742381,0.000689787,0.013586296,-0.516868999,5,5,Down
MMP2,SMC1,3.719727294,6.452579079,4.383613977,0.000691248,0.013586296,-0.375363077,5,5,Up
EGLN1,SMC1,1.170427032,6.556720066,4.372737481,0.000705504,0.013821474,-0.481351681,5,5,Up
ANKRD33B,SMC1,-1.219909439,7.515495601,-4.363126413,0.000718354,0.013971946,-0.509507546,5,5,Down
CD34,SMC1,2.761086975,4.346594007,4.362581544,0.00071909,0.013971946,-0.230585544,5,5,Up
ABCA9,SMC1,4.496148179,5.493330191,4.36176878,0.000720189,0.013971946,-0.226919514,5,5,Up
BIRC2,SMC1,1.73566882,5.840960219,4.358416551,0.000724739,0.013971946,-0.435207972,5,5,Up
NHS,SMC1,-1.266617016,7.124487616,-4.358111909,0.000725154,0.013971946,-0.481932656,5,5,Down
ARHGEF3,SMC1,3.343191497,4.076555726,4.356006251,0.000728029,0.013971946,-0.307472675,5,5,Up
SNX14,SMC1,0.99233815,6.31537106,4.35363767,0.000731277,0.013971946,-0.491509219,5,5,Up
MBNL2,SMC1,-1.009896759,7.456106038,-4.353323075,0.000731709,0.013971946,-0.532433529,5,5,Down
CACNA1C,SMC1,-1.382646972,9.386115764,-4.349649008,0.00073678,0.014024395,-0.595462735,5,5,Down
MIR99AHG,SMC1,1.321537422,7.811427761,4.343819209,0.000744901,0.014134383,-0.607464797,5,5,Up
PI16,SMC1,5.247509076,4.722724815,4.341977539,0.000747486,0.014138962,-0.34847333,5,5,Up
ACO1,SMC1,1.239540414,6.942196843,4.327576712,0.000768016,0.014469869,-0.596541798,5,5,Up
ITPKC,SMC1,2.959287207,5.22591044,4.326361091,0.000769776,0.014469869,-0.378740514,5,5,Up
AC097376.3,SMC1,0.98085222,5.82152613,4.323333432,0.000774176,0.014507387,-0.489203088,5,5,Up
TNFSF10,SMC1,3.339211401,4.072599503,4.317831713,0.000782238,0.014613084,-0.36196282,5,5,Up
STX4,SMC1,1.817255806,4.954164973,4.31580323,0.000785233,0.014623746,-0.378691532,5,5,Up
CASC15,SMC1,-1.926711531,6.678164065,-4.310206681,0.000793555,0.014718734,-0.49718438,5,5,Down
ITGA11,SMC1,2.294317679,4.978199729,4.309100034,0.000795212,0.014718734,-0.390666026,5,5,Up
TMEM132C,SMC1,3.068629678,4.13239891,4.305826812,0.000800132,0.014764514,-0.363250385,5,5,Up
MEG8,SMC1,6.204626592,7.830857628,4.299492277,0.000809743,0.014896309,-0.550507861,5,5,Up
ATP6V0E1,SMC1,1.019178797,6.041738024,4.297619382,0.000812607,0.014903565,-0.567969368,5,5,Up
IPMK,SMC1,-1.225731001,7.30192611,-4.291680727,0.000821759,0.015004459,-0.624108207,5,5,Down
PDIA3,SMC1,1.070837768,7.396367795,4.290827931,0.000823082,0.015004459,-0.69007712,5,5,Up
FHL5,SMC1,-3.045117229,5.730299747,-4.287638053,0.000828049,0.01504955,-0.371319952,5,5,Down
SLIT3,SMC1,-1.794166012,9.387367841,-4.284931407,0.000832289,0.015081172,-0.713438364,5,5,Down
LAMB1,SMC1,2.400741331,6.611723332,4.278830735,0.000841926,0.015210125,-0.657451933,5,5,Up
AMPH,SMC1,2.53427572,5.052327101,4.27164142,0.000853431,0.015349536,-0.431631383,5,5,Up
LINC02062,SMC1,1.045898252,6.702195226,4.270835378,0.000854731,0.015349536,-0.682731955,5,5,Up
PLTP,SMC1,1.065188432,5.681168108,4.263468097,0.000866707,0.015454563,-0.583004423,5,5,Up
ITGA7,SMC1,-2.338742702,5.970382639,-4.262889956,0.000867654,0.015454563,-0.47016289,5,5,Down
PPP1R12B,SMC1,-1.260992438,7.072521124,-4.260997835,0.000870761,0.015454563,-0.669737639,5,5,Down
KLHL23,SMC1,-2.119544519,5.397271259,-4.260716995,0.000871223,0.015454563,-0.409939326,5,5,Down
SPECC1,SMC1,-1.626740742,6.636997838,-4.259404953,0.000873385,0.015454563,-0.596576864,5,5,Down
AL590807.1,SMC1,4.355017814,5.819658183,4.254791499,0.000881033,0.0155443,-0.440228517,5,5,Up
CUBN,SMC1,2.83477476,3.681305476,4.249591505,0.000889735,0.015615874,-0.507873382,5,5,Up
RRBP1,SMC1,0.912871915,8.083617964,4.247917855,0.000892555,0.015615874,-0.792918501,5,5,Up
SGMS2,SMC1,0.958609354,6.68747181,4.246515999,0.000894923,0.015615874,-0.725790687,5,5,Up
SFMBT2,SMC1,-1.554731279,6.414044811,-4.244968379,0.000897546,0.015615874,-0.586092657,5,5,Down
SLC19A2,SMC1,1.716101282,7.335122841,4.244043022,0.000899118,0.015615874,-0.77855415,5,5,Up
AF117829.1,SMC1,1.249697026,6.72694746,4.243161959,0.000900617,0.015615874,-0.739096158,5,5,Up
ENAH,SMC1,-1.327179149,8.607394185,-4.240289479,0.000905523,0.015655951,-0.788605624,5,5,Down
THSD7A,SMC1,5.203588629,3.819042628,4.234956861,0.000914704,0.015769495,-0.554340542,5,5,Up
BX284613.2,SMC1,1.866590644,4.726686649,4.232973612,0.000918143,0.015783683,-0.495396852,5,5,Up
LGR4,SMC1,-1.811482755,7.957941211,-4.22818214,0.000926506,0.015870035,-0.77382587,5,5,Down
CRLF1,SMC1,3.059488842,5.187786821,4.22708812,0.000928426,0.015870035,-0.492239225,5,5,Up
INPP4B,SMC1,-1.912549064,9.042998322,-4.223488062,0.000934774,0.01591781,-0.822441032,5,5,Down
AC008397.1,SMC1,2.589129867,4.393642175,4.222515555,0.000936497,0.01591781,-0.46430557,5,5,Up
CACNB4,SMC1,3.27987475,4.551520662,4.220975997,0.000939231,0.015919431,-0.467946309,5,5,Up
MGP,SMC1,1.35200397,9.421803809,4.217457283,0.000945509,0.015980962,-0.857041788,5,5,Up
AL356124.1,SMC1,2.38617165,4.773059527,4.211075359,0.000957007,0.016041785,-0.514416646,5,5,Up
C3,SMC1,6.862821027,5.660495766,4.209293205,0.000960244,0.016041785,-0.542854988,5,5,Up
MYO1D,SMC1,-1.067655526,8.479254067,-4.209052495,0.000960682,0.016041785,-0.849241507,5,5,Down
NFASC,SMC1,-2.73568736,5.973971264,-4.208782487,0.000961173,0.016041785,-0.549994434,5,5,Down
ADD3,SMC1,2.278523638,6.046728788,4.208108983,0.000962401,0.016041785,-0.732364536,5,5,Up
DPT,SMC1,4.881920216,5.770555283,4.193593597,0.000989245,0.016443822,-0.512682562,5,5,Up
AC135050.3,SMC1,2.666345199,4.751878243,4.191634565,0.000992927,0.016454639,-0.54421395,5,5,Up
TNNI3K,SMC1,1.819306139,4.415684771,4.190349175,0.00099535,0.016454639,-0.533276999,5,5,Up
FGD4,SMC1,-1.723223876,5.491680121,-4.185208659,0.001005102,0.016570452,-0.571149552,5,5,Down
CFAP161,SMC1,2.338243563,7.991141764,4.176031663,0.001022756,0.016774641,-0.928552829,5,5,Up
ARHGEF7,SMC1,-1.366618732,7.3793372,-4.175881501,0.001023047,0.016774641,-0.850714486,5,5,Down
LRRTM3,SMC1,-2.367818849,5.001514241,-4.174304275,0.001026114,0.016779333,-0.545567145,5,5,Down
LRRC8C,SMC1,-1.095049335,6.230697169,-4.169855862,0.001034815,0.016848315,-0.730978322,5,5,Down
B4GALT5,SMC1,1.02857785,7.478565907,4.169295201,0.001035917,0.016848315,-0.923347159,5,5,Up
RMDN2-AS1,SMC1,4.528917479,4.119836186,4.164839579,0.001044718,0.016945775,-0.641003955,5,5,Up
TDRP,SMC1,-1.191564666,5.873783692,-4.14380741,0.001087309,0.017577175,-0.712890469,5,5,Down
FOXP1,SMC1,-0.850974747,9.020632688,-4.142762624,0.00108947,0.017577175,-0.98795746,5,5,Down
ECHDC1,SMC1,1.591609712,5.05586985,4.135957526,0.001103658,0.017758593,-0.728216763,5,5,Up
ACSL3,SMC1,0.980581885,7.941833413,4.134098903,0.001107566,0.017774076,-1.00572138,5,5,Up
CCNG2,SMC1,1.555374262,6.701079709,4.130294042,0.00111561,0.017855681,-0.952079723,5,5,Up
LINC00924,SMC1,-2.37880562,5.9496441,-4.128073761,0.001120332,0.017883818,-0.696129642,5,5,Down
B4GALT1,SMC1,0.931001618,8.682453994,4.121086193,0.001135327,0.018075358,-1.040462214,5,5,Up
ULK4,SMC1,1.17434853,5.262361026,4.113967068,0.001150815,0.018222425,-0.799279653,5,5,Up
ISLR,SMC1,3.222957069,5.478303843,4.113784732,0.001151215,0.018222425,-0.707400531,5,5,Up
CALM2,SMC1,-1.041506275,8.433057608,-4.112686706,0.001153624,0.018222425,-1.030878128,5,5,Down
CHST15,SMC1,-1.587293623,7.055419468,-4.109773011,0.001160041,0.018275952,-0.926138186,5,5,Down
AL078604.4,SMC1,5.802754893,8.182990537,4.107033418,0.001166109,0.018289202,-0.986142411,5,5,Up
PCOLCE,SMC1,1.846358766,6.627206585,4.106657295,0.001166944,0.018289202,-0.989977557,5,5,Up
CAVIN2,SMC1,-2.854851821,4.91402624,-4.101862237,0.001177651,0.01839038,-0.685983226,5,5,Down
AHNAK,SMC1,0.834445665,8.713695094,4.10104035,0.001179496,0.01839038,-1.078295547,5,5,Up
HSP90B1,SMC1,1.117896701,8.012142877,4.098340661,0.001185577,0.018437563,-1.076457755,5,5,Up
RFX3-AS1,SMC1,1.379414225,5.835844962,4.094562168,0.001194144,0.018510193,-0.926746498,5,5,Up
TANC1,SMC1,-1.498944593,7.952460583,-4.093578917,0.001196383,0.018510193,-1.037227952,5,5,Down
TXNIP,SMC1,1.338960553,6.935366631,4.090359785,0.001203745,0.018560994,-1.044603887,5,5,Up
PELI1,SMC1,-1.12295418,7.258431036,-4.089205481,0.001206396,0.018560994,-1.01128994,5,5,Down
VCAN-AS1,SMC1,4.621494263,3.484560327,4.087576203,0.001210149,0.018560994,-0.799013017,5,5,Up
TNFAIP6,SMC1,5.699117,8.158336841,4.086786891,0.001211971,0.018560994,-1.022947456,5,5,Up
MFAP4,SMC1,1.242489381,7.028522474,4.080345321,0.001226947,0.018742774,-1.069198877,5,5,Up
ECM1,SMC1,1.904940427,5.674383009,4.07667158,0.001235572,0.018826878,-0.93460811,5,5,Up
FNBP1L,SMC1,-1.685432285,5.489948485,-4.072985175,0.00124429,0.018911961,-0.777509361,5,5,Down
NAV1,SMC1,1.214011956,6.436342979,4.06103199,0.001272995,0.019226186,-1.056953946,5,5,Up
MFAP5,SMC1,5.056449161,5.890058383,4.060780993,0.001273605,0.019226186,-0.741022085,5,5,Up
LRRC32,SMC1,-1.645367796,6.168977963,-4.060403164,0.001274523,0.019226186,-0.90258112,5,5,Down
COPB1,SMC1,0.841142981,6.386827459,4.057747979,0.001280999,0.019275682,-1.052960459,5,5,Up
SRPX2,SMC1,2.475182857,5.504658417,4.052668052,0.001293483,0.019304467,-0.933549668,5,5,Up
FNDC1,SMC1,4.085780664,4.26116487,4.052188543,0.001294667,0.019304467,-0.803450455,5,5,Up
LAMA2,SMC1,5.942107096,7.861754921,4.052165348,0.001294725,0.019304467,-1.035937228,5,5,Up
ACTN1,SMC1,-1.769737474,7.251037122,-4.050613567,0.001298567,0.019304467,-1.058924199,5,5,Down
ALDH1A1,SMC1,1.672877053,6.201112179,4.050475715,0.001298908,0.019304467,-1.054540706,5,5,Up
ADD1,SMC1,-1.192446669,6.361891767,-4.044645716,0.001313451,0.019472638,-0.994941241,5,5,Down
PDE1C,SMC1,-1.365137487,8.01440847,-4.034280906,0.001339719,0.019813387,-1.156953095,5,5,Down
MT2A,SMC1,-1.818954813,9.715017982,-4.031784867,0.001346124,0.019859448,-1.197108961,5,5,Down
LPIN1,SMC1,1.021324883,5.767418023,4.028639382,0.001354241,0.019882668,-1.033773504,5,5,Up
SKIL,SMC1,0.886879933,7.861829509,4.028621206,0.001354288,0.019882668,-1.203440938,5,5,Up
MAP2,SMC1,-2.681400707,5.088660787,-4.024208624,0.00136576,0.020002422,-0.802173849,5,5,Down
MYH11,SMC1,-1.906595409,7.744317757,-4.018169579,0.001381622,0.020126901,-1.149053843,5,5,Down
LMOD1,SMC1,-1.89190043,6.841455782,-4.017486425,0.001383428,0.020126901,-1.055730391,5,5,Down
DPY19L2,SMC1,-2.673475259,5.45683881,-4.016092103,0.001387122,0.020126901,-0.819230299,5,5,Down
PTEN,SMC1,-0.970431805,7.411481014,-4.015911285,0.001387602,0.020126901,-1.165864812,5,5,Down
PANX1,SMC1,1.218303256,6.753394985,4.014057546,0.00139253,0.020149949,-1.174331972,5,5,Up
SMC6,SMC1,-1.180134624,6.057240033,-4.008509901,0.001407387,0.020316202,-1.006263476,5,5,Down
WDR48,SMC1,-1.596819962,5.149210246,-4.005172215,0.001416403,0.02035739,-0.857700488,5,5,Down
BTBD9,SMC1,-0.9046827,7.916867735,-4.003884333,0.001419898,0.02035739,-1.220861427,5,5,Down
GEM,SMC1,1.461807453,9.750238292,4.003713777,0.001420362,0.02035739,-1.261094494,5,5,Up
ZCCHC14,SMC1,-1.046573917,7.363596315,-4.000378588,0.001429456,0.020409034,-1.191749969,5,5,Down
MT-ND1,SMC1,0.940273411,12.2230745,3.999913346,0.001430729,0.020409034,-1.249194001,5,5,Up
TEAD4,SMC1,-1.421088059,6.076882911,-3.996842788,0.001439163,0.020464343,-1.007520936,5,5,Down
COL25A1,SMC1,-1.764277992,8.723424397,-3.996034999,0.00144139,0.020464343,-1.248796163,5,5,Down
CYBA,SMC1,1.979034004,4.968493253,3.994500871,0.001445629,0.02047635,-0.964561201,5,5,Up
ARHGAP22,SMC1,4.398512839,3.687271248,3.991689176,0.001453432,0.020538657,-0.933262737,5,5,Up
VCAN,SMC1,5.342189644,7.214053171,3.988306948,0.001462875,0.020623798,-1.106080369,5,5,Up
KCND3,SMC1,1.989004013,4.711427373,3.985587146,0.001470514,0.020667528,-0.943100216,5,5,Up
CCN1,SMC1,1.40003652,7.111348669,3.984766436,0.001472827,0.020667528,-1.257507191,5,5,Up
RYR2,SMC1,-1.849229529,7.372910763,-3.976397233,0.001496629,0.0209528,-1.20686049,5,5,Down
ELMO1,SMC1,3.880905533,5.074238109,3.97271671,0.00150722,0.021052235,-0.893960038,5,5,Up
FOXC1,SMC1,-1.240498196,6.559249005,-3.965233839,0.00152899,0.021306994,-1.159249782,5,5,Down
GREB1L,SMC1,3.612362922,5.688969485,3.963954158,0.001532746,0.021310109,-0.986963317,5,5,Up
LRRC23,SMC1,1.685591456,5.981190443,3.96093858,0.001541632,0.021384385,-1.197623656,5,5,Up
AP002762.2,SMC1,2.208537185,4.59914508,3.95781396,0.001550895,0.021463536,-0.964551531,5,5,Up
TAGLN,SMC1,-1.455006691,9.595037275,-3.949105647,0.001577013,0.021731656,-1.356805763,5,5,Down
NOVA1,SMC1,4.508423654,6.156169495,3.948954082,0.001577472,0.021731656,-1.025855653,5,5,Up
AC119674.1,SMC1,1.769941943,8.668603251,3.947542033,0.00158175,0.021738803,-1.373637853,5,5,Up
PRR16,SMC1,-1.714922429,6.712472636,-3.946407661,0.001585196,0.021738803,-1.176103894,5,5,Down
FGL2,SMC1,4.168945926,4.374412189,3.935629345,0.001618321,0.022142741,-0.989181714,5,5,Up
PPP1R12A,SMC1,-0.968098941,8.456143563,-3.932440947,0.001628255,0.022228257,-1.375993132,5,5,Down
NCKAP5,SMC1,-1.612027257,9.109148184,-3.928439684,0.001640809,0.022321453,-1.389151156,5,5,Down
TGFBI,SMC1,-1.661326575,7.347716613,-3.925236613,0.001650931,0.022321453,-1.300044388,5,5,Down
SEPTIN7,SMC1,-1.150254153,8.374439621,-3.92512866,0.001651273,0.022321453,-1.384714033,5,5,Down
SLC25A44,SMC1,1.873047877,6.010269868,3.924297699,0.00165391,0.022321453,-1.269160783,5,5,Up
NEXN,SMC1,-1.85958834,5.945401049,-3.923926599,0.001655089,0.022321453,-1.072855718,5,5,Down
CCND1,SMC1,-2.317105506,4.957193866,-3.923238389,0.001657277,0.022321453,-0.974552122,5,5,Down
LINC01088,SMC1,1.944249633,6.870255531,3.921240359,0.001663648,0.022357354,-1.362419511,5,5,Up
ZNF217,SMC1,1.256736485,5.647737602,3.914882039,0.001684089,0.0224875,-1.234691949,5,5,Up
SMIM14,SMC1,1.097645798,5.691131358,3.914606491,0.00168498,0.0224875,-1.235069388,5,5,Up
ATF7IP2,SMC1,2.049470052,5.154281,3.912829922,0.00169074,0.0224875,-1.154969996,5,5,Up
CSRP1,SMC1,-1.993369046,5.997326157,-3.912620397,0.001691421,0.0224875,-1.118876193,5,5,Down
XBP1,SMC1,0.851617467,7.154352557,3.912452588,0.001691966,0.0224875,-1.392663237,5,5,Up
PELI2,SMC1,-1.12985757,8.032251869,-3.909451356,0.00170175,0.02252186,-1.400475088,5,5,Down
CASP4,SMC1,1.113510928,6.317518015,3.909369866,0.001702017,0.02252186,-1.33052552,5,5,Up
TRIM33,SMC1,-1.030747121,6.509602485,-3.905427903,0.001714957,0.022643436,-1.266738713,5,5,Down
LTBP2,SMC1,3.665423075,5.445601154,3.901774303,0.00172704,0.022753191,-1.126853956,5,5,Up
CCDC126,SMC1,-1.898586798,5.768306373,-3.899144665,0.001735791,0.0228083,-1.140523992,5,5,Down
ASAP1,SMC1,-1.069718721,10.41017313,-3.898248616,0.001738783,0.0228083,-1.456190173,5,5,Down
MYH9,SMC1,-1.09720952,8.726007408,-3.892986648,0.001756461,0.022984599,-1.456412894,5,5,Down
COL6A1,SMC1,1.254673603,9.570528946,3.89198642,0.001759842,0.022984599,-1.476149865,5,5,Up
AL513166.1,SMC1,3.824669119,4.066593288,3.890100976,0.001766233,0.023018249,-1.05469122,5,5,Up
ASAP2,SMC1,-0.754576909,7.226046848,-3.886527173,0.001778412,0.023118276,-1.406397681,5,5,Down
FAM20C,SMC1,1.039037591,6.412319924,3.885604488,0.001781571,0.023118276,-1.385467338,5,5,Up
LINC01697,SMC1,4.184127941,3.875435457,3.883726376,0.001788017,0.023152139,-1.094651501,5,5,Up
SNAI2,SMC1,-1.764414734,5.501473941,-3.881902961,0.001794299,0.023182891,-1.107709062,5,5,Down
BHLHE40,SMC1,1.048187015,10.8102911,3.879064487,0.001804122,0.023182891,-1.489590852,5,5,Up
HELLPAR,SMC1,3.772429045,3.454370088,3.878869924,0.001804798,0.023182891,-1.122125436,5,5,Up
FGFR1,SMC1,1.418306482,9.05508966,3.878592648,0.00180576,0.023182891,-1.50515717,5,5,Up
TRPC6,SMC1,-1.691787378,6.01645226,-3.876830637,0.001811892,0.023212217,-1.187939284,5,5,Down
ZBTB21,SMC1,0.999721185,6.916422953,3.870825757,0.001832946,0.023432201,-1.457609203,5,5,Up
PRELP,SMC1,1.302763981,6.334063636,3.865359035,0.001852331,0.023606566,-1.41730301,5,5,Up
EML1,SMC1,1.99806419,5.421125466,3.864353561,0.001855919,0.023606566,-1.284978336,5,5,Up
ZEB1,SMC1,0.83907752,8.55389709,3.863681218,0.001858323,0.023606566,-1.530766301,5,5,Up
TMOD3,SMC1,-0.735926354,7.363205866,-3.857092659,0.001882042,0.023826826,-1.473929997,5,5,Down
CBLB,SMC1,1.708527111,9.912708692,3.856674043,0.001883559,0.023826826,-1.540875289,5,5,Up
GBP1,SMC1,1.87772186,5.329249555,3.854249028,0.001892374,0.023888254,-1.298301481,5,5,Up
CDC42,SMC1,-0.964290406,6.477112976,-3.851724031,0.001901597,0.023954567,-1.386400186,5,5,Down
LGALS3,SMC1,0.716056946,8.288780412,3.844440434,0.00192846,0.024242346,-1.564002731,5,5,Up
UNC13B,SMC1,-0.953916297,5.949779711,-3.842566408,0.001935434,0.024260835,-1.308091332,5,5,Down
RBPMS,SMC1,-0.897184421,8.734042344,-3.841393746,0.001939811,0.024260835,-1.557929042,5,5,Down
KIAA1217,SMC1,2.640474564,6.453651933,3.840810176,0.001941993,0.024260835,-1.464088813,5,5,Up
JMY,SMC1,-0.986521015,6.620148866,-3.837762778,0.001953427,0.024353266,-1.420626411,5,5,Down
LAMA5,SMC1,-2.135690232,5.010852131,-3.836337099,0.001958801,0.024369901,-1.12473295,5,5,Down
LRRC49,SMC1,3.058101204,6.168422207,3.834005479,0.00196762,0.024429263,-1.429958488,5,5,Up
PDCD4,SMC1,-1.111959525,6.734112337,-3.826609702,0.001995866,0.024691348,-1.450211427,5,5,Down
CUL4A,SMC1,-0.875785845,7.730834452,-3.826337324,0.001996914,0.024691348,-1.550908754,5,5,Down
TACC2,SMC1,-1.088731505,7.406079734,-3.824647978,0.002003427,0.024703478,-1.526742842,5,5,Down
MAN1A1,SMC1,1.216508065,8.599161732,3.820324018,0.002020196,0.024703478,-1.615924699,5,5,Up
TMEM131L,SMC1,-1.834289636,7.605405561,-3.819728457,0.002022517,0.024703478,-1.52307808,5,5,Down
RNF144A,SMC1,2.383371405,4.583376312,3.818936323,0.002025608,0.024703478,-1.190040533,5,5,Up
IER3,SMC1,2.917104298,8.292586139,3.818832373,0.002026014,0.024703478,-1.61204167,5,5,Up
VPS13D,SMC1,-0.996889249,7.418841067,-3.817976247,0.002029361,0.024703478,-1.541440785,5,5,Down
SLC35F1,SMC1,-2.413675093,5.064823876,-3.817948698,0.002029469,0.024703478,-1.164542369,5,5,Down
HIF1A-AS3,SMC1,-3.044830899,4.919296028,-3.817647631,0.002030647,0.024703478,-1.158924764,5,5,Down
SYNE3,SMC1,1.43369894,5.196047405,3.814994854,0.00204106,0.024780199,-1.348465404,5,5,Up
IL1RL2,SMC1,1.668668447,5.466614968,3.809215367,0.002063936,0.025007614,-1.408508627,5,5,Up
METTL7A,SMC1,1.363762252,5.85023585,3.806218031,0.002075903,0.025102199,-1.469962434,5,5,Up
TLN2,SMC1,2.759990017,6.011644073,3.80437717,0.002083287,0.025141109,-1.465639282,5,5,Up
NPY1R,SMC1,-2.61661891,4.771821111,-3.801899871,0.002093267,0.025211121,-1.190574609,5,5,Down
ABCC9,SMC1,-1.635006708,9.353897425,-3.800107918,0.002100516,0.025223495,-1.637811887,5,5,Down
MGST1,SMC1,5.511857519,4.276715645,3.799580441,0.002102655,0.025223495,-1.225668339,5,5,Up
KIF21A,SMC1,2.273018741,5.772932479,3.796555246,0.002114963,0.025311385,-1.465271017,5,5,Up
THOC1,SMC1,0.907772036,5.562403078,3.795720966,0.002118371,0.025311385,-1.434852741,5,5,Up
TINAGL1,SMC1,-2.399666609,5.845945628,-3.793542457,0.002127295,0.025367779,-1.319989232,5,5,Down
FHIT,SMC1,0.872225903,7.053192569,3.791424259,0.002136008,0.025421447,-1.617485664,5,5,Up
ZBTB38,SMC1,-1.196328632,7.58811066,-3.78904611,0.002145834,0.02548812,-1.604286238,5,5,Down
ITPRIP,SMC1,2.244906389,5.396532223,3.786566295,0.00215613,0.025524271,-1.42622264,5,5,Up
ADRA2A,SMC1,-2.013573092,4.756952239,-3.785653488,0.002159932,0.025524271,-1.210037707,5,5,Down
NKD1,SMC1,-2.377510401,5.121724533,-3.785261197,0.002161568,0.025524271,-1.209980805,5,5,Down
NR2F1-AS1,SMC1,-1.741037444,5.609796948,-3.783332399,0.002169631,0.025569444,-1.291220235,5,5,Down
DISC1,SMC1,1.441453498,5.353065667,3.781864965,0.002175786,0.025591996,-1.438397398,5,5,Up
MCU,SMC1,-1.23914451,7.123336413,-3.777994225,0.002192107,0.02572619,-1.585169323,5,5,Down
THBD,SMC1,-1.340101441,6.725559348,-3.776824441,0.002197064,0.02572619,-1.531876113,5,5,Down
SRGAP1,SMC1,2.126542116,8.31362916,3.775272171,0.002203659,0.02572619,-1.700290593,5,5,Up
DNAJB1,SMC1,1.389826734,7.406628972,3.77513338,0.002204249,0.02572619,-1.674651723,5,5,Up
DDR2,SMC1,1.052672178,8.269451474,3.773817539,0.002209857,0.02574185,-1.701328597,5,5,Up
PCDH7,SMC1,4.763791896,3.915105046,3.771282204,0.002220703,0.025779194,-1.274948087,5,5,Up
CCDC102B,SMC1,-1.711567916,6.92196196,-3.770481916,0.002224138,0.025779194,-1.555061133,5,5,Down
SORBS1,SMC1,-1.149401175,8.186951042,-3.770076573,0.00222588,0.025779194,-1.671985359,5,5,Down
RERG,SMC1,-2.129353893,6.14285534,-3.768964468,0.002230666,0.025785131,-1.388443982,5,5,Down
CLEC14A,SMC1,3.174025181,4.194998183,3.766747156,0.00224024,0.025846282,-1.247903721,5,5,Up
TUBB3,SMC1,-1.570464946,5.094282504,-3.763903337,0.002252579,0.025939053,-1.284309424,5,5,Down
MERTK,SMC1,-2.521852226,5.182870599,-3.760167041,0.002268897,0.026077189,-1.25312156,5,5,Down
AC073050.1,SMC1,-1.597626499,6.105820723,-3.75533439,0.002290181,0.026177549,-1.396072819,5,5,Down
MAPRE2,SMC1,-1.59435416,5.709048643,-3.755242333,0.002290589,0.026177549,-1.358423097,5,5,Down
MYL9,SMC1,-1.635933273,8.123591758,-3.755229814,0.002290644,0.026177549,-1.684425694,5,5,Down
DLG2,SMC1,0.813183715,9.370946609,3.753413642,0.002298697,0.026189403,-1.742581516,5,5,Up
TRAF3,SMC1,1.570533294,7.068280568,3.753038962,0.002300362,0.026189403,-1.697703412,5,5,Up
MBP,SMC1,2.494227963,5.079742318,3.74904778,0.002318173,0.026342482,-1.405598009,5,5,Up
COL27A1,SMC1,-1.502873509,7.559418727,-3.744586045,0.002338251,0.02649787,-1.678237844,5,5,Down
OXSR1,SMC1,-1.255732815,6.073566636,-3.743704549,0.002342238,0.02649787,-1.477492152,5,5,Down
FLNA,SMC1,-0.967334073,8.045888418,-3.743090104,0.002345022,0.02649787,-1.724247308,5,5,Down
TMED10,SMC1,1.029714192,5.852725003,3.741187638,0.002353662,0.026545788,-1.589384258,5,5,Up
ACVRL1,SMC1,3.122842082,4.701337498,3.735813862,0.002378242,0.026772973,-1.329115126,5,5,Up
SNX25,SMC1,-1.193671555,6.634473756,-3.734150467,0.002385903,0.026809202,-1.609877991,5,5,Down
RUNX1,SMC1,1.039290944,9.165991486,3.730887557,0.002401005,0.026928742,-1.78735919,5,5,Up
MAGI1,SMC1,-1.837968612,6.770029166,-3.7284657,0.002412276,0.027004965,-1.614493793,5,5,Down
JMJD1C,SMC1,0.854364547,10.65116864,3.724702406,0.002429898,0.027151861,-1.786925929,5,5,Up
NAALADL2,SMC1,0.925658129,8.993255911,3.722610577,0.00243975,0.027211551,-1.803255694,5,5,Up
REL,SMC1,0.889546108,7.675254799,3.721164512,0.002446584,0.027237427,-1.785159533,5,5,Up
KLHL21,SMC1,1.212148292,7.085774157,3.716830422,0.002467183,0.027416173,-1.766908089,5,5,Up
S100A13,SMC1,1.744443727,5.666744071,3.715320085,0.002474403,0.027445857,-1.618054828,5,5,Up
NMD3,SMC1,-1.26490937,7.770272193,-3.713287859,0.002484151,0.027487316,-1.758035252,5,5,Down
FBXL20,SMC1,-0.958687706,5.847650441,-3.712643266,0.002487251,0.027487316,-1.519121368,5,5,Down
EHD2,SMC1,-1.539475413,5.84063661,-3.707949194,0.002509947,0.027652753,-1.497640716,5,5,Down
ACKR3,SMC1,1.859462267,6.463151301,3.707091136,0.002514118,0.027652753,-1.734901108,5,5,Up
CD47,SMC1,1.101009898,5.764832007,3.706710661,0.00251597,0.027652753,-1.644049375,5,5,Up
SLC16A7,SMC1,1.160531825,8.595807334,3.705003173,0.002524298,0.027693839,-1.837047859,5,5,Up
PPP1R14A,SMC1,-3.401803626,4.494524609,-3.703499487,0.002531655,0.027724145,-1.373727172,5,5,Down
FBLN5,SMC1,4.173648001,4.833649287,3.700267918,0.002547539,0.027847559,-1.356157131,5,5,Up
TGFBR3,SMC1,0.992646686,8.043213531,3.697048678,0.002563464,0.027970963,-1.843963151,5,5,Up
TACC1,SMC1,-1.17684348,8.957817688,-3.695563052,0.002570847,0.028000889,-1.837913054,5,5,Down
PTGS2,SMC1,4.781795659,4.827265714,3.69190414,0.002589123,0.028149133,-1.375066448,5,5,Up
DENND4A,SMC1,0.987512034,9.871084868,3.689199648,0.002602717,0.028199221,-1.862296058,5,5,Up
PMF1,SMC1,1.629636897,6.269956515,3.689128136,0.002603077,0.028199221,-1.748483385,5,5,Up
VDAC1,SMC1,-1.161476237,6.288756352,-3.688059681,0.002608468,0.028206981,-1.619835448,5,5,Down
ADGRB3,SMC1,-1.313119729,8.618599867,-3.686771398,0.002614983,0.028226849,-1.844781551,5,5,Down
PTGER4,SMC1,2.430542917,5.054532946,3.684608294,0.00262596,0.028294717,-1.534994083,5,5,Up
THBS4,SMC1,3.159669552,7.850709779,3.681680591,0.002640891,0.028329991,-1.858311353,5,5,Up
PLD3,SMC1,1.089410418,5.473149206,3.68036541,0.002647626,0.028329991,-1.646384866,5,5,Up
FOXC2,SMC1,-2.416421997,5.110203908,-3.67989322,0.002650049,0.028329991,-1.396648609,5,5,Down
ZFAND3,SMC1,0.846885007,9.593037177,3.67851068,0.002657155,0.028329991,-1.885013795,5,5,Up
PMP22,SMC1,0.781567781,7.354687742,3.678487697,0.002657273,0.028329991,-1.851767859,5,5,Up
BMPER,SMC1,4.580630594,5.956015892,3.678462267,0.002657404,0.028329991,-1.481500182,5,5,Up
TNRC6A,SMC1,-0.835110221,6.382820051,-3.676410325,0.002667987,0.02839265,-1.701524903,5,5,Down
AP001011.1,SMC1,-1.205858995,6.439090413,-3.674371362,0.002678545,0.028454827,-1.703875059,5,5,Down
NFKBIA,SMC1,1.551619937,8.814968412,3.669455549,0.002704175,0.028676617,-1.907046466,5,5,Up
ST5,SMC1,-0.968227722,6.997442387,-3.667127291,0.002716401,0.02875573,-1.791352434,5,5,Down
SEPTIN9,SMC1,-0.941127463,7.849073847,-3.663621133,0.002734918,0.028893653,-1.867155919,5,5,Down
SERTAD2,SMC1,0.997214715,6.696668552,3.662850182,0.002739007,0.028893653,-1.836104129,5,5,Up
CARMN,SMC1,-3.804713404,5.487227779,-3.657810469,0.002765889,0.029126306,-1.481605398,5,5,Down
FBXO32,SMC1,-1.555712147,5.378607128,-3.656524,0.002772794,0.029148147,-1.538916871,5,5,Down
PLOD1,SMC1,1.412954033,5.139424663,3.653145138,0.002791012,0.02925293,-1.639985019,5,5,Up
LONRF3,SMC1,1.236387909,7.386484994,3.651172484,0.002801704,0.02925293,-1.909845178,5,5,Up
KLHL24,SMC1,-0.971999469,6.867149011,-3.649944995,0.002808379,0.02925293,-1.81118626,5,5,Down
AOC3,SMC1,-1.786197596,5.829284663,-3.649788227,0.002809232,0.02925293,-1.590765346,5,5,Down
RASA1,SMC1,-1.583679509,8.27809996,-3.6496257,0.002810118,0.02925293,-1.898828131,5,5,Down
SEC23IP,SMC1,0.821037043,6.433724872,3.649307884,0.002811849,0.02925293,-1.833094483,5,5,Up
ENPP1,SMC1,1.475964005,7.99908697,3.647933659,0.00281935,0.02928048,-1.939609958,5,5,Up
ANO1,SMC1,-1.851944009,6.60684191,-3.646015738,0.002829852,0.029339054,-1.74773062,5,5,Down
LARP6,SMC1,1.202594906,5.232867436,3.638695551,0.002870303,0.029599824,-1.676868436,5,5,Up
ISG15,SMC1,-1.21324319,5.723943316,-3.638148248,0.00287335,0.029599824,-1.603877961,5,5,Down
PPM1A,SMC1,-1.065103173,5.672603926,-3.638106881,0.002873581,0.029599824,-1.632033973,5,5,Down
GASK1B,SMC1,4.329061082,5.126036026,3.637919257,0.002874627,0.029599824,-1.460157687,5,5,Up
RNF180,SMC1,-1.231244026,6.655240619,-3.631941565,0.002908144,0.029855368,-1.807552855,5,5,Down
SERINC5,SMC1,-1.43787422,8.259316854,-3.630566279,0.002915911,0.029855368,-1.936498285,5,5,Down
ITGA1,SMC1,-1.63129633,7.344094767,-3.630223914,0.002917848,0.029855368,-1.87315611,5,5,Down
GATA6,SMC1,-2.062929986,5.336618369,-3.629456582,0.002922194,0.029855368,-1.509423592,5,5,Down
AR,SMC1,1.673664096,5.33209318,3.629105713,0.002924183,0.029855368,-1.720317027,5,5,Up
NOTCH3,SMC1,-1.545734674,8.101235643,-3.628213734,0.002929247,0.029856546,-1.933192088,5,5,Down
FILIP1,SMC1,1.073704649,8.703305735,3.62186116,0.002965566,0.030175758,-1.996984354,5,5,Up
ATP2B1,SMC1,1.651573939,7.670801748,3.61887427,0.0029828,0.030300026,-1.986183491,5,5,Up
TNC,SMC1,1.175896231,12.3966014,3.615063285,0.003004937,0.030473593,-1.985143517,5,5,Up
PDPN,SMC1,5.047796052,4.599152092,3.611855712,0.003023697,0.030562445,-1.513514894,5,5,Up
MT-ND6,SMC1,0.934454721,7.136583031,3.611833382,0.003023828,0.030562445,-1.968194822,5,5,Up
SCAPER,SMC1,0.731176061,7.033938089,3.609382307,0.003038245,0.030656805,-1.962220697,5,5,Up
SERPINE2,SMC1,3.136899005,6.150467081,3.607722313,0.003048048,0.030704376,-1.838688915,5,5,Up
AL392172.1,SMC1,-1.519205476,4.812444433,-3.605561254,0.003060858,0.030736932,-1.534766626,5,5,Down
LSP1,SMC1,2.494362047,4.64369727,3.605458657,0.003061468,0.030736932,-1.552176911,5,5,Up
ZEB2,SMC1,-0.739642747,10.40418707,-3.603260818,0.003074555,0.030817047,-2.022340505,5,5,Down
MTSS1,SMC1,2.924898259,5.002119543,3.600086561,0.003093555,0.030912259,-1.617903125,5,5,Up
ITIH5,SMC1,0.869311006,8.439080647,3.599517318,0.003096975,0.030912259,-2.037169191,5,5,Up
HPRT1,SMC1,-1.056674838,6.360540599,-3.599110366,0.003099423,0.030912259,-1.838495832,5,5,Down
ANXA1,SMC1,1.530775531,8.032977911,3.596217416,0.003116877,0.030958869,-2.039825922,5,5,Up
TANK,SMC1,1.784249062,6.722282682,3.595717975,0.0031199,0.030958869,-1.972708288,5,5,Up
SEMA6D,SMC1,-2.90516804,4.543585479,-3.594877347,0.003124996,0.030958869,-1.543105418,5,5,Down
RFTN2,SMC1,2.076900812,4.350566047,3.594760237,0.003125706,0.030958869,-1.568585937,5,5,Up
AC006460.2,SMC1,1.454229179,5.045816769,3.594094266,0.00312975,0.030958869,-1.731334639,5,5,Up
SYTL4,SMC1,1.587138192,5.060056035,3.591236395,0.003147162,0.031080161,-1.739537418,5,5,Up
FEM1C,SMC1,1.561439606,6.386099542,3.589548208,0.003157494,0.031131244,-1.951456223,5,5,Up
SCGB2B2,SMC1,1.732723792,4.48272629,3.587384729,0.003170786,0.031211289,-1.629954367,5,5,Up
MAP3K2,SMC1,-0.879839263,7.117141289,-3.581934616,0.003204519,0.031490667,-1.972985278,5,5,Down
MCAM,SMC1,-1.861617783,6.481549824,-3.581117906,0.003209606,0.031490667,-1.842677488,5,5,Down
PTPRS,SMC1,1.145174666,6.432658548,3.577623452,0.003231461,0.031653626,-1.975030175,5,5,Up
CYP1B1,SMC1,3.804507155,6.330609271,3.574766195,0.003249442,0.031778178,-1.902271697,5,5,Up
ZBTB20,SMC1,0.679455882,10.42729517,3.570271678,0.003277933,0.031989178,-2.085552737,5,5,Up
ANTXR2,SMC1,1.800073963,7.142327023,3.569692829,0.003281621,0.031989178,-2.053823083,5,5,Up
UBL5,SMC1,-1.688168967,5.124595033,-3.562131858,0.003330177,0.032364158,-1.659039822,5,5,Down
NECTIN3,SMC1,0.872302191,6.696525054,3.562033153,0.003330816,0.032364158,-2.027592936,5,5,Up
MTURN,SMC1,-1.307754838,5.722612921,-3.560340798,0.003341785,0.03241854,-1.765121315,5,5,Down
PRKAA2,SMC1,-2.202486542,4.678739791,-3.552252843,0.003394716,0.032841865,-1.604845258,5,5,Down
LPP,SMC1,-0.949015664,11.03631702,-3.551046762,0.003402682,0.032841865,-2.118655136,5,5,Down
ABI3BP,SMC1,4.985049976,8.04457287,3.550563744,0.003405877,0.032841865,-2.058501554,5,5,Up
LINC01004,SMC1,0.849257435,7.169751134,3.550364864,0.003407194,0.032841865,-2.08741003,5,5,Up
AGMO,SMC1,1.754915892,6.050048027,3.547988973,0.003422962,0.032941229,-1.989018053,5,5,Up
AL021707.1,SMC1,1.089008571,5.145425536,3.544037116,0.003449352,0.033087727,-1.840597788,5,5,Up
ENPP2,SMC1,1.845196105,4.518840739,3.542960909,0.003456575,0.033087727,-1.705591546,5,5,Up
DGKI,SMC1,1.945553019,5.616460665,3.542359635,0.003460617,0.033087727,-1.931785137,5,5,Up
EEFSEC,SMC1,1.116069081,4.75854861,3.541872969,0.003463891,0.033087727,-1.765040671,5,5,Up
CTTNBP2NL,SMC1,-1.464890118,5.031441995,-3.541618948,0.003465602,0.033087727,-1.681008475,5,5,Down
CBL,SMC1,-1.489636858,5.65775247,-3.539667619,0.003478771,0.033134038,-1.787654147,5,5,Down
CTSC,SMC1,-1.828216961,6.148279508,-3.539273806,0.003481435,0.033134038,-1.880570842,5,5,Down
CADM1,SMC1,-2.035267198,5.914106163,-3.536300654,0.003501614,0.033229958,-1.807583482,5,5,Down
CAMK1D,SMC1,1.343694272,7.941157374,3.536166334,0.003502528,0.033229958,-2.152569662,5,5,Up
ANXA2,SMC1,1.067033695,8.779124705,3.53286802,0.003525057,0.033391202,-2.168260998,5,5,Up
RFC3,SMC1,1.364183562,4.765220943,3.531669497,0.00353328,0.033416634,-1.789994517,5,5,Up
ZNRF3,SMC1,0.839178015,5.88873952,3.530861316,0.003538836,0.033416801,-1.983619746,5,5,Up
RARRES2,SMC1,-1.65668456,6.176019412,-3.528994817,0.003551701,0.033485877,-1.919663189,5,5,Down
ATP8B4,SMC1,-2.054288448,5.777275569,-3.52707054,0.003565013,0.033524861,-1.753136353,5,5,Down
COL6A2,SMC1,0.953581373,10.26184595,3.526044839,0.00357213,0.033524861,-2.172047927,5,5,Up
HIPK2,SMC1,-1.131874761,8.614383699,-3.525991025,0.003572503,0.033524861,-2.156378134,5,5,Down
UBE2W,SMC1,-1.230989247,7.034937528,-3.522875505,0.00359421,0.033676186,-2.064798493,5,5,Down
SRPX,SMC1,3.112228197,4.88603007,3.51704108,0.003635219,0.033998516,-1.718668994,5,5,Up
UST,SMC1,1.805272628,7.654391269,3.515866054,0.003643535,0.033998516,-2.183522019,5,5,Up
RELL1,SMC1,-0.83254912,6.399471271,-3.515586677,0.003645515,0.033998516,-2.007392646,5,5,Down
RASL11A,SMC1,-1.35066977,5.377597627,-3.513274066,0.003661948,0.034099062,-1.777269683,5,5,Down
RNF169,SMC1,-0.873178626,6.063157428,-3.511305349,0.003675995,0.034163904,-1.949304507,5,5,Down
FOXN3,SMC1,1.062080956,7.993967418,3.510712698,0.003680235,0.034163904,-2.201255962,5,5,Up
LUM,SMC1,3.852682075,6.516794224,3.507503559,0.003703277,0.034325,-2.014465886,5,5,Up
SLC7A2,SMC1,-1.523268155,7.893436565,-3.503730745,0.003730553,0.034429999,-2.156185333,5,5,Down
PID1,SMC1,5.584699547,5.139643504,3.502582554,0.003738895,0.034429999,-1.688652544,5,5,Up
SH3RF3,SMC1,-1.070856611,6.278881759,-3.50210542,0.003742366,0.034429999,-2.010267307,5,5,Down
EPB41L2,SMC1,0.821661902,9.407575093,3.501845713,0.003744257,0.034429999,-2.225737437,5,5,Up
CORO2B,SMC1,1.967748712,4.710463007,3.501441227,0.003747205,0.034429999,-1.826593202,5,5,Up
ALDH1A3,SMC1,4.467536107,4.978738847,3.501216725,0.003748841,0.034429999,-1.691091446,5,5,Up
PRICKLE1,SMC1,2.320502635,5.459875767,3.49948418,0.003761497,0.03446391,-1.948639036,5,5,Up
RET,SMC1,1.452408454,4.599501986,3.499148139,0.003763957,0.03446391,-1.80924566,5,5,Up
RAB27A,SMC1,1.411763463,6.358407833,3.492291041,0.003814505,0.034872988,-2.133512353,5,5,Up
OAF,SMC1,1.716738553,6.248693173,3.491381357,0.003821262,0.034872988,-2.122996497,5,5,Up
SLC41A2,SMC1,2.853713222,6.023878892,3.490710502,0.003826253,0.034872988,-2.045864827,5,5,Up
LINC00702,SMC1,-1.572265407,5.429994701,-3.488746854,0.003840899,0.034872988,-1.845216199,5,5,Down
LINC01290,SMC1,1.292784618,5.065471563,3.488532374,0.003842502,0.034872988,-1.929002462,5,5,Up
MAML2,SMC1,-0.925752458,8.857396004,-3.487835181,0.003847719,0.034872988,-2.238506859,5,5,Down
MT-ND2,SMC1,0.829962153,11.96912184,3.487652006,0.00384909,0.034872988,-2.232246133,5,5,Up
GJA1,SMC1,3.212399791,5.2182179,3.474226241,0.003950977,0.035636256,-1.876858981,5,5,Up
SHPRH,SMC1,-0.970364947,6.436800535,-3.474124149,0.003951762,0.035636256,-2.079337451,5,5,Down
GPATCH2L,SMC1,0.922505321,6.297402978,3.473528201,0.003956348,0.035636256,-2.154796881,5,5,Up
MTUS1,SMC1,-0.759432965,8.797597991,-3.472925555,0.003960991,0.035636256,-2.268566169,5,5,Down
MGLL,SMC1,-1.104490331,6.976341437,-3.472297242,0.003965838,0.035636256,-2.156728383,5,5,Down
SPARCL1,SMC1,0.882137444,9.793096916,3.471917334,0.003968771,0.035636256,-2.280361182,5,5,Up
TTLL3,SMC1,1.277708817,5.112277412,3.460578203,0.00405734,0.036323863,-1.994633812,5,5,Up
C6orf89,SMC1,1.07369653,4.942904368,3.460572041,0.004057389,0.036323863,-1.955283947,5,5,Up
OLFML2B,SMC1,-0.998588365,6.273141417,-3.458947483,0.00407024,0.036384934,-2.100939537,5,5,Down
PLCL2,SMC1,1.223850666,6.024859,3.458007175,0.004077698,0.036397676,-2.156698764,5,5,Up
CILP,SMC1,4.115028138,6.220030586,3.457007937,0.004085638,0.03641468,-2.008799659,5,5,Up
S1PR3,SMC1,2.0746587,4.903368727,3.45579105,0.004095328,0.036447212,-1.952733439,5,5,Up
LAMC1,SMC1,1.497097437,9.089299356,3.453407724,0.004114374,0.03656279,-2.321738646,5,5,Up
TJP1,SMC1,-0.750667164,8.700214544,-3.451059336,0.004133229,0.036676326,-2.308987764,5,5,Down
FGF7,SMC1,-1.34572843,6.586505607,-3.44947538,0.004145995,0.036729835,-2.129388576,5,5,Down
SLC4A7,SMC1,1.711100247,9.300960387,3.448802106,0.004151433,0.036729835,-2.329560253,5,5,Up
DCLK1,SMC1,2.328389518,8.569438636,3.445739935,0.004176259,0.036867396,-2.335413001,5,5,Up
CLSTN2,SMC1,-1.157564482,9.499139157,-3.44530972,0.004179759,0.036867396,-2.324769176,5,5,Down
ZNF462,SMC1,-1.161355696,5.819899229,-3.444627957,0.004185311,0.036867396,-2.025180624,5,5,Down
KDM6B,SMC1,1.070775954,8.878618433,3.443016041,0.004198468,0.03692938,-2.341091086,5,5,Up
CTSK,SMC1,1.901193427,4.523903937,3.438896849,0.004232279,0.037172597,-1.895398183,5,5,Up
RGS6,SMC1,-1.712891607,10.55681589,-3.434448012,0.004269105,0.037441542,-2.34500367,5,5,Down
LCLAT1,SMC1,-1.175737735,5.822780853,-3.432050832,0.004289082,0.037548419,-2.02759616,5,5,Down
HAS2,SMC1,2.54207424,7.583348696,3.431493843,0.004293737,0.037548419,-2.337912658,5,5,Up
HRH1,SMC1,4.430105578,4.803260479,3.429081347,0.004313958,0.037670659,-1.81196843,5,5,Up
NEURL1B,SMC1,-1.473150489,5.896622473,-3.428043807,0.004322685,0.03769231,-2.064198345,5,5,Down
ARHGAP44,SMC1,-1.248664492,5.880179915,-3.426926482,0.004332102,0.037719914,-2.058931553,5,5,Down
CREBRF,SMC1,-0.875302294,7.327365509,-3.425968424,0.004340193,0.037735911,-2.288958563,5,5,Down
PDE5A,SMC1,-0.794486132,7.703996109,-3.42401393,0.004356746,0.037825334,-2.322692744,5,5,Down
AC018682.1,SMC1,-1.830130568,6.087377285,-3.420311516,0.004388278,0.038044356,-2.037358424,5,5,Down
TMEM100,SMC1,1.874684532,4.703527592,3.418412561,0.00440454,0.038130554,-1.975735388,5,5,Up
CCDC146,SMC1,0.937645896,5.989212713,3.414510914,0.004438143,0.03822738,-2.226130436,5,5,Up
MARCHF3,SMC1,1.348011353,8.592812102,3.413722705,0.004444963,0.03822738,-2.397400902,5,5,Up
LDLRAD3,SMC1,-0.868112729,7.346073791,-3.413526226,0.004446664,0.03822738,-2.316634108,5,5,Down
SDK1,SMC1,2.523562588,8.497286286,3.413445446,0.004447364,0.03822738,-2.395968526,5,5,Up
IGF1,SMC1,4.12567542,5.189118469,3.41344111,0.004447402,0.03822738,-1.848870571,5,5,Up
DGKD,SMC1,-1.065369593,7.303874788,-3.412329279,0.004457045,0.03825577,-2.30616656,5,5,Down
CLIP2,SMC1,-1.072836108,6.239007587,-3.410381055,0.004473992,0.038284963,-2.169234476,5,5,Down
ADIRF,SMC1,-1.435570635,7.244059641,-3.410174346,0.004475794,0.038284963,-2.278276288,5,5,Down
KITLG,SMC1,1.968827949,6.421942772,3.409751793,0.00447948,0.038284963,-2.296924256,5,5,Up
DSCAML1,SMC1,1.51363147,5.261458628,3.407318731,0.004500763,0.038395191,-2.124537947,5,5,Up
TENM4,SMC1,4.299351328,4.39242983,3.406478376,0.004508138,0.038395191,-1.850724954,5,5,Up
SCN7A,SMC1,2.538133806,5.922640858,3.406099459,0.004511467,0.038395191,-2.205902624,5,5,Up
ARHGAP29,SMC1,-1.121375229,7.030362596,-3.403518848,0.004534206,0.038534364,-2.298594543,5,5,Down
PLK3,SMC1,1.31565404,4.937749657,3.401941373,0.004548163,0.038551687,-2.062510226,5,5,Up
DCUN1D4,SMC1,-0.811844845,6.47296686,-3.401844352,0.004549022,0.038551687,-2.226710892,5,5,Down
HMCN2,SMC1,3.757927274,6.159232023,3.400242055,0.004563246,0.038617987,-2.204490087,5,5,Up
B3GALNT2,SMC1,-1.266280543,6.869217588,-3.398558181,0.004578241,0.038640632,-2.27319539,5,5,Down
PGM2L1,SMC1,-1.442141271,5.14251563,-3.398503499,0.004578729,0.038640632,-1.957929646,5,5,Down
SORBS3,SMC1,-1.334601034,5.978783546,-3.39747815,0.004587886,0.03866383,-2.114724491,5,5,Down
NPNT,SMC1,-2.958199714,4.357472233,-3.396368064,0.00459782,0.038693506,-1.868333453,5,5,Down
BCAR3,SMC1,-2.730784295,4.439523097,-3.395271835,0.004607651,0.038722236,-1.867230813,5,5,Down
AC099489.1,SMC1,2.225427532,5.976882638,3.394100182,0.004618182,0.038756759,-2.26843433,5,5,Up
TPM4,SMC1,-0.935686357,7.34546275,-3.392669292,0.004631076,0.038778783,-2.35520628,5,5,Down
DLGAP1,SMC1,2.114426294,6.296656053,3.392383033,0.00463366,0.038778783,-2.312954495,5,5,Up
PRH1,SMC1,1.069963533,5.618617705,3.387379859,0.004679055,0.039104455,-2.225163023,5,5,Up
SPDYA,SMC1,0.97653155,5.394596688,3.38514893,0.004699441,0.039194557,-2.18527396,5,5,Up
BNC2,SMC1,4.229705857,5.985516131,3.383840812,0.004711435,0.039194557,-2.068382427,5,5,Up
SLC43A3,SMC1,1.512558878,5.81753467,3.383781018,0.004711984,0.039194557,-2.26748641,5,5,Up
TSPAN4,SMC1,1.373421504,4.830395845,3.383363653,0.004715818,0.039194557,-2.07814028,5,5,Up
VPS13C,SMC1,0.691528539,7.345539143,3.38062931,0.004741014,0.039349766,-2.42069587,5,5,Up
SFXN5,SMC1,1.877535809,6.242318604,3.378808183,0.00475787,0.039435424,-2.33560754,5,5,Up
EPN2,SMC1,-1.112556909,7.492983087,-3.377641925,0.004768697,0.039456154,-2.384242294,5,5,Down
ITGA5,SMC1,1.331703263,5.421235071,3.377130789,0.004773449,0.039456154,-2.213815754,5,5,Up
ECRG4,SMC1,-2.423955542,7.342110371,-3.375318827,0.004790336,0.039541566,-2.300172219,5,5,Down
KCNT2,SMC1,3.749254927,5.24025861,3.36751113,0.004863788,0.040093031,-2.06347121,5,5,Up
DPYSL3,SMC1,2.535152054,5.256007839,3.366246394,0.004875793,0.040137153,-2.146137309,5,5,Up
PLXDC1,SMC1,1.963141643,5.386587307,3.364377771,0.004893584,0.040228724,-2.220390686,5,5,Up
EPB41L3,SMC1,5.941172141,4.285283111,3.360056693,0.004934974,0.040513788,-1.931742878,5,5,Up
DUSP22,SMC1,1.229857838,5.549668821,3.357247158,0.004962075,0.040678627,-2.267808008,5,5,Up
VIM,SMC1,0.952865962,10.47484309,3.355931656,0.004974815,0.040678627,-2.496504677,5,5,Up
GBP2,SMC1,1.513507842,5.950990395,3.354577093,0.004987968,0.040678627,-2.344569859,5,5,Up
NFIX,SMC1,1.044053422,6.170271608,3.354492309,0.004988793,0.040678627,-2.36879807,5,5,Up
APP,SMC1,0.761284456,9.266321563,3.353851288,0.00499503,0.040678627,-2.510424073,5,5,Up
GOLIM4,SMC1,1.02337314,6.945233239,3.353802798,0.004995503,0.040678627,-2.450599697,5,5,Up
TBC1D1,SMC1,-1.847135705,8.08469953,-3.346431669,0.005067803,0.04120945,-2.457041979,5,5,Down
MUSTN1,SMC1,-2.151322214,5.404548286,-3.345769496,0.005074349,0.04120945,-2.041175027,5,5,Down
BBX,SMC1,-0.820998511,8.201970169,-3.343776828,0.0050941,0.041314243,-2.499490851,5,5,Down
F3,SMC1,2.446646154,5.084129363,3.342320472,0.005108583,0.041376097,-2.159796849,5,5,Up
METTL8,SMC1,0.885054316,5.54219128,3.339302868,0.005138726,0.041548377,-2.285798315,5,5,Up
CNR1,SMC1,-2.120802803,5.168227965,-3.338814007,0.005143626,0.041548377,-2.008816705,5,5,Down
ADAMTS3,SMC1,3.104370759,6.628851821,3.335967725,0.005172248,0.041723722,-2.42272509,5,5,Up
HIF1A,SMC1,-1.243169236,7.905914401,-3.333828355,0.005193867,0.041842178,-2.495807075,5,5,Down
TBC1D8,SMC1,0.879542435,6.302855492,3.331765932,0.005214794,0.041916476,-2.423913471,5,5,Up
MINDY2,SMC1,-0.988060145,6.194359854,-3.33155068,0.005216983,0.041916476,-2.320540376,5,5,Down
GGT5,SMC1,-1.293216144,6.999462327,-3.330618248,0.005226476,0.041936907,-2.427853323,5,5,Down
SLC9A1,SMC1,0.996233582,5.960213881,3.329552634,0.005237346,0.04196832,-2.385335989,5,5,Up
PRKCA,SMC1,-0.862220177,8.326722818,-3.328168853,0.005251495,0.042025893,-2.532915402,5,5,Down
KAT6B,SMC1,-0.724247331,7.324477358,-3.327126633,0.005262178,0.042055604,-2.486053736,5,5,Down
MT1E,SMC1,-1.986262747,5.88939234,-3.324228288,0.005292,0.042237996,-2.188597852,5,5,Down
RTRAF,SMC1,-0.961236422,5.215515869,-3.32327022,0.005301895,0.042254514,-2.127555074,5,5,Down
PIGL,SMC1,1.074940049,5.532252967,3.322672775,0.005308074,0.042254514,-2.326961399,5,5,Up
RNF146,SMC1,2.062948425,4.753274273,3.321438251,0.005320867,0.042300543,-2.170045898,5,5,Up
CYB5D1,SMC1,3.140191007,5.22299599,3.317912545,0.005357573,0.042508838,-2.191421398,5,5,Up
LINC00989,SMC1,-2.861106551,5.371783376,-3.317569478,0.005361158,0.042508838,-2.067665871,5,5,Down
WWTR1,SMC1,1.398103468,7.939631141,3.314569129,0.005392615,0.042678808,-2.577885837,5,5,Up
JDP2,SMC1,1.330204127,5.271304273,3.314176972,0.00539674,0.042678808,-2.300680754,5,5,Up
NTN4,SMC1,1.61622665,7.498234438,3.308168279,0.005460345,0.043125293,-2.57521767,5,5,Up
ETS1,SMC1,1.146022876,8.136995532,3.302334441,0.005522819,0.043561685,-2.604777939,5,5,Up
FABP5,SMC1,-1.279606249,5.913461665,-3.300715263,0.005540285,0.043642403,-2.310886282,5,5,Down
GLUD1,SMC1,-0.697262147,6.574394079,-3.299072543,0.005558062,0.043725353,-2.454023141,5,5,Down
C9,SMC1,1.633696715,5.48051795,3.296778393,0.005582984,0.043864226,-2.37716538,5,5,Up
GPC3,SMC1,-3.053617562,4.749071952,-3.29589564,0.005592604,0.043882665,-2.032994542,5,5,Down
EFHD1,SMC1,-1.100337297,6.88279413,-3.290928161,0.005647045,0.044202808,-2.489795144,5,5,Down
PDE1A,SMC1,-0.889917591,7.243464441,-3.290836477,0.005648055,0.044202808,-2.54186245,5,5,Down
NES,SMC1,-1.522599478,5.38785497,-3.290091754,0.005656264,0.044209713,-2.222333665,5,5,Down
HSD17B11,SMC1,1.171771302,4.631314977,3.288766166,0.005670906,0.044266812,-2.204316428,5,5,Up
ID4,SMC1,-1.39366376,7.842438824,-3.286571294,0.005695232,0.044399266,-2.578760434,5,5,Down
TSHZ3,SMC1,0.790292631,6.497989912,3.281660449,0.005750041,0.044768704,-2.541985668,5,5,Up
AC016831.5,SMC1,0.934128394,6.108934057,3.277215392,0.005800106,0.045100309,-2.501107364,5,5,Up
CALCRL,SMC1,2.341040146,6.651742592,3.272279026,0.005856217,0.045478011,-2.576018488,5,5,Up
KLF9,SMC1,-0.822925335,9.060831583,-3.267694089,0.005908821,0.045827538,-2.66482601,5,5,Down
EIF3J-DT,SMC1,1.060346664,4.657137786,3.266165461,0.005926464,0.04590537,-2.249044138,5,5,Up
ADGRD1,SMC1,4.400835408,4.739402491,3.263978371,0.005951799,0.046042504,-2.093442245,5,5,Up
FGF10,SMC1,2.848928419,3.784171536,3.262331208,0.005970951,0.046131519,-2.097949848,5,5,Up
TMEM108,SMC1,1.641553778,4.845670733,3.258950985,0.006010447,0.046377284,-2.308180288,5,5,Up
ZC3H12C,SMC1,1.939581221,5.00767413,3.253357605,0.006076378,0.04681027,-2.350249351,5,5,Up
ANKRD29,SMC1,-2.019923511,4.547974251,-3.252876984,0.006082077,0.04681027,-2.109252926,5,5,Down
COX7B,SMC1,-1.466722447,5.415731764,-3.251468561,0.006098808,0.046879245,-2.238235136,5,5,Down
SMCHD1,SMC1,-0.739770775,8.473823017,-3.249961073,0.006116767,0.046911848,-2.689420022,5,5,Down
CNN1,SMC1,-3.214654039,4.481601774,-3.249807561,0.006118599,0.046911848,-2.108433152,5,5,Down
ICAM1,SMC1,3.508142697,5.800073587,3.247429978,0.006147039,0.047070096,-2.43869707,5,5,Up
INO80D,SMC1,0.834170784,7.75616781,3.245826384,0.006166296,0.047157708,-2.699472091,5,5,Up
MICAL3,SMC1,-1.095022502,6.494296191,-3.24469875,0.006179874,0.047201719,-2.521092765,5,5,Down
PRKRA,SMC1,-2.008522685,4.718611695,-3.243284003,0.006196951,0.047272313,-2.173587145,5,5,Down
TTC28,SMC1,0.57694879,8.575459398,3.23456061,0.006303295,0.048022831,-2.736658237,5,5,Up
OS9,SMC1,1.07773803,5.411412874,3.227919524,0.006385477,0.048587603,-2.486957977,5,5,Up
COL6A3,SMC1,1.973996565,9.390128449,3.224271422,0.006431077,0.048872943,-2.759285336,5,5,Up
PXDN,SMC1,1.309636822,6.382779557,3.223432616,0.006441607,0.048891395,-2.64669684,5,5,Up
WNT9A,SMC1,2.937893519,5.362978991,3.221522073,0.006465657,0.049001924,-2.381734219,5,5,Up
MT-CYB,SMC1,0.813450578,12.77993088,3.220600346,0.006477292,0.049001924,-2.739006386,5,5,Up
ATP10A,SMC1,-0.715353611,7.501920314,-3.21993354,0.006485722,0.049001924,-2.703155058,5,5,Down
MAP4K5,SMC1,0.980885873,8.371254092,3.219701864,0.006488654,0.049001924,-2.765678483,5,5,Up
NR2F2-AS1,SMC1,-1.547137699,8.228735939,-3.211571536,0.006592374,0.049692329,-2.735071557,5,5,Down
ARHGAP6,SMC1,-0.634469539,9.634939983,-3.210900881,0.006601004,0.049692329,-2.777386362,5,5,Down
AL359232.1,SMC1,1.705643568,5.002046056,3.2106076,0.006604781,0.049692329,-2.436862446,5,5,Up
SGIP1,SMC2,1.777345887,9.337411473,7.627819332,9.79E-07,0.007595781,5.911756588,5,5,Up
OPCML,SMC2,2.514448073,6.195239331,6.731695005,4.65E-06,0.012338167,4.351082799,5,5,Up
PRG4,SMC2,7.533546772,2.720409529,6.684630339,5.06E-06,0.012338167,3.480707374,5,5,Up
RGS5,SMC2,2.13691042,8.816552134,6.475664704,7.40E-06,0.012338167,3.98743018,5,5,Up
MT1E,SMC2,-2.370816228,6.448626831,-6.436777059,7.95E-06,0.012338167,3.678632451,5,5,Down
PTN,SMC2,-1.810655001,7.101164981,-5.894128871,2.20E-05,0.025632414,2.894744925,5,5,Down
C1R,SMC2,2.855973911,3.690398884,5.868387563,2.31E-05,0.025632414,2.482046961,5,5,Up
GSE1,SMC2,2.233048954,4.03828071,5.680024099,3.33E-05,0.032256991,2.270793862,5,5,Up
ANTXR2,SMC2,1.933509963,5.180825492,5.534903325,4.41E-05,0.036552889,2.222762813,5,5,Up
P3H2,SMC2,-2.745197123,4.388007107,-5.501778112,4.71E-05,0.036552889,1.964860074,5,5,Down
PLN,SMC2,-1.307545602,7.988430566,-5.390432093,5.87E-05,0.041388709,2.024770387,5,5,Down
FN1,SMC2,2.151183344,6.737384212,5.305138241,6.95E-05,0.044935789,1.865657522,5,5,Up
RORB,SMC2,4.287888644,3.792632259,5.257632779,7.64E-05,0.045596893,1.547027071,5,5,Up
