"","gene_name","module","color","kME_pink","kME_blue","kME_grey","kME_yellow","kME_turquoise","kME_brown","kME_red","kME_black","kME_greenyellow","kME_green","kME_purple","kME_magenta"
"TTN","TTN","pink","pink",0.361493543879147,-0.0232919272886607,-0.031951640793741,-0.0267227038451559,0.000989301811278322,-0.0597841866326754,-0.0382209437335627,0.00438013739745445,-0.0654427742898993,0.0265406214128188,0.0442185857169744,0.0283908016944023
"MCTP1","MCTP1","pink","pink",0.819386651771237,-0.0756444432327961,-0.216489056355449,-0.0326338353875654,-0.0914466645647472,-0.132979400111212,-0.105861366660341,0.0309522233052551,-0.104517666416054,-0.046059214269101,-0.0860426534853023,-0.00778182073335182
"NEB","NEB","blue","blue",0.0327772545427756,0.17078049037696,0.0441335668320945,-0.00345092234461081,0.0136828695969427,0.0569095416632368,0.028507668378989,-0.0149879339549234,-0.00817655614372987,-0.0144087117627527,0.0135452725988642,-0.062839570089305
"ADAMTS9","ADAMTS9","pink","pink",0.734222434871605,-0.0700834665173772,-0.264629972568376,0.147599968591444,-0.124969241637517,-0.115417426004132,-0.128131963053048,0.0586155926209759,-0.107836221184404,-0.0533008423155729,-0.119023983140857,-0.0349834431394286
"PTPRC","PTPRC","pink","pink",0.137924804946701,-0.0153646198724992,-0.0684785589358131,0.0750565094184332,-0.035069992521378,-0.0217381770752735,-0.0385958418429033,0.0207337225737344,-0.0269482411515885,-0.0129942037894349,-0.0371175968613449,-0.0228682019447682
"TNC","TNC","yellow","yellow",0.055625394081987,-0.00701007502252152,-0.306467764107137,0.611270212831352,-0.200438659576153,0.101629083330156,-0.100788642152729,0.26353120463355,-0.0848547937275779,0.0707935742040324,-0.144507009602774,-0.141032693431969
"LRRTM4","LRRTM4","turquoise","turquoise",-0.134017830699514,0.068615319586271,0.302887911607006,-0.301826531590127,0.322383928124603,-0.0339860840826891,0.197823739671273,-0.214299724029553,-0.166439352042943,0.0124551944606893,0.40600426917828,0.114638000931061
"RGS6","RGS6","yellow","yellow",0.0228205622525831,-0.0110520368574772,-0.0904681846424214,0.21191020190957,-0.0473510185771583,-0.00267043133436435,-0.0210698785012957,0.0257382418693761,-0.0161934691954883,-0.0250580906169414,-0.0534486269099601,-0.0178330326441682
"KYNU","KYNU","yellow","yellow",0.124445115009913,-0.033154367552654,-0.330150534139432,0.783562755962311,-0.176571244732368,0.033969683717779,-0.146849718548532,0.0857070253795224,-0.0904174761805177,-0.0554133358458841,-0.191071087531795,-0.125721878763825
"TLL1","TLL1","yellow","yellow",0.0420293647753226,-0.0195758370654776,-0.181368193596421,0.4709167469473,-0.0991504444518553,0.0293013331628548,-0.0889734868234851,0.0524974856913645,-0.0558210296616126,-0.0261156563930701,-0.115882508673316,-0.0829634026934702
"MMP3","MMP3","yellow","yellow",-0.00131718666227193,-0.0385858434327753,-0.261053226854356,0.377884659542471,-0.301288951941191,0.319488490971147,0.0204164300706738,-0.00931089262095438,-0.0732315262549971,-0.166029213100412,-0.123749544436771,-0.222985947147156
"IL1B","IL1B","pink","pink",0.157091039753056,-0.0335771576707561,0.0143823493231756,-0.0188827348087605,-0.00954064133440994,-0.0150664269925676,-0.0577173443043623,0.000671725974861089,-0.0470071480548907,0.0904539796964731,0.0494511058969182,0.011754414231156
"CXCL8","CXCL8","brown","brown",-0.0138886890355043,-0.0675308367848403,-0.258434724722214,0.264882678230636,-0.356787400975623,0.464625103103728,0.00938006858826766,-0.037181957931931,0.106662462159171,-0.142913876665902,-0.137222973431087,-0.281144268699625
"MYH2","MYH2","turquoise","turquoise",-0.00722693097496893,-0.00100027136118195,0.0546005042312662,-0.0131563277230688,0.0710359207013865,-0.0450871081345302,-0.0253901655278907,0.00154515878689981,-0.0210199558789535,0.04402122943311,0.00993657932132944,0.0379173178964484
"MYH11","MYH11","blue","blue",-0.00671823717162222,0.0819365358634213,0.061311755797746,-0.0117354444260113,0.0396684889599885,-0.00978905188526651,0.0455825034354373,-0.0148265879234042,0.0135816739338445,-0.0247747454555664,0.00320956107493756,-0.0116796247537255
"ABI3BP","ABI3BP","brown","brown",-0.05080463265621,0.00290462724712168,-0.181598282531489,0.268473261191518,-0.232419848237308,0.301907526375291,-0.0769778141349994,0.0658640749055982,0.124934929067756,0.113749070692781,-0.146988266670326,-0.257613262638737
"PRG4","PRG4","yellow","yellow",-0.0212609084133041,0.0582129357379072,-0.334663635312203,0.548689236243961,-0.306086257117756,0.251675905669713,-0.114431265921324,0.0770888306125558,0.318933290965883,-0.193429562022138,-0.385818080329349,-0.295079103601037
"MEG8","MEG8","brown","brown",-0.15186506999149,-0.0719361928390425,-0.107131623488576,0.0181231576740879,-0.291752082516523,0.534063902230864,0.287864229462726,-0.110802908518845,0.0264300124558966,-0.0935306777599298,0.207385004692942,-0.174074759487293
"NEBL","NEBL","yellow","yellow",0.0191297059121253,0.00556848967596253,-0.0788998665944729,0.24917847595773,-0.0406202516931027,0.00291108050743237,-0.0362794052813513,0.0261194147762537,-0.0405032501228844,-0.00378962361392424,-0.0458652664234471,-0.0361291069888668
"RBM47","RBM47","yellow","yellow",0.124689350947698,-0.0288549365049384,-0.149234014672467,0.388082842810074,-0.0653011430164303,-0.00846331625335807,-0.0626629821916005,0.0511370544739941,-0.0595480118827885,-0.0314636720255229,-0.0779900879080588,-0.044025334747473
"TNFAIP6","TNFAIP6","brown","brown",-0.100366119746075,-0.130775141625631,-0.105559008068621,0.118525159394175,-0.356579342556295,0.476648299224668,0.335573206564357,-0.117370642502204,-0.0862538183478437,-0.0389818941875285,0.290991325844206,0.0142913665844484
"CD247","CD247","blue","blue",-0.0110039479257995,0.10489203900642,0.030522101310699,0.00706553455862346,0.0315074970212272,-0.0278908917484438,0.00250066314601714,-0.000911548635365062,0.00726322946481018,-0.00419379536739889,-0.0154999909914465,0.00713533354377654
"ADGRL3","ADGRL3","red","red",-0.0430398200327178,0.0626399684856083,0.0735157187524753,-0.0526614228681749,0.0653448026899429,0.0341955058460651,0.114394263535769,-0.049236109845196,-0.0228013779492622,-0.0313113121756341,0.0702987965965266,0.0157848924810491
"KMO","KMO","pink","pink",0.2626821028922,-0.026904246876671,-0.0814232848998366,0.0458604249121189,-0.0475318947461913,-0.020324738670911,-0.0267431951310857,0.0284380754851164,-0.0395388671755521,-0.0221991585427693,-0.0249150559407163,-0.0101406598170037
"CCL3","CCL3","brown","brown",0.0236334449030373,0.00529125020821746,-0.0229853333651837,-0.0217578335317483,-0.0947379418839872,0.141885471509719,0.0585688875518776,-0.0225257774881167,-0.0123825925602398,-0.0571019032387786,-0.0135294642416704,-0.0589388079848689
"CRISPLD2","CRISPLD2","red","red",-0.0524976004915751,0.0251926407295369,0.0818676869939107,-0.161722191841247,-0.0397296807556857,0.115830384361607,0.506403233635105,-0.0997948587781415,-0.154141569594636,-0.0511311030046974,0.334676313097783,0.14008169047272
"ALCAM","ALCAM","brown","brown",-0.0289362239423693,-0.0610312104758608,-0.127875557556675,0.134888439467386,-0.208023993699945,0.285967974232429,0.0610462496591547,-0.0169717948700685,0.0901476609248298,-0.0847452573282344,-0.0603323618105926,-0.123783582948072
"PGAP1","PGAP1","brown","brown",-0.0725746475683095,-0.0578122359557596,0.00962653519151491,-0.0590376570591236,-0.0873649329903323,0.216964654708931,0.181143781247868,-0.0465622035369911,-0.0260961583086424,-0.0322753254684498,0.101078590752752,-0.0151126792806963
"PLEKHG1","PLEKHG1","pink","pink",0.77506812910308,-0.0451509941832198,-0.151723012190161,-0.0202993687245059,-0.0600614292572808,-0.111228948852745,-0.0735880690416268,0.0302770074142191,-0.0724038345329838,-0.0262662606887914,-0.0637114808339544,-0.00773505151346313
"FAM155A","FAM155A","yellow","yellow",0.0471321383042448,-0.0153805154383291,-0.252269534688031,0.612181198028189,-0.141129279970258,0.0453272845576169,-0.130878368150715,0.0787623850865563,-0.0809944120377767,-0.0280759905709295,-0.161338526602201,-0.11366201197951
"LRFN5","LRFN5","brown","brown",-0.0114229364028115,-0.0482140831228825,-0.0108359220346713,-0.00339071422982176,-0.0526937983318873,0.0658123944320507,-0.0205396618864403,0.0193150605083568,-0.0471660212301133,0.0340743119767736,0.00150946926555723,-0.048515569713563
"VCAM1","VCAM1","yellow","yellow",0.0611771492931818,-0.0438853809203189,-0.2833499429362,0.740482966742215,-0.161251369172275,0.0293319047741344,-0.124907942960962,0.0735682594393721,-0.101519975101558,-0.0172537650219047,-0.147994095877495,-0.098283917270786
"FLT1","FLT1","pink","pink",0.83034009903501,-0.0627574885022399,-0.199143957481015,-0.0223977374570605,-0.0887630586907054,-0.119842199857925,-0.091492962513265,0.0409248549759156,-0.096815107897941,-0.0431135266910071,-0.0758624211531908,-0.00726576995160352
"CCL3L1","CCL3L1","brown","brown",0.00281716262633678,0.00651819597991868,-0.0124790822389764,-0.019019173341023,-0.0765758706411008,0.132168778834958,0.0491628705162385,-0.0277747770511176,-0.0205048835363424,-0.0395074746042832,0.0100961472238952,-0.0620140809495504
"GPR183","GPR183","pink","pink",0.139079995303971,-0.0259466623031899,-0.0340173552014817,0.0513745475199514,-0.0100104886741196,-0.0224098789369811,-0.042249086240048,0.0483489999389127,-0.0329011928372378,0.033544452231348,-0.00918398369507573,0.00809672065491934
"STAT4","STAT4","yellow","yellow",0.0329338947304387,0.0504404553626996,-0.0961504773991777,0.220168843366158,-0.0708209493473594,0.0452035532053563,-0.0113854871348521,0.0257928272548123,-0.0273074446879934,-0.0415115090348058,-0.0654864290665191,-0.0682278747178925
"VCAN","VCAN","brown","brown",-0.170231789681,-0.0350336842062894,0.0113780728035412,-0.13865428003448,-0.224696883821048,0.436892593688878,0.145641072970218,-0.104760533446762,0.279665305816418,0.0127913406327621,0.0809061228173059,-0.14727108478871
"DEC1","DEC1","yellow","yellow",0.0370008520439387,0.0601867706712149,-0.212800557538259,0.479673074706392,-0.139597119427387,0.0666428434516392,-0.047554389154096,0.180319323941624,-0.0639881562080952,0.0127821804586109,-0.105262272749946,-0.107193094275204
"SGIP1","SGIP1","brown","brown",-0.00811005097528649,-0.0884631722286177,-0.0758740581496735,0.0978955739872296,-0.121840426762713,0.189484474212439,0.0361415880179803,-0.00110027173587905,-0.184398629749034,0.162612930010021,0.137696991299784,-0.0766343657648259
"LUCAT1","LUCAT1","blue","blue",0.0004691266304838,0.144881439018596,-0.114096331557354,0.121021890119706,-0.200726606995093,0.235152832073626,0.119754981341731,-0.0100735765328277,0.0220514479730695,-0.157358893588125,-0.0561646241849564,-0.151469366833602
"IL6","IL6","brown","brown",0.0365359043978194,-0.0401541974591355,-0.147588094478912,0.132965585924078,-0.250877330520534,0.321718511816828,0.137970413987755,-0.0291426006132505,0.0351877564960092,-0.148394171053502,-0.0820135712592285,-0.137368391214789
"SAMSN1","SAMSN1","black","black",0.0725009816814164,0.00716713266678435,-0.0102351534534711,0.000119407085533647,-0.00874566068217735,-0.0130993094729885,-0.0116995299188293,0.0604222759667419,-0.0102119313137232,0.015662526846218,-0.00654586557453726,-0.00298833557076558
"APOE","APOE","yellow","yellow",0.0506908069666913,-0.0416023601166664,-0.211666359923951,0.498363246122056,-0.142115682445572,0.0436144746888188,-0.139812874031455,0.0692982215713828,-0.106500452257947,0.0553411265406916,-0.13057436593192,-0.081177390884899
"AC083837.1","AC083837.1","yellow","yellow",0.0340629359690763,0.00429937178787065,-0.114934536066665,0.314077440764265,-0.0564737080367744,-0.00806726782448268,-0.0538825531377306,0.0263619824338331,-0.0333411739382884,-0.0273200435614164,-0.070771190385368,-0.0488002026278982
"CCL4L2","CCL4L2","brown","brown",0.00721718065951262,0.0266371753358644,0.00082955556324849,0.00184254887411092,-0.0311567563488905,0.0701209364548509,0.00150264732944756,0.00593872072817591,0.0049949587600986,0.0253353048821098,0.0122369071446956,-0.0281777851422731
"MIR155HG","MIR155HG","brown","brown",0.0349857347092859,-0.0540503648587128,-0.0559380883513907,0.0859680079566804,-0.0825553031659037,0.080736999465931,-0.0073190256121769,0.0205274898696909,-0.0648786450391534,0.0558591689244467,0.0364790213662961,-0.0333559457044182
"PDZRN4","PDZRN4","greenyellow","greenyellow",-0.0399285773124725,0.0927339922279805,0.0136881047823363,-0.0540435330108634,-0.0469252570943121,0.119609108468254,0.052398738253266,-0.0500833781783843,0.26723743014829,-0.163905252798112,-0.184822833204811,-0.112684983306087
"ST6GALNAC3","ST6GALNAC3","pink","pink",0.853138094372195,-0.0541086740868622,-0.178277761521259,-0.0156274591490881,-0.0857571316247225,-0.0982794968100841,-0.0764925682336582,0.029979194027717,-0.0841535172068893,-0.0365174389684212,-0.0589641420012502,0.000800096740395733
"ROBO2","ROBO2","green","green",-0.0319866261458999,-0.0252272268021152,0.103595567895755,-0.0584329046344967,0.124623080927313,-0.0606085115326205,-0.103150881703655,-0.00253262228027066,0.0534030199582239,0.278089384640614,0.00107471458236856,0.0355091642465472
"LINC01605","LINC01605","yellow","yellow",-0.00528204195709738,-0.0531933663764441,-0.223707717300067,0.393469741960503,-0.236957110163378,0.26782256860739,-0.0484431706540964,0.0101060690905065,-0.0706111906864783,-0.0045101184873468,-0.0300535301381217,-0.200063228214272
"KCNQ5","KCNQ5","yellow","yellow",0.0420735038828938,0.000738688579180256,-0.179819682417339,0.449871336488412,-0.0859023268092252,-0.00325605067273504,-0.0735178494369801,0.0452583332004529,-0.0426256078019171,-0.0320143019943586,-0.110884872714457,-0.0525568775513127
"CPE","CPE","brown","brown",-0.0235382693570788,0.0449683895140867,0.00602174485599968,0.024470111441078,-0.0800614480654356,0.111111547414192,-0.0661269529604968,-0.0248710547838481,0.361165252124008,-0.0470158908201518,-0.173055646416377,-0.112904887111233
"CYTOR","CYTOR","brown","brown",-0.058985429911869,-0.130870702337952,-0.241457889132849,0.125925712867091,-0.48044858588539,0.642783099674501,0.148292992848449,-0.0689287612433282,0.0363438857445032,-0.0239072846523627,0.155520496788246,-0.29753785183559
"ARAP2","ARAP2","yellow","yellow",-0.00358366346069471,-0.0185845029771065,-0.08201242388849,0.2081604291755,-0.10659271174145,0.099123945622334,0.113008112706575,0.0309124001524979,-0.136517043418427,-0.00815403353414559,0.128349174564409,-0.0378552277497823
"ITGBL1","ITGBL1","brown","brown",-0.0816622170953889,-0.0101978886794958,-0.149580326180738,0.174631783597198,-0.264317588672294,0.449808395512581,-0.0358476829555424,0.0052630797677168,0.0688341395444488,-0.01058319977363,0.0162699568772073,-0.301025246473178
"AL078604.4","AL078604.4","blue","blue",-0.0603314356808464,0.35885963971244,-0.111371042722644,0.117029153080208,-0.311644822229785,0.358006738181337,0.494770107654921,-0.0995750306129929,-0.0589355820750445,-0.286787215085226,0.0969525612835861,-0.0261417961101752
"HS3ST2","HS3ST2","yellow","yellow",0.00758456465567629,-0.0291694457017205,-0.0672905228695898,0.113693080666055,-0.0659938838941913,0.0298136008830987,-0.033993865041403,0.0479921302623158,0.0230808772323068,0.0325283756145874,-0.063209164380186,-0.0327408475469475
"ITGA4","ITGA4","black","black",0.0534580072321456,-0.0128565794676476,-0.0132914056668777,0.0169544846437452,0.0275656699974688,-0.0416021742166802,-0.0568452090673078,0.197675408798716,-0.0227239308379334,0.0727998900193896,-0.0302979650159027,-0.00181157707718329
"LAMA2","LAMA2","turquoise","turquoise",-0.13773278364555,0.172471828145659,0.404416715350967,-0.474956213831918,0.528162229414508,-0.280687410115801,-0.0432745572104952,-0.145545433975633,-0.0769013780303851,0.0732663855278305,0.170870135829617,0.0657316370201672
"PIK3R3","PIK3R3","yellow","yellow",0.0612431338421201,0.00428372428807704,-0.181109374330011,0.500009368622822,-0.0921211379868406,-0.00924245772543384,-0.0410694263800308,0.0488077206468481,-0.0424627777958266,-0.0425434906416042,-0.12253481384453,-0.00820199023564652
"ADAMTS3","ADAMTS3","brown","brown",-0.0312227531740794,0.105626745442822,-0.0687139004552866,0.0538579576710862,-0.175428403302566,0.216814724655005,0.209168470278401,0.0529454463741288,-0.0917326369208645,-0.0732529644795715,0.0553071126400346,-0.101582913770443
"GUCY1A2","GUCY1A2","brown","brown",-0.0440818530052434,0.0309537589491298,-0.0545506794349014,0.0392068435253708,-0.0849842796407442,0.146743051376716,-0.096110043561266,-0.0337662656552872,0.47045563093291,-0.0735919620410541,-0.1843801698602,-0.142222440724158
"SEMA3C","SEMA3C","brown","brown",-0.0496367955898916,-0.0905050426013987,-0.302891424984945,0.427090557493948,-0.357943985316573,0.411840541655567,-0.181912268388956,0.0341517308167143,0.424783146929923,-0.0924575341660887,-0.306964153205553,-0.324358946247768
"TM4SF1","TM4SF1","brown","brown",0.0682707780696263,-0.0883397616060833,-0.0288269602841164,-0.05193452924176,-0.12846750935228,0.159018027057166,0.0425469613195816,-0.025807012730815,-0.0868470410812651,0.0763177974416964,0.139713636402582,-0.0620107219049289
"SLIT2","SLIT2","brown","brown",-0.119335092635701,-0.0301911774209484,-0.0219500501095689,0.0288710729912861,-0.168536278828719,0.287203095646996,0.308166488789997,-0.0184181791865871,-0.193759543059202,-0.0667308053210752,0.250707791069581,0.0935957848368352
"SPAG17","SPAG17","brown","brown",-0.0863716241937952,0.0722081770487709,0.0503319324648719,-0.113588688283794,-0.0680047146230629,0.235281486987064,0.170693062526544,-0.11142755916333,0.0598781834631096,-0.0783654445699635,0.136273446393882,-0.119357157106464
"BCAT1","BCAT1","yellow","yellow",0.0460219921391897,-0.0246640715735108,-0.192618080362778,0.606414978958638,-0.0649231816487119,-0.0394171990915672,-0.159689492621968,0.0511113863893444,-0.0107026179992836,-0.00146594808987764,-0.148037425624397,-0.0743636992893916
"MYLPF","MYLPF","green","green",0.0438527824015409,-0.00952709100337027,0.0575034732287803,-0.0311300883440467,0.0272749495012002,-0.0110955458125847,0.013694075940067,-0.00873518903103671,-0.0266274792018538,0.0886926835935705,0.0451717638914998,0.0369639895561804
"IQGAP2","IQGAP2","black","black",0.0612513132180133,-0.0363120252442516,-0.112487487109029,0.00307185474701704,-0.0159650847809967,-0.0761391187735409,-0.0881828276044857,0.377331185493967,-0.0290117715536963,0.028043966853173,-0.0667683014814613,-0.0119907313325121
"PDE3A","PDE3A","brown","brown",-0.0626728815542963,-0.0740764690880659,-0.0882718012118375,0.0638872749838482,-0.175718121878447,0.311887888991816,0.0400943514873494,-0.0254007358000386,-0.0602909114052865,0.0886259320511003,0.0872325424208866,-0.142840587208701
"PLA2G2A","PLA2G2A","yellow","yellow",0.0316168481177476,0.0206762042104432,-0.27130535444319,0.582257309226725,-0.246558522593814,0.132804890924623,-0.0892545318873995,0.0402223529684993,0.0433891428867734,-0.174266567371558,-0.290450975595613,-0.153270229959939
"TSHZ2","TSHZ2","brown","brown",0.00787118056823636,-0.0219263043069298,-0.136140204932725,0.138956188501605,-0.137394026496453,0.150944675919453,-0.0454134388932603,0.162155692486888,0.102322408362972,0.0182802552340604,-0.157386370207495,-0.142201244404256
"EDIL3","EDIL3","yellow","yellow",-0.00694197530660445,-0.0611003510834183,-0.130254402529091,0.245615565345046,-0.105119425600662,0.0683739895987158,-0.127179075345743,0.065074316847657,0.102970263976942,0.11405441206394,-0.11042509254829,-0.0789182809563338
"AC024230.1","AC024230.1","turquoise","turquoise",-0.0616485616410729,0.0010294640727617,0.156204943865326,-0.158807705985101,0.185905781645414,-0.109959423630927,0.0394078942856835,-0.0835619888328073,-0.0828927670907243,0.0692650391002575,0.0937142643655423,0.0931212595364032
"ATP1B3","ATP1B3","brown","brown",-0.0552891029542277,-0.208630970623932,-0.121489314876029,-0.0355420533575271,-0.353333047396553,0.469274770490088,0.311590197464504,-0.0963975366820147,-0.0857229574279934,-0.112779048708266,0.212714665040234,-0.00917671081340665
"DMD","DMD","purple","purple",-0.0308047020186553,0.102380832239795,0.118259879505268,-0.13528904332577,0.112856570014052,0.0383937592874576,0.0924186514873063,-0.0725031310977474,-0.089395828125449,0.0229955819025875,0.178421801179451,-0.0220949152826782
"MYPN","MYPN","yellow","yellow",0.0570915748524035,-0.0285585706158234,-0.288020577965176,0.737638901869068,-0.157736350703262,0.0319175983434783,-0.122960583207042,0.0708317692832315,-0.0680523926485393,-0.0612621409624404,-0.154085461662844,-0.111660395687681
"EREG","EREG","yellow","yellow",0.0607617355762267,-0.0312047933270411,-0.241680944649015,0.605681388508812,-0.131612323526633,0.0307703257034131,-0.107472883937331,0.0603655692611146,-0.0570376332434317,-0.0565718933801081,-0.139810367624053,-0.105775370365298
"RRAD","RRAD","brown","brown",-0.0183077169914355,-0.0227577782064218,-0.00175851430699385,0.0246664962668526,-0.0768040796796534,0.101878775075944,0.033094760323764,-0.012275787939132,0.0452842893076233,-0.0336838140718682,-0.0177790542357992,-0.000544476213968456
"GPAT3","GPAT3","pink","pink",0.087654384542536,-0.0369289942679959,-0.0219240115574522,-0.00827978883214811,-0.0349156278846116,0.00574139442517455,-0.0378985948906189,0.00306078110275574,-0.0137920333433168,0.00414225885168075,-0.00372056265539779,-0.0123749633774257
"WARS","WARS","yellow","yellow",0.346241296489737,-0.0163036487724615,-0.121622897663233,0.219256102224615,-0.0781742812729398,-0.0115955685627066,-0.0405300356787385,0.0249774367594773,-0.0227772736323474,-0.0301841613870711,-0.0586476001554839,-0.0303874210986532
"HLA-DRA","HLA-DRA","pink","pink",0.345580546967772,-0.0415613540894138,-0.0735221569416645,0.0325603902027632,-0.00542038583528088,-0.0708491319796575,-0.0926918670519635,0.105953142601302,-0.052535290321084,0.075212573752231,-0.0403253046458652,-0.00237299381501898
"ITGAX","ITGAX","pink","pink",0.087288537859989,-0.00939938314128241,-0.0241113865195453,0.00952249382682525,-0.0159209677005299,-0.00792129963153627,-0.00423412460888226,0.00888118046729022,-0.0143665147966106,-0.00455922169771284,-0.00872231901757033,6.9745916836722e-05
"CA8","CA8","pink","pink",0.348629693851249,-0.0169337586365035,-0.0520022048902822,0.00257074247464592,-0.0265989280397437,-0.0293182498212048,-0.0175290179493027,-0.00207549995308923,-0.0315948366865314,-0.0278670472683202,-0.00951873959446267,-0.00101701648462526
"CAMK4","CAMK4","green","green",-0.0179180958750161,-0.0275532383252539,0.0273702819118698,-0.0122721023799201,0.0195901894496833,0.00852175803069162,-0.0205877077575633,0.0894275283073959,-0.0329383981387947,0.08843042615951,0.0508278484335435,0.0210446529023751
"KCND2","KCND2","turquoise","turquoise",-0.0617786233567347,0.00859488375463665,0.173702024275315,-0.135819645642511,0.203622562533496,-0.0851696979072599,-0.0241485520390462,-0.0749532495488236,0.0333131532214428,0.131688241613386,0.0801703186779323,0.0565957811240342
"PRKG1","PRKG1","green","green",-0.0579216630458778,-0.0166903493395124,0.0769094782527463,0.0562219216082905,0.104647120473024,0.0299155785306311,-0.00302054112874418,-0.0795133976168501,-0.129920971610663,0.197779489755081,0.164761334160145,0.0261875984269809
"HOMER1","HOMER1","brown","brown",-0.0662121471181779,-0.0816957689167243,-0.126855135152541,0.163039754979509,-0.208446036795428,0.274744205861864,0.192484811645568,-0.00321942323841136,-0.147266592475862,0.0250013366800417,0.167871462555492,-0.0139685332813462
"AL512603.2","AL512603.2","turquoise","turquoise",-0.0151396387535083,0.070907799845852,0.0836938188132958,0.0190109188834653,0.12301119556642,-0.0861902282528132,-0.0384842079087426,-0.0111160114443757,0.00736574455982765,0.0270285466576613,-0.00621739486048793,0.0470245797108623
"NOVA1","NOVA1","turquoise","turquoise",-0.0989348213808711,0.0410820339126281,0.262861913691259,-0.215810570898647,0.361356978072039,-0.279487168501199,-0.162461457831455,-0.14224830724447,0.191461084562437,-0.0325313661683648,-0.0963493510832397,0.0186763904008205
"ERG","ERG","pink","pink",0.835108443079578,-0.0500770336302755,-0.167818677106123,-0.00925617119164478,-0.0807370651331432,-0.0943873067591095,-0.0714525279180348,0.0297675779719722,-0.0817294235585193,-0.0373445399828707,-0.0581166771861956,-0.00726541896667684
"HDAC9","HDAC9","black","black",0.148589714274939,-0.0329666254711886,-0.0866193907357866,0.0249401728772644,-0.0244583858844439,-0.0639052225062968,-0.0879593473892316,0.314764432653038,-0.0294832882416262,0.102325001077025,-0.0599884531682489,-0.014544040271006
"VEGFC","VEGFC","yellow","yellow",0.0488322211042093,-0.0491162542232182,-0.264137407030389,0.69595051097059,-0.159941312308477,0.0511681872738089,-0.13730849713091,0.0688522259013079,-0.0565679864240449,-0.00428307621282791,-0.136204113917001,-0.0969932098525747
"LINC02388","LINC02388","blue","blue",0.00740451708423316,0.191707300242892,0.0446601020188239,0.00710539860528511,0.0495508326444287,-0.0442602192907899,-0.0222442156415964,0.0084506918179265,0.041260559261805,0.00530434758249977,-0.0454617361872923,-0.0495967331786395
"GLIS3","GLIS3","brown","brown",-0.0645126994998054,-0.0686783436292265,-0.261850702818395,0.150830764864229,-0.45412427867483,0.577234021397068,0.0345612671253382,-0.043657258993892,0.115983095401715,-0.182225036368775,-0.157988709504662,-0.330989610237749
"PIK3R5","PIK3R5","pink","pink",0.217360595408565,-0.0170973701902113,-0.0491675884487998,-0.00166674364770733,-0.0250897342031868,-0.0288675608035179,-0.021375553653956,0.0216141219635912,-0.0237769331551945,-0.0050505252259207,-0.0199515780537582,-0.00468821943985506
"PITPNC1","PITPNC1","brown","brown",0.0807872272509595,-0.0721450375438845,-0.0841106961147323,0.0471788756096319,-0.107549706853194,0.196513985059731,0.065312632059711,-0.0430612220448048,-0.021380882028924,0.0051616405293342,0.0767827147610552,-0.0735086205334824
"ARHGAP15","ARHGAP15","yellow","yellow",0.0663738992813514,0.00302629251524279,-0.20137586743436,0.450869288660926,-0.0924856521991252,-0.00998830252885664,-0.108280959616995,0.0657542141191684,-0.0561500576586942,-0.0228123106099381,-0.121077151200764,-0.0840017107322442
"CXCL1","CXCL1","brown","brown",-0.0382030363096124,-0.0826042101275171,-0.212641611260245,0.30045162654999,-0.320416110713869,0.40770575620873,0.0421911706598842,-0.0471400163226947,0.221007787493152,-0.1591251651056,-0.139173323937338,-0.213366240638131
"ENPEP","ENPEP","brown","brown",-0.0103268533579191,0.0106976389815605,-0.0192839568882782,-0.00378468694573185,-0.0459547492529244,0.0700692363913748,0.02296706324789,-0.00718592160072329,0.00290773427416214,-0.0238998150244956,-0.00571263740141885,-0.0362344628665587
"DTNA","DTNA","turquoise","turquoise",0.00805724840359738,-0.0141254297042915,0.0227603233882352,-0.00411256460314078,0.0614487430926966,-0.0505174208098488,-0.0346571064781263,0.0143544525050146,-0.0212142273454785,0.0324929799328017,0.00260295374539518,0.0234684011651686
"LRP1B","LRP1B","yellow","yellow",-0.0378179233508664,0.0347981526024507,-0.010500170819434,0.241108656113832,0.0475910901545728,-0.0293264632920615,0.0736925416921278,-0.0653450159807187,-0.234848489490512,-0.0930952679468066,0.0656218378942491,0.016425700673271
"ZNF385D","ZNF385D","turquoise","turquoise",-0.00135522850543096,-0.0503806040445924,0.10921254857627,0.0124199319471425,0.203979664264655,-0.144218462796156,-0.05727546700806,-0.0379221839697799,-0.0984794886597756,0.118276209036701,0.127076257023377,0.106813043654443
"ADGRL4","ADGRL4","pink","pink",0.484052885896883,-0.0147840712723497,-0.0592795892145096,0.00185114979041444,-0.0227876262238015,-0.0710188047436237,-0.0354002132538282,0.00786649093994942,-0.0326096583580801,-0.0289379618036645,-0.04201218441227,0.00281299904473795
"SGCZ","SGCZ","red","red",0.00879976027400195,0.0506776593378558,0.0240091639857383,-0.0295814360157282,-0.0103844037899314,-0.0225035617374722,0.121216073696095,0.0126544452841451,-0.0240405977812858,-0.0561129527899054,-0.0443509080168561,0.0283763482083293
"LINC02511","LINC02511","turquoise","turquoise",-0.0255609574522138,-0.0298598582535882,0.0939878213349433,-0.0808842241608767,0.147989661548017,-0.118969066464541,-0.0618642537949582,0.0589663646754206,-0.0119356521801239,0.105622603206457,0.0633436556253303,0.0816967248804169
"BICDL1","BICDL1","blue","blue",-0.00506441629551465,0.079089055502813,0.0207973355426907,0.000867180175050651,0.0119992888778367,-0.00908755690121147,0.0245736861276785,0.00659411118670362,-0.00705098667403344,-0.000706550543686165,-1.68123846014201e-05,-0.00176016676516177
"MRC1","MRC1","yellow","yellow",0.0575800087575579,0.0764251424473622,-0.0712593743227166,0.231537439348755,-0.0376945221986861,0.006854344187223,-0.0374488417621843,0.0359618250217318,-0.010927590118794,-0.024922037919283,-0.0656760093231227,-0.0536849140851734
"PDE4D","PDE4D","green","green",-0.00534990158471833,-0.0340877072258042,0.00801531449336707,0.0694383686078799,0.0580307429703891,0.0433035674726317,-0.0365428331207816,0.0669247026209556,-0.0506418728653667,0.173244729570458,0.0945330383926635,0.0183513060994079
"RHOH","RHOH","blue","blue",0.0337235393980933,0.127183329684096,-0.0163913089390552,0.0479726765696343,-0.00607336423289177,-0.00416267634522399,-0.00310081025185696,0.0130799965554333,-0.00447019707679383,-0.0300450035586531,-0.0345529735668896,-0.0405130543900705
"SLC2A14","SLC2A14","blue","blue",-0.0147373464754584,0.596232847276333,0.118363863164991,-0.0400120333385231,0.149818735723603,-0.153128184349155,0.0281659274610472,-0.00110851727711695,0.045181170665748,-0.0239677559905781,-0.0878319145979366,-0.0565415490047743
"CCSER1","CCSER1","pink","pink",0.0756941620549694,-0.0146708560582848,-0.0235598233012165,-0.00612016084263125,-0.0124268179673794,-0.028710880493328,-0.022740599955656,0.00566068155031896,-0.0135420187021524,0.0122778984453016,-0.0275098341738751,-0.00887003535188411
"TNNT1","TNNT1","green","green",-0.0194110046151879,0.0101479555806874,0.0391656034431501,-0.0130992727768853,0.0216672745753372,0.0122863473395425,-0.0126436311453904,0.00238495145742942,0.000525730292552492,0.0554753429749837,0.0142354029367699,-0.0120734142837043
"ADGRB3","ADGRB3","yellow","yellow",0.0439705096555476,-0.0205653312758394,-0.222176325107752,0.493369109602964,-0.117745057625408,0.000889955467354463,-0.071512370938256,0.103577351669706,-0.120635502461202,-0.0727093713090455,-0.123719320683521,-0.0615777069102184
"SIPA1L1","SIPA1L1","yellow","yellow",0.0626161228147248,0.0117668789632997,-0.192625860793599,0.442770582972523,-0.114473299469312,0.0181538246610852,-0.0688473477499995,0.172242139724339,-0.0353245966973532,0.00363514583489584,-0.135947535299158,-0.0743377024418325
"DACH1","DACH1","red","red",-0.00784709479777913,0.0240943406090564,0.0817917485640045,-0.0498958761893088,0.0854711458211285,-0.0460187496960019,0.115015883462475,-0.0337919228625734,-0.0949711013918718,-0.0105881799033078,0.122182199473574,0.078095259127969
"CNKSR3","CNKSR3","yellow","yellow",0.0562442796971442,-0.00888308797992848,-0.0610830148471031,0.110153549685809,-0.0257253698510677,-0.0180131899114149,-0.0173494486296756,0.04056225124269,-0.0213661281079637,-0.0300280945228054,-0.0245839268400457,-0.00163697649735308
"RHOJ","RHOJ","turquoise","turquoise",-0.0295757919643462,-0.0178866090552198,0.221426390984221,-0.099860657945245,0.382451924074395,-0.263276009262642,-0.0664417709831805,-0.0634655374176495,-0.105035896939076,0.0522487684597074,0.0757402370257762,0.115083458706812
"CYP1B1","CYP1B1","brown","brown",-0.040403395345071,-0.0185811882754318,-0.238431866131551,0.35970590481793,-0.326469051423291,0.372119542998067,0.0121494173265958,-0.0138698861913432,0.153963230996199,-0.133572682722861,-0.131289335883415,-0.245305419013438
"INHBA","INHBA","yellow","yellow",-0.0199028813692696,-0.0601998226959485,-0.202266945048751,0.374173281474873,-0.217599579769586,0.280998878443404,-0.00887600863708495,0.0212148695815409,0.0567744628096039,-0.0557675912995481,-0.0776806076118899,-0.166660074258577
"MLIP","MLIP","turquoise","turquoise",-0.0477026497690647,0.0722975098767849,0.104202885054729,0.00450954326359553,0.127859198609885,-0.0273005397960621,0.0274983049322531,-0.0400507375491065,0.0262184460663934,-0.0208760203314724,0.0282480567663871,0.0065570387467185
"TTN-AS1","TTN-AS1","blue","blue",-0.0323005438715499,0.287945757629075,0.104095930364669,0.000615238248624015,0.109986644089315,-0.0499184911154589,0.0488912654113557,-0.0305756939736177,0.00725662480033112,-0.0509488243847402,-0.0280703182869335,-0.0429354000913256
"SDK1","SDK1","brown","brown",-0.10863046929823,-0.0262308574794312,-0.203176208548364,0.242497005653249,-0.335549186089639,0.53279645018012,0.0133576479840243,-0.0777829322629827,0.341008235456327,-0.112418317189834,-0.143524165297488,-0.299210694556606
"CXCL3","CXCL3","brown","brown",0.0116896113509393,-0.0677026901316513,-0.153978733590579,0.185257107441217,-0.272444158123277,0.313747965209194,0.118733191938851,-0.0275787667452089,-0.0431576582965041,-0.099303027878894,-0.0172238992264012,-0.121743266360964
"SERPINE2","SERPINE2","brown","brown",-0.049754204944407,0.0109166492234926,-0.014290785193932,0.0535189325388121,-0.109044797586834,0.156179198341929,0.118805731950627,0.0157360670210148,-0.0654734324547938,0.117965185838114,0.087992661250152,0.00418270719290007
"PPP1R14C","PPP1R14C","yellow","yellow",0.0305407363808384,-0.0171100744990306,-0.142081369455974,0.346449601530659,-0.0797244114776654,0.0155516028735017,-0.0634646155083662,0.0456969513953285,-0.0327269182286059,-0.0244501727609777,-0.0872378996411685,-0.0604313019840831
"CD44","CD44","brown","brown",-0.0648158072008104,-0.0898419826369725,-0.276143815645818,0.162517128599181,-0.556765953006484,0.687275612225128,0.132770629012818,-0.00762799766510538,0.114207808401771,-0.0481712989117927,0.0452189990165162,-0.295483069318266
"NCAM2","NCAM2","purple","purple",-0.064756060266825,-0.00481388468887314,0.139464646124004,-0.117013719091636,0.121460438547752,-0.0208716302258816,0.195806906857764,-0.0945162775436256,-0.289809763263323,-0.0439320622953749,0.346739764133853,0.108136055337511
"AC011287.1","AC011287.1","yellow","yellow",0.00700992959835245,0.0193466309514226,-0.0438453906228474,0.15479525848638,-0.0325389179139619,0.00834658200432712,0.0246460794005336,0.0274582620982747,0.000263581613060869,-0.007232158642727,-0.0329424233503394,0.00649983357253
"FBXO32","FBXO32","yellow","yellow",-0.000364869987744195,0.0305651175514436,-0.0188095593527787,0.201049516901097,-0.00661941487319273,-0.0209128688961855,-0.0277092924354853,0.0085974255974829,-0.032019856620747,-0.0149961949602166,-0.0376001538053569,0.028730797309396
"RAPGEF5","RAPGEF5","pink","pink",0.493579898572113,-0.0265021835702198,-0.0824524992544215,0.000144744578222353,-0.0440494026229553,-0.0416232050600117,-0.0263960506148122,0.00226596308241689,-0.0428726395081359,-0.0332262257420287,-0.0162731286067009,0.000965626000702374
"PHLDB2","PHLDB2","brown","brown",-0.0619994467302701,-0.0159267725590809,-0.108142628149378,0.0459465757953042,-0.214510873837626,0.34021659011483,0.119715092156002,-0.0542686353845275,0.180579129864587,-0.224578483368623,-0.131592014495585,-0.186298753487708
"ABCC9","ABCC9","brown","brown",-0.0409982491335925,0.0601616266715174,0.0244358510387994,-0.046021256282501,-0.0889283905347581,0.198963310951624,0.158514912260441,-0.0462014197292282,0.0133835873224972,-0.110756176626853,0.0064426109907116,-0.0997272481547352
"DCLK1","DCLK1","brown","brown",-0.12737803943593,0.0547321466802183,0.0588124581045068,-0.163824085164761,-0.0599353130355689,0.228799853618694,0.0753804179785068,-0.134315776160057,0.229543339498855,-0.105044042536875,-0.055742296040526,-0.128998456965319
"PTX3","PTX3","brown","brown",-0.0356850901004068,-0.0024862468279276,-0.0362310983263833,-0.0161896425570907,-0.151072590007222,0.246637395428329,0.119293145734121,-0.0357141895721241,0.0572018013291229,-0.0886999403813413,0.0080122664983957,-0.107733226382806
"PTGS2","PTGS2","brown","brown",-0.0382350714431466,-0.0533307601485916,-0.0808447240495324,0.0919683348725737,-0.179592477758984,0.25193068654797,0.148768127328595,-0.00955939348265492,-0.0870464859759032,-0.0219689783047381,0.0639218007689964,-0.0152510463967509
"MMP19","MMP19","purple","purple",-0.0337891729208649,-0.100876783971432,0.0643895988998377,-0.0286822445286221,0.00592425566223682,0.0142298185275056,0.0752017950510015,-0.0280690910647417,-0.0800312712823399,0.0445841025301104,0.241463365367695,0.122968364140031
"AKAP12","AKAP12","red","red",-0.0691651057022567,0.041578182192995,0.156874562588653,-0.224890204298106,0.00481495716648413,0.0681577112772443,0.349830375404333,-0.140484976342303,-0.0360445591335305,-0.076823790679718,0.245462207039179,0.147195250721502
"SLIT3","SLIT3","black","black",0.080223045286535,-0.00880465180049458,-0.00938798242768876,-0.0165456157868719,-0.03083676163045,-0.0516603937772674,-0.0947355571901954,0.388888028671391,0.0503414652847235,0.123955918758056,-0.155867768015325,-0.0355838629115933
"CA3","CA3","yellow","yellow",0.0112175324521137,0.0166971040094908,-0.0131325824175082,0.0972027130311944,-0.0193195585610898,0.0299087642977646,-0.0306029048326245,0.00951412486424112,-0.0235051216720295,0.0309015384763444,-0.0212193321618778,-0.0481818044742673
"HMOX1","HMOX1","brown","brown",-0.037203995824,-0.109053793577657,-0.0461830851690132,-0.00455255068629284,-0.19123637166139,0.257803810015185,0.0199175522395725,-0.0332360582829705,0.026950290557919,0.00854800339612406,0.0585647694475843,-0.104417393108293
"CD74","CD74","pink","pink",0.540504090070486,-0.0642724737058566,-0.177507916720969,0.14798955805048,-0.0739800094472668,-0.0953441600605895,-0.105670647292929,0.100857747108627,-0.0880995825273515,0.0318108089265647,-0.0775995752995205,0.00485811550989591
"PLEK","PLEK","pink","pink",0.153260609555989,-0.010118660504121,-0.0319725942496048,-0.00608449665006617,-0.0238422812885309,-0.0216613219256948,-0.0258197086726224,0.000182730068551246,-0.0201517895716093,0.0115053956148986,-0.00755747503993601,-0.00200872866710899
"TEX41","TEX41","yellow","yellow",-0.00909432005054428,0.107692088007359,-0.0742150854094115,0.20016220915914,-0.0876880758895889,0.084070219735542,0.0450368108549781,0.0162702789132187,-0.0395429158352095,-0.0364213238619888,-0.0574059217093637,-0.0729595531251093
"HAS2","HAS2","red","red",-0.0596598432199978,0.0171641438807541,-0.0159738423933642,-0.0184176891753349,-0.173258574946261,0.211207091995146,0.266017636894062,-0.0617446469439873,0.0517006692964412,-0.0747847952821315,0.116374628379392,-0.0484242138765357
"SLC16A10","SLC16A10","yellow","yellow",0.0599974153246936,-0.0209927187937945,-0.210369671871731,0.506136436761763,-0.10420593307831,0.00251831515843143,-0.0854735572379084,0.0532579083038179,-0.0538651820694413,-0.0458112753405966,-0.122278555381127,-0.0573986543145441
"MSR1","MSR1","greenyellow","greenyellow",-0.0198412068285935,0.0690618104460479,0.0267697315000876,-0.00649560922055333,0.00295797920308088,0.0284915071378054,0.000609295377718558,-0.0133690461156076,0.225309677546149,-0.0418272822205947,-0.0794919732580788,-0.0383079821481095
"CHRM3","CHRM3","yellow","yellow",-0.0028086154045659,-0.0100492668677085,-0.0424510546244371,0.12535414606146,-0.0279241863155187,0.0166557867410603,-0.0441126838211548,0.0352284239756246,-0.0224306876113622,0.0732764373621385,-0.0230492940166835,-0.025135238393612
"THBS1","THBS1","brown","brown",-0.051453344075002,-0.0754784288178555,-0.0668322936825539,-0.0440044259131243,-0.199276986483716,0.253570148102575,0.0640495416094255,0.0567529282660015,0.132185313404641,-0.0060529045394184,-0.00412306583064216,-0.0719525768999225
"GNG2","GNG2","turquoise","turquoise",-0.0265899096059669,-0.00759603348611742,0.147845306175185,-0.0672705962017356,0.210096073127329,-0.117812629465159,-0.105231278075623,0.0342014975975068,-0.0321865727309934,0.149087062625723,0.0318218786047438,0.0248803077056147
"RUNX3","RUNX3","blue","blue",0.0276575890994072,0.109784292518665,-0.0238547149528758,0.0511616148356369,-0.030672040598008,0.0300788992729137,0.0195829012439909,0.00642936229459536,-0.000636310234472755,-0.0334117759180113,-0.0201236669064185,-0.0392624002212298
"P3H2","P3H2","black","black",0.0508332580179353,-0.0432216153970471,-0.119603143214989,0.0352565237907891,-0.0342830179797412,-0.0679065196238583,-0.0967758026377488,0.449612781680098,-0.0362581913979126,0.0568295565875982,-0.0679837366407054,-0.0183479068599362
"GPRC5D-AS1","GPRC5D-AS1","blue","blue",-0.00826256043805564,0.337248247416986,-0.175152527162297,0.330986953269314,-0.210548512259851,0.206041752381139,0.0412167065185493,0.00760025598960951,0.0764287010625939,-0.119357361509166,-0.151303127376149,-0.186331236194218
"EPHA7","EPHA7","red","red",-0.0271446697659251,0.100387805044909,0.0470682242007891,-0.0605151913144997,0.00485881658688664,0.0131845278425217,0.214033052075618,-0.0278103038033094,0.0122634046791882,-0.102433157361717,0.0452390243568833,0.0363699873098364
"CDH18","CDH18","purple","purple",-0.0210258977624262,-0.000650511117795248,0.132805114868468,-0.0658237681547166,0.133480404801894,-0.057330705145281,0.0694514481988518,-0.0421788835138861,-0.0624505789346096,0.0510034931867609,0.194243448306241,0.0824785132227615
"TNNC1","TNNC1","green","green",0.000716607227805021,-0.00855298043944198,0.0614850639696995,-0.0223738096590582,0.0377327051630535,-0.00700167952588831,-0.00599350384442944,0.00570717328500304,-0.0177743241600923,0.133333698095056,0.0414995220474538,0.02991822117972
"NRP2","NRP2","yellow","yellow",0.0760520914683007,-0.0143615329107579,-0.10591322918245,0.26950853357653,-0.0578367454123381,0.00366463391968098,-0.0581153330107997,0.0591063386666874,-0.0386251891451657,0.0182180823349283,-0.0426524222645182,-0.0277185509615904
"AL357507.1","AL357507.1","blue","blue",-0.0349989443777871,0.113838069980595,0.0658915609097864,-0.0595619451276499,0.0167956653890036,0.0714401305882746,0.0840443885134682,-0.0562930442389768,0.0887494530936066,-0.100359134066953,-0.00831165857321655,-0.0575794364592042
"PID1","PID1","turquoise","turquoise",-0.102962731269928,0.167046327987482,0.24310357011271,-0.199047511592903,0.379390800007902,-0.194670564632949,-0.0282704120007345,-0.0976280742345448,0.0187434349650704,-0.0775883105840993,-0.00412168728669931,0.0413414444094617
"CDH13","CDH13","pink","pink",0.680501971381398,-0.0696763529366535,-0.261424870109349,0.0891514042178551,-0.114804371345813,-0.109467822141888,-0.113155826675813,0.075581578288376,-0.0906410420293196,-0.0586155043011221,-0.100176460262682,-0.0222586567290526
"C9","C9","blue","blue",-0.0376494183222587,0.526888382501829,0.0946625134045233,-0.0461947520441816,0.0531362620144826,0.0185454937917978,0.128042732256681,-0.0297047956452542,0.0316221330915046,-0.0490205507191123,0.016437464867492,-0.0797603168635422
"CLIC5","CLIC5","yellow","yellow",0.0536419761197076,-0.0180744412300169,-0.273836519931867,0.681939385389445,-0.132107099794492,-0.0128679301508468,-0.10329457087469,0.0592747403024251,-0.0541663480398956,-0.0763848439649801,-0.159046832238005,-0.0629260999088567
"ITGB8","ITGB8","yellow","yellow",0.0720086585970023,-0.0258364489148316,-0.31304552938984,0.7894782493402,-0.140995950934318,-0.0187861114750918,-0.152546914808745,0.115446753821635,-0.0717110407918536,-0.03040767380793,-0.193073396058127,-0.0851998057243021
"PAPSS2","PAPSS2","brown","brown",-0.028905070748328,-0.0618283618802319,-0.153280939243857,0.194136109726861,-0.225962113730988,0.285980837736639,-0.0466719283739351,-0.00240844686203199,0.199093604483305,-0.023904982360839,-0.154736213208313,-0.12655649110584
"PTPN22","PTPN22","yellow","yellow",0.0227516920306397,0.00514216304789326,-0.0984009932505689,0.285232911075254,-0.0490313098737053,-0.00528683179339349,-0.0620520365829799,0.0371684070929215,-0.0264923291462217,-0.0113483095579521,-0.0742458905113306,-0.0348646692607083
"PCDH9","PCDH9","red","red",-0.112319488061273,0.119650891890414,0.135721956838036,-0.153353997230983,0.0765520925098389,0.0959243554537839,0.238006594001659,-0.118731264072571,-0.129868231354462,-0.079541460319843,0.17261981143847,0.0109193254944916
"PTCHD1-AS","PTCHD1-AS","turquoise","turquoise",-0.0306419609958378,0.016916308509662,0.0833032569310898,-0.0436167908102805,0.118344747305768,-0.0438461434485307,0.0478790631899721,-0.0264027937645523,-0.0929459807943431,0.015463676008314,0.120055613901918,0.0578608615777409
"SLC7A11","SLC7A11","brown","brown",-0.00680911054644105,-0.0310656432402854,-0.0339546354921499,-0.0022210232139302,-0.0598739136678385,0.10819939520421,-0.0217019744900663,0.0639118190223359,-0.0249921385709406,0.0955263146484159,0.0299970738579807,-0.0497891411167217
"ANO2","ANO2","pink","pink",0.809726929679046,-0.0483099467607401,-0.165140858734429,-0.0119342904157488,-0.0797904782436778,-0.0796113704532738,-0.0631324833598592,0.022405212548783,-0.076114717657658,-0.0401078505130143,-0.0475836049320766,0.00368016524497948
"CACNA1C","CACNA1C","blue","blue",0.0408417275316188,0.0672261213592726,0.027229041750675,-0.063306236483567,-0.00587245635867573,0.0403361830688725,0.0950314204055697,0.0428611388427545,-0.0582598547339084,0.0177859828894279,0.0232954250268893,-0.00800024267538253
"CARMIL1","CARMIL1","brown","brown",-0.0254735653874889,-0.0123338554359157,0.00886414809446933,-0.00252642910614949,0.0184755133300089,0.0447535069743695,-0.11680879887179,0.119350849068414,0.129339555870631,0.118991894852792,-0.0867126020264186,-0.0897381907359957
"CSMD1","CSMD1","black","black",0.0473269753768198,-0.00964528784688193,-0.00512540815434821,-0.00713732478523901,0.0554053732630469,-0.0705456404920101,-0.0513288099692651,0.42488117933567,-0.0182053750634743,0.0730352162372415,-0.0343684691033144,0.0117456744458184
"LINC00639","LINC00639","blue","blue",0.00247705944928055,0.202989644222076,0.0197476543888754,0.0289554175101904,0.010651380108518,-0.0116886079372723,0.00765479846028436,0.00657977569761853,0.0271656100082603,0.00224787705579933,-0.0269750691676433,-0.0448300720550827
"AC099560.1","AC099560.1","brown","brown",-0.0323246207051323,0.0611502115838931,0.00991474261491699,-0.0347171290151558,-0.0561602237102789,0.119647388210626,0.0935617973823911,-0.0310659443585389,-0.0460935123690588,-0.0193607502254175,0.100628176144323,-0.0427071462261132
"ZNF385B","ZNF385B","yellow","yellow",0.0685077959222787,-0.0143877518482234,-0.339949582448196,0.835875335492308,-0.17523659767594,3.48952901235628e-05,-0.15493357016054,0.0864834779871642,-0.0431051983278501,-0.0816890610271791,-0.237012462843204,-0.101318241288679
"CCL2","CCL2","brown","brown",0.023708368022258,-0.134725468242458,-0.0236313524269524,-0.125120675072939,-0.237202633126346,0.221317699940456,0.289028984483677,-0.0669719057650023,-0.133688892310133,-0.0387374754774296,0.221441437755337,0.0493102785941504
"CXCR4","CXCR4","pink","pink",0.141376316614308,-0.0140422801596011,-0.0421786589142279,0.0184358152054339,-0.0237524189869224,-0.0225759727867668,-0.0206871430374576,0.0464412971513824,-0.0188402720574815,-0.00296080937898129,-0.015612114013452,0.00215913963689879
"MB","MB","green","green",-0.00559960534373761,0.0048348230916694,0.0689940575596992,-0.0183242729566597,0.0327833015078112,-0.00627289169286824,-0.0138558663934845,-0.00317153258329543,-0.0104470590319254,0.10934549441564,0.0424278193994857,0.0247874147871919
"GPC6","GPC6","yellow","yellow",0.00417320887752639,0.046728908699768,-0.191605301844304,0.433584295105066,-0.164594453029599,0.111259046179815,-0.0185958910026883,-0.0045717278521975,0.0577732519722279,-0.172861035029901,-0.211721787846238,-0.143651882304963
"AC099489.1","AC099489.1","blue","blue",-0.0274639086234597,0.225033804122969,-0.0739449384868637,0.0364930993657367,-0.161006462938219,0.220075758136477,0.202466966888873,-0.0271770906921192,-0.0544224581099481,-0.10996553553281,0.0207554209928783,-0.137813567217817
"CCNH","CCNH","red","red",-0.0264127621695102,0.0456670311392024,0.0358245283377275,-0.0765598482173323,0.00797468892026578,0.0944386681039202,0.219786757298623,-0.0979586770321869,-0.071126909651188,-0.129511873284292,0.12373601507303,0.0125570876477183
"PTPRJ","PTPRJ","black","black",0.0696758214919151,-0.0494161069777141,-0.0617457959699137,0.00505457404469682,-0.00951944137739161,-0.0500948975604237,-0.0922341814269179,0.410555141974044,-0.0146507093477442,0.118076130941771,-0.0338369290353128,-0.0097767441052646
"TMTC2","TMTC2","red","red",-0.0474853074114735,0.0281278169187317,0.0580656721508978,-0.0438974195100241,0.00434737055072079,0.102964252586601,0.23673988468419,-0.0684724366848579,-0.0530428284497028,-0.0263313086748754,0.185420911468238,0.0526606848899588
"PPP1R27","PPP1R27","green","green",-0.00484180122854285,-0.00216668022788322,0.0172548504234899,-0.00776095925191833,-0.00230482170157951,0.00418008108407489,-0.0110431819157693,0.00600160907380618,-0.00114036915719718,0.0761930790245456,0.0234267170374887,0.0112910224849263
"VWF","VWF","pink","pink",0.842569453781492,-0.0590257668818095,-0.180681310481364,-0.0159881034740155,-0.0900003581747941,-0.0856488495514829,-0.0700835409320049,0.0259551559645917,-0.0809884180497605,-0.0414575106905126,-0.0491874824255486,0.00478318239412244
"DLK1","DLK1","purple","purple",-0.00516534658516443,-0.035926013439774,0.0907254631621569,-0.0568466373352743,0.0384149000090559,-0.0331335419454179,0.0697027705742157,-0.0275664827085068,-0.078461772130549,0.0783551268606179,0.206340188311575,0.0886185808012754
"MYL1","MYL1","green","green",-0.00129246583827777,0.00775529185537955,0.0570815376255391,-0.0213039019314425,0.0193325107533872,-0.000316452280667223,0.0209382481824573,0.00219644761712163,-0.0228144850738045,0.0918196931271008,0.043494929886298,0.0206766287534291
"MCTP2","MCTP2","yellow","yellow",0.0139526999646551,0.00502004394200148,-0.121431964946634,0.338723308353256,-0.0609564983176313,0.0161961399013003,-0.0418711218573729,0.0298607249065805,-0.0680596821687793,-0.0130780083497349,-0.0561247586378172,-0.047164288134653
"TEX26","TEX26","blue","blue",-0.0206054351188579,0.390557613503063,0.0307193961198903,0.0469082757294944,-0.00552906010013087,0.0524419213922975,0.0254634285883953,-0.00610683823073526,0.0876608080920522,-0.0049695976039469,-0.0246384943430635,-0.0905857458412289
"FPR3","FPR3","pink","pink",0.178719640031425,-0.00835384650709427,-0.0430185618699122,-0.00167990490225712,-0.0135411697731405,-0.0250687571293684,-0.0227188257753394,0.0103395366674499,-0.0221637747939564,-0.00868198658644834,-0.018025678960211,-0.00411468332734417
"MYOM1","MYOM1","blue","blue",-0.0208854580700672,0.141463392522564,0.106520510067405,-0.0396432667386112,0.105044468243032,-0.070504829420835,0.0418064077705234,-0.0224913276479213,0.0272189932747175,-0.00996771068942747,0.0134233603404606,0.0285937241189795
"FBN1","FBN1","greenyellow","greenyellow",-0.163958976338988,0.0395493506244918,0.109477123714857,-0.0971040449111328,-0.021248472319021,0.193658659567668,-0.000198950972194657,-0.116481389943145,0.555949021729276,-0.0237529539215782,-0.0572847043613506,-0.163565291110658
"RYR2","RYR2","yellow","yellow",0.0633806659249162,-0.0275930437546044,-0.233798265216332,0.539861688508986,-0.107862797695704,-0.0102213450727297,-0.127311728529808,0.256968282922975,-0.079810602548489,0.0340133670090689,-0.141531789487449,-0.070316790263402
"FGF13","FGF13","purple","purple",-0.0368668115789872,-0.0307583372710233,0.074580216128275,-0.0793048650349086,0.0505876958153768,0.0264279463173007,0.103558478782636,0.00417527286960578,-0.169062992739312,0.0434226529376717,0.266987551210588,0.0332758902743325
"TNNI1","TNNI1","green","green",-0.00432338904682702,0.0084014853399377,0.0498671300683134,-0.0126707107694622,0.0314673207943161,0.00360941171776663,0.00488824226629099,0.00378149114464637,-0.0139988190878456,0.0863530345527052,0.0342426406408332,0.0148675299800904
"CLSTN2","CLSTN2","brown","brown",-0.0803312176736799,0.0266507933907091,0.0739894902764503,-0.116190429904481,-0.0241019056100435,0.155048915406451,0.213719393038401,-0.0737427672768677,-0.069468588473286,-0.0470660103517201,0.187617481313389,0.0252211642334614
"IL1RL1","IL1RL1","brown","brown",-0.0165111613610068,-0.0642733508833888,-0.0165428550233241,-0.0178822659596016,-0.0791560695992382,0.115736217069484,-0.00890441298846933,-0.0174519339225512,-0.0395364901529543,0.0546478133094998,0.0784436816002059,-0.0432780305412442
"FN1","FN1","yellow","yellow",0.00251819294302672,-0.0299797659951718,-0.164998789683086,0.558060082880313,-0.0967074636017038,0.0324997432577384,-0.171943723557006,0.234510533083844,0.129330455081863,0.254346382635869,-0.136351486990883,-0.108291992502576
"TGFB2","TGFB2","blue","blue",-0.0486873917727672,0.175231113875926,0.0287877280052167,0.0853277509863299,0.0105609559053932,0.0189441855055209,0.121061844289559,-0.0256121407953612,-0.0115421898054374,-0.0495651115926814,0.0675126774014864,0.0158779824121873
"BTBD11","BTBD11","yellow","yellow",-0.0177587147913357,0.00668074394960466,-0.0560532676941761,0.131923040450489,-0.0559765043245538,0.0725681250819421,0.013730589734521,0.0280427862272717,-0.0350293103062652,-0.0228089196063334,-0.0059780587368004,-0.0444652128818419
"ELOVL7","ELOVL7","yellow","yellow",0.0461606886420856,-0.0388709537449752,-0.221113061522614,0.519835868657186,-0.139751532009256,0.0713308749598696,-0.0996095310377653,0.0574531035189759,-0.0644777903190826,0.0262518496402012,-0.100271037846932,-0.102699610571249
"BCL2A1","BCL2A1","pink","pink",0.145053658897432,-0.0179577206715529,-0.0269710445386186,0.044937537667278,-0.0179863240369556,-0.00947133320777357,-0.036725392918348,0.00830369821964052,-0.0241155258247486,0.0387687346380266,-0.00132039946848075,-0.00387665867436639
"CCDC85A","CCDC85A","blue","blue",-0.0201677982364809,0.0842628751249774,0.0416191135570257,-0.0246907062349116,-0.00960984154745503,0.0606913016284921,0.0872553308871543,-0.0266999329243352,0.0395880366878198,-0.0886656920178055,-0.0211447462963158,-0.0263510658006709
"ITGA1","ITGA1","pink","pink",0.4171816916495,-0.0197987529529274,-0.11386601159444,0.225351419177122,-0.0162448691515946,-0.0645191122187065,-0.0906680835326753,0.0444862751422434,-0.0769870882307559,0.0409834152374772,-0.0537479541861299,-0.0336921232736937
"LGR5","LGR5","blue","blue",0.00121957849523818,0.14601359497057,0.0296577515249821,0.00953958588172163,0.0219988701326706,-0.0361535127288704,-0.0222631447721612,0.0138095099082086,0.0178786315666552,0.0172057399200658,-0.0439757822802011,-0.0382987728925026
"PELI1","PELI1","purple","purple",0.067914880627449,-0.105979489823447,0.0195330972079571,-0.0621110941806148,-0.0319354459161424,0.049538253066095,0.0790940516623987,-0.020923291498877,-0.095808560755355,0.0460553054103847,0.210102747208537,0.161952968544209
"GBE1","GBE1","brown","brown",-0.0448968345703018,-0.0352814952613163,-0.01893153822888,-0.0181131345822975,-0.141921506857245,0.215289937704197,0.171360615937781,-0.0743479367607516,-0.00374485032380722,-0.122002901267589,0.127038168269878,0.0520309312177693
"INPP4B","INPP4B","yellow","yellow",0.00805246063835218,-0.0247184509135057,-0.0481182057712604,0.22746100695585,0.0011865472515038,-0.0183880713924248,-0.0553965935986872,0.0292841806602946,-0.0502791829788025,0.00716235136425343,-0.0334614840145139,-0.0106467884395697
"CMYA5","CMYA5","turquoise","turquoise",-0.0505149108434661,0.068435839141916,0.146140961538725,-0.0445025332444771,0.196887610239359,-0.0978860943638149,-0.0444561477063379,0.058990367797213,0.0236933068399943,0.0794953462049644,0.031915744067065,0.0185998548349984
"HSPA1A","HSPA1A","magenta","magenta",0.0123806392757897,-0.282038917203784,0.221833909130339,-0.18111817478789,0.160732816642661,-0.22367723117835,0.0511452925998179,0.0248905205734457,-0.169415312052397,0.288404381023913,0.33493938490892,0.713354891011967
"LAMC2","LAMC2","blue","blue",-0.0357952967960818,0.278120510498423,0.0562809091610272,-0.0545788696812418,0.0121153372220669,0.0719048011740943,0.080726517783066,-0.0491860497837915,0.0384901424967452,-0.100103252314532,-0.00793549732695037,-0.11959084690233
"EGF","EGF","yellow","yellow",0.0373586369930101,-0.0191092859075679,-0.137655256831905,0.342652081966867,-0.0746422360585678,0.0168821081128413,-0.0515520148939965,0.030688559891071,-0.026569010072396,-0.0400421780313965,-0.0759616000460592,-0.0483352760628375
"SNTG2","SNTG2","yellow","yellow",0.0492196552280203,-0.0086120471921416,-0.0490415155636378,0.142760549950968,-0.022042380754494,-0.00136933845604608,-0.0230979345627504,0.0124207822454066,-0.0105796755724935,-0.0110083559262685,-0.0283471959332134,-0.0215868120263261
"ANO5","ANO5","yellow","yellow",0.0233646176514012,-0.0115528230619295,-0.132694076452887,0.386624264545605,-0.05233227559461,-0.0106756111147087,-0.0564854935360504,0.0323016191558013,-0.0400112845868919,-0.0130682127656856,-0.0724334389550138,-0.0246893243106752
"GALNT13","GALNT13","greenyellow","greenyellow",-0.0165483818475089,-0.0313327147274688,-0.0437112322983123,0.00918467996822292,-0.0774082852330956,0.0478295858560538,-0.0901186823317397,0.034442336833232,0.213694549098556,0.0186554299796675,-0.141173318587403,-0.0511084022502504
"CXCL2","CXCL2","brown","brown",-0.0349576290314458,-0.131566667109532,-0.200169940394201,0.0285410258768909,-0.498272073887085,0.609343634242121,0.372707266480092,-0.117443161580268,0.00743139313141772,-0.22009292115481,0.0803841722962713,-0.139089918343971
"FCGR2A","FCGR2A","pink","pink",0.182203542061517,-0.0182359187085145,-0.0370051451381281,-0.00420088855760392,-0.0119106100558103,-0.030510781767691,-0.0273628552143149,0.0203339412502924,-0.024009149390297,-0.0053040276217541,-0.0165092947976355,0.00195444683811937
"BIRC3","BIRC3","brown","brown",-0.00812096139598289,-0.0333582429068973,-0.0511987645366163,0.0834103048224925,-0.117872868190819,0.150497968016143,0.101552569698634,-0.0255939945106546,-0.0251242885972975,-0.0881678100372345,0.0107603994072743,-0.0467084602660321
"MFAP5","MFAP5","greenyellow","greenyellow",-0.114848434419847,0.0769540426238122,0.213492657335649,-0.173621245918331,-0.00290471223601577,0.0905915359525912,-0.0983450317309547,-0.127614559338045,0.664540976544872,0.106192357965719,-0.123980590722873,-0.105438342018787
"HLA-DQA1","HLA-DQA1","pink","pink",0.266851018448484,-0.0264011734171102,-0.0684171487012087,-0.00564310553108656,-0.0262159935439701,-0.0520528970738888,-0.0503475119725485,0.027446138903589,-0.0404467177173306,0.00332858563789424,-0.0362467915297781,-0.00624123991941259
"CCL14","CCL14","green","green",-0.00671370934969588,-0.019188771294764,0.0477706722444565,-0.0180501927656665,0.0246219618856885,-0.0136089249772955,-0.0215388175489954,-0.0012518301067079,-0.018315267598297,0.0637693694923347,0.0502502965819574,0.0208470347097815
"EFNA5","EFNA5","brown","brown",-0.0283295875315511,0.141928255740897,-0.0879773560799549,0.221000220377874,-0.0839822932031209,0.0997069725196416,-0.0291431333812317,-0.0156964196013221,0.246207565229035,-0.13857833237573,-0.267238956291475,-0.155631183292456
"ARSJ","ARSJ","brown","brown",-0.0580131683626955,-0.0450513402552696,-0.0538570015079663,0.0518178320878274,-0.166762750050436,0.275334081388918,0.119982425534602,-0.0280771492626167,-0.0664980332958138,0.0339782757121617,0.144760064752443,-0.0831419466100076
"BANP","BANP","brown","brown",-0.0462147215517775,0.00562845553424806,-0.0387926680272924,-0.00471153741932086,-0.120437605575812,0.220600453715803,0.154338505830433,-0.0175018475686295,0.0189539276689926,-0.065086908489415,0.0179656622672388,-0.0619510273855131
"RTN1","RTN1","pink","pink",0.085552660428712,-0.0113694384217289,-0.0199735270627846,0.0355388032369589,-0.018101687492196,-0.0102930907284754,-0.0273528286399707,0.0169327938708761,-0.0186221174870002,0.0345873336525105,-0.00511684012225093,-0.0114416887091743
"AL583785.1","AL583785.1","blue","blue",-0.00899854279426365,0.0721974560453208,0.0363645886086614,-0.0127509071392972,0.00811879135459234,0.0162645374297264,0.0301125156767836,-0.00766557669114578,0.0257375534341199,0.00168816812215188,-0.00706283969763582,0.000528728657677442
"TLR2","TLR2","pink","pink",0.136504847641058,-0.0127960373409417,-0.0539620861381801,0.0679112559986168,-0.0189061220554432,-0.0299634439224113,-0.0399972662602807,0.041176580397116,-0.0293293993605752,-0.0131843639703731,-0.0291476780641971,-0.00766912365460609
"XYLT1","XYLT1","brown","brown",-0.130243649531015,-0.119653626213379,-0.186771597064698,0.119828714108003,-0.438827274292229,0.567915782067249,0.349895803030725,-0.0910199954213629,-0.0597290063240379,-0.179739511822082,0.208297992084343,-0.094150574135498
"MYL2","MYL2","green","green",0.0239474661959011,-0.0373772420988921,0.0558852474018124,-0.0126473434087323,0.0378107686802683,-0.00167678821926276,-0.0777646647473507,0.0250167170469718,-0.0236562786606015,0.251392958088716,0.0612593408493693,0.0130761395311569
"COMP","COMP","black","black",0.0204414164043067,-0.00963782223091278,-0.037449252131392,0.0214046395326836,-0.0401465595307636,-0.0304577460506047,-0.0602901300441634,0.191181264556284,0.0396324899796088,0.075441675457987,-0.110953323060928,-0.0136872385799534
"GNGT1","GNGT1","green","green",0.021532293977987,0.0143440830736841,0.00124524458400175,0.0243712113145415,-0.0154722162447041,0.0222071395780622,-0.0119893157875853,0.00757756865914165,-0.0110261864877511,0.0783851072334464,0.0159434708459764,-0.0162493808280549
"PDE4B","PDE4B","yellow","yellow",0.0128534742424814,-0.110425466689429,-0.204226074083859,0.271022047734675,-0.245491907389565,0.322071657301937,-0.00281850720450892,0.0174299885989577,-0.0235142735793866,-0.0261988020430912,-0.0145147292640181,-0.179427140215911
"ZNF804A","ZNF804A","yellow","yellow",0.0135167929942265,-0.0280258065708958,-0.0685172667959669,0.200591218073285,-0.0605888820070376,0.0418005690689345,-0.050509450688192,0.0186440260881137,-0.0453652025262453,0.0495787490064243,-0.0161680266359749,-0.0380988608993229
"CCL20","CCL20","yellow","yellow",0.0518140408832979,-0.0166246366691345,-0.146745912967596,0.35717116173445,-0.0821736431662065,0.0150584618290106,-0.066767372821348,0.0427240980067804,-0.0315933389198046,-0.0219994281045391,-0.076740900766379,-0.0663949619877274
"PLAU","PLAU","red","red",-0.0749966730110151,-0.162982450386991,-0.0173464268644615,-0.122289828899788,-0.247852852933627,0.364609826692758,0.395613730935839,-0.104666806968935,-0.087905995555398,-0.123191752667792,0.259861248064065,-0.0384442148718367
"GEM","GEM","brown","brown",-0.132278228357084,-0.195619194476366,-0.136927364349359,0.0421247570328134,-0.459362153134709,0.568524513432613,0.377541333071005,-0.0809485212588767,-0.119049503489771,-0.0666931385835676,0.284555209513608,0.0301011708486205
"SLC4A7","SLC4A7","brown","brown",-0.0793128482075949,-0.208876451615734,-0.279068807752561,0.179910967201965,-0.550048209612376,0.692748505720025,0.137159061212071,-0.0633360420871378,-0.0148813334105701,-0.0770371310729869,0.138695064833974,-0.254137036817891
"CHSY3","CHSY3","brown","brown",-0.0672798034302093,0.0256418067484312,-0.0175066662813288,-0.0075223448754151,-0.152069729012469,0.239643525759776,0.162262644713024,-0.0420490380356818,0.0285477890237078,-0.0168133301662324,0.0794971017991194,-0.0453135482939232
"PAPPA","PAPPA","brown","brown",-0.066811662734725,-0.0197737195758402,0.072747473410365,-0.092411263811327,0.0325514309433097,0.120066906246278,0.0797163651165893,-0.0562669821386155,-0.18397566395272,0.0548161947835094,0.199842787962799,-0.00541178812731698
"PALM2-AKAP2","PALM2-AKAP2","brown","brown",0.107190814448446,-0.00426734900426902,-0.271636295557797,0.266434133264158,-0.293899404981983,0.31301610549731,-0.00536140813880063,0.00663963781455334,0.0579176436985863,-0.0874682103073775,-0.143535179368138,-0.217835518963059
"RALGAPA2","RALGAPA2","turquoise","turquoise",0.209852791187396,0.00400776153789696,0.0670526646766064,-0.0492471293564856,0.136068977171802,-0.153445910765441,-0.0118001180431756,-0.0236147157738431,-0.0241751572183108,-0.0129019199996844,-0.008198718904156,0.0659250907762093
"SEMA3E","SEMA3E","yellow","yellow",0.0429089051114007,-0.0320290277540157,-0.24444924272923,0.587736129209672,-0.181133112108701,0.0849542283714632,-0.139364866862528,0.0757010770207896,0.032561569126634,-0.0468867911543547,-0.209819876802185,-0.135351915453857
"ZPLD1","ZPLD1","brown","brown",-0.0225222505899959,0.027917143500878,-0.0014283914021902,-0.0199742543732654,-0.0585514211208051,0.106560757345757,0.0620727254223267,-0.0249080668346346,0.00602667943452885,-0.0295496063994809,0.0588145612344082,-0.053627729001898
"CD86","CD86","pink","pink",0.185282857599815,-0.0150720951315329,-0.0488445697222663,-0.00094974076921492,-0.0251815510482016,-0.0229741161892167,-0.0213783358909731,-0.00121914008689043,-0.0210380097306696,-0.0209612843777207,-0.0174441166999509,-0.000195063242353968
"ITK","ITK","black","black",0.062873778406508,-0.00882465426286935,-0.0233697996377751,0.0284339965355371,-0.00116059333114335,-0.0186048789880598,-0.0272659228934618,0.0984701926938422,-0.0167763372679312,0.00417988605709513,-0.017570397961302,-0.00460020853970933
"MMP10","MMP10","brown","brown",-0.019933347921457,-0.0300827277590821,-0.034956767127026,-0.00644170651502407,-0.0925223772799502,0.151193985177077,0.0116857059543421,-0.0221436038074324,-0.00784410231287571,-0.0236048167040443,0.00481675033991866,-0.0816153337463562
"TRAF1","TRAF1","yellow","yellow",0.0909703739691184,-0.00173803588554989,-0.128937768755829,0.326585802322994,-0.0804203375572377,0.032730457370254,-0.0410055308598749,0.0317282683962366,-0.0291852836826379,-0.0332483248564613,-0.0860732185687433,-0.0588319488510421
"LINC00536","LINC00536","brown","brown",-0.0186315897547215,0.0321355034350279,-0.0468958612408854,0.0130248737019609,-0.0979857739828491,0.16119348241462,0.0568277131538385,-0.0141062427739345,0.0130420189772325,-0.0635021091816689,-0.0186728565888125,-0.0898660263117943
"DOCK10","DOCK10","green","green",-0.000927210115975145,-0.00574132911653455,0.0726156190970498,-0.0259084536485497,0.0921822014506576,-0.0499831366270318,-0.0463208520036344,0.020602878339213,-0.055393340505063,0.226465743040475,0.0606217569327706,0.0478938226490864
"MEG3","MEG3","brown","brown",-0.159989431546099,-0.15646112614109,-0.00195141758167172,-0.0677039366720359,-0.0992193752252896,0.294838371966289,0.254042419292847,-0.117253297499664,-0.0185039328958229,-0.0412980523106762,0.286406039776149,0.0307284474322087
"SLC9C1","SLC9C1","brown","brown",-7.17396011549589e-05,0.0482740269929427,-0.0247238177544203,0.0486110428041049,-0.0570477542404337,0.0694584954819086,0.0112007596841573,-0.0021547983783303,0.0120167509422007,-0.0292268843048133,-0.0273284475426263,-0.0638422058736184
"HHIP","HHIP","black","black",-0.00565554202274106,-0.0193020815179593,0.00974926990672217,0.000893207523781336,0.0312792686674343,-0.0830510209629714,-0.052136591621374,0.29780083478819,-0.0341009604612515,0.111961324151468,-0.06853076292351,0.0323311789297963
"NTN4","NTN4","purple","purple",-0.104085569342311,-0.100006251492658,0.0193340349270475,0.0655662508734934,-0.0750008494004581,0.180272086038905,0.120663904732272,-0.0863784230980221,0.108184372381332,0.0247258794521884,0.222836736130637,0.0132261157067783
"MYO18B","MYO18B","brown","brown",-0.00979187320359205,0.0288455349667848,-0.00659900820998244,-0.00397401860614416,-0.0354388615059431,0.0672140907069543,0.0255243850035961,-0.00746764314128909,0.02187218687833,-0.0321067206315786,-0.00962649495180491,-0.0413987872293096
"ADAM12","ADAM12","yellow","yellow",-0.0116080373709016,0.00311738973975215,-0.106206742056339,0.12359971608113,-0.151028888901962,0.186492811390091,0.0406889377101018,0.0719023425939909,-0.0461133685164306,0.00419096517321529,-0.0114267148907861,-0.108536732083193
"KHDRBS3","KHDRBS3","brown","brown",-0.130865159226032,-0.0721865189262234,-0.10591906206193,0.0276726369521231,-0.340797352462399,0.496602109728806,0.281911401136651,-0.0993707789696001,0.00962996950954761,-0.124256356653722,0.236698036704059,-0.102085619581026
"LSAMP","LSAMP","turquoise","turquoise",-0.0122823835914281,-0.0202871532844296,0.0629800992308385,-0.0195620779634172,0.0943144874389801,-0.0579732842129579,0.017624452756277,0.0220913745944176,-0.101304286691728,0.134616390795883,0.108971872971709,0.0947749167242913
"EIF4E","EIF4E","brown","brown",-0.0686498319875445,-0.0527329388782356,-0.101693442387566,0.00552734906943242,-0.275903414148371,0.3829465307183,0.157392305533913,-0.0298215537980248,0.0014803452600016,-0.079000170477159,0.108911798544613,-0.137368100819215
"BMP6","BMP6","yellow","yellow",-0.0351942909914178,-0.101093229592912,-0.117313584053509,0.22944696875047,-0.115809948743876,0.205465476944661,-0.0439658354094772,0.00888552016677153,-0.0409079964228616,0.0131429879828537,0.023168933009059,-0.102492439802504
"ST8SIA4","ST8SIA4","black","black",0.02849843552264,-0.0152055936622137,-0.0471224601762439,0.083182877667359,-0.0143399153128433,-0.0108376828878236,-0.0396543029479051,0.162147953470738,-0.0178081103578089,0.0230657764537031,-0.0384615409963149,-0.0135668679579984
"IL1R2","IL1R2","blue","blue",0.061474241655532,0.129250090211775,0.00379450743455269,-0.0119711273917324,-0.0253266731681693,0.0223295574109945,0.0588340561089631,-0.00693312926197125,-0.0290932757661597,-0.0301269646941493,0.0139368175904387,-0.0366707303097719
"AL136962.1","AL136962.1","yellow","yellow",0.0167236256009054,-0.0026192127732562,-0.0422587505703184,0.124361568297662,-0.02073429435801,0.00581596061152806,-0.0197201757710462,0.00944174558321112,-0.0150151457277966,-0.00780093150838423,-0.024169882942617,-0.0152021555895801
"DOCK4","DOCK4","greenyellow","greenyellow",-0.00116870735952993,0.0789020490454259,0.0307403358332632,-0.0455783265323454,0.0363122411860941,0.0500116104520837,-0.0151405083564348,-0.0816635291282509,0.467355611828368,-0.181150685930612,-0.149282975742366,-0.0881435699107588
"HS6ST3","HS6ST3","yellow","yellow",0.0102797914636097,0.00355199088246139,-0.0409753706202059,0.118137882000098,-0.0167188316611286,-0.000122183006073776,-0.0172087466829379,0.0168863096696135,-0.0112929922521458,-0.010473358047384,-0.0348663105284119,-0.0159597398084399
"COL3A1","COL3A1","green","green",0.0518597753088056,-0.105389444575248,0.112008944900334,0.0358048178570311,0.258418525474304,-0.261165674940323,-0.387290779517049,0.191266058890589,0.115627105654777,0.745560136462343,-0.00619518649846366,0.0618531471918375
"ADAMTS4","ADAMTS4","red","red",0.027049401515185,0.000325205022252344,-0.0444411291870666,-0.0746438433602621,-0.205827643943225,0.270601665414704,0.449387566503016,-0.0779257610494462,-0.0764355286453382,-0.144423826585442,0.174113205643637,-0.0155174545874869
"LYN","LYN","yellow","yellow",0.010113323842666,-0.00997499875338516,-0.043410113273563,0.224459542833492,-0.0162583516454008,0.00382412987902225,-0.0117575413489378,0.0154657347866855,-0.0189037395557725,-0.0240166327968645,-0.0323342650935839,0.00335769908194859
"HAS1","HAS1","yellow","yellow",-0.0187745917660078,-0.096029264508723,-0.18146194105682,0.356192030690154,-0.201463829581468,0.163350257595425,-0.0318232475256443,0.0175132871074877,0.215071329046276,0.00586474987036396,-0.108421831762353,-0.0588876358509772
"KMT2E","KMT2E","red","red",0.0111677971568766,0.0523650139250424,0.107690765553678,-0.131005588191557,0.0896567630607942,-0.112048595565282,0.157764101533857,-0.0423348368893837,-0.0311656719383944,-0.0549853559197502,0.0617172794564839,0.121845272813502
"CLU","CLU","yellow","yellow",0.0730545143547489,0.0268146039506121,-0.242560045310227,0.618300028853214,-0.187135601432727,0.011709180829203,-0.172249421662773,0.108237528152389,0.111215531907388,-0.0268313223741946,-0.324576932137639,-0.143451737040887
"GFPT2","GFPT2","brown","brown",-0.161483295502323,-0.025899268326448,-0.163842261914843,0.0465517139414194,-0.468137581795881,0.629437511288184,0.450441552034105,-0.143311128155703,0.0539786420702748,-0.253141994866609,0.193778719099229,-0.0890687607205938
"CDC42BPA","CDC42BPA","blue","blue",0.0179369554027606,0.0881416577931528,0.0682138447504039,-0.0391500819214854,0.0972986583992095,-0.00530890271009733,0.0341302650841446,-0.0590661587685403,0.10712144654733,-0.0341033551660106,-0.0263241432582359,-0.0553176590157783
"UNC5C","UNC5C","yellow","yellow",0.0345130835631071,-0.0211379882060283,-0.185544903148466,0.500873262917834,-0.105824074043515,0.0168591246188474,-0.0246884951460944,0.0605348016508327,-0.108499174550313,-0.0326390043879803,-0.101938103894167,-0.037013167593916
"RASGRP3","RASGRP3","pink","pink",0.10622688713593,0.00599612873697594,-0.0219783029387408,0.0207486479038513,-0.0193627110247419,-0.00790654406297293,-0.0289834156488332,0.0397302979645173,-0.0135132178143982,0.00029154554587013,-0.0233076513238463,-0.0285535473446732
"AL035401.1","AL035401.1","turquoise","turquoise",-0.0242797390645887,-0.0185575168124597,0.122594471863215,-0.0816401720652184,0.160253030091967,-0.0812846917208063,-0.0302416070793454,-0.0130106690592206,-0.0210885810840931,0.141677641353737,0.0991466619860272,0.0861269650351138
"MMP12","MMP12","brown","brown",-0.0148392559749421,-0.0175368268811425,-0.0313547450747161,0.0020564626970442,-0.0811143969167188,0.122298168052252,0.049295700017814,-0.017662559836977,-0.0349420745471531,-0.0432112418535469,0.0111379899180351,-0.0490739064829201
"HSPH1","HSPH1","magenta","magenta",-0.047772271969147,-0.215369902935643,0.159268783206734,-0.0937918416267713,0.17522995381123,-0.164219441437815,0.00379048181098059,-0.0258099418723311,-0.108329999356157,0.17253216830261,0.190003786851928,0.616088438598727
"SV2B","SV2B","yellow","yellow",-0.00246154924867038,0.0001372445866112,-0.0297185129286058,0.163355979611499,-0.0108276073698831,0.00210898842710278,0.0068467645608638,0.000383713937359708,-0.0226487603386482,0.024762614622242,0.022166387290071,0.0115285697286309
"CLMP","CLMP","brown","brown",-0.0454641113077819,-0.128892110046823,-0.167215393898445,0.195983194544181,-0.235252204082971,0.352678334128781,-0.0692340902979432,0.0173056920104161,0.0472837795743609,-0.0161222757820675,-0.0841708278076078,-0.236165632283904
"LINC01239","LINC01239","yellow","yellow",0.00978340676656484,0.00934121481236066,-0.0948837757786438,0.352228124463168,-0.00337107590010476,-0.0403252595422769,-0.158626494982266,0.0218102124379113,0.230773846737485,-0.0630691449550385,-0.217982892956969,-0.0931413021726414
"FYB1","FYB1","blue","blue",-0.00512182877752331,0.52012924427208,0.0545131535363651,0.0196265613807705,0.0361748554100132,-0.0311624536381702,0.00152267093823936,0.0112328821080854,0.0513776853215901,-0.00967313220209158,-0.0622164181260257,-0.111308641164808
"AREG","AREG","brown","brown",-0.00876530889445425,-0.0132590268190163,-0.0153026382802742,0.0139499894018624,-0.066922649949512,0.0947133125372989,0.0495088144740879,-0.011832940891071,-0.0075841047875834,-0.00964763208096384,0.0266370772435801,-0.0282129623070583
"NR4A3","NR4A3","red","red",-0.0746182791646405,-0.123227970657039,-0.0703789735941228,-0.0349234038546138,-0.23596724435613,0.334046524456207,0.431096019934516,-0.0366225886425876,-0.0652109615525958,-0.0628504135677189,0.234479619182239,0.0523843212451923
"TACR3","TACR3","yellow","yellow",-0.00330357926312346,-0.00235211509780853,0.000379297038925917,0.0335779527882845,0.0141538439977526,-0.0190466393446995,-0.00625626854903875,0.00433237009034925,-0.00786852232602209,-0.00270716060486924,-0.00452309352893428,0.0261749996977762
"AC084740.1","AC084740.1","blue","blue",-0.0207297754095047,0.340097608795874,0.020958805769446,0.0373434327371103,-0.00378171645382031,0.066821898322585,0.0567521741361119,-0.0066026839970452,0.001341781361988,-0.0105183507191853,0.0154817533846,-0.128853334992472
"TMEM72-AS1","TMEM72-AS1","blue","blue",-0.0186036048685341,0.372159526960201,0.0940526943643092,-0.0292243769059614,0.113629256321964,-0.097267463921035,0.108822592689023,-0.0280699490564806,-0.0200074633915965,-0.124229775515157,-0.0555983693690062,-0.0171987117670297
"SRGN","SRGN","pink","pink",0.36095333664936,-0.0458699727687369,-0.172895384871848,0.260089298057932,-0.0805835900657443,-0.037875805638284,-0.10170745054055,0.0825393049133398,-0.0784694624017539,0.00392047198593933,-0.0930462923206053,-0.041372624360181
"SORBS2","SORBS2","yellow","yellow",0.0382722679234972,0.0269044300539202,-0.277888046058801,0.655761232825923,-0.16964458152493,0.0877286839957113,-0.131236327630765,0.0474777825241114,0.102484448989006,-0.107015135109711,-0.251095436132319,-0.161093782717991
"CYTIP","CYTIP","yellow","yellow",0.0587627360737396,0.0181078513999425,-0.0479564701969687,0.113477611207165,-0.0318026512997459,0.00367214173381796,-0.0257394085467419,0.0168457818088041,-0.020482139334993,-0.00124874437092514,-0.0227224927778874,-0.0222124762624997
"NPHS1","NPHS1","yellow","yellow",0.026226157946005,0.0275075148346384,-0.0579195880092832,0.16322229540829,-0.0224399390276779,-0.0112029754652226,-0.0164173444497069,0.0336169323934178,-0.0298699937797736,0.0059642787673979,-0.0323441232363785,-0.0123597027261481
"AL163541.1","AL163541.1","turquoise","turquoise",-0.0316231370180244,-0.0313328496902661,0.163218266666654,-0.105634050034378,0.252793429519611,-0.16631988186233,0.0503128479536269,-0.0688696250685634,-0.190799003568307,0.0219995246954415,0.200854938132186,0.159841535744449
"CCBE1","CCBE1","yellow","yellow",0.0198794105792597,-0.0151017039493636,-0.0885255970452356,0.197593952144882,-0.0722207333281057,0.0339512832847925,-0.0569228650136201,0.0730827198604214,-0.00804541341999158,0.0729303757579165,-0.0815845770918674,-0.0551402382652887
"APOLD1","APOLD1","blue","blue",0.131025754248889,0.181011293417563,-0.013435799476025,-0.0265034473607291,-0.0416319033417387,0.0769817623028845,0.094645497125388,-0.0388135367782215,0.0514301022217474,-0.090400845664187,-0.0216922161580586,-0.0792842248105107
"PPP1R9A","PPP1R9A","turquoise","turquoise",-0.013140919101423,0.00973423255057466,0.0617633901956585,-0.0407666886771698,0.129594982419914,-0.10535059503436,-0.0416523093299038,0.00742827944076225,-0.0157685703766971,0.00480316645865951,0.0150489501678884,0.054973430464994
"VAV3","VAV3","yellow","yellow",0.0468138135559803,-0.0137762060390108,-0.166395686460899,0.391916571299822,-0.0581297733160261,-0.0289064311108263,-0.0950453997437926,0.257393281779954,-0.0529221273711709,0.0181140198933215,-0.11886604105436,-0.041865548122544
"FOS","FOS","magenta","magenta",0.0107808666299834,0.0459114374880206,0.259479716538748,-0.115924391313022,0.322382074988821,-0.467791643514563,0.102741273054275,0.0144800662636044,-0.118684550369386,0.0932172453735572,0.141674640291243,0.761067101310413
"PCOLCE2","PCOLCE2","brown","brown",-0.0725765997244003,-0.00786949289812245,-0.010789590882487,0.00812982313004697,-0.134826737351958,0.203638493683961,-0.113898218164056,-0.0358925937928607,0.590181152171696,-0.0330961139566168,-0.231252704423435,-0.180285674009424
"PDE1C","PDE1C","brown","brown",-0.00965037631725625,0.0437663882166002,-0.102916775554621,0.246144468243412,-0.108011191313544,0.13582784213217,-0.0608387462640436,0.00453289971075807,0.221718325539811,-0.0915494713586728,-0.178103829745384,-0.138674111291341
"ADAMTSL1","ADAMTSL1","yellow","yellow",-0.00607450405530604,0.00856685022300329,-0.0553569080320217,0.192428590976821,-0.0377731655674967,0.000711800491919438,-0.0782567748540284,0.0468117594511748,0.131716242318439,0.0579551528218811,-0.120890193648818,-0.0364094791825652
"NEK1","NEK1","brown","brown",-0.0544995915022927,0.016113411049785,0.00305644828470708,0.0202930204528485,-0.0268704826900742,0.133482308362282,0.0706021454022593,-0.041454090205152,0.0151511475192467,-0.0570435943272056,-0.0080577732741912,-0.0699178735372907
"SOD2","SOD2","brown","brown",-0.110388592940411,-0.0308201478050341,-0.142188057430015,0.0552092307011355,-0.450211813197937,0.512547574356141,0.51906499995194,-0.152060999753319,-0.0773005571905657,-0.299277146019447,0.189188071008771,0.0837282953278228
"KCTD8","KCTD8","brown","brown",-0.0673997192882979,-0.0180662714328461,-0.00826892621901606,-0.0634624465418148,-0.107500141418841,0.222200923815154,0.137837607732849,-0.0721274143918019,0.0691364618422676,-0.0746239179990618,0.0800928901814055,-0.04470451993736
"OBSCN","OBSCN","blue","blue",-0.00558913636551588,0.105141462908856,0.0496880666856041,-0.0122268256574813,0.0313465111926063,-0.00319328153502928,0.0412643097381491,-0.00968165204267165,-0.0174318733255714,-0.0053549952000634,0.022537173399012,0.0132749798650176
"AVPR1A","AVPR1A","red","red",-0.00348195069822212,0.00649918675578451,0.0250952363309763,-0.0162968434225215,0.000313876762548867,0.0238528481285607,0.0508880935235727,-0.00732535057805802,-0.0163565345983629,-0.00568301487485943,0.0358188488602532,-0.00309945413566577
"CHODL","CHODL","black","black",0.0433226553650529,-0.00614279005003403,-0.0214531733869688,-0.00365961300259694,0.0207945412780432,-0.0493251242199632,-0.045948788710014,0.46621433737499,-0.0423842982301392,0.108906859064286,-0.0143053530301071,0.00986675570257488
"MAGI1","MAGI1","yellow","yellow",0.264231656963339,-0.0138421031795357,-0.153039960777398,0.282425028863418,-0.0923272954223711,0.0189465327757132,-0.0326308752602006,0.0163074628116628,-0.0594921472184442,-0.0869386253566635,-0.0845491392533891,-0.0502400110636924
"TNFAIP8","TNFAIP8","yellow","yellow",0.0306528222774443,-0.0022229331929641,-0.220002108207866,0.392025054346466,-0.212178968111109,0.218202649405008,-0.0364833654290549,0.0305035175999676,-0.0264347527521057,-0.0501343916989081,-0.117783088083757,-0.18410307669178
"ACSL4","ACSL4","brown","brown",-0.0589547596726063,-0.136498424201473,-0.128921850999403,0.0312262991858486,-0.297939505687063,0.426539156150348,0.112374521203543,-0.0406307190895262,0.0617695141373598,-0.0766475104641018,0.0793457198612145,-0.173732936156894
"IL1RAPL1","IL1RAPL1","turquoise","turquoise",-0.0762146284474329,-0.0455841868400994,0.17809655445612,-0.11704654635327,0.219394901132221,-0.0800590493965926,0.0545925189988055,-0.0563753141824149,-0.258930002134881,0.227778699006898,0.31651039377174,0.162778645993441
"PCSK6","PCSK6","brown","brown",-0.103692804818646,0.0126902099401685,0.00889445332402498,-0.00231387682128625,-0.100639680750667,0.30863860563572,0.184645656225261,-0.12963226740996,0.0342636758380437,-0.00907135059439713,0.273831958324232,-0.0990840467116969
"PDE4C","PDE4C","blue","blue",-0.0265258425929845,0.502369627624082,0.0452335018753386,-0.0307994240493883,0.040228528421983,0.00669741633975179,0.274214098664517,-0.0531675989309541,-0.0954780116371825,-0.160743256871001,-0.00628579447650074,-0.0601662303795525
"SOX5","SOX5","yellow","yellow",-0.0629010276070698,0.15776035765172,-0.0500441953566741,0.340714652053452,0.0175972308979816,0.0476375396084331,-0.0302490920030227,-0.0861423171856889,0.159999380463524,-0.235587472686526,-0.21604383407068,-0.137645713926692
"BTK","BTK","turquoise","turquoise",-0.0144192436432306,0.219073535972042,0.0843992634449739,-0.0360705449611963,0.0992703158637191,-0.0993861748785656,0.0942727707591552,-0.0158182310330341,-0.0276445122732694,-0.022548937767632,0.0141928446941739,0.0889516793588995
"ICAM1","ICAM1","red","red",0.0555223475956426,-0.0780536213468842,-0.0784862264624879,-0.0115533028396197,-0.207945394785818,0.190876067993622,0.382299651012873,-0.07329768812029,-0.0461647970280157,-0.216831452471959,0.023535562049928,0.0738382816300107
"TFPI2","TFPI2","green","green",0.0218827182846843,-0.0147854619108503,-0.00617074973973708,0.0244071021624738,-0.0249644940973229,0.0359721692215315,-0.0228942710721674,0.00338241531888009,-0.0152633928281237,0.0855387154906788,0.0218565950504113,-0.0213571643483042
"LINC01091","LINC01091","blue","blue",-0.0644967501856993,0.24452412133906,0.0893047253875811,-0.0775442823709565,0.048517332958046,0.0744052958701786,0.0863624511847103,-0.0562325755795172,0.0704277320849415,-0.0805473242095039,0.0343160858295158,-0.0855255543912698
"ERI2","ERI2","blue","blue",-0.0470409993623001,0.504708043501905,0.0602306629425918,-0.0427917595111161,-0.00950915854645848,0.059238676856285,0.312941081788934,-0.0380151729958329,0.0396240215463924,-0.128221262513262,0.03229932048516,-0.0401243063740172
"CACHD1","CACHD1","brown","brown",-0.0221646080414576,0.0115922677452326,-0.00193261680320081,-0.0483389395706011,-0.106783077323042,0.218538687663816,0.147302564341403,-0.0624120973283531,0.0990812839709017,-0.150259375603955,-0.0317940427167731,-0.0563375573146695
"BASP1","BASP1","brown","brown",-0.0165997617135439,-0.00618759528702126,-0.138367587933982,0.211214192033764,-0.182895215153483,0.192447164315731,-0.0645952586334596,0.142698013673967,0.273231845121264,-0.0562939862141358,-0.222317119727444,-0.131854814835392
"TRHDE","TRHDE","yellow","yellow",-0.0050155045161507,-0.0152273585293121,-0.0287186122049825,0.264673864266186,0.0440317154757002,-0.0624373260322673,-0.039597667590424,0.0122335652849442,-0.111601253923566,-0.0187557696852795,0.0562482987428211,0.0393866893846288
"CHST11","CHST11","yellow","yellow",0.067667128230167,-0.0383102803522273,-0.222440086284645,0.558331549393634,-0.125969223399934,0.0301460025583658,-0.10695942608708,0.113181656483957,-0.0782100032689523,0.0307774037854449,-0.12524538964769,-0.0697100932036979
"SLC8A1","SLC8A1","red","red",-0.00944684587014618,0.0388704811217662,0.0875834975566841,-0.0482643100642899,0.125919269077466,-0.10906329371771,0.123832826562059,0.045510704021763,-0.139436162084256,-0.0301752066514186,0.0884885446488436,0.0988568790295849
"AC011246.1","AC011246.1","green","green",-0.0240237988182968,-0.0191555106051801,0.0657950889433582,-0.0448263882189344,0.101170741486951,-0.0512248181559167,-0.0382184976430745,0.0274713131521947,-0.0242320853500691,0.177002728640398,0.0722564848932726,0.0454909798499165
"AC008050.1","AC008050.1","blue","blue",-0.00752548390358724,0.0865816969619863,0.00727627026139468,0.0483394681753065,0.0177050197929068,-0.00390566125487252,0.0124691753781648,-0.00738583685134663,0.0290383693794087,-0.0179953204595549,-0.0219720367246323,-0.0203533846316558
"ACTA2","ACTA2","blue","blue",-0.000956328356960331,0.0586147511359343,0.078253763082764,-0.0320183554555604,0.0585292252774066,-0.0198518609583417,-0.0197994580808105,-0.02176829337842,0.0240027504063923,0.0306348469565446,0.00347525369005527,-0.0258577422795862
"IGFBP5","IGFBP5","yellow","yellow",0.0141106225176251,-0.0660855143212077,-0.029334199604647,0.167169044904374,-0.0714644376239995,-0.0158011358466395,-0.0790886639819519,-0.00899614991256941,0.0264437795180581,0.135676628386391,0.0444390604292578,0.0523878281891733
"RCAN2","RCAN2","turquoise","turquoise",-0.034739304571682,0.000365397167958155,0.128650578079034,-0.0455914761576292,0.152809811068218,-0.100884091615747,-0.0366436633657502,-0.00672317217873042,-0.0289543446440218,0.160347032214897,0.0506549911210155,0.0854906899954799
"RNF150","RNF150","turquoise","turquoise",-0.0370889683932363,-0.00586400947573709,0.143329659848752,-0.056416106754801,0.203348476416444,-0.113288495542179,-0.00632430143491625,0.0160209061939675,-0.119058778436562,0.148113837170874,0.115570194311572,0.129460246332843
"EDNRA","EDNRA","green","green",-0.0205731286016833,-0.0308025971883234,-0.048216730982584,0.0601756054150415,-0.0591207881234355,0.0927969447164886,-0.0445820011748021,0.0575556223358839,-0.0421021555517136,0.222749310472004,0.0170454140300037,-0.0466725882314444
"ELL2","ELL2","brown","brown",-0.086768806192442,-0.148711763806386,-0.171426213410633,0.0360446246748109,-0.41530767105416,0.556278524713834,0.454292021314729,-0.0988613219906597,-0.172806966154447,-0.175974550740467,0.340609194140138,-0.0543075711302645
"TFEC","TFEC","pink","pink",0.144822366306701,-0.0140533747138275,-0.0375486044492956,-0.00193291379647102,-0.0230470742888764,-0.0132145292269907,-0.0127958544939548,0.00449358015481474,-0.0134986105598871,-0.0188701680700593,-0.0155514478544152,-0.00872059178841081
"DNAH11","DNAH11","blue","blue",-0.0055315940422035,0.140721854809755,0.0183525563415646,0.02672443033453,0.0241363727267103,-0.0162781742593613,-0.00427933309890567,0.00764031916169155,0.0118417508876626,-0.00613108748215697,-0.0231141823899492,-0.0178938961832696
"MIR181A1HG","MIR181A1HG","brown","brown",0.0221953827801651,-0.0481802534652619,0.00227476858852609,-0.0130735897981837,-0.019216479656364,0.0585229310092802,-0.0212920440296659,0.0792002353343392,-0.0054527318999605,0.0746990725727847,0.0189189473306253,-0.0117531347360392
"AL392086.3","AL392086.3","yellow","yellow",0.0196735974668323,0.00221031702970584,-0.14700703617771,0.360058915358657,-0.101918057178491,0.0680066130347735,-0.0575525710608077,0.0430043241419743,-0.0537331620563472,0.0403932969439124,-0.0383798285879925,-0.0938313697251704
"UBR1","UBR1","red","red",-0.0152906129235282,-0.0429526499053784,0.0366867649874924,-0.0940545375131975,-0.0262185956068828,0.0638385300920661,0.345153194405521,-0.0689808253063581,-0.0604603426743837,-0.0784388689312977,0.183210813262771,0.150938796093917
"ABCA10","ABCA10","turquoise","turquoise",-0.0403199240032251,0.172773056474723,0.292198271822497,-0.171410174456748,0.556118312452903,-0.457505375218034,-0.10032123196855,-0.0901877385024606,-0.173390314009288,0.0466251646722219,-0.00385911367187676,0.117434736521637
"NLGN1","NLGN1","blue","blue",-0.0419357386765973,0.0911479689325765,0.0244653837741721,-0.0713195167269862,-0.0215660487628635,0.0993218706096665,0.0886322086038516,-0.00512896517003145,0.0127918164560186,-0.12133147014769,-0.0129066951915068,-0.0705411975040329
"PARP8","PARP8","turquoise","turquoise",-0.040553718469087,0.0368658584692928,0.141813074508798,-0.067160367643619,0.168421347038324,-0.0776055214548853,0.0776070051572292,-0.0425353402249966,-0.0348461040608172,0.0307705321680074,0.102031230730108,0.1104369156595
"IKZF1","IKZF1","pink","pink",0.128535110156926,-0.0106890255635558,-0.0300994760457629,0.000286683744733811,-0.0178368624407302,-0.015177441891781,-0.0156575449771076,0.00154473462045115,-0.0167785156778302,-0.00933145688024006,-0.0120627831112524,0.00325226514387679
"AKR1C1","AKR1C1","brown","brown",-0.0610115928932069,-0.134150520745092,-0.0249231118869496,-0.0216032213356356,-0.214298247474513,0.27168418880421,0.0466703830651824,-0.0412908094608148,0.017674833139125,0.0359480695435153,0.0886304547272422,-0.0551523553068968
"ESYT2","ESYT2","purple","purple",-0.0162802764535186,-0.151291470487384,0.039745186934913,-0.0347555919769273,0.0136456231011092,0.0143489440798546,0.0707732050287921,-0.00861639815695556,0.0012536060732056,0.101911551696345,0.206641645924379,0.169051726155267
"MYO1E","MYO1E","brown","brown",-0.00120329547910072,-0.112591628986663,-0.256432110557008,0.174975762787638,-0.411583073717623,0.508467617753237,0.0800028443817868,-0.0344914372136465,0.195677625657141,-0.217557179631487,-0.149330652409165,-0.217471725548435
"CRIM1","CRIM1","yellow","yellow",0.0944347403448138,-0.00567228906707182,-0.133279221392381,0.165837343445935,-0.183469564046201,0.134610767085745,0.101266526183572,-0.0213790555502714,0.0538290180626042,-0.148419040154107,-0.0691773692881137,0.0178909281514843
"SRL","SRL","blue","blue",-0.00448101134672351,0.160317604387842,0.00286304303175814,0.0218274294575518,0.000404626864593826,-0.00774000806009641,0.021014772533269,-0.0037644902352869,0.00682232199840366,-0.0325832898739909,-0.0265294391252732,-0.0323640184193722
"ZNF331","ZNF331","red","red",-0.0340112206701843,-0.0463690178915133,0.00174810191117726,-0.0755771032220096,-0.0878138204980123,0.163140410831499,0.384972349653436,-0.0510875467555575,-0.0671430586390709,-0.0704995921271851,0.208308010686977,0.0705862613665984
"NOX4","NOX4","turquoise","turquoise",-0.00916394840586953,0.125696898158972,0.12539980359635,-0.0322719963006948,0.278558837765181,-0.282688577231721,-0.201161924925451,0.046924804466362,0.184128540574193,-0.0728656807227441,-0.255341389467695,-0.0554970889847065
"TNFAIP3","TNFAIP3","yellow","yellow",0.0644183954314506,-0.0489089400942204,-0.14702697120462,0.357059550568552,-0.119742488680253,0.0857073390058844,0.0188021092479075,0.0319544539727039,-0.00536649625797715,-0.0688658075515922,-0.0692581380377351,0.00521645623237915
"MIR4435-2HG","MIR4435-2HG","brown","brown",0.0138648699330815,-0.0110844531577246,-0.214099842505014,0.220355181093876,-0.298433940804732,0.404360034365858,0.0108889114912104,-0.0365083408548093,0.0664902474472663,-0.0190203304347573,0.0141474352301235,-0.266268654602516
"MYOM2","MYOM2","brown","brown",-0.00754676774930085,0.00510754583813476,-0.0325420772900166,0.0647532406212489,-0.0522178323538098,0.0701401237668481,0.00216404914786836,-0.00260800841087913,0.00162534968116319,-0.0201754220871317,-0.023722793817532,-0.0472454954675938
"ARHGAP24","ARHGAP24","turquoise","turquoise",-0.139832378197639,0.11370948745531,0.258110376915121,-0.252202565316845,0.303814435313619,-0.0307353355323417,0.168647642143016,-0.221568399666656,-0.0626135452442325,-0.0283140347755747,0.268060265842082,0.0727807917382113
"CCN3","CCN3","green","green",-0.0449682900666648,-0.0466559791562294,0.158740978055386,-0.081539865460554,0.072040791315751,-0.0482335677838108,-0.0264960663767138,0.0249736799304822,0.0766182821760272,0.341208608065893,0.129078691465782,0.0863313333653346
"CDC27","CDC27","blue","blue",-0.0844489820717461,0.160362089190304,0.0935839984417194,-0.0937956153075481,0.00767048532866611,0.0572244799807241,0.242919281559323,-0.0716829148909058,0.00340611634815523,-0.0603152856932764,0.102245539661296,0.0702002106058067
"AQP9","AQP9","blue","blue",-0.00965168682877678,0.178234070322818,0.00291221546626388,0.000592050996463243,-0.0364567010240511,0.061445445145206,0.064795971747412,-0.0110073039350693,0.00974980328414316,-0.0494345069382738,-0.00952564783282062,-0.0634510446497578
"SMOC2","SMOC2","turquoise","turquoise",-0.0902236181192747,0.0155681881462091,0.379509179344285,-0.294031888687909,0.40724791002758,-0.192751253711129,0.0217929324590271,-0.118337057691473,-0.0995162816319408,0.308345665844178,0.340291001965416,0.148569313972911
"LMCD1","LMCD1","brown","brown",-0.0384489858464341,-0.0124740242170834,-0.052106865358661,0.096019725286586,-0.103626966567449,0.166751446127765,0.113658987899603,-0.013295262947784,0.0260661249555965,-0.070734897766917,0.00775657251522618,-0.0397783375687729
"KCNQ3","KCNQ3","yellow","yellow",0.000135363195892781,0.0108518529405217,-0.0914272055469578,0.187321895924349,-0.0827916345011057,0.0872782788359179,-0.0266356877677585,0.0145597082054695,0.0255258574376716,-0.00486982556995954,-0.0573007663163528,-0.06775371193596
"NBEA","NBEA","turquoise","turquoise",-0.0720784295772118,0.0585911333834523,0.179122626002355,-0.0801536989627548,0.293176443062165,-0.147299775525007,-0.0182984559801327,-0.0560909936979817,-0.0886828156195377,0.0319292924699544,0.0963960316107047,0.0764614221613122
"GALNT18","GALNT18","yellow","yellow",0.320745433662855,-0.0263036427838325,-0.120707204467314,0.176611426238024,-0.0805997713745346,-0.00242605423468682,-0.0552968980020899,0.0392112122759866,-0.0431676850073856,-0.0115849597978042,-0.0526145840128536,-0.0327200698920477
"ITGA6","ITGA6","yellow","yellow",0.0779191651676474,-0.0129769834892463,-0.174397021217515,0.48464394943346,-0.0850507694280038,-0.00804837141904909,-0.0661884705924948,0.0467250279074514,-0.0333423217723638,-0.0541297011542433,-0.109260492590728,-0.0407861705329165
"AL590807.1","AL590807.1","turquoise","turquoise",-0.0882309976540243,-0.0206195349774732,0.321309764199881,-0.227523815979598,0.454898085976824,-0.28061149679529,-0.0361216037389072,-0.0223314566933985,-0.16847764511295,0.153849005159353,0.25108942605685,0.212274341565679
"ZFHX3","ZFHX3","blue","blue",-0.00367620321270692,0.125831475824294,0.0645738444679576,-0.0230075921866925,0.0962871944022776,-0.0183900450303346,0.011808361736467,0.0107226035438376,0.135086242812506,-0.0342750494906503,-0.075543611850183,-0.0273489240340298
"ZEB2","ZEB2","brown","brown",-0.0598401124884781,-0.0146617830414786,-0.118465991566472,0.0854268019585626,-0.252839738610032,0.427156696228522,0.103583081793182,-0.0922385300694718,0.0539353104525597,-0.0326766957012429,0.101655798453457,-0.215605508317596
"LINC01033","LINC01033","blue","blue",-0.00675479751712468,0.30369639857583,0.0730373059525038,0.0025632987398441,0.115801848932162,-0.118644814223377,-0.0592201522431338,-0.00148082181271009,0.060583422773724,-0.0412607860626242,-0.113221050254876,-0.067999717089539
"BTBD7","BTBD7","red","red",-0.0296281477883217,-0.0205994190983965,-0.0379142845261106,-0.101467623405284,-0.203612854628621,0.284670986689242,0.363538216783934,-0.0790379193277378,-0.0712816146408891,-0.104362049952882,0.2010190920829,-0.0244300405729423
"PTPRE","PTPRE","brown","brown",-0.0605414556628332,-0.026922932917446,-0.00675653820898549,-0.0587009080600586,-0.082609931532415,0.221470000114474,0.0932151445982392,-0.0536806255760431,0.0412612400221498,-0.0200663446258166,0.0823420044218099,-0.0901451128553356
"MAST1","MAST1","blue","blue",-0.00246936352991613,0.635236732152319,0.118581270041351,-0.0231517536127174,0.160934587010678,-0.18998583847654,-0.0423586741523972,0.00271520452243222,0.0876137661139706,-0.0479442902372132,-0.138164370054414,-0.100097554647812
"FAT1","FAT1","yellow","yellow",-0.0237482744846619,-0.104693117308544,-0.171661325809467,0.310667855552591,-0.208739009799137,0.244194796831276,-0.02109435855184,0.142169890071812,0.0135431005754696,0.140191232499953,-0.0173019187476486,-0.117785413084174
"COL6A3","COL6A3","green","green",-0.0880767949414688,-0.087447001122677,0.279961317733268,-0.118351385521848,0.264794203183086,-0.128646330674653,-0.159567158697065,0.0984479809460906,-0.0195550460018559,0.536140783669956,0.204112656648753,0.058996414327828
"BACE2","BACE2","red","red",0.0762377303069339,0.0232579315998988,0.0345967852376075,-0.0392726734833387,-0.0113044776450146,0.0476902393759436,0.123412271104698,-0.0424948066176504,0.0214310562774613,-0.0682981763931582,0.0380211846682484,0.0174482870841938
"MIR100HG","MIR100HG","green","green",-0.0241157597210471,-0.112348577138626,-0.0824480443255846,0.124118117173851,-0.0584420697226972,0.0702920492178205,-0.187051179651806,0.184227609512944,0.0539666426264622,0.231210495376303,-0.0626178626438243,-0.0872771574906787
"LINC01807","LINC01807","blue","blue",-0.03110091121277,0.128507368709498,0.0821265161196209,-0.0313120060010241,0.111383340915288,-0.0287622808674797,0.051107396628121,-0.045860183340909,-0.0658795299204075,-0.0587109662262174,0.0484270666948767,-0.00526636906674051
"EMP1","EMP1","purple","purple",-0.0415749054236732,-0.168651948203213,0.0766732214683226,-0.12460936259141,-0.0853359612586497,0.0755111513894299,0.159371398488024,-0.018547698814771,-0.170201881255346,0.16482285457648,0.463653771416511,0.245738497930271
"ALKAL2","ALKAL2","brown","brown",-0.0238685502121633,0.0404896075753634,0.0157034537854521,-0.0150396686479827,-0.0377198465261609,0.0634018615285782,0.0798638983063134,0.010572544362805,-0.0155895596105109,-0.0279688974395301,0.0118087097947724,-0.00759514589677833
"LDB2","LDB2","blue","blue",0.0801576730890125,0.098917141930738,0.0605655657166217,-0.0259012268443612,0.108583561322306,-0.0939786299547197,0.0474607984895853,-0.0368563956933655,-0.047939365902833,-0.0452524681982148,-0.0457385619477359,0.0215188636360665
"LDHC","LDHC","blue","blue",-0.0143877981137264,0.551225952374812,0.134779157271899,-0.0365474320554839,0.161103389106333,-0.157966785677057,0.0418569643909479,-0.000603398858922618,0.0933014370611579,-0.0468026560860748,-0.0996166445239162,-0.020374612217401
"ITGA2","ITGA2","turquoise","turquoise",-0.00417811741340836,0.0238082488987308,0.0658519469215063,-0.0185957083708416,0.0915640875837958,-0.0845323884577533,-0.0355957796933544,0.0699719511331788,-0.024447533688183,0.06269165223549,0.00880160600639478,0.0228546472704946
"DENND2C","DENND2C","green","green",-0.029874507742655,0.0882437052382635,0.0718400486840793,-0.0114519597401134,0.0462119135911856,0.00357680887664809,-0.0479297836517796,-0.0105290789357974,0.0581148383358507,0.0597957937170358,0.0023884736459036,-0.0285163833394287
"EYA4","EYA4","yellow","yellow",0.0124789112042977,0.0171220750345033,-0.136846439682054,0.292569418979484,-0.0942844885469911,0.0751991838787786,-0.040569504828568,0.0826308459251637,0.0104823636958159,-0.0806839303722379,-0.117861883074492,-0.0870503556934263
"RASAL2","RASAL2","brown","brown",-0.0075921777072409,-0.126279544272892,-0.165067964344742,0.0663327662374784,-0.284013065107986,0.381586531532296,-0.0707542820286678,-0.0200533074219319,0.206918365394097,0.0817728390816675,-0.0287299748083585,-0.181237248542647
"KLRD1","KLRD1","blue","blue",-0.0260862636406466,0.289566525599921,-0.0117254424276646,0.114491783671853,-0.0096804836606573,0.0519290609363772,0.0245147788576024,-0.00601710129330458,0.0449899825928098,0.00856958993342169,-0.0203322343699739,-0.0617510320816233
"GPC5","GPC5","yellow","yellow",0.0323709133595212,0.0126944802516775,-0.184003749848025,0.470497723432809,-0.108394167096602,0.0224821231943156,-0.0932260429330661,0.0529626201650402,-0.0632211187028863,-0.0316613449890441,-0.126731675295713,-0.0690374977377286
"ADAMTS5","ADAMTS5","greenyellow","greenyellow",-0.0507131052131571,0.0923383311479946,0.00867010367199619,0.18197550484138,0.034424613960671,0.0367074446536226,-0.124596079347299,-0.0602861220128637,0.572665684153553,-0.11894409679403,-0.210431295703694,-0.127905145653509
"LINC01934","LINC01934","blue","blue",-0.00915458917613859,0.194206931770084,0.0352677792739795,0.0462039399296399,0.0584854457821533,-0.0513489842284024,-0.0229855567317422,0.00971754201214733,0.0412466182185685,-0.0142458872002579,-0.0577468052298676,-0.0480913227421707
"IFNG-AS1","IFNG-AS1","yellow","yellow",-0.00138448304412887,-0.00620667122523969,-0.0293179356324805,0.0608016525270514,-0.0092157161860027,-0.00922445594638889,-0.0192053421177772,0.0132661726055883,-0.0202919955417227,0.010536313304569,-0.0182396210730152,0.00474784245136026
"AC073050.1","AC073050.1","yellow","yellow",-0.0080010907606532,-0.0333850445435933,-0.109500749975488,0.184490125481584,-0.109286699290924,0.0991250737411105,-0.0255144584694435,0.0613195860276753,0.023124584118501,-0.0157738966327044,-0.0522078487262519,-0.0552447205620552
"FGF10","FGF10","yellow","yellow",0.0191058665420929,-0.0316251501490018,-0.155099890256551,0.404855280849559,-0.0889685243322567,0.0433248616948814,-0.0352429246481283,0.0190025498465328,-0.0985218591289519,-0.0480841006804441,-0.0549180239366436,-0.063146596498111
"ALDH1A3","ALDH1A3","purple","purple",-0.0641901077266586,-0.0181747994702665,0.0504554129266377,-0.0406762527246699,-0.0361634821963883,0.141318066855296,0.141505413056579,-0.0457500774826963,0.0116930753659021,0.102320736208611,0.343183435162131,0.00768861190600281
"PRR16","PRR16","turquoise","turquoise",-0.0395956135073551,0.00884752143032835,0.122992837020193,-0.0723401620037246,0.177638670460709,-0.121082250918283,-0.0480638131315477,-0.0337027472452001,-0.0893154837191626,0.0769799072494632,0.0500361718904356,0.0922383365252159
"ABCA1","ABCA1","blue","blue",-0.0603243291501647,0.224426613306755,0.0475557326888532,-0.0748187642148123,-0.0291732397942521,0.0911635173024607,0.212430301245564,-0.0101792284475591,-0.0646837740979421,-0.000467554548022308,0.130253976597569,0.00330409482567685
"FGF2","FGF2","brown","brown",-0.0691633604132557,-0.099364226336024,-0.042744824544349,-0.00606166334557911,-0.170455184383657,0.286113234790239,0.0150297491485463,-0.0354329569549551,0.109636977731576,0.0392306436290694,0.0528443293121519,-0.107258099269766
"MMP1","MMP1","yellow","yellow",0.0315457530841309,-0.00895985035738806,-0.177741341543561,0.415679299165741,-0.117400689415008,0.0638311754995602,-0.0455308056673834,0.0260891758886704,-0.0376072637306669,-0.0497671795650309,-0.0923604265127462,-0.075823777542606
"AC087521.3","AC087521.3","blue","blue",-0.0183295533838844,0.450261178471147,0.0919626539217973,0.0112719116299205,0.117729427035931,-0.123531532498932,0.0280310599352815,-0.00866788719520014,0.0212858126034049,-0.0485663396426395,-0.0600946047461733,-0.0191117242587308
"BMPR2","BMPR2","red","red",-0.0207917709074847,0.229309506432456,0.076084469068102,-0.149508354046246,-0.0411177480558822,0.0531224094908283,0.376451222309715,-0.0892751577888674,0.0310078146430617,-0.121909378118572,0.154262385206119,0.0632562257901095
"PPARGC1A","PPARGC1A","yellow","yellow",0.00916853097690782,0.00404812430353159,-0.0728515864394249,0.24966904004963,-0.0457009176506456,0.0360478736926423,-0.0428533539682186,0.0183794679605681,-0.0199552231603303,-0.0105329715982881,-0.0592313071720376,-0.0461128918007371
"SFRP4","SFRP4","green","green",-0.0394989299485171,-0.0625269472124434,0.101668415966714,-0.0575884853406722,0.0466367514662561,-0.0413297869691086,-0.141214584390208,0.0951529274067501,0.138285244549149,0.430610647808011,0.00250470848035708,0.0108727176121511
"MGP","MGP","green","green",0.0158092441367635,-0.0385913791486791,0.18901820711185,-0.0763879555706886,-0.00376802213553808,-0.137250101342704,-0.0645621811658967,0.0411883525530438,-0.0335618292010311,0.300384452189179,0.00782636614485349,0.0867643439001066
"C8orf34","C8orf34","turquoise","turquoise",-0.0380388057363216,-0.0044482823598494,0.106998988260132,-0.0490145575329303,0.155604251117825,-0.0783711142770565,0.0166011613122806,-0.0217466345299598,-0.105033041356783,0.049297004393677,0.118964460025141,0.0763486122291339
"SELP","SELP","yellow","yellow",0.0389946934025598,-0.000633758195048483,-0.112927825354245,0.317295170429014,-0.0629298377878477,0.001179804267764,-0.04613001572877,0.0332947329495192,-0.0274760307985526,-0.035678105362476,-0.0744355576772019,-0.0387926440183159
"NTRK2","NTRK2","brown","brown",-0.0354917136282533,0.0642487512074164,-0.00813922265502904,-0.0237151727906863,-0.101497582589912,0.16732810449076,0.0902284083924233,0.13200038894846,0.158744519437056,-0.0672851670954981,-0.122257778374002,-0.112705576280232
"ADGRF5","ADGRF5","pink","pink",0.878347518081709,-0.0612808527450685,-0.192559610841934,-0.0181581726984776,-0.096289895795584,-0.0944670345459112,-0.0775491909994262,0.03357899127243,-0.0857468393550023,-0.0352792647034141,-0.0566494506285656,0.00245229745103908
"CYCS","CYCS","brown","brown",-0.0486789640502394,-0.0456450821840044,0.00769453197029957,-0.0107303425111669,-0.140050631404414,0.20719310791998,0.126581372880905,-0.0453398680906749,0.00442638944765775,-0.0393387487403277,0.0671775080906529,-0.0111845261590372
"EPHA3","EPHA3","green","green",0.00775195041382656,-0.0391209726529633,-0.0214180460047095,0.219382913482003,0.0538614403237245,-0.0621884081092688,-0.111307241633252,0.0668784863072718,-0.0820900670838906,0.237812465267402,-0.0218075426318194,0.0232909866353301
"PCSK5","PCSK5","brown","brown",-0.107960765835151,0.0676725747466588,0.0529825417866142,-0.0925837605866341,-0.0724325731612665,0.182240530328014,0.172181314824376,-0.0311751157072878,0.0631704108158577,-0.0608058404529381,0.125741505512179,0.0298594481576828
"IL33","IL33","brown","brown",-0.0601217535231196,-0.0173194327226082,0.066401326121936,-0.0556635163053425,0.00178272861279462,0.126790994725445,0.0147716542489169,-0.0558278292896346,0.163497928732503,-0.0530732265130891,-0.0170537917725938,-0.054966325929985
"THBS4","THBS4","black","black",0.0509816627988227,-0.0937767946089546,-0.0350947258998898,0.092048447525678,-0.0307800648957028,0.0216077564085651,-0.0865369514890227,0.443834125491331,-0.0327968503249762,0.403074591077558,0.100125578965859,0.00819071382372182
"PLPP3","PLPP3","brown","brown",-0.076753851817382,0.0140816995806724,0.0610957300342091,-0.136173863764382,-0.0948578829101874,0.237485941793793,0.233235744725611,-0.153845751216169,-0.0292775725841826,-0.216255431705542,0.0900032087825588,-0.0619238798263693
"DIO2","DIO2","brown","brown",-0.0869542569743113,-0.0217274195468959,0.00904975546293204,-0.0659777974611084,-0.125130997675369,0.240107199803861,0.173512419405029,-0.0303998608560229,0.093019689542838,0.0225747301837907,0.130889804236248,-0.0434120189549825
"LCP2","LCP2","pink","pink",0.29227682972125,-0.0215088028170047,-0.078469990104303,0.00813446183807753,-0.0394906324990003,-0.0402618886709763,-0.0364661793153657,0.0298923807954849,-0.036566009307555,-0.00860741867328141,-0.0335587915262169,-0.000724858246918707
"PTPRB","PTPRB","pink","pink",0.719289986040014,-0.0460621996125297,-0.143485693747815,-0.00737540602466745,-0.0781847024771531,-0.0634447074093453,-0.0474031413472671,0.0228109426703246,-0.066213512313718,-0.0395576980376254,-0.034912416814784,0.00660715533923035
"SUPT5H","SUPT5H","blue","blue",-0.017819686241634,0.710150222772243,0.143250721878652,-0.0545128623306845,0.17512438319828,-0.181676440523801,0.0461971280122054,-0.0124150488194545,0.0479172198423302,-0.0650688518125714,-0.109977088979255,-0.0621475416314663
"AC020651.2","AC020651.2","blue","blue",-0.000732682605843034,0.383942771216211,0.11345010719106,0.0244819871957885,0.18994906294171,-0.212766012794215,-0.0790324732490928,0.0180877063517426,0.068679491463648,-0.00218910158701779,-0.117710665122782,0.021642856388468
"ST3GAL6","ST3GAL6","turquoise","turquoise",0.000367782374263999,0.0358367665675446,0.13266964979963,-0.0443386389348685,0.196705178150191,-0.125146549540493,-0.0336245467576924,0.0541235701997621,-0.0122711043237612,0.0424693101403015,0.0325031992746503,0.067487396696285
"AL109840.2","AL109840.2","turquoise","turquoise",0.00871777405083421,0.104394270701376,0.0611947564764728,-0.0136997845941781,0.103847066110095,-0.101376947686979,-0.0517807004650051,0.0122295710037853,0.00638301982762641,0.0259372064898476,-0.0476531611062894,-0.0110866611529353
"PTPRM","PTPRM","brown","brown",0.0244006174664102,-0.00377156777200575,-0.128853580890587,0.135360480643491,-0.152582292379638,0.210370310737803,0.0105502317845444,-0.0397123630264849,0.109835555029827,-0.0704488532962923,-0.0821057935984975,-0.104443935261982
"LRRC4C","LRRC4C","red","red",-0.0354629704092574,0.073263111484465,0.112695131986943,-0.077205525905744,0.0828985867164675,-0.015831463817848,0.139080776947167,0.0224633816505939,-0.0691853278613913,-0.00650873019321238,0.0999175176135677,0.0673298986635966
"CPXM2","CPXM2","black","black",0.00461872023780454,0.100206534051053,0.0462708521411095,-0.0229519809677209,0.0104157527794564,-0.0154487350574322,0.0307408574901157,0.260825627199223,0.101433868404629,0.0325667512816493,-0.071756794759256,-0.0138118628175645
"COL1A2","COL1A2","green","green",0.0356058902373177,-0.0705846916537371,0.158459632773083,0.0802543731945674,0.257350195998,-0.276492230315396,-0.342922313458267,0.272157791966576,0.139423820918536,0.708843513866508,-0.0172046905437415,0.0766936422360873
"PRKCH","PRKCH","yellow","yellow",0.0642445444899687,0.00161318055442329,-0.0737617975163155,0.227941564361684,-0.0426197100602554,0.00833256986869651,-0.0328211159869156,0.0483601687238052,-0.0292078213078934,-0.017682422971083,-0.0464834211137811,-0.0390479204528779
"ARC","ARC","brown","brown",-0.018139900542096,-0.0969595878017418,-0.0346197388257788,0.0437688876289731,-0.137843038531279,0.173956335859655,-0.0191142482119782,-0.00314340346825163,0.00398648298204214,0.0288838537597567,0.0356712222721154,-0.041060748516511
"RMDN2-AS1","RMDN2-AS1","blue","blue",-0.0260661734113099,0.319738658121753,-0.116370752277753,0.219469817032219,-0.167178546871783,0.191995072206413,0.0670343802278327,0.0040813641258221,0.113640458816702,-0.123703900646884,-0.124092484796496,-0.197490226726481
"EPS8","EPS8","yellow","yellow",0.00555404394922675,-0.0286787872587944,-0.0902078045609622,0.272521640629306,-0.0633774351830173,0.0893848463039692,-0.061687682430578,0.0243919425793505,0.00120975324388029,0.0171843374216291,-0.0651044187430783,-0.0746119508126002
"AC005670.3","AC005670.3","blue","blue",-0.0126684914808117,0.369299054483003,0.114596597849521,-0.0299966249303904,0.143664411715114,-0.126399576028227,-0.00147512042248313,0.00310830232127704,0.0255832932144233,-0.0268995490866876,-0.0674008125469137,-0.0471198536676877
"FGF14","FGF14","black","black",-0.00862266074543291,0.0697001747613361,-0.0758114311174906,0.171543912573001,-0.039813292046595,0.0329240603536462,-0.0941455446109519,0.335944485806206,0.140591427047025,0.0458513354359139,-0.168195494229952,-0.104031078094047
"NETO2","NETO2","green","green",-0.000164941716725065,0.0520369429201643,0.0235880996760722,0.0283107796729708,0.00138081610432981,0.0267800724676177,-0.0161036414223311,0.00901243762601006,0.00252999988054453,0.0595165952041612,0.00817496312138415,-0.0215208588999925
"UGDH","UGDH","brown","brown",-0.100818545670923,-0.176462611300008,-0.114229850971018,0.0828695330854014,-0.298758656312826,0.373118182577601,0.121570351453487,-0.0598474271952902,0.111527318190051,-0.0562809536271246,0.116890984811552,-0.0609935388206784
"NCAPG2","NCAPG2","blue","blue",-0.0178657942604876,0.227000984550142,0.0678490266428506,0.0102988693252644,0.0707278816895409,-0.0316892719126398,-0.00414049244750252,-0.00553887346605689,0.0402253530291672,0.00226500210757538,-0.0286246486748705,-0.0520190901276687
"NEK10","NEK10","yellow","yellow",-0.0138275673624725,0.0381334143121938,-0.266234538824031,0.436558017140144,-0.287474985418495,0.316815622700855,-0.0460518399646779,0.0237367285852221,-0.0138861442967127,-0.0129448000404064,-0.101416498520791,-0.239507967237297
"MYO10","MYO10","yellow","yellow",0.125380047020679,-0.034959227211927,-0.248392816933621,0.611789798008195,-0.142739387106105,0.0311622756870183,-0.107534258616611,0.0671625308727297,-0.0791142114957677,-0.0498831214567401,-0.142600818117533,-0.094765338321885
"TAGLN","TAGLN","brown","brown",-0.0289653414571617,0.106085122625792,0.0586090562335916,-0.0613402979664378,-0.0744737511494988,0.103741266503609,-0.014565122840308,0.0400517403445858,0.293415766604585,-0.0630676529512498,-0.163922476336369,-0.0837493974388686
"SCML4","SCML4","blue","blue",0.00287368754927301,0.133834489318748,0.0426664721634497,-0.00929617687818543,0.0508850851343669,-0.0456201374827407,-0.0141160793285886,0.0704510866414138,0.0053567549990287,0.0232298283785125,-0.0178045259097727,-0.0304121165988714
"DAPK1","DAPK1","turquoise","turquoise",0.000553726294181371,-0.0345258465749183,0.0720319252712173,0.126627890767453,0.18833340555291,-0.153687266169354,-0.0716527762584141,0.0243766624933855,-0.0938022675472784,0.0523770286976899,0.0440560358271026,0.109637914722736
"POSTN","POSTN","black","black",0.090516204669508,-0.0395949364366789,-0.0796845453535213,0.00942476002105836,-0.00948288261187877,-0.0611066501902628,-0.119000147785456,0.648118658960483,-0.0251247849711837,0.194694296496925,-0.0677459757863872,-0.0165561946968829
"CFAP161","CFAP161","brown","brown",-0.0823318285652901,0.0763363352922212,-0.116572181179001,-0.00831608882795234,-0.304646083171252,0.468588065302916,0.356337202334449,-0.0927452742836248,0.0255301890334404,-0.261267624676832,0.0676938246844657,-0.183057737314914
"TMEM233","TMEM233","brown","brown",-0.0313916053800579,0.00434254727400266,-0.0317201697341628,0.0225383287463308,-0.0999566018821131,0.135223684997741,0.0132319805799707,-0.00427866396294529,0.131971949266569,-0.0220920032556428,-0.098322454136038,-0.0494043229460891
"C1orf143","C1orf143","blue","blue",-0.00282358644948704,0.430740868728138,0.0685174409023047,0.0346209648804785,0.0962542428755547,-0.10948958495647,-0.000780725593894963,0.00799752074901105,0.0361866005503008,-0.0276852073231559,-0.0621168900754514,-0.0598451608309835
"AC005208.1","AC005208.1","blue","blue",-0.00471841247041103,0.0563674530704003,0.00421800750479092,-0.00744789402339555,0.00907118948145966,-0.00361232552933709,0.00408932609233565,-0.00120871922686794,0.0104474437249101,-0.00780092895536425,-0.00415801052974975,-0.014871288112533
"NR2F2-AS1","NR2F2-AS1","blue","blue",-0.0231699044729454,0.0791538175589187,0.0782284573686695,-0.0158302324625704,0.0893931920330771,-0.0675472159368066,-0.0124172393043181,0.00703659052353495,-0.00906040572504104,0.0421722476218707,-0.053728628372703,-0.00755739728980487
"NHS","NHS","yellow","yellow",-0.0335861851655416,0.0146413957489059,0.0157192224520718,0.112897749018512,0.01542385090648,0.020339050780033,0.00484679756346306,0.00204512288896062,0.0148955407712638,0.0324308255322295,-0.0286442457725214,-0.00358971017276335
"LINC00278","LINC00278","turquoise","turquoise",-0.0354541140148321,0.038949289413607,0.10527407619731,-0.0421821997478302,0.152667464941127,-0.070881628029633,-0.0426985253093741,0.0170332981198353,0.0115316131148829,0.0581110529998537,0.00161311126653026,0.0137272125152164
"SEMA6D","SEMA6D","yellow","yellow",0.000927502227593347,0.00375350064072733,-0.0151089489457147,0.241806465197336,0.0541476510566364,-0.0478263416098011,-0.0589055770289162,0.0388441031627133,-0.036138123718393,0.0456406672439316,-0.0236188508964294,0.019564639359422
"SH3BGR","SH3BGR","blue","blue",-0.00569642516539516,0.070380659625262,0.0176276453060518,-0.00359288232978952,0.0341956209870215,-0.0305044651395985,-0.0108578287850289,0.0110509597911874,0.00678653744716326,-0.0129662072725365,-0.0194911051115286,-0.00508612850637161
"AL591501.1","AL591501.1","turquoise","turquoise",-0.0417674337811286,0.00923672033313728,0.141131277564617,-0.0451419465839846,0.197861065150421,-0.106393356737436,0.00018390140998681,-0.0251971709311874,-0.0962801192733618,0.0949193756109032,0.12171658797998,0.0959821093924048
"PPARG","PPARG","yellow","yellow",0.0158590422459163,0.000183485631499381,-0.0171624984794695,0.139999242513026,0.00332242929841728,0.0211111081928104,-0.0283472834888104,-0.000826492187768754,0.000183205888759318,0.00526582771539786,-0.0351865762642574,-0.0158398298425419
"DLGAP1","DLGAP1","brown","brown",-0.0592389180442712,-0.00989275414305692,0.0282388519846273,-0.0676675479557875,-0.0342195378700434,0.146313086120323,0.0386814354797,0.128494408646298,0.0527106349564808,0.125364920667305,0.135907589311006,-0.0167158196979377
"EPHA4","EPHA4","yellow","yellow",0.00191791281624726,0.0152478181712693,-0.00146190041110117,0.152145630980013,-0.00413454186019781,0.0341983597560389,-0.00707571142544483,0.000383220863130969,0.019663214383139,-0.0179237204191862,-0.0301139889764284,-0.0161464129156898
"CCR7","CCR7","yellow","yellow",0.0199148912616677,0.0182479967714683,-0.0232987084276756,0.0403071080694624,-0.0413701006657025,0.0400460101981815,0.0384051728245477,-0.00356571741460862,0.000924957443443582,-0.0320098995943846,-0.0187025531431509,-0.0173424265032582
"FAM117B","FAM117B","turquoise","turquoise",-0.0222953752501429,0.0929077189762466,0.103423200484726,-0.0318109686233497,0.121015662881005,-0.113414809661733,-0.0146655532496223,-0.0106887761978173,0.024613724937121,-0.00430792191767893,-0.0342665627670014,0.0810129711865208
"HLA-DQB1","HLA-DQB1","pink","pink",0.235916858381933,-0.0213376765571748,-0.0529984468845002,-0.00784598348753055,0.00154425370008418,-0.0591313643795903,-0.0587455558848044,0.114202032548756,-0.0356621865154041,0.0304014788090473,-0.0374641519957986,-0.00636173820450922
"ANO3","ANO3","brown","brown",-0.0143747940226615,-0.02411418190676,-0.0190283749404031,0.00508199549005899,-0.0512347186276705,0.0691797187810776,-0.00452795325995512,0.0136459624704962,-0.0110756645614293,0.0873172535979478,0.0207829967396277,-0.019593708937896
"MEOX1","MEOX1","black","black",0.0208812418656554,0.00261396750268891,-0.0124193919023227,0.00186875325759832,-0.00772862943200413,0.00286456393318449,-0.0151885216897328,0.177352723725247,0.0130006174471849,0.0214868659190456,-0.029883937623229,-0.00461886633022544
"ZSCAN31","ZSCAN31","turquoise","turquoise",-0.00791454716341299,0.0593242593917514,0.0771554942701455,-0.0213468114296438,0.123067827051152,-0.082546429784374,-0.0413571539099991,0.00289378130417185,-0.00744469705762046,0.0381027052479172,-0.00615913728940306,0.0143096985470133
"ZNF141","ZNF141","red","red",-0.0567437561201763,0.0588164636787478,0.0818682074979322,-0.0569742650283138,0.0165469144827435,0.0792820473971051,0.1685158397875,-0.047510915063652,0.00745670186441111,-0.0441309308436938,0.0832730771537053,0.0148784947367122
"NFKB1","NFKB1","brown","brown",-0.0492237022960071,-0.156046460790597,-0.2582585406432,0.146213727302614,-0.484157708451932,0.619595602300002,0.321948673754951,-0.0488973600686846,0.0211528469839969,-0.132292287403671,0.0538567129248446,-0.142873100165377
"CACNA2D1","CACNA2D1","brown","brown",-0.0979447765754848,-0.0417028413706011,0.0477313996949725,-0.0541221527722498,-0.0306641629317225,0.215810608339542,0.0993131482840759,-0.101161551733432,0.0338611951506195,-0.00456852799758698,0.146469474364946,-0.0320435932115091
"PCDH7","PCDH7","green","green",-0.072760711925831,0.0159129973603488,0.116879235143737,-0.0614518653908415,0.107366946761764,0.0459690177852459,0.00924470165429408,-0.0141721648517271,0.0853289589240278,0.179536264771596,0.0928439227480277,0.0284187454499578
"DCBLD1","DCBLD1","yellow","yellow",0.0219793358667507,-0.0115068385658713,-0.104604103023403,0.362824138517889,-0.0376929043015963,0.00128543179408754,-0.0817890910789317,0.0241530508585689,-0.00595031091680108,-0.0254349399744489,-0.0926629597560557,-0.061177842866581
"ARHGEF3","ARHGEF3","blue","blue",-0.0410664691586288,0.130140649813625,0.0614250079539746,-0.00391752958758985,0.044875999733898,-0.012198239307072,0.0363169247048848,-0.0350264245680036,0.141840860053768,-0.0564355516145745,-0.0500384524915792,-0.0160951800719035
"SORL1","SORL1","green","green",0.0323356629676274,-0.00659913827212291,0.0101022961018422,0.00628593462978485,0.0187060190812661,-0.0214271273497104,-0.0397862460769225,0.0583821374553699,-0.0244168954684689,0.0713653509642947,0.0128660352718745,0.00253200829946089
"HMCN1","HMCN1","yellow","yellow",-0.0194913580157526,0.0625965498217817,-0.0114954950030966,0.154955708870843,0.0477865497523457,-0.0450683028949053,-0.125602888195015,0.135561424637362,0.107911830287188,0.117715229457316,-0.167695248135733,-0.0747309806841378
"SLC39A8","SLC39A8","brown","brown",-0.0196031116681199,0.0472485598838562,0.00746640404204336,0.0527564189647417,-0.0573861498045327,0.0825244696323019,0.0831065264568757,-0.0124714980619252,0.00912943157292554,-0.0710644392984597,-0.0157092179336372,3.96656398208426e-05
"CAP2","CAP2","turquoise","turquoise",-0.0193902054343766,0.0189793904462182,0.130461535436821,-0.0319273115459279,0.149783104509453,-0.0865683842822832,-0.0135848262543685,-0.000789888991021996,-0.034341498255344,0.102009508492922,0.0451411413929046,0.0594475040956575
"CEMIP2","CEMIP2","red","red",-0.0352069860649551,-0.0298668500852597,-0.0466415263497244,-0.0167498823077045,-0.214867715584221,0.265838888466657,0.420016115331592,-0.0934216315957597,-0.120165132926369,-0.12070188962275,0.30037760258641,0.0786064438336821
"CRADD","CRADD","turquoise","turquoise",-0.0227231632836317,0.0537018956483325,0.0482580017562087,0.0722508028927559,0.110271647541881,-0.0835446670284479,-0.0209149699249312,0.0175989973753332,0.000825028422610512,0.00457688976812308,-0.0216732951979738,0.0215747333433499
"CCDC3","CCDC3","blue","blue",-0.0087933573643647,0.0847204814826373,0.0195766866834854,0.0117335635825286,0.0113865553391504,-0.0181370159316642,0.00040424077972831,0.0888815269084384,0.0382148127859939,0.0341407699565541,-0.0324302250426032,0.000306331607686661
"LINC01705","LINC01705","yellow","yellow",0.00195667675600547,-0.0170190757597297,-0.0814236394012482,0.137053320167226,-0.0652818814397787,0.0553862366514263,-0.0602942520334765,0.02817025802012,-0.0430300428715206,0.0827006360964754,-0.00161716977665167,-0.0444041888611052
"JUN","JUN","magenta","magenta",0.0112549744706897,0.152236826857996,0.294213106690448,-0.134486340677159,0.376079834709221,-0.470740160461156,0.0151154035804076,-0.00791358251569607,-0.0369391498566529,0.0856918601218414,0.0473708530211324,0.669466882021046
"NGF","NGF","brown","brown",-0.0302664602122667,-0.0599053132446292,-0.0173250053643976,0.0509615923866917,-0.0590047202469684,0.1027631243961,0.0154858684262225,-0.0203638412238558,0.0223936555204388,-0.0210525951860947,0.0645791946111708,-0.0427234272390886
"RNF152","RNF152","brown","brown",-0.021506666386523,-0.013539195531288,-0.00434041244843274,0.0729278909219358,-0.0600351302591841,0.0910893480736526,0.0761583785737029,0.00374911013968282,-0.0530113660350761,-0.00152997594364782,0.0364051218309632,0.0319200729223192
"NCAM1","NCAM1","black","black",0.0040322645993206,-0.00630526771466532,0.0253217663756514,-0.0383931646894635,0.112653861279574,-0.0971995872345827,-0.0804949255132182,0.27470872225371,-0.0406550947329465,0.119640573426126,0.0189020597942721,0.0395106677931426
"IKZF3","IKZF3","blue","blue",-0.00430888324187362,0.0699549844670931,0.00859337618017963,0.0107303544871597,0.00213413053048663,0.00330248989841661,0.00530132483699298,0.00292860181837889,-0.00575932140960607,0.0116325754029286,-0.000751376584170453,-0.016152104380955
"SLC16A7","SLC16A7","brown","brown",-0.0923786414368498,0.120605858056138,-0.00200879787225477,-0.00488825546952722,-0.105225516979439,0.226175461900973,0.173276320169501,-0.07455666915873,0.0165768052467023,-0.139554838545655,0.0621671395813168,-0.10841282313434
"WDFY4","WDFY4","blue","blue",-0.0308680602321462,0.137150973943089,0.0653409974937704,-0.0343553705289387,0.0228750423833007,0.0460013969052334,0.0741395477257641,-0.0102820954553438,0.0549685581635352,-0.0186207052010522,0.0274073203201459,-0.0371412091712891
"RIMKLB","RIMKLB","purple","purple",-0.0682463840518885,-0.0488016383152695,0.121589833459474,-0.0858956207374697,0.0644838848901332,0.0419321802257796,0.030905634167672,-0.0521457047528064,0.0197647219067017,0.022496332611386,0.146591398441767,0.0279404348144486
"MAMLD1","MAMLD1","brown","brown",-0.00414043033284312,-0.0982891613029949,-0.157575868073725,0.184347714306372,-0.197558450656595,0.258940512555915,-0.0402567643706649,0.0683152791767811,0.007770714653882,0.0612590544088236,-0.0282071634954713,-0.147520199172527
"EMB","EMB","green","green",-0.0143410672855178,-0.0242841485155489,0.0567581653339388,-0.0185350837978992,0.0647284703724077,-0.0241959968501262,-0.0430120648093058,6.0227416714766e-05,-0.0456881545056253,0.149421537453103,0.0683397706282223,0.0189779755641438
"PDZD2","PDZD2","turquoise","turquoise",0.0232604963916881,0.0372345285537455,0.14126327253331,-0.075879814143518,0.221589721543905,-0.150391380770788,-0.0355247429432627,-0.0244339602718255,-0.0228791641020113,0.0531310974657624,0.046993302891736,0.0800844236494019
"SLC7A2","SLC7A2","yellow","yellow",0.0259036511067862,-0.0255631590955161,-0.222565421797895,0.536655221270953,-0.177202439929859,0.129123071613656,-0.0490300698871911,0.0384987724994898,-0.0321708991572079,-0.0796485367216052,-0.131962307096536,-0.135045480602144
"ERRFI1","ERRFI1","yellow","yellow",-0.0642732729324029,-0.114010292404019,-0.138823785193071,0.262788015167217,-0.221589703319062,0.209060704269232,0.00521160079598931,-0.0167606496395253,-0.0265581085668402,-0.0168501432151368,0.0588274577914665,0.0245264205385644
"PPFIA2","PPFIA2","green","green",-0.0323914439010795,0.0125301209957093,0.0227762313871232,0.0641519612492745,0.00782125417485605,-0.00361819453320932,-0.0605762840251332,0.0360861682922501,0.0628979310812147,0.129622861870883,-0.0572379310409854,-0.0101477758803791
"KCNK1","KCNK1","brown","brown",-0.072086676718273,-0.0205251443116413,-0.12585830109546,0.0451637349184969,-0.262555659815267,0.400537783788215,0.099077479010483,-0.0186249626226459,0.0844687415735462,-0.0339014873184321,-0.0162973089062811,-0.161993327504315
"ANKRD23","ANKRD23","blue","blue",-0.00961384899881626,0.0943465138084624,0.0766472396458991,0.00748200362555674,0.0756646370381066,-0.0579109098648918,0.0235423034985012,-0.0203727927488161,-0.00446558814412994,-0.0100482179262954,-0.00410851782677488,0.0246969184656304
"HECW2","HECW2","yellow","yellow",0.000737675309645453,0.0309859225246245,-0.0694201508035808,0.212488215437996,-0.0418918333173592,0.0249300278096792,-0.105962990992113,0.0229159909606686,0.236605342977565,-0.0270961882511297,-0.188755005959658,-0.0954424527658573
"TIAM1","TIAM1","brown","brown",-0.0991231525425176,-0.0261750678704508,-0.112753936730172,0.028183069827873,-0.310548461303374,0.478022454231681,0.181411283215078,-0.0701180584678799,0.0563611906422147,-0.0113138071937315,0.155232599895605,-0.191298855475335
"ADAMTS16","ADAMTS16","yellow","yellow",0.0428574020413086,-0.0133390548887938,-0.243569495004091,0.599009922584751,-0.118356554651187,0.00766752762158985,-0.106938572892558,0.0547823977962998,0.00133548889862602,-0.0485695220072528,-0.155889905179653,-0.0739436487701039
"PLEKHG2","PLEKHG2","blue","blue",-0.0341594443236022,0.590606667323812,0.162998437235108,-0.086748196927556,0.199932614825009,-0.205913065206952,0.193067126422337,-0.0415775352369597,-0.00217339877168336,-0.0877968646746938,-0.0103609883011216,0.0848294392250214
"GABBR2","GABBR2","blue","blue",-0.00928256708343655,0.233719942246226,0.0452551782569282,-0.0138555727782062,0.0402512460605597,-0.0316378690502944,0.0162087230557924,0.0237067237575284,0.0308363727473217,-0.00722387383386292,-0.0203554140548443,-0.0379993364636272
"STYK1","STYK1","blue","blue",-0.0111153251893327,0.613280091216698,0.126057817020239,-0.0324397732415273,0.166320559621283,-0.170522169315697,-0.0196590411055751,-0.000463730045860027,0.054369948903268,-0.0502118598113497,-0.103185078190159,-0.0847784830021075
"AC017002.5","AC017002.5","brown","brown",-0.0565302040528095,-0.109511878041705,-0.109212238417139,0.132264463547676,-0.261502064409217,0.357367579053894,0.0973670799109875,-0.0364536192738104,-0.00421143476270258,-0.00853120916171167,0.142289940285253,-0.135108098012643
"ME1","ME1","brown","brown",-0.020527701288442,-0.00260481785474098,0.0269274920851649,-0.0211403087382931,-0.0225202607581779,0.0611855125621546,0.0373810577726125,0.0491036632670733,0.0453106027358473,0.0288461102218921,-0.0112661438453052,-0.0242477227654494
"SNCAIP","SNCAIP","green","green",-0.00899417042873802,0.0316039980906138,0.0212766369852525,0.0259662244996963,0.0348068657590684,0.00535472962453432,-0.0652639647213612,0.169541080933683,0.0216004773957866,0.1615716343595,-0.0289126444199675,-0.0285982452528078
"AL390755.1","AL390755.1","blue","blue",-0.00694085978268904,0.468481478314251,0.123843243313967,-0.0291729401009959,0.184660235712468,-0.146530409642019,-0.0381017251455273,-0.00957903673872845,-0.0105679139207459,-0.00639681428048618,-0.0386664705015804,-0.0914905151322847
"FAM160A1","FAM160A1","brown","brown",-0.0191967640186467,-0.0168089474551311,-0.0136648491721218,-0.0136135115752706,-0.0494238162906618,0.095696154249859,0.0335288699350983,-0.0139016130294628,-0.00154408189932282,-0.0414823961541282,0.00463951105389945,-0.031288575889835
"LRRK1","LRRK1","blue","blue",-0.0348046230008675,0.236397441539156,0.0338110905064377,0.0200341282858112,0.00351572490440225,0.0791425897765477,0.0394238414617628,0.016349098112163,0.0276498597372877,0.0503472489126671,0.0603604498410803,-0.116186670450427
"THBS2","THBS2","brown","brown",-0.0730021743951359,0.0141588732660632,-0.014777092121504,-0.0599462671374522,-0.165063016935678,0.313041899524072,0.0283156322377636,-0.0379775060102573,0.219984464858894,-0.0863271731901838,-0.0870593596333617,-0.155507588504515
"AL445250.1","AL445250.1","turquoise","turquoise",-0.0513140491386779,0.0214787211805104,0.219759417218108,-0.122790886894772,0.347098216500371,-0.201793671739255,-0.0584297406888416,-0.0118246196561031,-0.135373835494134,0.240318974449257,0.192876536329331,0.149652375015867
"SCN9A","SCN9A","turquoise","turquoise",-0.00160403622101674,0.0670663332255597,0.100215889752068,-0.039203474593235,0.197748685785831,-0.130115679781356,-0.102835688953935,0.0123772670373722,-0.0670079894794955,0.142514745914375,0.0525357453178843,0.0105858027849462
"NSUN6","NSUN6","blue","blue",-0.0292907592427132,0.1278249686876,0.0668282688379809,-0.0521569451209159,0.0348977569629968,-0.00543848243140259,0.151008111609975,-0.0487282313808054,-0.0152305403369653,-0.0847387248427453,0.0193183935048978,0.0324803466040203
"SLC24A3","SLC24A3","yellow","yellow",0.03030474083094,-0.0223717526226751,-0.150303843130325,0.37193358594914,-0.0814000683432538,0.000344680758039405,-0.0688011845582349,0.101243489912259,-0.0639936817045498,0.0283322811970457,-0.0902836743182294,-0.0433484936123065
"SLC16A12","SLC16A12","green","green",-0.00773898205282781,0.0192473490487128,0.0410492199797141,-0.00831204574017984,0.0400145617990865,-0.0349031046692619,-0.043110431820463,0.0209042659151544,0.00880820996230174,0.107814493695923,-0.0202350160382396,-0.00513922421058878
"AC243829.2","AC243829.2","blue","blue",0.0170204448659407,0.0602487259256271,0.013111599535525,0.00332610957584121,0.0184857526294138,-0.00823296059310306,-0.00295605038460481,-0.00418246001702114,0.0119878920935227,-0.0168104783318354,-0.0312175616322068,-0.0299174859630561
"PLOD2","PLOD2","yellow","yellow",-0.0669152728484737,0.0581602239544044,-0.0493844326303571,0.216141633015252,-0.108394851137829,0.144814592275789,0.0834849617938568,0.0089364522975415,-0.0402155887421463,-0.0305302330191656,0.0940033251494918,0.00756511309686084
"NAV3","NAV3","turquoise","turquoise",-0.060271483109466,0.00511601592203947,0.178732035641099,-0.111684850162695,0.262606904362385,-0.140337803444687,-0.0359599194808099,-0.029694464371424,-0.0135518440166327,0.141910470086054,0.0798033510615862,0.0805956552711002
"ISM1","ISM1","brown","brown",-0.0257227746772753,0.0265208725758972,-0.0626934970865011,0.134735313921672,-0.133192327712906,0.166153580750371,0.000347605369242436,-0.00247441231309611,0.115741629595725,-0.0837114745124183,-0.128260046607707,-0.0861909357849301
"PLB1","PLB1","blue","blue",-0.0113212673022075,0.613381524318761,0.0815385158833622,-0.0157116180499933,0.0775890509429714,-0.0938546741099773,0.00127648891732383,0.00589028707319247,0.0852981299792166,-0.04784143089011,-0.0868422389594427,-0.109117413995683
"AC090578.1","AC090578.1","turquoise","turquoise",-0.0270790591365718,0.0431525865527564,0.0823204940480812,-0.0543507065387677,0.0993589357008187,-0.0323626237386353,0.0437615252415378,0.0046289004944401,-0.0463408471900628,0.0426681066677673,0.0763224826418236,0.0535010475043009
"GHRHR","GHRHR","blue","blue",0.00204176817665293,0.244531543201085,0.0494355902564439,0.0146464793509003,0.0451812809715432,-0.0392547620701866,0.0178301379356027,0.00530950382935667,0.0205169986181978,-0.00611345130359547,-0.0305032917471123,-0.0362341352651532
"MSC-AS1","MSC-AS1","yellow","yellow",-0.0462919773550076,-0.0108294952758042,-0.0784954898918997,0.229047182981944,-0.0686295507221396,0.17050715443612,-0.0652817981270427,0.00945522900350738,0.0476092476023053,0.0608239599336355,-0.037493919849061,-0.140089694473868
"KCNB2","KCNB2","greenyellow","greenyellow",-0.0188033137870332,-0.0215799700324112,-0.0319695293326206,0.0126423450667703,-0.0261928934624481,0.0369312261982191,-0.0800584829575978,-0.00434488447877082,0.308925894510571,7.98392611340765e-05,-0.0895243051853953,-0.0577848810180898
"DOK5","DOK5","brown","brown",-0.0431684542844271,0.0195768937811442,-0.0211485885711776,0.00256626922199263,-0.12380973956814,0.172411839568835,0.0667670726309181,0.0492599567158746,0.034054498273798,0.0886671902845121,0.0421734363448749,-0.0519876383355497
"ALDH1A2","ALDH1A2","red","red",-0.0945188688701016,0.070542969946119,0.18454679327795,-0.165898470690363,0.161367826425423,0.0123938326294875,0.269104680553301,-0.125400229279546,-0.167777568292857,-0.0223407671378909,0.2980907817935,0.121554720153288
"ATP2B1","ATP2B1","brown","brown",-0.0688530401612661,-0.112171797086795,-0.185726517489174,0.173875205601265,-0.31402884954675,0.425707742844736,0.0463601641678747,-0.00959965093595586,0.157478624753546,-0.104598883682102,-0.0859620874274157,-0.166477563081793
"AMPD3","AMPD3","blue","blue",-0.00129589258702444,0.492716352306852,0.0776978738250028,0.028246538655444,0.10926481201515,-0.11907209923891,0.0132800601232028,-0.0159459290711332,0.0540804012518487,-0.124818111480163,-0.138431171727984,-0.0898997503371225
"BMPR1B","BMPR1B","black","black",0.0357750862027701,-0.0109964157729209,-0.144917826076923,0.137236224552802,-0.115330399194535,0.045614232636613,-0.0779429231956874,0.416732898432782,-0.0471598442756165,0.117035373080725,-0.0945893564709432,-0.0788574821400835
"NCOA3","NCOA3","turquoise","turquoise",0.0523506477689964,0.016294723866968,0.118284103302023,-0.0572210815009441,0.157605800981772,-0.124414165929274,0.00256489071091514,-0.00691382639627566,0.00174142055382202,0.027379478429572,0.0209692353685653,0.11431084844254
"INTS6","INTS6","magenta","magenta",-0.0678528650058027,0.145438820267999,0.145350651565048,-0.0888319031280726,0.1442045845913,-0.123517742051728,0.297661355126221,-0.0906396993378662,-0.0739869984336041,-0.164053526209487,0.112467111768542,0.403612600015513
"LINC01515","LINC01515","turquoise","turquoise",-0.0251428511253673,2.72437263014724e-05,0.114095955149101,-0.0554926298192166,0.189623799925161,-0.123317033742584,0.0191194051949652,0.016221709693858,-0.115532846432899,0.0646093157543828,0.116900900531486,0.0978036376504267
"RBM24","RBM24","green","green",-0.00922702192320845,-0.021623883408043,0.0414469272057874,-0.0116484118160224,0.0242068100270867,-0.0160792739162897,-0.0211705308106568,1.95139516818446e-05,-0.0227867331370966,0.0896248075831258,0.0432493943847853,0.0404297913280004
"COL15A1","COL15A1","turquoise","turquoise",-0.0623101618771816,-0.0279475302651616,0.414751859065163,-0.312905680153749,0.509514940255705,-0.360005926066797,0.0095643908588705,-0.143594250681738,-0.344979003323632,0.368355019173317,0.40184689794862,0.28566978375102
"AC005050.3","AC005050.3","blue","blue",-0.0152108618388407,0.264402446270419,0.0105910637071853,0.00501662037023171,-0.0147651895221896,0.0279531066370227,0.090510706135197,-0.0171431386212091,0.0361510028945009,-0.0906657399402251,-0.0310202530375124,-0.0467288377936495
"TEX14","TEX14","turquoise","turquoise",0.00235522108148104,0.159861468235162,0.0904122304114347,-0.0224427077516095,0.130327065403579,-0.157143026981598,-0.040990716740549,-0.0198008878318886,0.0263089883161121,-0.0343250505640973,-0.0803952858894667,0.041613794329584
"AP001042.1","AP001042.1","blue","blue",-0.0178711480646623,0.136084888760688,0.0303115722169231,-0.0278633004774456,-0.0333939486410946,0.0638617102172689,0.128532377402441,-0.027587097469272,0.00835971057299232,-0.0779068472284259,0.0255402476535173,-0.00733223453604633
"BX284613.2","BX284613.2","turquoise","turquoise",-0.0203078716471465,0.0872641020978933,0.11329733060312,-0.0648161768206581,0.186874705197231,-0.109529541741833,-0.0255772536026628,-0.018956285113558,-0.0473498510724534,0.0520209089113999,0.0197748928510314,0.0132000682939288
"ROBO1","ROBO1","brown","brown",-0.120263675382047,-0.105477789361114,-0.129334696382941,0.143032033843935,-0.284793463113288,0.489228514030054,0.156461014227445,-0.0637562254206393,0.00413782079084712,-0.00602213534746958,0.11602978607873,-0.174380428371696
"FMNL2","FMNL2","brown","brown",-0.066236744024876,-0.0591451094088696,-0.0395463911719965,-0.101833395105612,-0.158361535943111,0.313210999967618,-0.011838528042458,-0.0089900085501572,0.14095033749683,0.0166887102854996,0.00558920617180686,-0.180545697399822
"MEOX2","MEOX2","turquoise","turquoise",0.0159346653011806,0.0142984639397322,0.177238662218114,-0.087135286873456,0.361041924674925,-0.333312568011246,-0.210055855481393,0.154897406552448,0.0197927085364598,0.143961544276619,-0.137334578574382,0.032604691854133
"EFNB2","EFNB2","yellow","yellow",0.0298835806323905,0.0718198860297253,-0.0725453141349567,0.314090189692027,-0.051334997073245,0.00601186459414207,0.0407488227608917,-0.00507276614865211,-0.0401954710897462,-0.0914705012376135,-0.0301772050011534,0.0380689550335437
"AMPD1","AMPD1","blue","blue",-0.0063840026052419,0.141097725473608,0.0439779418385067,-0.012534738512341,0.0683683549233312,-0.0555977909953437,-0.0258922243675248,-0.00390962422651091,0.0258264583544779,-0.00658598441382322,-0.0303956843353504,-0.0250409956695362
"ENOX1","ENOX1","green","green",-0.0430309455831119,-0.0118702796672773,0.0649309128436496,0.00773960965869795,0.117128979854664,0.000436794166750074,0.00281957745189697,0.0625047507832507,-0.142326755982731,0.26386360603642,0.200867320508649,0.0371046585566994
"KCNMA1","KCNMA1","black","black",0.0751407828492015,-0.0334960254422984,-0.157268509177923,0.202292503725944,-0.0728071233728159,-0.0449219472704572,-0.140105681696125,0.559445428589779,-0.00284478626677812,0.108470427773852,-0.13906206247252,-0.064108286067984
"CADM1","CADM1","black","black",0.0745493743881297,-0.0544788891878216,-0.212905659751403,0.202468492361923,-0.0730203957076019,-0.0790977892178392,-0.143561200879291,0.502126276468987,-0.0468338937012804,0.0562638208927878,-0.142007024078409,-0.0434783904240519
"SEMA3A","SEMA3A","yellow","yellow",0.0603354924149891,-0.0214594439308892,-0.246176099525571,0.641826012408648,-0.116967088396236,-0.00401570932882899,-0.118289197618248,0.0701181124627496,-0.0518938191114736,-0.0488156395578352,-0.159206372083399,-0.0777669960717836
"COL5A2","COL5A2","green","green",-0.0306000616769741,-0.0729755437761491,0.0980514181755619,0.0753661999935183,0.25288275949608,-0.182878661750635,-0.166789790610524,0.112436328234657,-0.113165791825764,0.421050457035365,0.119013806864719,0.0713477233018467
"CDK6","CDK6","yellow","yellow",0.0151656598783258,0.0144143101466569,-0.107389869251173,0.369808176947481,-0.00855538003253255,-0.00484728525077404,-0.116406778645338,0.0456230302661986,0.0794471407674687,0.0167398065312116,-0.113000887271143,-0.0717865163726834
"PKD1L1","PKD1L1","blue","blue",0.00966279632753447,0.222550282159695,0.0169339131242765,0.0319748248038102,-0.00122178623412468,0.0116871287755013,0.0356160495275285,0.00315554963712703,0.00779828822079864,-0.0492710143082514,-0.0350472041401906,-0.054142576421414
"LINC01060","LINC01060","yellow","yellow",0.0447627669674536,-0.0253967312974231,-0.239679041691472,0.577683391650991,-0.147905367512247,0.0427615020349317,-0.117948503552354,0.061480570414232,-0.000736900747401727,-0.0253351308952982,-0.153814088741002,-0.100719891296785
"CYP7B1","CYP7B1","brown","brown",-0.0381838090480626,-0.0352525728874031,0.0243619180924914,-0.00446766895223588,-0.0265065160790355,0.106574549091835,0.0679356710387851,0.000358924874378179,-0.0901771673432675,0.117522366231743,0.112040678564544,-0.00649342868572407
"TSPAN5","TSPAN5","black","black",0.0231606372207812,-0.029475132845913,-0.087174001780092,0.130946795930247,-0.0200572378561307,-0.0238864210897562,-0.087258732498574,0.384679203805426,-0.0360188521623426,0.0998065040058052,-0.0459339314598132,-0.0244069703198991
"LNCAROD","LNCAROD","pink","pink",0.118871879529576,-0.00708372355007712,-0.0227775440514867,-0.00116411235126322,-0.00425912667608912,-0.0254825460191215,-0.0168348727719841,0.060070043057447,-0.0131490717083937,0.00196236499953245,-0.0203438658294505,0.00440306000096974
"AC104041.1","AC104041.1","blue","blue",-0.0173463527924482,0.0862543213691536,0.02134342882863,-0.0112063075775797,0.0131632028556019,0.021502959504346,0.0766364880443688,-0.0251612911102414,0.0136133885508415,-0.0803503599196445,-0.0155903522646461,-0.0172842008348601
"EPHA6","EPHA6","yellow","yellow",0.00595341481567794,0.056441026761415,-0.0974689248635285,0.210776261533126,-0.0930953938390334,0.0628883582384874,0.00890688365306031,0.048738905062867,0.0133278256546394,-0.135220095901594,-0.143898888363346,-0.0841669977097794
"KIAA1217","KIAA1217","yellow","yellow",0.0276647525725724,0.0132013729372544,-0.158054573121555,0.29796171814821,-0.0966659088350254,0.137833807949022,-0.0780269713718059,-0.0420124708243593,0.0563768183824157,-0.157305382268311,-0.176401679412024,-0.183733876433734
"CMSS1","CMSS1","brown","brown",-0.0298412576950562,-0.0125470794972226,-0.112450740412995,0.125528955926749,-0.19179999083098,0.266168427818944,0.0691953940160353,-0.0611040115044101,-0.0628363321023719,-0.142448388727706,0.00735714854636832,-0.115483659014764
"MEF2C","MEF2C","pink","pink",0.510727364580156,-0.0464824623673678,-0.0820729082164572,0.00173965152789387,-0.0268468268103545,-0.0820943594845512,-0.0895274858887932,0.0195329080263591,-0.0651762925279675,0.0149484892617592,-0.0359590769052734,-0.00778370830355585
"AFF3","AFF3","green","green",-0.0142071522245369,0.0711576362832447,0.177059083284263,-0.135371671370113,0.317924812847221,-0.243042942067072,-0.0920587211507742,0.21140353852639,-0.149480636980074,0.303061396783008,0.0790277678491784,0.0978572271933901
"AC022509.2","AC022509.2","brown","brown",-0.0190773004522965,0.0592462618836814,-0.0247289097581018,0.0135535279697032,-0.0500773488388938,0.106960293891972,0.00370772760054284,-0.000468063075836039,0.00155193921883808,0.0114917009889314,-0.0217705382405815,-0.075719295409985
"CRLF2","CRLF2","pink","pink",0.0970899630891182,-0.00502604752212121,-0.0216992385301542,0.00106014428322145,-0.00816725743249115,-0.0138594650897463,-0.0111454177948512,0.0447626316027255,-0.0119244006752593,-0.00259573669256901,-0.00597310500265102,-0.00362326977234759
"CD36","CD36","turquoise","turquoise",0.211903491738174,-0.00337439993903253,0.0483475605781501,-0.0459066293602665,0.13453364666536,-0.0988767525114048,-0.0483111238914261,-0.0212595204838889,-0.0904568453866966,0.0079639108650693,0.0428775379098398,0.0547074907811932
"CDH17","CDH17","blue","blue",0.00671825172915477,0.306710099491392,0.0502492430907895,0.0260922041902996,0.0916994667963063,-0.0977729056596903,-0.0498228414703392,0.020778313569796,0.0315025183629074,0.0285178743209826,-0.0707874084796368,-0.0583690200413772
"CCDC181","CCDC181","blue","blue",-0.0196704772674451,0.194118389089227,0.0683965599699362,-0.0156590387282452,0.0617465399332178,-0.0335846051498927,0.0358245117500802,0.00607403580762642,-0.0159300188563653,0.0209903877963266,0.03274414814173,0.0461571872201861
"CSGALNACT1","CSGALNACT1","yellow","yellow",0.0277303464191798,-0.028277546548992,-0.135449385795595,0.514891023391448,0.0111117806073181,-0.0696415613628571,-0.0975163109673633,0.0509922991686845,-0.12622299552149,0.00908647837207658,-0.067823456453935,0.00463950779063712
"IGFBP7","IGFBP7","green","green",0.0116646357294173,-0.0937497651705343,0.214841605223448,-0.222355874212735,0.0275347598690893,-0.0449925164498906,0.1144420509804,-0.0165660601318065,-0.253411528062375,0.314317607192041,0.321507926098951,0.173279626746129
"COL11A1","COL11A1","black","black",0.0220012698756076,0.0552623909003176,0.0101532479126802,-0.0203127428461805,0.0503857855794578,-0.0889008190672766,-0.0229824883244738,0.45214282481799,-0.0344583190187911,0.0642027762284349,-0.0691903132254223,-0.0097439868188614
"PAWR","PAWR","brown","brown",-0.0535106826608731,-0.0497506665704159,0.00364014793419274,-0.0352094566077204,-0.119818189662826,0.206412798237786,0.120020948090768,-0.0301362635331631,-0.0583349508327255,0.0107719409854311,0.11433670849289,-0.0428590248532674
"LINC02664","LINC02664","blue","blue",-0.0222637669334639,0.104002605122677,0.0762496957537804,-0.0369761846800917,0.0896651199212867,-0.0413141814645252,0.0125612996726307,-0.00217323343900144,0.0450051163407714,-0.00757175528508792,-0.0184197774540876,-0.0104622270193389
"FLI1","FLI1","purple","purple",0.0114837024784002,0.0549556943357517,0.0722973459129592,-0.0619162705286464,0.033319086869474,0.00182807268544772,0.170330582260306,-0.023112347066072,-0.0592040167798476,-0.0217719077510597,0.189644410892883,0.091867165520283
"TCF7L2","TCF7L2","magenta","magenta",0.00633404596562048,0.0537979770955596,0.138514867625548,-0.00516951101991009,0.254178576872041,-0.252674982813359,0.0593122239116215,-0.0846937336316238,-0.035755143560982,-0.0397207934137503,0.0351134164496452,0.210800688729996
"AC078923.1","AC078923.1","blue","blue",0.0110889143605648,0.382654918552571,-0.0259236061443357,0.178847348683139,0.00793087623943441,-0.0479695704814759,-0.0357786548375245,0.0330818203716995,0.01479315791825,-0.00772028408658215,-0.0889931265435536,-0.0889872391574287
"CATSPERB","CATSPERB","blue","blue",-0.0374714824272725,0.464519242449396,0.183635166852913,-0.0851370515914138,0.209850535656714,-0.120247051174419,0.0794886064654519,-0.0441972041349619,-0.0370975245417886,-0.037647293327837,0.0327012821074309,-0.0243338634480762
"TANC1","TANC1","pink","pink",0.310895537458951,0.0304270287709481,-0.0713311177563757,0.0615251181674183,-0.0753215671383935,0.0234979836603753,0.0592428431634948,0.0080780846050501,-0.00451681113345931,-0.0493919521149473,-0.028740199228491,-0.0148882707005541
"IGFBP6","IGFBP6","greenyellow","greenyellow",-0.0739319592261197,-0.0124970808863877,0.20324961797402,-0.147768773232969,-0.0525501574218768,-0.00980266750668791,-0.0272927120770668,-0.0358466964207498,0.436473489791927,0.0530405524916398,-0.0625434753612952,0.0478885387130923
"ADAMTS1","ADAMTS1","brown","brown",0.0503753271370513,0.0096977234414083,-0.0140375571870175,0.0468649890422433,-0.0907036484950453,0.0883566033590311,0.129084956667775,-0.0505356580466955,-0.023383500690609,-0.0527419651905484,0.0553835977894051,0.070569227949034
"APBB1IP","APBB1IP","greenyellow","greenyellow",-0.0114261713194114,0.0483362863636833,0.00561877785800025,0.126723403868984,0.02263961388842,-0.000837509875420471,-0.0955379625802808,-0.00422282907457092,0.272702998704968,-0.0462572818144487,-0.15609202291717,-0.100312525365729
"PDGFD","PDGFD","turquoise","turquoise",-0.0382713743964974,0.0216392908640124,0.152958474789438,-0.0188956228055333,0.246499252654635,-0.171152076786932,-0.139003523244438,-0.0215557388675184,0.19926540077728,0.0858699021737611,-0.0615886709517349,0.0472924293660806
"XIRP1","XIRP1","brown","brown",-0.00197989752334449,-0.0152951276633592,-0.00911496173284235,-0.00279656162269906,-0.0398950095919912,0.0550633767773739,0.0178127128392161,-0.00390709302521142,-0.0173723461526752,0.0232448118816076,0.0311819021943438,-0.0167175635370394
"RORB","RORB","brown","brown",-0.0232760951255619,0.00686135287064987,-0.0272377381536397,-0.00896294783652707,-0.0730204034338417,0.0896278100177267,0.0861267410866987,-0.00322917412887816,0.0102887044192918,-0.0418874180543974,0.00941897984009438,-0.00494137713612965
"CERS6","CERS6","yellow","yellow",0.0199867297768153,-0.01972023695625,-0.0947434923671069,0.266605445511114,-0.0574726741617942,0.0333526712970545,-0.067322782817306,0.120322775565697,-0.0231025480262724,0.025391590576558,-0.0505056260631979,-0.0445550657139218
"SCN7A","SCN7A","turquoise","turquoise",-0.0359983238777755,-0.0778590861870775,0.3206369813171,-0.199130482891307,0.521844623127272,-0.342797185758857,-0.118706589643345,-0.0956371897390675,-0.261060447563516,0.318509981732179,0.319321631270014,0.239780691048475
"HLA-DRB1","HLA-DRB1","pink","pink",0.353319563348429,-0.0444138175442434,-0.0984400061512669,0.019945651798399,-0.0396555235338263,-0.0644126714651351,-0.0798282170670319,0.0943326273050557,-0.0500878095829038,0.0455199949631695,-0.0477270580196837,-0.0037074713996432
"AQP1","AQP1","yellow","yellow",0.0466620976297126,-0.0165576656324202,-0.157021787470324,0.423244302732968,-0.0868400227509906,-0.0133168078043774,-0.0999972868216235,0.086732761207351,0.00158556105660279,0.0194604645087485,-0.125815794036752,-0.0630269829965849
"DDAH1","DDAH1","yellow","yellow",0.000478645936713116,0.0557685389425991,-0.051282442537737,0.19482751389169,-0.00692602539861105,-0.008686444487219,-0.0595769117552202,0.173450710541808,-0.012273048615627,0.0717006305015829,-0.058249173655482,-0.0346807715483454
"GPRC5A","GPRC5A","brown","brown",-0.0965238587812932,-0.135745262742524,-0.226727979493765,0.155660055862403,-0.509160808766138,0.591079716533136,0.243154299986235,-0.0877964957875296,0.0770543390786527,-0.183778996225,0.0748316667459252,-0.158788965168046
"STXBP6","STXBP6","turquoise","turquoise",-0.0579743261097039,0.0726012402176535,0.186220882601218,-0.0947777850385181,0.254112613476275,-0.130328751330927,-0.0450226154882667,-0.048749030620646,0.0681746359287891,0.0090086783383322,0.00957882874671489,0.0314627648124292
"PBX4","PBX4","blue","blue",-0.000193699367399821,0.107835709932561,0.0109627746513389,0.0284194294482662,0.0134038901753259,-0.0207436128928853,-0.0120698718764054,0.0226660701485212,0.0235425885151632,0.00399392219460643,-0.0436579085102383,-0.0249389556803695
"MAML2","MAML2","yellow","yellow",0.0201560369603431,0.0305643555018627,-0.0413383471694992,0.14342481495929,0.0520655083451725,-0.0361392724384809,-0.0354294475057339,0.0823947960905429,-0.101207288335605,-0.00469186082031114,-0.0639614812826516,-0.027273103378382
"AC098617.1","AC098617.1","blue","blue",-0.00449066870521908,0.244684522818715,0.0175389299527871,0.0248978634595727,0.00269391193625587,-0.0089175862734221,-0.0126419435105469,0.0103155576019385,-0.00048068829232425,0.0185742202993687,-0.0262048550750186,-0.0611822263157191
"AC007384.1","AC007384.1","blue","blue",0.0228338109852398,0.205523769552604,0.102657852550539,-0.0224950428411872,0.111354958155811,-0.0954857568802523,0.0413201173916866,0.00852237295973795,-0.019320030239294,-0.0101765035666675,0.0132682678872555,0.0593061035283704
"LIN7A","LIN7A","brown","brown",-0.0287543934259353,-0.0319583765610522,0.0257979791209263,-0.0136428720487762,-0.0150392978881928,0.069665849015189,0.0227037198378959,-0.0170794604947179,-0.0170836334658794,0.0108570674987398,0.0662779885162548,-0.0160267102563978
"TAF4B","TAF4B","brown","brown",-0.110528836412223,-0.103657474451706,-0.12870275739371,0.01109165251864,-0.365448363904249,0.524338252712606,0.255762111231795,-0.0994841087231501,-0.0135742904265887,-0.117264542443988,0.142649387798783,-0.110514703496618
"TNFSF8","TNFSF8","yellow","yellow",0.0141061910755745,0.0165815596668857,-0.0354443421052889,0.0697448772680915,-0.00521309403416183,-0.0179558241265047,-0.0202958722294852,0.0187750987638946,-0.0193377297948622,-0.00333730733239248,-0.0242250714257344,-0.00409722839976269
"ARHGAP31","ARHGAP31","brown","brown",0.0962742366147033,0.00577459875610445,-0.0418328063601034,0.00193861013138089,-0.0988729671966518,0.153977979355827,0.066714498953403,-0.0166495888852481,-0.0247273420037617,-0.00938129054111533,0.0251812996169327,-0.0790933123915201
"C3","C3","red","red",-0.11417032849133,0.0407303847885522,0.272460821512072,-0.250312544560667,0.00714396816657887,0.100287420476665,0.378136932532175,-0.191161533118157,-0.0372856883550903,-0.179805637585637,0.187586304344787,0.0961585408572738
"STOX2","STOX2","turquoise","turquoise",-0.0214880166157671,0.00948595130958266,0.0942273403169554,0.0819501719688442,0.177936769664661,-0.118399268590348,-0.0405590556684427,-0.00461506102052874,-0.059175372423825,0.0862996033187684,0.040729775232467,0.0899250638704038
"ENPP1","ENPP1","brown","brown",-0.0693385165240177,-0.0537987328414122,-0.105158693425948,0.165995914831622,-0.203551189101772,0.314429524013778,0.0343453347297991,-0.00362914182668473,0.167668824864736,-0.0148357342757337,0.0228859802078566,-0.124694270830216
"MX2","MX2","blue","blue",-0.0415107459267904,0.162394322598793,0.0511551752800745,-0.0548085700452036,-0.0398937207967362,0.113306268850199,0.180794428831627,-0.0482741963299071,0.0207878988934715,-0.103523390140313,0.0364886407771224,-0.0545308664611172
"AKNA","AKNA","red","red",-0.0189140217632117,0.0281804206742561,0.0537285877251186,-0.0297013518890765,0.00821232842952474,0.0421291882014522,0.105837415327618,5.29559727935222e-05,-0.0224241148327931,-0.00392045014009862,0.0710652661666424,0.0372237965961565
"BCR","BCR","brown","brown",-0.0139858117216532,0.0368389147479995,0.010288877157338,0.0307723356549138,-0.0394762209381349,0.0727242303743915,0.0674024971731396,-0.00807187983342943,0.0473609038593925,-0.0390178443666079,-0.0202084251040509,-0.0232633818049043
"KCNE1","KCNE1","blue","blue",-0.000625793538828634,0.277997173701301,0.0203841261221799,0.0416883125205623,0.0267592212073785,-0.0433956326310988,0.0012735470063253,0.00873045575959211,0.0187918657978672,-0.00858879262711966,-0.0360843568457074,-0.0392122519527719
"HLA-DPA1","HLA-DPA1","pink","pink",0.114265447071847,-0.0108032356306448,0.0309990480197683,-0.0279650337193033,0.00523839993605313,-0.0252550588810043,-0.028597416669984,0.0269713995712952,-0.0373148277125206,0.0480776528414686,0.0214350650258186,0.00864245288994086
"SERINC5","SERINC5","red","red",-0.0204498550548521,-0.034850894442472,0.0412229926992984,-0.0300687381424013,-0.0113140007642425,0.0415679910539029,0.158308973542843,0.00116710241050435,-0.0348199448757943,0.0775358080984357,0.168243420987102,0.105973089786315
"PLSCR2","PLSCR2","blue","blue",-0.0232767334712051,0.5804131968136,0.0590405706431646,0.0155212885287935,0.037739709407328,-0.0269869453358447,0.0604281158205784,-0.0115440476142092,0.0369199945216913,-0.049969345763992,-0.0527573707409266,-0.0944159379687575
"DUSP2","DUSP2","black","black",0.0708679469253152,-0.0132388248678081,-0.0126471179757166,-0.00367513174628032,0.000977598968487556,-0.022450139983227,-0.0307451075853669,0.157548548682045,-0.0136581935068569,0.0226536505616731,-0.0171874472556259,-2.89942633637598e-05
"TTTY14","TTTY14","purple","purple",-0.0387049249428631,0.00910843690457496,0.07405373929322,-0.0584661574597192,0.0827292025068403,-0.00798955555622064,0.11975490448389,-0.0244738437084182,-0.0225903890662316,-0.00431386163054092,0.141670367234142,0.0915845498030148
"IER3","IER3","brown","brown",-0.0258062380759789,-0.0514171914897622,-0.19908683578797,0.213214140504707,-0.413225811180827,0.423075138029376,0.175967508545398,-0.0136470315571789,0.183501246047894,-0.211603887016645,-0.166981251764465,-0.0564145369839618
"AC019117.2","AC019117.2","blue","blue",0.000284523524472353,0.157314045604428,0.0376212402636259,0.0226646592007475,0.0543470200686142,-0.0542040104918429,-0.0239017317090181,0.0032431600976758,0.063389016263,-0.00657594258985918,-0.054420048961684,-0.0203909708601614
"FAM110B","FAM110B","brown","brown",-0.0665343947169649,-0.0705594619863387,-0.117707654643112,0.23737439999355,-0.132285445094066,0.266387395221587,-0.0561730913996088,-0.0219329410569386,0.0368900867260135,0.045816744294523,-0.0148056499616707,-0.180119750823166
"RBM20","RBM20","black","black",0.0328542249937711,-0.0232273971693116,-0.0553781603180589,0.0122020183285018,0.0159760798163031,-0.065222907557163,-0.0810259265045528,0.545534831475292,-0.0203394671832998,0.0932808606667707,-0.0589859961273682,-0.00702665468765002
"AZIN1-AS1","AZIN1-AS1","blue","blue",-0.0244587053671578,0.15643877642614,0.0897329192907333,-0.0490415443207594,0.0978510259835045,-0.0688604132062192,0.0664239190444207,0.0091175255092625,-0.018443128926477,-0.0144831596806341,0.0117121346626925,0.0355502279188465
"MAPK9","MAPK9","blue","blue",-0.0224315522562888,0.485925776045018,0.0805468669705913,-0.0112940964269368,0.0784822051932144,-0.066739158713504,-0.00291516468868906,0.00879418333982359,0.105258223393041,-0.0506012662056082,-0.0904274268733422,-0.0870263183964636
"TNFSF15","TNFSF15","yellow","yellow",0.0285402040124709,-0.0109404276998991,-0.148699380017157,0.410851648537323,-0.0784290069627896,0.0124263868497184,-0.0664603460156768,0.0363978581391612,-0.0282318780487372,-0.0320452788882467,-0.0898453456755122,-0.0536560338350845
"DIAPH3","DIAPH3","yellow","yellow",-0.000542718934690851,0.00859907006525802,-0.00632431042933286,0.0575036837066029,-0.00525154173178533,-0.00143811401006898,0.00359176905381783,0.00968146361185399,-0.00970919239767542,-0.00203355290781976,-0.00918275144822059,-0.00379577031820145
"SVIL","SVIL","brown","brown",0.00726375051324375,0.0919926977753968,-0.0884696885144917,0.0443604616749353,-0.217204258719284,0.257338481569238,0.171239648349324,-0.0392914694633369,0.0118226017447328,-0.0967976838791448,0.0227871104275182,-0.126351695615053
"ADAMTSL3","ADAMTSL3","turquoise","turquoise",-0.0712626087027168,0.111993426919545,0.114498660799639,-0.00975848048396571,0.183349346189295,-0.0497735333114152,-0.0598933815314762,0.0112894243488144,0.136724177088651,0.108713054521192,-0.0436512675694652,-0.0280524252451348
"HES1","HES1","magenta","magenta",0.0226300724616978,0.00789233280239332,0.122817549259553,-0.0911881382982102,0.0793759543707066,-0.133307290954421,0.152584175125128,-0.0013927564087534,0.00175873227997528,0.0308538941291994,0.0985118861632907,0.379598640535756
"PKP4","PKP4","brown","brown",0.0133828795452356,-0.0395059089836022,-0.0721433265807554,-0.00427726024304611,-0.149033371428487,0.225836245622723,0.0529312678592191,-0.0435239360484696,-0.0241085732276445,-0.0639121239921212,0.00297711567288789,-0.120990824168124
"AHR","AHR","brown","brown",-0.00397724138460535,0.0276980034611689,-0.0559071613981304,0.155839511476089,-0.0835253235207911,0.103817954544683,-0.00770147144624459,-0.00468860481261938,0.103231005091281,-0.0397552673690587,-0.106187508049385,-0.0481001977518955
"SLC1A3","SLC1A3","brown","brown",-0.0256814848246347,0.110064228828878,-0.0287334778029173,0.0192179802199385,-0.124715318451934,0.165969846884506,0.105372704707371,0.0912394412831162,0.0167862469012629,-0.0122813746386494,-0.0157782724795815,-0.0770261972749898
"TENM3","TENM3","black","black",0.0467542785396401,-0.05917620077293,-0.158981198029805,0.252243386810441,-0.0803808515688148,0.0181301093525455,-0.140271687074718,0.479040174063062,-0.0355300927206042,0.108938117416112,-0.0986012326337505,-0.0784535574405814
"CADPS","CADPS","blue","blue",-0.0321245907765249,0.111442866083014,0.0817144574942348,-0.0436560454170217,0.0270408067312912,0.00368887249461144,0.0352278341861561,-0.0188328814308646,0.0619921733395837,-0.034570869792403,-0.0791358096093196,-0.0436032349486291
"KCNMB2","KCNMB2","turquoise","turquoise",-0.033935871375416,0.0541645980363278,0.137459345847082,-0.0755957184337854,0.180934216669682,-0.0742140440352814,0.0325368173353099,-0.0459231667056669,-0.0729911472251757,0.0392463731963256,0.113260764973136,0.0436501971774052
"GLA","GLA","red","red",-0.0622043923866143,-0.147787351111858,0.0547877449943867,-0.0654168790560996,-0.0680058509692025,0.102062424599751,0.320313062932528,-0.0457583374069718,-0.105806237774674,0.0237472643648958,0.276412881986173,0.229110949247584
"IGF2BP2","IGF2BP2","brown","brown",-0.0191279569045205,0.017168740093666,-0.0977916407281837,0.209241895401364,-0.138563975312243,0.164373941113671,0.018816373677327,-0.0018256959567895,0.092234405157767,-0.0560656583120507,-0.0813893294185423,-0.0838324083902744
"RNF217","RNF217","yellow","yellow",-0.0193033101763168,0.00988958251704306,0.030123220401524,0.122312848528895,0.0720999892662893,-0.0314178671418286,-0.0584108802753006,0.0240672088870421,-0.0395806511944977,0.0675332410555378,-0.00932534619831099,-0.00740431992594856
"PTGER3","PTGER3","blue","blue",-0.0109823539085531,0.194902379049559,0.0488736844700399,0.00473802669305417,0.0553462575802579,-0.0492088235952531,-0.0133448861199177,0.00370766342834481,0.00799286869907613,0.0106556671113326,-0.0396429815660658,-0.0364870848041386
"LINC01088","LINC01088","blue","blue",-0.065916133682632,0.156669025763076,0.0866953714610732,-0.110178284245505,0.0849368566355527,0.0770711777642697,0.0830882248900938,-0.0770252353970038,-0.0483578002127165,-0.0797491956702731,0.0352921400718983,-0.0603850503315338
"DGKB","DGKB","green","green",-0.0215353346954764,0.0141921657186509,0.0525328127861443,-0.0331883803054824,0.0749853653429504,-0.00341255623405182,0.0173822595033895,-0.000343696868124792,-0.0708677820751063,0.150765806481142,0.0968326962202423,0.0190724271524715
"MYBL1","MYBL1","blue","blue",-0.00569027610659193,0.109832028663523,0.0459148105991688,0.0200533843364818,0.0359216698639839,-0.0416646802771776,-0.00911703358601153,0.043407813233919,0.0132497011071155,0.0139009224803501,-0.0166210565213713,0.00656135186820743
"HIF1A-AS3","HIF1A-AS3","green","green",-0.00735942915277945,-0.0559856835713113,0.0479836800536278,0.0492985400679383,0.0272053625058575,-0.0204059576985999,-0.044845830882216,0.0160956780888758,-0.0399385267397345,0.10030641944275,0.051541939433428,0.0379988946519475
"PAMR1","PAMR1","greenyellow","greenyellow",-0.0396119908970184,0.0273910853047052,0.0224547299236919,-0.013257034378293,-0.00144173470859324,0.0351397946945431,-0.0929456702296954,0.00997982201608875,0.466091406357478,0.0228436965645766,-0.130746590485494,-0.0409535710948403
"APOC1","APOC1","green","green",-0.00511207940312463,0.0047689781055404,0.0393320038205817,0.00949470056523457,0.00755131379986507,-0.00938972639275779,-0.0327539291194203,-0.0048339264363518,-0.0456764851318915,0.0620657113768214,0.0258884705440011,0.00816434651355586
"ADGRV1","ADGRV1","yellow","yellow",-0.00302435447697058,0.0232824533094592,-0.113080486256815,0.239130720284011,-0.109848424774837,0.120963009310084,0.0115689476687669,0.00587563392832017,-0.0134266418858731,-0.0529863100922072,-0.0460115953834669,-0.0920302683903583
"DDX58","DDX58","turquoise","turquoise",-0.0585451518592099,0.222196863891551,0.121587450106442,-0.0328940571152479,0.119867520496855,-0.0706668390321986,0.22218210852298,-0.0702582166141446,-0.0551575267327188,-0.100533974269801,0.0859235851555974,0.142290938990908
"SPOCK1","SPOCK1","brown","brown",-0.0530303125698406,-0.0446717805360763,-0.0435686166657414,0.0275949950830843,-0.123723612186078,0.215827793250007,-0.0943098408817899,0.0464017045999625,0.0496621878746931,0.207667715110478,0.0168181231098073,-0.107453450241573
"EPB41L3","EPB41L3","brown","brown",-0.0679068422295717,-0.0866057132614043,-0.203299962470905,0.294471488048815,-0.275851255211501,0.392416679268327,-0.0856425672920308,-0.0487009617431863,0.312907378012546,-0.061010905474953,-0.147810282471604,-0.250203975759714
"LPCAT2","LPCAT2","blue","blue",-0.0687878379558847,0.288380701460113,0.157081369992721,-0.110181882751479,0.168044361117869,-0.0492335933969167,0.121913345630734,-0.0581782303924896,0.110269558618976,-0.0796346869293136,-0.0236307101009738,0.0349946932371464
"PLEKHA5","PLEKHA5","turquoise","turquoise",-0.0130537644836961,-0.00401018030397073,0.117855097247606,0.0426891874460151,0.274016523063133,-0.246918296423998,-0.128403841150143,0.176526987487997,0.00318455164427717,0.157096906601967,-0.05333466164308,0.101400884719591
"SGCD","SGCD","turquoise","turquoise",-0.0298162862196767,0.0275199049264816,0.0843014534946241,0.0870980712622781,0.204805373367823,-0.125087845019954,-0.118717923801939,0.0694499084889618,0.0131656688193108,0.214437627431981,-0.0130870917103348,0.0494663796697871
"MYLK4","MYLK4","blue","blue",-0.0150802789746202,0.232622914437305,0.0627002621084794,-0.0155351163017228,0.0779965950858601,-0.0608706232491203,-0.00519976540528594,-0.00548037265910883,0.0149457940795798,-0.00183004729694884,-0.0255514636621049,-0.0363501067842014
"HSH2D","HSH2D","blue","blue",-0.00808188837404592,0.154178152533036,0.0492908754891878,4.24979390273309e-05,0.0660095687615393,-0.0535453952971625,0.00458806980959447,0.00780398264584833,0.0258557433447918,0.000438110498143159,-0.0246530923072725,-0.00546390241740108
"NTN1","NTN1","brown","brown",-0.0416898786844747,-0.0672783426228326,-0.0179280908369925,-0.0226218975317079,-0.090781845408589,0.158371439867478,-0.027647142155128,0.0202765383359329,0.0560552705718734,0.085368390957439,0.0239800173659672,-0.0597130882466837
"CCDC80","CCDC80","green","green",-0.0493452405962753,0.0142848810496133,0.115013223563811,0.0648578795511155,-0.0103951980618431,-0.000443839000278137,-0.0636523053980515,0.065834630986118,0.210283170345338,0.354304703857938,0.0237662352285191,-0.0071247165778358
"IL6R-AS1","IL6R-AS1","brown","brown",-0.0213804557618057,-0.00598099603736301,-0.0310367178571851,0.0373650260293478,-0.0776564214683641,0.11490350384592,0.039652816956315,-0.0106899328939879,0.06348531262977,-0.0314139510066072,0.0156230247306842,-0.0426436904198662
"AC025580.2","AC025580.2","yellow","yellow",0.0343640724487713,0.035791121060218,-0.126081656750365,0.363525838527552,-0.0711590446376795,0.0249412559211912,-0.0510172062618674,0.0365642883143347,-0.0222627289130957,-0.051097943545186,-0.0805434463314909,-0.0661387365783087
"AC020637.1","AC020637.1","blue","blue",0.0171452215495902,0.0755970102548094,0.0317638084575959,-0.0087114108439861,0.0386346488744348,-0.0350693284333832,-0.0161211830779199,0.00423531759868368,0.019182819899927,0.0211139546821438,-0.025084507220937,-0.0115069163791131
"DDR2","DDR2","blue","blue",-0.0630553066001661,0.504170448982711,-0.00372362533049036,0.124807117510853,-0.0318966843472942,0.0743069975282179,0.0706038601528821,-0.00881881440700756,0.184292464032444,-0.0904520117850321,-0.143822376604016,-0.149264231375996
"F8","F8","brown","brown",0.0114763210458952,0.0597337950001455,0.0291862511520356,0.0192455938427822,0.00858650129981716,0.039129811305519,0.0470063085163311,-0.00838576845517719,-0.0100496267507662,-0.00574003761121124,0.0121499539059975,-0.0208112124811267
"LINC00511","LINC00511","black","black",-0.00318219390008829,-0.00598409649870075,-0.0492036209866132,0.0623880752864983,-0.0559965934169339,0.0217118600867155,0.0188424075954965,0.263952107913873,-0.0469238930450691,0.0908202741117031,0.0191335006453823,0.0266212845883019
"MAGI2","MAGI2","yellow","yellow",-0.0438202126690524,0.00624158597189812,-0.0824292206213068,0.316109009193776,-0.00500818708644365,0.0283629672251357,-0.0483680387462721,0.043941062141778,-0.00945892213043262,0.0062800583140332,-0.0720042640205006,-0.0451774097217703
"SYNJ2","SYNJ2","brown","brown",-0.0253332122361673,0.0628816084903008,-0.0474737863059582,0.0963766807847029,-0.100439924360687,0.152635745844663,-0.0558755298674605,0.00980125193551509,0.0886244662353046,0.0411288571658733,-0.0664168346069575,-0.118057130754901
"ABCA8","ABCA8","turquoise","turquoise",-0.0826119368890868,0.155245058877998,0.400452617610545,-0.291943678900509,0.516071495318819,-0.396683643744614,0.00412309574276765,-0.165333504959574,-0.0674461047081889,0.031422290656661,0.0725428563438854,0.138069881112067
"SELENOV","SELENOV","blue","blue",-0.00702008408734863,0.659100613450883,0.0696726242315816,-0.0247182420697929,0.0837925455528619,-0.117833451671487,0.0184871568395187,-0.000551012307200169,0.0453088488522501,-0.0629788565830709,-0.098429856469366,-0.10073166563559
"LAMP3","LAMP3","blue","blue",-0.00636716808632083,0.104319763873369,0.0388243024306145,-0.00990402684207092,0.0486302863841137,-0.0356017351077258,0.0181123855740826,-0.00673045365956219,0.00224883455026621,0.0075284752625502,-0.00657658126979377,-0.00710596259262249
"LRRC2","LRRC2","yellow","yellow",0.0308446772725572,-0.0319619547653506,-0.187937098683356,0.514874460408641,-0.0954653331544062,0.0180890945923561,-0.0979592861380718,0.0485461023638818,-0.05600134010836,-0.0199213354528229,-0.109116895693881,-0.0637414657306569
"TCIM","TCIM","yellow","yellow",0.0485742151815863,-0.0214249468735129,-0.139961448561809,0.399300689387744,-0.0679972357318941,-0.000624605717907712,-0.0726442507707045,0.0440522764894525,-0.0516269536080053,-0.0259509820954743,-0.0649968906877477,-0.0422048244293542
"RUNX1","RUNX1","brown","brown",-0.0506280051840031,0.0579182374363254,-0.234319029228239,0.230578581923434,-0.402312549832155,0.471802268198077,0.229923184328248,0.0413754858103306,0.0190465073502498,-0.128075515953677,0.0264484864748737,-0.120495690922044
"ARL4C","ARL4C","brown","brown",0.0024404634730972,0.0408350026207191,0.0156152600984826,-0.00380447578677214,-0.0335593539131916,0.0710592255475883,0.0333254870045283,0.00728489225627702,0.136096203240389,-0.0391045275904713,-0.0434089100544869,-0.0230084330270562
"TPM2","TPM2","green","green",0.0039466142733586,-0.0298941014095926,0.0812253267385858,-0.0524305319749591,0.0271656168561986,-0.00844098732892667,-0.0105023835021393,0.00295852969793733,-0.043247612159653,0.127926097501828,0.0696884992378098,0.0320954589382936
"PTPN1","PTPN1","yellow","yellow",-0.0188435611710775,-0.0271280484686242,-0.0836401564726468,0.169675013638751,-0.121711043056365,0.156944248138978,0.0567358972679584,0.0315663574703594,-0.0397021906225148,-0.00771240256072744,0.0170680481009397,-0.0580168704318774
"GPR156","GPR156","blue","blue",-0.00159096361193972,0.346221165833581,0.0887452958068893,-0.00484468491231164,0.0926082681991199,-0.0821122036884663,-0.0178967856224853,0.00104780545540804,0.0903432362934695,-0.0140092864096293,-0.059939998840304,-0.0483262919254898
"HTRA1","HTRA1","yellow","yellow",0.0347491219546602,-0.014397329305963,-0.0743199875229195,0.490075921480621,-0.0122056861967698,-0.0655023011574496,-0.180772342654972,0.147893411706975,0.00553189586844492,0.187427799189789,-0.0959230560429781,-0.0514882432022506
"KITLG","KITLG","brown","brown",-0.077544407461776,0.0116223875528741,0.0341533396287537,0.0285123640826797,-0.0251662828940729,0.104719725050904,0.070211379551902,-0.0772759131994737,0.0603893836305238,-0.117084414393533,0.00368997648078983,0.0776264669318018
"CROCC","CROCC","turquoise","turquoise",-0.00269450329581869,0.133418819353396,0.118379287387225,-0.0377673574989649,0.162553078160733,-0.148433587319734,-0.051348748453814,0.022425005958035,0.0270677447974641,0.0102527654056085,-0.0670620804350545,0.0194683257153668
"PTPRG","PTPRG","brown","brown",-0.0855302425102276,0.0834327112212881,-0.032033634922456,0.127553951061365,0.00713409791579014,0.182293195920244,0.0333048543877619,-0.128694350817266,0.00703756323356553,-0.0923683186755186,0.071253439631838,-0.142044898252555
"AL008633.1","AL008633.1","brown","brown",-0.0530318000085625,0.0661904082345071,0.00099584664530991,0.0132938425316349,-0.0361844024808985,0.134555833201594,0.0252371325452611,-0.0282740970196411,0.0798244872448463,0.0122290136017783,-0.0151606942394976,-0.102625434170994
"LRRC7","LRRC7","turquoise","turquoise",-0.0232510398707836,-0.00841040120369424,0.10132708456236,-0.0660347900834714,0.19648524158386,-0.115253165495795,0.00945761766519896,-0.016211311573685,-0.147433094339879,0.14660843293362,0.167312728560278,0.11387198810347
"LINC00944","LINC00944","yellow","yellow",-0.00919235780229207,-0.0148510581902286,-0.11790216008136,0.225895423901093,-0.16517844950663,0.176129297690239,0.0557085014491902,-0.000821713163582505,-0.016778718151461,-0.0597970509147269,-0.029214284524128,-0.0874689335523279
"AF165147.1","AF165147.1","blue","blue",-0.0237665475242945,0.107689418088504,-0.0315916767521921,0.11856303210067,-0.0442890220643149,0.0777839744078078,0.0388453151338405,-0.0124731645353706,0.0506506312875017,-0.0733520399072544,-0.0408825735177303,-0.066732366549506
"MIR222HG","MIR222HG","brown","brown",-0.0260859326260384,-0.126196919219066,-0.225889737567241,0.212538061977704,-0.381160142519357,0.443844658916628,0.0408186293036665,-0.0163556861460033,0.0475817784845289,-0.0349142487812899,0.0168831228799955,-0.152103860782055
"THSD7B","THSD7B","yellow","yellow",-0.00715207749444728,0.0172481120500574,-0.0314126642424158,0.0820938728413877,-0.0398632574629363,0.0454645872528578,0.00262906073905236,0.0280285000056619,-0.00533163353119819,0.00729235055527475,-0.0217846802255774,-0.0254634856337774
"ELOVL6","ELOVL6","brown","brown",-0.0399564505723569,0.00882128930720372,0.0166621347922533,-0.0178971643816643,-0.0274314521456745,0.108898182269005,0.00600001049188018,-0.0242204924697699,0.130257779210292,0.0242107078441169,-0.00620536604575885,-0.0782737476011115
"AL049629.1","AL049629.1","blue","blue",-0.0327656712860793,0.275784905943229,-0.0394563093548086,-0.014511711934633,-0.137135555347715,0.223429275927462,0.104005454637853,-0.0303598084667106,0.0571029270743347,-0.0586344535118133,-0.0333043435159778,-0.158403582713194
"SRGAP1","SRGAP1","brown","brown",-0.110946911725924,-0.10251251432903,-0.0783586792587421,-0.0988568589965623,-0.273727340566295,0.501901936478011,0.159139200653458,-0.0936275211643034,0.000519311819853209,-0.0599046847448915,0.163846044302529,-0.217340715627311
"BACH2","BACH2","brown","brown",-0.0627574917274428,-0.0136823759097354,0.0402545789106776,-0.0564545076491174,0.0448738143808155,0.0892195359971761,0.0249480617307245,-0.00840131854776251,-0.0134249813922388,0.101904948288806,0.119007833798861,0.011914940564949
"ANTXR2","ANTXR2","turquoise","turquoise",-0.0707488535136777,0.0632529537178848,0.155948551057887,-0.0627914856176778,0.261287152240705,-0.0935779473963724,-0.122409918421906,-0.0250393106794666,0.102812726261487,0.0875227032596783,-0.0503311570695779,-0.0363515113336648
"CBLB","CBLB","brown","brown",-0.137427301993803,-0.0751551986666121,0.00423040744612965,-0.157883414345239,-0.191972309761909,0.322701380600938,0.213872779649185,-0.132567469347179,0.0182708225926565,-0.0890852886672495,0.243984956557272,-0.0140790518129952
"SORBS1","SORBS1","brown","brown",0.0570686861821285,0.0497160765525609,-0.0728089819536613,0.0188637025330709,-0.139637258103925,0.150113133357723,0.18472518301564,-0.0374101373589795,-0.0320970295684504,-0.129479987902122,0.0328867417108017,0.0204196948274837
"LINC01619","LINC01619","blue","blue",-0.0206089120295532,0.392066144223199,0.0022496419347556,0.163696725538766,0.0295058867757879,-0.0096343779490141,0.089448377466028,-0.015036893647028,-0.0319231115430294,-0.093441154401368,-0.00174658821436678,0.0385671240880623
"SLC38A1","SLC38A1","green","green",-0.0267056134088937,-0.0339630979922867,0.06301466514641,-0.0243375917570795,0.036764395011076,0.03541123161075,-0.0133873776233416,-0.0138780714481715,-0.0525056140917188,0.0842345149749403,0.0823177897496593,0.00410071691947892
"FNIP2","FNIP2","brown","brown",-0.00526567073374932,-0.165058434149153,-0.252503039004309,0.290958300991671,-0.362099919063215,0.441515549163391,0.021382044981108,0.0169360067650405,0.0355875064756325,0.020931023408318,0.0209748817683076,-0.172610487824613
"NTM","NTM","greenyellow","greenyellow",-0.0571036705047556,0.0750145769609687,0.0318309313425427,-0.0409138163763221,0.0264334496749456,0.0474092037042544,-0.0828763874029812,-0.0106049820163856,0.481971505860946,-0.0628851072298353,-0.183047445467493,-0.103010586344251
"CLEC2B","CLEC2B","purple","purple",-0.0392184142754885,-0.0724270692846748,0.0942625460351876,-0.0597510962769557,0.00649920004512918,0.0281623639315161,0.0265267493224402,-0.0289443467532279,-0.0242465211487734,0.08183132802253,0.17450209670253,0.0813507946166466
"SLC2A3","SLC2A3","magenta","magenta",-0.0383173755768006,-0.0410303959088732,0.182724676568855,-0.174607586150383,0.126710968048296,-0.0929067207586939,0.199721001912111,-0.0925845075547005,-0.0940965863502728,0.0940060209804699,0.246438589814414,0.378426088192734
"PLD5","PLD5","turquoise","turquoise",-0.0314384301336724,-0.0221612145240174,0.174507259565526,-0.0965327584920468,0.27054767759235,-0.149699040190957,0.00506024776549945,-0.0397811121812853,-0.197777465166484,0.177501606896129,0.211377654887918,0.154502269163125
"SAMD4A","SAMD4A","brown","brown",-0.122598753838635,0.0899907446225991,-0.0757323048892137,-0.0519056089344796,-0.351173388156228,0.479650670236795,0.492706981790595,-0.112702784324522,-0.0488558576802619,-0.214236230057581,0.275162233532108,0.00410002172644446
"LYVE1","LYVE1","yellow","yellow",0.0159278707134369,-0.00843641616516447,-0.0522728749295147,0.163181122016846,-0.0193500502071506,-0.00641149556704455,-0.045506536674576,0.0463930504177328,-0.0306636192230409,0.0219128217515446,-0.0410068229428312,-0.022932038834818
"ADAMTS12","ADAMTS12","turquoise","turquoise",-0.0410339321197254,0.125671182989456,0.205586278351729,-0.105544254999282,0.330816758477134,-0.223316109761561,-0.0342027479110751,-0.0402659884298506,-0.0827593890761242,0.0864152728845674,0.0679812757810326,0.0779127894927844
"CLEC2D","CLEC2D","turquoise","turquoise",-0.00554110560918297,0.0500652659048041,0.120868568069229,-0.0244988378396969,0.175010146338128,-0.11740472273148,-0.0252554437287708,0.0562503348142454,-0.0123435091024495,0.0425528665279754,0.00310773893138198,0.0511993813677349
"SYNPO2","SYNPO2","blue","blue",-0.0314580166404116,0.0925546863807478,0.0377068930143655,0.0584615557898705,0.0307536679525913,-0.00161326409414273,0.0354683388700053,-0.00574678767382958,0.105032664294312,-0.0721937866102402,-0.0759597210693349,0.00414361390988394
"SLC7A14-AS1","SLC7A14-AS1","blue","blue",-0.0240058685853223,0.261153678899168,0.0416074110318669,-0.0300761554879694,0.0486724945298706,-0.0170307288427374,-0.0477171711686489,-0.0255598705844371,0.264280509842329,-0.11093473337447,-0.176116247227846,-0.106968300706313
"SAT1","SAT1","purple","purple",0.0516093525950278,-0.15856599942142,-0.0725365196910827,0.114155905135922,-0.119207624292131,0.0807451578095716,0.102897616787278,-0.038938007902028,-0.0935745128570071,-0.0395218451199113,0.172866996586659,0.152670306563721
"MBNL1","MBNL1","turquoise","turquoise",-0.0345814816844219,-0.00843733148394494,0.154624957219551,-0.10898668870927,0.228364577848349,-0.177538735154044,-0.0109446238881265,-0.0325186393107624,-0.0127050084651456,0.0551553914170296,0.0750481619709142,0.141527999238106
"AC022276.1","AC022276.1","blue","blue",-0.00707155839584752,0.417343246952003,0.105001076796915,-0.0306092124375871,0.085683244812766,-0.0970931197980298,-0.0146939258791582,0.00526797990527254,0.0108106590423858,0.0430468633285249,0.00689807684788236,-0.0262812322298498
"TRIM69","TRIM69","blue","blue",-0.0251337049946538,0.539703494217804,0.106990812214801,0.0270712029982116,0.131995304752808,-0.133242809686405,0.0767670503392231,-0.0162035151044312,0.0851301239229302,-0.0613878844192207,-0.0880584704195646,-0.00892353737735251
"CREB5","CREB5","brown","brown",-0.0366947727960673,0.00916264740457377,-0.210810778015709,0.364375996524765,-0.182170533180684,0.249846141114298,-0.100775806568796,-0.0142539852043578,0.302178864212707,-0.0857407454892487,-0.190985256821097,-0.169798271328927
"TBXAS1","TBXAS1","yellow","yellow",-5.67414925427767e-05,0.0381586194980303,-0.0236650243271026,0.0726382272572872,-0.0340169776571829,0.0465161880564362,0.00314137654909294,0.0144978691532638,0.00155961253327478,-0.0121881079498223,-0.0214953888949754,-0.0342047962437888
"CRYM","CRYM","brown","brown",-0.0159060469694913,0.0986842523658161,-0.149644671021604,0.239180540837571,-0.177469063785647,0.187527246899826,-0.0657564561887437,0.00542209536382706,0.282631290875927,-0.101533029872251,-0.203732194057307,-0.151465551460519
"PXDNL","PXDNL","greenyellow","greenyellow",-0.0508807806781114,0.202941766027196,0.0815658254219312,-0.0344612786314302,0.112656363620293,-0.0157070255857637,-0.102838586515234,-0.0410342996680905,0.471425908199201,-0.0730899033405943,-0.187134319821949,-0.140047461654469
"COLEC12","COLEC12","turquoise","turquoise",-0.0554703187105668,-0.0668274892878002,0.0947745500998647,0.100094578929192,0.149518001622197,-0.0572803610910204,-0.000984129081399207,-0.00500284307333474,-0.308959764781764,0.250327314031734,0.281772508261095,0.0901399726452174
"COL4A1","COL4A1","purple","purple",-0.0842361205757186,-0.0356223083659467,0.0506697441457913,-0.0375580367797173,-0.0147005290680761,0.187376124914037,0.197522987767679,-0.126560584325369,-0.253964462954489,0.0820623149529962,0.470943090401464,0.00837091352846248
"IL10","IL10","blue","blue",0.00356174590983841,0.057080950800464,0.00988732922983325,-0.00559480490780938,0.00402725873755978,-0.00848202963328626,0.00301104683434372,0.0140981696965245,-0.00563518392179194,0.00407689337883191,-0.00573435070098272,-0.00452489628336677
"EMILIN2","EMILIN2","greenyellow","greenyellow",-0.0370786994811157,0.0994025995205618,0.0529397997922239,-0.0238286982453357,-0.0336417414415637,0.0747763908258919,-0.0342673383262286,-0.0161423126217031,0.41347082582847,0.0189265396395749,-0.117532528774436,-0.0580224942781405
"TNXB","TNXB","greenyellow","greenyellow",-0.0976544780919315,-0.0267659978003773,0.179292017424274,-0.0896349113795517,0.0884648796038846,0.0132598091272168,-0.14873628675469,-0.106117233315206,0.516034926258803,0.139068926289245,-0.106267323783139,-0.129651340408672
"COL8A1","COL8A1","turquoise","turquoise",-0.05653312180805,0.0608627637048756,0.168060092537965,-0.0533092398867815,0.198427695038475,-0.0848832008750567,0.0318917251321277,-0.0547635047064534,-0.0652213692056285,0.0386507609574655,0.110357541109318,0.0453317160536396
"MID1","MID1","brown","brown",-0.0300546819084049,-0.0217416902488023,0.00623719480480773,-0.00121050966291692,-0.0518027312642906,0.09018211739101,0.0102818848027999,0.0536675135615949,0.0420528820716005,0.0371809060285206,0.00805980555102912,-0.0225029994708798
"AGTR1","AGTR1","brown","brown",-0.123592516295376,-0.00151459524561213,0.139189333681397,-0.160240962461535,0.0213865475774881,0.165726446975219,0.202375216467367,-0.133121486990962,-0.0417120148572464,-0.066226756159123,0.242886040090355,0.0620189404637537
"THSD4","THSD4","black","black",0.0241416704878729,0.115204519184329,-0.0326305294770678,0.0397553890856981,-0.000422673431114989,-0.0400891690084578,-0.107696771245939,0.367764007607865,0.0287447138172534,0.189442763095361,-0.0742957064855514,-0.0491928597653341
"TMTC1","TMTC1","turquoise","turquoise",-0.0116129215558059,0.0457658253733543,0.0910417988710366,0.0479558171076307,0.1863617059126,-0.064716383634629,0.0172398915383031,-0.0817272296064629,0.0206594489483927,-0.0238332560869383,0.0829978479837169,0.0427948555605933
"PDE1A","PDE1A","turquoise","turquoise",-0.0411557604800061,0.0646640683246501,0.208610949256218,-0.00725749300968661,0.390295941301197,-0.263395898260173,-0.156034313108234,-0.0538856436142258,-0.007881794229712,0.142634275507681,0.00513697614620837,0.0785330385716246
"PIP5K1B","PIP5K1B","blue","blue",-0.0108023365061899,0.0620197629403939,0.0346126124978264,-0.0110195102959127,0.0318058722827854,-0.0129542425830203,0.00904117963385172,-0.00352784772937979,0.0102489455316965,-0.0201533376885261,-0.00994393457290741,-0.010440417847068
"ARHGAP6","ARHGAP6","purple","purple",-0.0579715340411137,0.0314921234544799,0.116535791129321,-0.108126791746252,0.107452456302476,0.0129281054399434,0.0689692528773708,-0.0698115573075874,-0.0694756200679872,-0.0132688051222703,0.142610301738136,0.0163528669616892
"ATP8A1","ATP8A1","turquoise","turquoise",-0.0205143403104776,0.0213436940464599,0.0976081793102099,-0.0370161810343193,0.104991613338187,-0.081857842887976,-0.0377043436898421,-0.0190620038200388,0.0473761141700796,-0.0250910386751345,-0.0392816244681058,0.0199668033961452
"RETREG1","RETREG1","yellow","yellow",0.0298875368127421,0.00438917985931667,-0.204468068034964,0.476425391346179,-0.139854447121256,0.0519372607111042,-0.100957817646783,0.0651380492632947,0.0580291514846002,-0.0701739313353464,-0.181667249105708,-0.113473167900189
"TIMP1","TIMP1","yellow","yellow",-0.0134979872686179,-0.0501323878551216,-0.0990720271731561,0.373058638261008,-0.166079551699349,0.0825323057323963,-0.141169522708949,0.101749118230205,0.0594373080740709,0.24361483094951,-0.0598476677108515,-0.0719965920534975
"DISP1","DISP1","yellow","yellow",0.0207856653044602,-0.011598973788662,-0.0682060736170295,0.268324040525616,0.012864844762456,-0.039230694986607,-0.110374562487,0.0936763654938609,0.0232356419292627,0.0580614828537071,-0.0831921022410534,-0.0316845518191859
"PRMT9","PRMT9","red","red",-0.0300521480888708,-0.0166808978167448,0.0353259215355713,-0.0207295749756352,0.00862296087342983,0.0486212606342937,0.106989921120385,-0.014924179685839,0.0100072391029599,-0.0258400266174217,0.0296918939971644,0.0103161638627791
"CEMIP","CEMIP","yellow","yellow",0.0248558642529101,0.0478613973170583,-0.13697703953541,0.437357595568392,-0.0399749712851272,-0.0365997743615768,-0.0695463799385084,0.0711097476633583,-0.0494424734288366,-0.0149514641398964,-0.107134247734983,-0.0182185238246448
"TMEM108","TMEM108","turquoise","turquoise",-0.0507689089280671,0.0412865121921658,0.11409166373711,-0.0109096804554062,0.13952067538131,-0.0570978108527044,0.000698171947230731,-0.0541496608226233,0.0637560660993153,-0.0274378875097956,0.0101009874088952,0.055810254664581
"AC025280.3","AC025280.3","red","red",-0.0559177978888187,0.00130531807832459,0.0954626377475089,-0.0725374974408799,0.0227100663190965,0.0152328961939434,0.334741157932972,-0.0406967020442107,-0.0629085245682306,-0.0181163188617244,0.204081948048134,0.155953519891376
"SQSTM1","SQSTM1","magenta","magenta",-0.0662717819840423,-0.243997040325856,0.0193839652438371,-0.080594230021677,-0.147888907568776,0.105101520097675,0.314082701485958,-0.0716439474596118,-0.0990783912255234,-0.0525335618196224,0.226566660385746,0.485439083645124
"PLCB1","PLCB1","brown","brown",-0.0271784320642591,0.0525312588577595,-0.0743855327208864,0.172488266287224,-0.0499272045823509,0.164918810767551,-0.0782969289968479,-0.0782935907985513,0.327747988363176,-0.119801280200046,-0.159803673575698,-0.155107543912133
"LNX1","LNX1","yellow","yellow",0.0191077595093173,0.140360185581178,-0.110523121624491,0.329622271346285,-0.0801023961022496,0.0510088685738637,-0.0243543692087431,0.0203149876861179,0.0124738949869502,-0.0737838130842406,-0.119971782340094,-0.104282687317467
"DIRC3","DIRC3","yellow","yellow",-0.00670586747625866,0.287134522410459,-0.102629892683596,0.287501722485039,-0.102995580239243,0.11016124759699,0.028646770628601,0.0219913702593722,0.035517389052584,-0.0397752103016346,-0.10909566153435,-0.158834192324193
"STEAP1B","STEAP1B","brown","brown",-0.0152255654705601,0.0340822005701758,0.0603831764573433,-0.00861290426140521,-0.0246777377737655,0.0512526498674981,0.0137415454803325,-0.0200633452019879,0.0349136299672943,-0.00148549286449863,0.000405216250522137,-0.0188425585652669
"YES1","YES1","brown","brown",-0.000576994862726635,-0.126704392967493,-0.0482463842382263,-0.0241167445274571,-0.18061691092413,0.257684906226054,0.178250621151368,-0.0857394000252049,-0.0501617917789837,-0.0808360027682279,0.150547708476112,0.0101996285370797
"MIR99AHG","MIR99AHG","turquoise","turquoise",-0.0075163972103599,0.12579744506117,0.108379555647626,0.147928569320808,0.396023531803192,-0.393622389251288,-0.160860658566922,0.0661349784376811,0.000684239356794208,0.0258538201673864,-0.17747374457902,0.0898545393769832
"LGR6","LGR6","blue","blue",-0.00681468964081662,0.0687849688545732,0.00488771946473246,-0.00427614626260595,0.0103417227340838,-0.000950130194809269,0.0152650705460256,-0.0011606671910172,0.00707174492661412,-0.0106337856105478,-0.00549428961224313,-0.0139028493841681
"AL513166.1","AL513166.1","blue","blue",-0.0249723250565679,0.156377080312618,0.101971700563283,-0.0609484542177126,0.12225500100277,-0.0770937945561305,0.0113501454963163,-0.0415119579377158,0.0374224415264179,-0.0397159302070144,-0.0453412742196633,-0.039038644451253
"ARHGEF7","ARHGEF7","turquoise","turquoise",0.0992528906776412,0.0459412647835428,0.0650125023153459,-0.0340880987715191,0.128783544439643,-0.0891433531858597,-0.0271902793112508,-0.035369689655499,0.0188943815795465,-0.0151344925539619,-0.0297953059099666,0.0425638508061756
"PDZRN3","PDZRN3","turquoise","turquoise",-0.0516570002771858,-0.0463265175269658,0.103268449196547,-0.0191652067737229,0.176134180526454,-0.0378500561462977,0.0241186830907536,0.0590221953473485,-0.125319627987266,0.108420413059256,0.149556752120688,0.0986801043791362
"TMEM163","TMEM163","black","black",0.0388997294646038,0.0351900815520492,0.00883242229491871,0.00441905085760903,0.0318675802465225,-0.0405748864418283,-0.0230801075331697,0.207162176086902,-0.0127351991066655,0.0275449655908319,-0.0131890772514843,-0.00782810528402302
"RAB44","RAB44","blue","blue",-0.0121664050878305,0.634328476413463,0.13713415951147,-0.0429272038943576,0.170035527293955,-0.188140213976093,0.0442238466598541,-0.00825457650905257,0.0754861862145722,-0.0971870502146524,-0.119474725962956,-0.031087822739451
"MYO1B","MYO1B","brown","brown",-0.0482276574730658,-0.00577039474860952,-0.116000578083232,0.173583613617682,-0.198400120584763,0.263939442832288,0.0254081740687251,0.0450977445225979,-0.0163818646539492,0.0249786088797926,0.00403714570789163,-0.138303452183442
"GPR176","GPR176","yellow","yellow",-0.00128838758914612,-0.0237441769908134,-0.0802818338588989,0.170022135276175,-0.0627663794293258,0.0321717209261003,-0.0826580760092107,0.0939605577369322,0.0842838525635559,0.0328600927973857,-0.0901522777021052,-0.0436093836231217
"AL139260.1","AL139260.1","brown","brown",-0.0751711309354795,0.0588069961804948,-0.0305557700509376,-0.0566323504322426,-0.172411471454552,0.278913906176294,0.298570804517058,-0.0700316289337809,0.0384550236255305,-0.13458429555988,0.0768778949696186,-0.0779183645560192
"MEDAG","MEDAG","brown","brown",-0.105883492894836,-0.131742947191879,-0.147506194916104,0.0697069754381843,-0.410437146728991,0.558060107883064,0.239385682541592,-0.0733701412228881,0.0987282353850615,-0.107450045987005,0.12857828323003,-0.163531027437047
"AC138305.1","AC138305.1","yellow","yellow",0.00230099947578753,-0.0088355307266091,-0.046903841413326,0.12517758110316,-0.0232056349707365,0.000569074198046373,-0.0202659270058451,0.00943761485179198,-0.0163106707954275,0.00190499474803067,-0.0216259651035071,-0.0029678837668409
"SNHG31","SNHG31","blue","blue",-0.0286307824829841,0.184859711528514,0.0320383595128339,-0.0332736396829619,-0.019557514273387,0.0545653737417429,0.0909473896943531,0.00146276377309113,-0.000409846546225442,-0.0195297537144053,0.0393313597475014,-0.0308192882186015
"AL359232.1","AL359232.1","blue","blue",-0.0216181509862071,0.0607410052723838,0.0527653881731995,-0.00283675060007944,0.0724489347600389,-0.0256441292394665,0.0418622478332928,-0.0178686862147403,-0.00772593115545426,-0.0288573082874154,0.0100109636392591,0.00319193591495365
"LAMA4","LAMA4","brown","brown",-0.0107602029748023,-0.0569441317719345,0.00893560138825906,0.1318862791857,-0.00012739189341778,0.0981228538375018,0.0131794590322672,-0.0399431612439523,-0.0324326052755729,0.141139481677892,0.110160257537788,-0.111258669140871
"ST8SIA1","ST8SIA1","turquoise","turquoise",-0.0276293394779386,0.0899384649506721,0.154232673260686,-0.0501955935592994,0.234201983721057,-0.154660975244406,-0.0634033931952045,0.0151404593892771,-0.0165067245729016,0.0717124578973291,-0.00652693345869844,0.0414714505096445
"PLAUR","PLAUR","red","red",-0.0338197400448185,-0.060255577241951,0.0229125074451668,-0.09107063497786,-0.148578711699709,0.213627521103666,0.291749385287066,-0.0540247820033598,-0.0613360360828573,-0.0133226075083979,0.231359435031632,0.0268211185328682
"LRRC49","LRRC49","brown","brown",-0.064270321161415,-0.00630739773342898,-0.0255632412189472,-0.0570793431211291,-0.141051059737117,0.292415864261412,0.164231092009137,-0.0572937441473803,0.0299333061331925,-0.0999877413117771,0.0417345002826538,-0.101491219016441
"C2","C2","blue","blue",-0.00273545446264247,0.370352423467247,0.0850590251149505,0.0702726604405037,0.130009939184417,-0.115091126272833,-0.0325152923059155,0.00437698730431224,0.0332025015771524,-0.0033257646217103,-0.0911804241311142,-0.0664043899665073
"BICC1","BICC1","turquoise","turquoise",-0.0935551267544567,0.00291277851834684,0.172905465103008,-0.142437303902137,0.227464359834626,-0.0732797664414277,0.0116916718575257,0.0214538590620747,-0.0672224323717679,0.112542160520435,0.128723405546511,0.0585864193065401
"PDGFC","PDGFC","brown","brown",-0.0266187655211319,-0.0392252628974076,-0.0975858973022949,0.185767527772626,-0.12109174566383,0.166430136232952,-0.0407360020786511,0.0396923557781515,0.108654200169403,-0.027061384849792,-0.0654999029868932,-0.0983914662810811
"AL033523.1","AL033523.1","blue","blue",-0.00773749495150353,0.613885718601163,0.0936520667430975,-0.00167767618853127,0.10186771193023,-0.116708775610334,0.0546303466554219,0.00417003421318864,0.0777930949670226,-0.0644736153878099,-0.0995652057246247,-0.0731142720248742
"RNF217-AS1","RNF217-AS1","yellow","yellow",0.0187711111952134,0.0536422513684206,-0.0350354941851128,0.176779911851354,0.00516863399641246,-0.0152040973743512,-0.0256071953863717,0.0226159987090072,-0.0379140914690408,0.00440425568419056,-0.0286844765569621,-0.0296390484016243
"COL4A3","COL4A3","green","green",-0.0187754472487051,-0.00439799312826282,0.0397873343599517,-0.0132237998840297,0.052226392070387,-0.0190785854187818,-0.0301668324377351,0.00339554205639001,-0.00673928437617126,0.0850701131318911,0.0304362358732262,0.00838367491307025
"FGF12","FGF12","turquoise","turquoise",-0.0441359861270028,0.0993573624841007,0.176636828021024,-0.0804550878144392,0.230169319421138,-0.122083166927398,0.0820456479409386,-0.0443698373501096,-0.0839084621935931,0.0337218299777713,0.083565514219111,0.0951035181034587
"TRIM25","TRIM25","blue","blue",-0.0299442549245321,0.152686443457484,0.0178241502831136,0.00347330451634035,-0.0747533983264025,0.133514549130823,0.121273383398488,-0.0360688881202317,0.0953755018394578,-0.106834311429428,-0.0490039621442066,-0.0652227563869863
"LUZP2","LUZP2","greenyellow","greenyellow",-0.0276737747410129,-0.000817675867775881,0.000869376176413577,-0.00335784278169477,-0.0116081889476378,0.0464605520555406,-0.0535898366813676,0.00188866340710494,0.259918923093734,0.0320900435333767,-0.0685677399215834,-0.0519320266563046
"AL136441.1","AL136441.1","blue","blue",-0.00265323089198234,0.128737137638349,0.0318665686521753,0.0646873438286454,0.0854024083951858,-0.0867166990176376,-0.0450052984289466,0.0153462684886619,-0.0531268193052454,0.0685861721846437,-0.0420154224835651,-0.00362643730790452
"KHDRBS2","KHDRBS2","black","black",0.0310864714677314,-0.0136882616027412,-0.0149144343587896,-0.00220212653910337,0.0313303891187011,-0.0458889111313823,-0.0426023744094374,0.337795631409735,-0.0198666254277286,0.0720757986117771,-0.0236621667205801,0.00386399310058552
"PDGFRA","PDGFRA","turquoise","turquoise",-0.0884692320828339,0.0828742081015043,0.315680167868309,-0.175343261918695,0.310728775840217,-0.184613576585066,0.0570130946489659,-0.133345617762186,0.0217764799341601,0.0814673048918949,0.127801496666673,0.102700825479156
"AC013287.1","AC013287.1","black","black",-0.0104663303939474,0.0798738398582936,-0.0151313289685128,-0.00183992592358048,-0.00106199044805642,0.0113856539420862,-0.00612934150829057,0.211237228495617,-0.0244887483838143,0.0539388005789281,-0.013300957490511,-0.0354657210844435
"KLHL29","KLHL29","brown","brown",-0.046991638287817,-0.0887664911676606,-0.141925984211935,0.156861184657543,-0.213301562941193,0.283188706688128,0.0870074746456486,0.0214630532314638,0.044702897029579,-0.0678711762277649,0.0176879134473578,-0.04195783337108
"FYN","FYN","brown","brown",-0.0536192191525148,-0.0416946362931821,-0.0438924583692574,0.159015992803162,-0.0328790420961941,0.117711697966172,-0.0529628781814594,-0.0535646913011203,0.116123932370859,-0.0105565299241793,-0.0729873342440436,-0.0656299720827222
"ECRG4","ECRG4","yellow","yellow",0.0186421624094927,-0.0123849261051615,-0.0998480498179614,0.300120131149999,-0.0491454944775603,-0.00947035391364699,-0.0780818174942443,0.0748161499775782,-0.0395009767766597,0.0115032003450567,-0.0726475329702178,-0.0358714299952814
"FAT3","FAT3","turquoise","turquoise",-0.0559629530206779,-0.00345015355753223,0.122772739899936,-0.0873924500458026,0.167148133973619,-0.0487739995470963,0.102144069149576,0.0594687380396145,-0.163480540771794,0.0761637469047597,0.239063286435973,0.105155780724213
"AC013652.1","AC013652.1","brown","brown",-0.0164071068833001,0.0206680312391547,-0.0146607580361805,-0.00719937724678896,-0.0384526621341914,0.0689020269740886,0.0147098098058655,0.00204720874016402,-0.000306211244806663,0.0360970812737816,0.0233529727667654,-0.0308949019456494
"FCER1A","FCER1A","pink","pink",0.149750584555622,-0.00853148817841497,-0.0253361574581309,-0.00491609536036237,-0.0116935958205337,-0.0154058873366961,-0.0131046303613471,0.0125602826255702,-0.0144894316558474,-0.00683302311791978,-0.0196848541129656,-0.00427390705778445
"DOCK8","DOCK8","blue","blue",0.0125547498598028,0.0615238444242465,0.0334296074502851,0.0656089344388669,0.0484970946278793,-0.0321203991528992,-0.00250989485199121,0.00332699787799744,0.0513634245719284,-0.0463766470145551,-0.0649711042116838,-0.0201954101616818
"MEIS2","MEIS2","brown","brown",-0.0812220977932515,-0.00612589504995151,0.0711584894327551,-0.0754163008689542,0.0116213536149485,0.10540625796987,0.0969604361165776,-0.0405796031888502,-0.0225210891642842,0.0313156532590122,0.13077920843869,0.0171201971456182
"A2M","A2M","pink","pink",0.367102359291327,-0.0647758579264242,-0.0332102144879081,-0.035174328044508,0.0389082640482885,-0.118776679957773,-0.118633719841837,0.276566311842191,-0.10162597840917,0.172108094811209,0.0100219221013887,0.0422033600227441
"BNC2","BNC2","turquoise","turquoise",-0.0743178378740765,0.0723715987977236,0.170852242529572,-0.11666769940288,0.262684531026828,-0.147939846501351,-0.0296071379375129,0.0512941552446707,0.0117130304898946,0.143885322724516,0.0540050004375191,0.0653286906188273
"LAMC1","LAMC1","brown","brown",-0.084878618357753,-0.0615574972321543,0.0479223966188516,-0.127279039978489,-0.073071993395765,0.264907894785885,0.0158111524764215,-0.125279507389396,0.0355590971369973,-0.027675797072392,0.118103149162162,-0.189106643398294
"AGMO","AGMO","blue","blue",-0.0435436456611722,0.290781205635035,0.120461327169558,-0.082964288156924,0.128855535446481,-0.0423689539573932,0.0441971552884039,0.0780262656771165,-0.0256235197028851,0.0815185425543053,0.012225174234141,-0.0444606920407338
"GREB1L","GREB1L","turquoise","turquoise",-0.0786231734379074,0.0190532827718038,0.216053483115303,-0.200713773686671,0.313436200181632,-0.127906983170546,0.0120521308567964,-0.117890269857957,-0.110001843511232,-0.0169057378381884,0.131416395076794,0.0542450801831932
"DGKG","DGKG","yellow","yellow",0.041780846150269,-0.0175656032758843,-0.214020638660941,0.558496791943148,-0.113369456492027,0.0171328805762021,-0.0899302061257395,0.0495129169922706,-0.0514406298253159,-0.0564132396860795,-0.115451403995566,-0.0780299461441457
"KAZN","KAZN","yellow","yellow",-0.0356160767188616,0.0660676605271884,-0.0534251121798902,0.191772022388605,-0.0430684371772932,0.0548349719008134,0.145426390232531,-0.0695552216662039,-0.0446451270403789,-0.133987713333905,-0.0177955336774257,-0.0417235698155882
"PCBP3","PCBP3","yellow","yellow",-0.00117610763632912,-0.0293478140214609,-0.116043659051213,0.273943730088388,-0.135400710484235,0.0830934225549814,-0.0252271857998813,0.052150097565297,-0.0486878824161299,-0.00040693586754573,-0.0468336880365165,-0.0379171464327738
"ABLIM3","ABLIM3","turquoise","turquoise",-0.0332438639656411,0.0262287298554475,0.13753302344751,-0.0609953172507655,0.199784868952365,-0.098610603315006,-0.0516825144901551,-0.0376226236079233,0.0396471550053128,0.0352054026965985,0.0137474416388836,0.0238988302228064
"AC093912.1","AC093912.1","pink","pink",0.0133925259645209,-0.010352325245019,-0.0294207267413336,0.0207850550766961,-0.0114281537485165,-0.0231160203717467,-0.0252010669165234,0.101353006141403,-0.00556374120514818,0.0291648758435285,-0.0273363536525976,0.00256351543428538
"ZBTB7C","ZBTB7C","yellow","yellow",0.027269181921897,0.0135524655795702,-0.251976715266128,0.583849754690941,-0.186229346057939,0.0891297106483492,-0.0878119348769936,0.0664386677129003,0.0303751670246437,-0.0970681463274109,-0.224206775664561,-0.119418956911536
"GMDS","GMDS","yellow","yellow",0.035769859035821,0.00294906389711846,-0.159842943132587,0.424293339908129,-0.116003155152691,0.0681064535575299,-0.00354348175405636,0.0183730772059954,-0.0279980317323257,-0.0676180405270816,-0.0785047943444901,-0.0493802778518643
"NEXN","NEXN","turquoise","turquoise",-0.0281061986372845,0.111886805599276,0.15861900910905,-0.0464561903879622,0.166081199641401,-0.0879138993673163,-0.0241749412380422,-0.00572791757615967,0.017815415924649,0.0990761059459369,0.00839334184419214,0.0241373748797926
"SIPA1L2","SIPA1L2","brown","brown",-0.0378912109360094,0.0205772864682964,-0.0413130306815855,-0.00666144176072725,-0.118716877419937,0.209570764248079,0.0665674875298077,-0.0014093468616043,0.103102446808627,-0.11508901980939,-0.0524714886471787,-0.113780003051448
"EXT1","EXT1","brown","brown",-0.0894010160433645,-0.124460669659205,-0.271020622595839,0.266291588583816,-0.467974273978289,0.603862440273902,0.180144466018017,-0.0328361442562411,0.115947521079989,-0.110684572532412,0.0511913105150057,-0.194355941797364
"PRUNE2","PRUNE2","yellow","yellow",0.021791188254079,0.039567103124647,-0.093026899428404,0.321178310889044,-0.0291821471866636,-0.0353592416592193,-0.0924501395485689,0.066768772396615,0.0369156305395968,0.000483597588539533,-0.151962407776274,-0.0612242667880352
"EDA","EDA","turquoise","turquoise",-0.0737111334052988,0.0606330073857492,0.188961858243874,-0.131901396652018,0.235176793766431,-0.105066160776048,0.0977106683179192,-0.0727432414347971,0.00861681254080585,0.0577408052890399,0.148529729450989,0.12005403239876
"CDCP1","CDCP1","blue","blue",-0.00739538153254392,0.21220463440084,0.0717773405059896,-0.0115898279055662,0.0665184824191587,-0.0508453168517426,-0.00092161649950257,-0.00169728206038685,0.0574271473493499,-0.00552764767605136,-0.0327703930148134,-0.0351618653988364
"VGLL3","VGLL3","brown","brown",-0.0507212670252352,0.0253741946753937,0.0493167421605353,-0.0162114854502024,-0.0279020901690055,0.103454907392835,0.00771165728669042,-0.0435885916634725,0.142390096467595,-0.0509818068830449,-0.00593380891903311,-0.0743389924470546
"TNMD","TNMD","black","black",0.0763805426474305,-0.0303974938615485,-0.0726429579871391,-0.00225390790771568,-0.00505522583721107,-0.084947465188995,-0.103377168310167,0.757432799451319,-0.0263185066119457,0.133474031730034,-0.0860066104522234,-0.00216146329510045
"NRCAM","NRCAM","black","black",0.0238985220423064,0.157740956527365,0.00803572820138642,0.0296879929579014,0.0538308483482172,-0.0795020273632562,-0.0519764770198459,0.284160770935933,0.0127933870750821,0.0294305082248919,-0.0693684865263533,-0.0416565189076236
"MTHFD1L","MTHFD1L","yellow","yellow",-0.00126055368384046,0.0368467902389076,-0.111604240252933,0.294588881257148,-0.0784179945710754,0.0686646786639687,-0.0579979623768715,0.0347121022820336,0.0656224667085941,0.0131337573750513,-0.083042344385574,-0.0929556173912394
"PODXL","PODXL","blue","blue",-0.00395466265878251,0.106373703188882,0.0574034048667691,-0.00869416267280848,0.0372824680088601,-0.0126600880927206,0.0170454908513798,0.00082113641513784,0.0371257534393678,-0.0134350280909455,-0.0141501512047131,-0.00820659290666708
"LINC01602","LINC01602","brown","brown",-0.00192142950535741,0.0463221072524905,-0.100133303022668,0.138981900197682,-0.123373693688493,0.129823558255621,0.0148566054077968,-0.00159593340439183,0.0177837359763669,-0.0599035922464156,-0.0650255456546288,-0.0956794903978199
"LINC02328","LINC02328","blue","blue",-0.0144808322741748,0.0945284145629983,0.024836924700473,0.0242663623001552,0.0289170871268876,-0.00621055187084883,-0.0387708497700867,-0.0137391796630102,0.164332823657127,-0.0607591831158261,-0.117161164545224,-0.0509947660465156
"MLLT3","MLLT3","turquoise","turquoise",-0.0389166460912455,0.0241592773709742,0.0745883672609733,0.00748302797694665,0.128027476228382,-0.0528126384519229,-0.0160287524461613,-0.0298098571242608,0.0267295321510428,-0.0177825992751487,-0.0284478403015747,0.0398691840530424
"MME","MME","turquoise","turquoise",-0.103603912859638,-0.00424142204724041,0.339367026184523,-0.214164731248663,0.408065890296632,-0.163424646976122,0.0287149240854476,-0.137690763250057,-0.152911996593488,0.165382300204478,0.333433077449372,0.135218579405235
"NIBAN1","NIBAN1","purple","purple",-0.0724489244672429,-0.0519501312257392,0.16581579682407,-0.177613516551165,0.137486890886903,0.00573065340287002,0.00904637384581354,0.0322882621756111,-0.0851527536317663,0.189790117606395,0.246167246339929,0.0357303081355514
"MYLK","MYLK","black","black",0.0160226793883047,0.0026540820432842,0.0201358486542978,-0.00195484748513742,0.0105556506829821,-0.0242276523055709,-0.0205945865061302,0.122231631868384,-0.0134877418432635,0.0397822286918096,-0.0254274202378132,0.000960862614242398
"HSPA1B","HSPA1B","magenta","magenta",0.0406867992723703,-0.222104384715565,0.213808212078786,-0.172905748634394,0.1714163128451,-0.252543444790815,0.0351435355183138,0.0326902904928109,-0.151162051184801,0.220871529119726,0.263771275386053,0.676923531096449
"PLS1","PLS1","blue","blue",-0.020525594314462,0.140845909745658,0.00458642878728923,-0.0200522251502829,-0.0265258920709045,0.0409636757754708,0.116596073952009,-0.0179994698323219,0.00143952797808956,-0.0531402945630649,0.0236614139512593,-0.0264814009446131
"MMP16","MMP16","green","green",-0.0312490745834586,-0.0159867537154529,0.121188426221422,-0.0796703408022543,0.149030023312223,-0.0655705854642356,0.00541727693231303,0.0881001417855984,-0.0549103475110336,0.189269298238306,0.11202212642928,0.0978304335740352
"NHSL1","NHSL1","greenyellow","greenyellow",-0.0408194750715522,0.032527897170247,0.0683335487307185,-0.040132022720496,0.0879976589678801,-0.0400599848935722,-0.0963664821265811,-0.0224382325671835,0.361664602752556,0.0367172827176817,-0.123603440985404,-0.0395875341613306
"AC015878.1","AC015878.1","turquoise","turquoise",-0.0168633368843312,0.0325587541886102,0.135865613863123,-0.0565271697307315,0.18864572803426,-0.107562374768233,-0.0345924413742124,-0.0241065473516173,-0.0339062661469397,0.037612424110854,0.0467620153165158,0.042447926044048
"SATB2","SATB2","brown","brown",-0.0604083691328234,0.0207994021956426,-0.0285009520274439,-0.0276576645884601,-0.142630144689624,0.275489197816016,0.127856808409393,-0.0316169550783879,0.0522263855602731,-0.0837182518389554,-0.00483801400243825,-0.109496116274263
"FAT4","FAT4","brown","brown",-0.0751731703137166,0.0152769760399312,0.0622269921938028,-0.0353105361478116,0.0088845316511354,0.105609203881696,0.114418290951699,-0.0397968695723642,0.0512860331306643,-0.0307179350732534,0.093378882063056,-0.0025476776557693
"NFATC2","NFATC2","magenta","magenta",-0.0341377644961787,-0.00636908742434516,0.00428994847023694,0.103745386774254,0.0252548030985889,-0.044050725612698,0.136652095489544,0.0380817367576653,-0.143664577916008,0.0459664375535078,0.169498853360294,0.254191009218917
"SSH1","SSH1","brown","brown",0.181204940666158,0.0295158308198387,-0.026847520048923,-0.00400346906723077,-0.0636907019325818,0.0779944932973285,0.0502168069992983,-0.0285556299457957,0.0231752583480647,-0.0761519443921107,-0.0262060586232604,-0.0502677725310118
"KIAA0319","KIAA0319","blue","blue",-0.000792064352485634,0.416230016810016,0.0879111977194993,0.0160938182817951,0.127444639280868,-0.141414762788682,-0.0506375722425227,0.010076074566712,0.0584826569954067,-0.0245407838579511,-0.109737756155745,-0.0816609711916574
"CPNE4","CPNE4","yellow","yellow",-0.000198303777441899,-0.00378471864377283,-0.0306157518938907,0.121661308926209,-0.0106632090423449,-0.00633914162472613,-0.0141496222407221,0.0034388562682614,-0.00862744745726743,-0.0161348672623707,-0.0252636524201345,-0.00301990164217085
"ST6GAL1","ST6GAL1","pink","pink",0.0995690537562259,-0.00929757132445543,-0.0239672653567073,0.000759237910869553,-0.00745202323806136,-0.0129049170566691,-0.0140560439596928,0.00897982125956875,-0.00960832506193422,-0.00152054326038729,-0.0130034215363513,-0.0073914181565582
"CD226","CD226","blue","blue",-0.00296961146858295,0.193787682045405,0.0206588063029259,0.0242968494104222,0.0231373076601429,-0.0159596064355803,0.0207859883697152,0.00135095307014351,-0.00448558099791108,-0.0205649656678404,-0.0264492072058211,-0.0510207086889906
"UGP2","UGP2","brown","brown",-0.0576596062984646,-0.00371080919805232,-0.0691952483922856,0.152672881760718,-0.140398668098522,0.19358370634375,0.0110083790179386,-0.0304981662227805,0.258840775091413,-0.072596769661778,-0.0946938284938458,-0.108348034869095
"LINC00670","LINC00670","yellow","yellow",0.0160287753222117,-0.0096605993718324,-0.0496076496800568,0.14662634113619,-0.0252339276193027,-0.00148681952089952,-0.0220516897489121,0.0151085046788197,-0.0129501951411007,-0.0150357325610424,-0.0300505360884089,-0.0142912254574198
"HSP90AA1","HSP90AA1","magenta","magenta",-0.0466432741982799,-0.312545068632754,0.16084667316793,-0.128836780660978,0.0176248538471651,-0.0319986613801974,0.0909646654016505,-0.0360606018376535,-0.122369571337406,0.197683252363105,0.321135054338971,0.605304011322617
"AC073529.1","AC073529.1","blue","blue",-0.0113632059427147,0.328509844161695,0.0639420861956162,-0.0166356087821393,0.0674312971410464,-0.0597461147831619,0.00222851850096705,0.00642338030382183,0.0387853215989298,-0.0315888316522568,-0.0534727951743072,-0.0755870810955859
"NPPC","NPPC","purple","purple",-0.0338122534058128,-0.0443250417092887,0.0666461088775153,-0.0417922915137882,0.00620526962600965,0.0209403140591402,0.0882440967405605,-0.0207360108105876,-0.0559609665883509,0.0375791267334596,0.200894089559165,0.0782287885349149
"CDC42SE2","CDC42SE2","turquoise","turquoise",-0.00533522438638841,0.0506713866134562,0.110678849345222,-0.0281580492655734,0.136440176897269,-0.0728748416346435,-0.020153497366939,9.40104300415999e-05,0.00723061960033906,0.0317770237365269,0.00188897869959121,0.0276591021724434
"FLRT2","FLRT2","brown","brown",-0.0660058707596841,-0.0489474343190748,-0.000346695442592573,0.0273603252713017,-0.069350408196266,0.164508361204408,0.0141390158807463,0.0209502499919143,0.125769648300041,0.04274228193519,-0.0141143891074071,-0.0652831253096481
"KIF26B","KIF26B","blue","blue",-0.00843950315866113,0.0838276057766427,0.041193444879565,-0.00819044255464568,0.0495244028880471,-0.0385912148023358,0.0148154269990565,0.100467000545702,-0.00386612467042831,0.0288075090407607,-0.0026858060539489,0.0130529781788847
"MCC","MCC","brown","brown",-0.0419300102123551,-0.0977194312697962,-0.102881764486042,0.108190851150732,-0.169415391549884,0.303800473017375,0.0593769434954179,-0.0543297667163737,-0.0462762945113532,-0.0147648532282466,0.0705871584028052,-0.124632756300867
"CPNE8","CPNE8","brown","brown",-0.0334802538311658,0.0053091708444993,-0.1175421042583,0.0592989723947654,-0.314698334615095,0.432674359831704,0.262050621520054,-0.0937634156252743,0.0211118291958102,-0.137626644111692,0.115233706686293,-0.111258363629065
"FAM241A","FAM241A","brown","brown",-0.031395618002082,-0.11015556140984,-0.0256487128547909,-0.121405573503562,-0.204983623753343,0.335066147115297,0.256995573515141,-0.102603811236442,-0.116993336054258,-0.128101848730472,0.213566719384692,0.01840345544908
"SOX2-OT","SOX2-OT","blue","blue",-0.00585652610087052,0.166255196442001,0.0568140248452424,0.0183416258969797,0.0840032376419486,-0.0633460228079312,-0.0315143609317789,0.00840982492361428,0.0412616240546765,-0.00916460766906737,-0.0540388503020077,-0.0508754786275819
"COL14A1","COL14A1","green","green",-0.0128288744902732,0.0528937084323121,-0.0262679914626848,0.123806317926183,-0.0478504590530238,0.0275385431777126,-0.151947428919605,0.171798309273374,0.187120526448567,0.366639469640954,-0.171027694982507,-0.0995479672982437
"MET","MET","yellow","yellow",0.0293126608524314,-0.00691409903808824,-0.202399738920342,0.413661984731223,-0.162685287045308,0.129396949684343,-0.047670505558049,0.121395243257923,-0.0312001534056817,-0.0822591863870744,-0.135102244796326,-0.119765474002641
"NAV2","NAV2","brown","brown",-0.05105531483482,0.0342143075564824,-0.0504960374929556,0.0501659237336487,-0.112334674965721,0.195296220300795,0.0248736255610388,-0.00136895811335184,-0.00844342026107271,-0.0758756725142705,-0.00898254585978235,-0.132541966995321
"ZNF608","ZNF608","yellow","yellow",0.00895273865976871,0.0885006857656644,-0.0525027483483995,0.198768137407659,-0.0314091022830194,-0.00110270834697206,0.00723803329903984,0.0263895095878419,0.00296928848931866,-0.0379418940205084,-0.06063763874174,-0.0206643559356176
"EDNRB","EDNRB","brown","brown",-0.0234365584483414,-0.05231683181677,0.0175990357022934,0.0131304106252123,-0.0616124828938775,0.117896455366284,0.0753335184180286,-0.0366449078763902,-0.126249482966777,-0.0210368360932099,0.137092232703436,-0.0435240087664282
"MAPK10","MAPK10","yellow","yellow",-0.00298366861817422,0.119133643854144,0.0020440888973611,0.232612872793605,0.0654674535567626,-0.0631560405578032,-0.0433063413250725,0.00950692473970335,-0.0440508759461752,-0.000985256567546777,-0.0526761016466026,-0.0238356576419331
"RALGPS2","RALGPS2","turquoise","turquoise",-0.0778033211153013,0.0505931242359848,0.192417980340548,-0.116364381918637,0.235142302862221,-0.0568307632343535,0.0417718400159627,-0.0529456763535022,-0.039457328108984,0.0887008014658604,0.160629943699916,0.0921775607553054
"C11orf96","C11orf96","brown","brown",-0.0212171139792593,-0.23201538218372,-0.145681224176759,0.132062208313837,-0.401033489248695,0.452345315344517,0.196906949979225,-0.0906434941315931,-0.0560414725302883,0.00162676898837343,0.216013517774963,-0.00411061761499273
"LHFPL6","LHFPL6","brown","brown",-0.0660167576582609,0.0122513637620066,-0.0650611594479448,-0.000634436711602209,-0.169775585927708,0.307473418036453,0.170188760677922,0.0219738110619094,0.0328868036613446,-0.096234383693229,0.0277179627303854,-0.129012771071313
"SLN","SLN","green","green",9.41768882138639e-05,-0.0145812590196861,0.037192375566778,-0.0114390099389305,0.0228590987799018,-0.00935541934828805,-0.0237966476176713,0.0386596296356942,-0.0173234461000979,0.103963207023467,0.0312464318001803,0.0137501111970635
"RERG","RERG","turquoise","turquoise",-0.0064987417196377,-0.016511180187683,0.019252406585952,0.190861122737262,0.139198424885973,-0.107975466411823,-0.169372598773423,0.00980607448807805,0.0764869032755154,0.0756832847793605,-0.10428169474984,-0.028548684634063
"ANPEP","ANPEP","yellow","yellow",0.00876440616114505,0.0467796529671459,-0.0527373782041093,0.225784427591901,-0.0344647557816038,-0.0108795973859007,-0.0758668800436261,0.0274416462638568,0.131462475523199,-0.00807821025018689,-0.140218768212777,-0.0625081033817319
"AL359644.1","AL359644.1","blue","blue",-0.00186213019903501,0.402027601368698,0.141086067014528,-0.0416688044508709,0.212421401849056,-0.19141574128782,-0.0411644560937986,-0.00728527070970948,0.0138189179516545,-0.0141144199899198,-0.0776695606029966,-0.0610357768931653
"PRICKLE1","PRICKLE1","turquoise","turquoise",-0.0407412325883161,0.0269280823138931,0.151679048398014,-0.0893288324669426,0.200406880765178,-0.109669011953716,-0.0149802083958211,0.0600669990688141,-0.0309632921500699,0.111362063238863,0.0150050685908108,0.0467907279610902
"LPL","LPL","brown","brown",0.0126814868071387,0.0205470333091663,0.0196575527048742,-0.0034979063835393,-0.0165296102035671,0.043353734811512,0.0269379302649927,-0.000452079522178994,-0.00148947499278422,-0.000914897857635026,0.0106424569169632,-0.0169176353676846
"SNX9","SNX9","brown","brown",-0.0251494179986632,-0.0949868925518965,-0.11779387294907,0.0783632276770574,-0.232781515538377,0.332216168370093,0.0359114772628608,0.0233243986946249,0.0406678405537128,0.059591120634774,0.077265183806751,-0.126691567652335
"COL6A6","COL6A6","green","green",-0.0214305891136488,0.0133062252329013,0.125203024133724,-0.062127121835299,0.159373114352574,-0.0726136805765192,-0.0946958675664654,-0.0101374923166734,0.0811674492261753,0.271550624524185,0.0729811822444622,0.0221713806499899
"USP54","USP54","turquoise","turquoise",-0.0267740098881617,0.0309199557661757,0.0936343345952461,-0.044511289949441,0.135910414768011,-0.0841610271470014,-0.0380073483333049,-0.028552798428355,0.0606639466146816,-0.0202586072054564,-0.0263207878536137,0.0223776340616168
"CRISPLD1","CRISPLD1","black","black",0.0281565414056248,-0.0428053871252528,-0.0645725341801249,0.215513987345037,-0.00776190825240001,-0.0693648727874856,-0.105379548135705,0.348640481205998,-0.0569708936613488,0.207292646584858,-0.051028913462318,0.0306068221174349
"PHLPP1","PHLPP1","red","red",-0.0566326579995241,-0.0315120415465696,-0.031317278207285,0.0485262974765818,-0.119155117335773,0.164031382154527,0.202970043691125,-0.0572955800598392,0.0133403304148928,-0.0950928079465043,0.101246259454343,0.108798788075993
"CEP152","CEP152","brown","brown",-0.0303230345545111,-0.0308918750690583,-0.0719989606369371,0.0730131252624018,-0.147091746814332,0.198638320344134,-0.0319592863940205,-0.0239524657011353,0.10198851573214,-0.0703750170493252,-0.0572604709695363,-0.135015023704504
"AC011586.2","AC011586.2","greenyellow","greenyellow",-0.0192375340684651,0.0267978015932183,0.0291137447297372,-0.00625394941972106,0.0100588860145149,0.00198134748073867,-0.0386909204270936,-0.00676371172042177,0.210944434707061,-0.010646797471803,-0.0840507494663912,-0.0334030863937877
"PPP1R36","PPP1R36","blue","blue",-0.00206853843291935,0.237226434496258,0.0749468416246931,0.0533097134690774,0.113662230452707,-0.122607259237506,-0.0196438429306746,-0.000862433884013768,0.0232572364942163,-0.0191839764614217,-0.0597317108762533,0.00932388582926194
"CECR2","CECR2","turquoise","turquoise",-0.0487238797806136,0.0544543963649071,0.168549436576185,-0.0907588395108156,0.218708132628485,-0.144661104073207,0.052507128348614,-0.0508187725878188,-0.0873013443008304,0.0149787934120505,0.144651485675082,0.147646271855548
"LINC00910","LINC00910","yellow","yellow",-0.0213352451611493,0.131117446805361,-0.0977930864660252,0.246157479308772,-0.0964315892653236,0.0995825146976967,0.120844776246,-0.0220994367802858,-0.0477561858382947,-0.169155177960621,-0.0762158168327249,-0.0480023789012272
"PDGFB","PDGFB","pink","pink",0.186379144046859,-0.0130505802942175,-0.0254635497038175,-0.00290211425693004,-0.0095515708935711,-0.0244788220758957,-0.0203094877188182,0.0025737052792721,-0.0145439309255236,0.00136610745371302,-0.0138124337770226,0.000933568378944123
"LINC00882","LINC00882","turquoise","turquoise",-0.0790308655482403,0.0630137098841756,0.232498251768967,-0.130906526246809,0.365785057388888,-0.165878387506234,-0.0202503544990414,-0.052381778659481,-0.0154199935095209,0.172564183726666,0.171187256510632,0.120434900203806
"FAM107B","FAM107B","brown","brown",-0.0728411789925455,-0.0455318706746329,-0.130533066796786,0.119499525608686,-0.249745609548194,0.367715839858595,0.220469335612437,0.000303506400893822,0.0124367190791272,-0.114448136467393,0.0645147983617552,-0.0175607680012426
"SLC4A4","SLC4A4","yellow","yellow",0.0142495853564993,0.0438520958860436,-0.106493596923821,0.287113403007511,-0.0485264453082115,0.0100870221519733,-0.0902639851683108,0.03194999673106,0.141298258320209,-0.0294569005428084,-0.123988302646027,-0.0764372965193713
"MARCH3","MARCH3","brown","brown",-0.111054837307209,-0.0287964779984438,-0.118440519245782,-0.00183003812084027,-0.347075913612917,0.480081454637496,0.329924046723369,-0.10409184304687,0.0839736515764145,-0.252436231708,0.0644324034972534,-0.0850184232775258
"CTSL","CTSL","brown","brown",-0.127041229132799,-0.212292393378748,-0.0784177921880772,-0.127107209469974,-0.419514048532413,0.565277044606853,0.338420034943273,-0.123093919302478,0.044339990147361,-0.138341938748867,0.225815856777368,-0.0792435239510712
"IFIT3","IFIT3","blue","blue",-0.00946956789403991,0.0777703322444291,0.0536948160770039,0.00704132649041409,0.0225931935139885,-0.00266355818167251,0.0182325315444647,-0.0170014918026373,0.0547758507113227,-0.0195352418411694,-0.0247097043910767,-0.0138635449562102
"LINC01697","LINC01697","turquoise","turquoise",-0.0184789655440172,0.0251681135496075,0.148351740259921,-0.0857910703157153,0.204761227340907,-0.129801833192203,-0.0475403775579293,-0.0422297242031484,-0.141297334540987,0.102589568311425,0.10179688402018,0.0351829912463741
"PARM1","PARM1","brown","brown",-0.00386961617545229,-0.0205381012989276,-0.0332013221762106,0.08651807960462,-0.0588156172209518,0.066704575712099,0.0287694642286312,0.00617413266663606,-0.0610417573362737,0.013403850652402,0.016959748100283,-0.0217201431425117
"SHOX","SHOX","turquoise","turquoise",-0.0281240489150974,-0.0593585167711775,0.0859409615861527,-0.0518795771187511,0.146536135862519,-0.123838345577768,-0.053983432384112,0.174818713462779,-0.076872351763658,0.188931146780219,0.107650399190318,0.160576391770761
"AC073475.1","AC073475.1","blue","blue",-0.0105696456739009,0.0562481371335507,0.031284811867172,0.0520352305626485,0.0478069059956763,-0.0319948043994968,-0.00303208383944794,0.0123236256020004,0.0157835110147721,0.0110248787239607,-0.0277126058247389,-0.00273615599865483
"ABCA9","ABCA9","turquoise","turquoise",-0.0923930214859328,0.312970662532088,0.312777795706593,-0.226192248726002,0.470599652070447,-0.281338404194324,0.0338477885674311,-0.132789468977724,-0.0493967161099707,-0.0426570775004254,0.0463815747573195,0.032968427375251
"IQCJ-SCHIP1","IQCJ-SCHIP1","purple","purple",0.0260475861060863,-0.00708391835014929,-0.00569125564538117,-0.0547342274198123,-0.10047273716185,0.14284124366788,0.163431721255347,-0.0242634549069546,-0.0553781925309543,0.0504141053292989,0.257728054323365,0.0315284986122083
"CPB1","CPB1","blue","blue",-0.00237170930567236,0.432072484051166,0.0990205407120164,-0.0304684349966706,0.100632207065579,-0.0731527639258108,0.0151073700949313,-0.0148279032059887,0.031014763629692,-0.0297342906394905,-0.039147623659629,-0.0688617706818289
"SEMA4A","SEMA4A","red","red",-0.0469110099323478,0.0581169169288846,0.0234173555052098,-0.0490389014212427,-0.0166184878859798,0.0351883858334945,0.445027008298818,-0.0458437598561265,-0.165385425411165,-0.104694676925937,0.183043924194766,0.224116721313048
"PPFIBP1","PPFIBP1","red","red",0.00656742166755392,0.0547760833062175,0.119695935640908,-0.0945130487066337,0.0974850772158145,-0.0712619781272603,0.131135572426671,-0.0700064171742597,-0.0373294924110436,0.0175770275623818,0.157372035049255,0.112526032441221
"BX322234.1","BX322234.1","brown","brown",-0.0499128295006596,-0.0224688465881311,-0.0241807381838697,-0.0342283990132908,-0.155461416537417,0.283672561137049,0.0267249038039602,-0.0356967514599852,0.141651212595597,-0.0625154587015938,-0.0270582366009584,-0.122920646918101
"AL807742.1","AL807742.1","blue","blue",-0.0199273134681996,0.10948529609638,0.0615496874679934,-0.0401445727985419,0.0659340868166781,-0.0160546948707395,0.0660491900923842,0.0270744954781689,-0.0184573070260852,-0.0265535535002273,0.00261879603532229,-0.0105487659352806
"GIPR","GIPR","green","green",0.0110447698447891,-0.0158137071939523,-0.00719673492660303,0.0197429617733248,-0.0200317044821139,0.0287253864458025,-0.025906899571168,0.0071653811781444,-0.00499374873238755,0.0761639270470794,0.0107436956574373,-0.0116956472027328
"SAMD12","SAMD12","yellow","yellow",0.0179759610278153,0.0316473680624375,-0.106522272832245,0.310364467048033,-0.0443612038689121,0.0111416493887412,-0.0364885415905177,0.0542501129790107,0.0321963017525578,-0.037815573076296,-0.115856985268877,-0.0549734217632294
"AL157371.2","AL157371.2","blue","blue",-0.00992402449796775,0.23945832013183,0.0416285330808128,-0.00632819929263112,0.0152208646058239,-0.00581369735847231,0.0687620535282628,-0.008121244970581,0.0312129174966113,-0.0383646369939549,-0.0423972827251703,-0.0238077325190829
"TWIST1","TWIST1","yellow","yellow",-0.00409295641619124,-0.00239191983343078,-0.0670389972934717,0.151739614384928,-0.0678861656448761,0.0410156162804353,-0.0760346931797783,0.133875403071971,0.0245760669736436,0.110046457474184,-0.0875720378467041,-0.0128980023024792
"CYP27C1","CYP27C1","yellow","yellow",0.0203978268032014,-0.000308176590764886,-0.176452376579866,0.433949092984613,-0.113984949655078,0.0584000950190623,-0.0918361204463313,0.0558193411843633,0.0502069409385636,-0.0359274670421671,-0.141376248042633,-0.100712193076206
"NEO1","NEO1","turquoise","turquoise",-0.0261177206456937,0.0250655953044755,0.104953620693598,0.0150338040277656,0.115697654085321,-0.0817088154865463,-0.0344152750752854,0.0334721575413845,0.0490692024292191,0.0690313078299503,-0.00856649709521797,0.0503642018399697
"MOB3B","MOB3B","turquoise","turquoise",-0.017690108294277,0.0813212373543145,0.143863510882056,-0.0622384611546369,0.266728347963096,-0.157082177830999,-0.0487027664989007,0.0417145978803378,-0.0977061155556458,0.0671900374976938,0.0287494280613601,0.0618803397369966
"CHST15","CHST15","yellow","yellow",0.0551400034987007,-0.040799625123846,-0.234453724196444,0.532676141037181,-0.144431725870377,0.0619014930659378,-0.129273248069795,0.0774053087690977,-0.0338011815384806,0.010910128036877,-0.130966080003983,-0.106319165682851
"IL1R1","IL1R1","brown","brown",-0.0734915362852772,-0.0597254995572216,-0.143148027950833,0.00670323517377743,-0.387045868496072,0.535270401932611,0.200421682858911,-0.060256834509182,-0.022727808536862,-0.0639932256901197,0.180342147451078,-0.227034438621591
"AC114971.1","AC114971.1","blue","blue",-0.0180604423686895,0.102580062950895,0.0508092187111904,-0.0359723559864566,0.0504441416460317,-0.0232858894424297,0.0342872881700676,-0.0109882746825919,-0.0222487133519031,-0.0434615527453348,-0.0225607188798912,-0.0101304593866891
"LINC00377","LINC00377","turquoise","turquoise",-0.0471118681545425,0.0993031807243498,0.253412294364091,-0.12860661822082,0.434801278011224,-0.29829350262384,-0.00412976907080312,-0.0222655688723729,-0.053751395046306,0.0439809586756146,0.0587240221766889,0.152657827681818
"GABRB2","GABRB2","black","black",0.0552377612390244,-0.0161249994567176,-0.0354713204925248,0.0051858480163392,0.0176449121559168,-0.0522622415313214,-0.0608588375375768,0.383105299825371,-0.0180622978820903,0.0594492952956882,-0.0469561575932595,-0.0254238206516149
"TCF4","TCF4","turquoise","turquoise",-0.0237901258043318,0.0717453961590584,0.328949765925704,-0.22834305798421,0.508413914118863,-0.363630275663301,-0.0545755203859908,0.0114517561641825,-0.125889528625487,0.194654126571654,0.160887249480662,0.203819572609376
"JPH1","JPH1","brown","brown",-0.038842418374174,-0.0272913267714388,0.0254090146466153,-0.0179624786540004,-0.0172182082322559,0.0891702978860785,0.0387442432385358,-0.0195135642339185,-0.0190653255192571,0.0473503275956988,0.0991710615348085,-0.00561477182356125
"RIPK2","RIPK2","brown","brown",-0.0389738089633814,-0.0952873794309384,-0.0870837134986278,0.164962760450724,-0.15731318343852,0.235932414675279,-0.0123212657303458,0.00503365594732712,0.0435817108805289,0.0559392522366107,-0.0239436143831161,-0.082947772558348
"FBLN2","FBLN2","turquoise","turquoise",-0.100973792414499,-0.00777787662417877,0.398009723177038,-0.293353532406045,0.240039583896333,-0.0821209641546909,0.0166402592925263,-0.142075410198236,0.197449234764444,0.304702598170853,0.22628511341835,0.132073136627922
"CACNB4","CACNB4","brown","brown",-0.0571594622322607,0.0279928311019102,0.0676050883880739,-0.044011728791354,0.012016441774125,0.0977921683553536,0.0104309193536498,0.0162846609877707,0.0691460148101719,0.0890182633510298,0.0110296958395133,-0.0477814137398469
"TRPS1","TRPS1","red","red",-0.0481547155100776,0.0711693289359733,0.0125779073772722,0.0916056579284306,0.0807878276387864,-0.000319388868351742,0.100910754419064,0.0690106953643819,-0.0805821464938921,-0.0231273742526989,0.0283504382935758,0.0101705921991249
"NPAS3","NPAS3","black","black",-0.0101932523553434,0.0712559428006167,0.0275073516924304,-0.00338869932577261,0.0625158440529505,-0.0284830413984942,0.0264998679503288,0.17312806511311,-0.00981414802222598,0.017038502378143,0.00695469525386107,-0.000316813109219145
"TC2N","TC2N","blue","blue",-0.0341887030019367,0.328554311112038,0.245198638556854,-0.107844541009627,0.36528500646789,-0.263691841463136,-0.0330564914867697,-0.0443552436739813,-0.00037527968080966,-0.00347118556784765,-0.0258009058817665,0.0119894479318263
"AC103409.1","AC103409.1","blue","blue",-0.00579049210468344,0.380464574548866,0.0982682695201514,-0.00914894762074664,0.127302393682111,-0.126245834880379,-0.0582109319975178,0.0118445689537557,0.0708161958424859,0.00196660153935445,-0.0856547083324008,-0.0815755417941412
"PI15","PI15","green","green",-0.0135564529529657,-0.00884319201050043,-0.015315199130568,0.0354607141876761,0.00146119908265928,0.0154208537904748,-0.0666695427750163,0.0268253914635987,-0.0143378339849267,0.230287119414345,0.0249063417722331,-0.026718668995644
"DUSP4","DUSP4","black","black",0.00802462922725317,-0.0128152932471693,-0.0207325276993514,0.0247764802517549,-0.0148789138098898,-0.0128730345165973,-0.0341701001942181,0.115121122788689,-0.0114436452493634,0.0316506572691395,-0.0189803432335893,-0.00825566221838541
"SLCO5A1","SLCO5A1","brown","brown",-0.0181281641025013,0.000368331872619243,-0.0733137688663954,0.105311572447698,-0.10015732571741,0.166102014860461,-0.055010356341008,0.00770839457860494,0.0752735702028549,0.0795254740552699,-0.0401571513061302,-0.110759694578382
"RNLS","RNLS","turquoise","turquoise",-0.0211249773959878,0.0645287476408082,0.0966100230747598,-0.0311797725136047,0.124370928749965,-0.0894169929024606,-0.00962123369288451,-0.0169877308569292,0.00697193457177745,-0.00852189370882608,-0.00844446402034181,0.0451106631854849
"ABCA6","ABCA6","turquoise","turquoise",-0.0595754771599382,0.21971649187829,0.310321514122384,-0.214706836566073,0.546963243429994,-0.400581156664213,-0.112681069782608,-0.0848520429194637,-0.0777184349947454,0.0181674056906219,-0.033326849221678,0.0342364094322134
"HIPK2","HIPK2","yellow","yellow",0.13349014717209,-0.0706338343198045,-0.276760658641649,0.415877971310254,-0.255693131977736,0.227627800508174,-0.0541339503773306,0.0142001937342856,-0.00818717449807889,-0.109017485411601,-0.119518824503836,-0.178875854957179
"AC119674.1","AC119674.1","brown","brown",-0.104966565674071,0.257901810041933,-0.0902035492676647,-0.00850042229101736,-0.275955703618829,0.456988209073492,0.331971970517675,-0.106570222093686,-0.0392700587180269,-0.26506321651411,0.0701202930071545,-0.236290789454684
"UBASH3B","UBASH3B","brown","brown",-0.0695051735449172,-0.101451572283934,-0.11047625965181,-0.0896297526555177,-0.317306499080701,0.458044280645562,0.318256463429019,0.000441730610213969,-0.102519948504112,-0.0124815313554387,0.258994261916928,-0.102613268594065
"ANKH","ANKH","brown","brown",-0.0519812689855294,-0.163449464694022,-0.148938700366603,0.0973506629224388,-0.302655194287436,0.400554737660632,0.125866451097037,0.0212504535634568,-0.0659709652076339,0.0372666430448122,0.192516653170768,-0.107459769009116
"CCDC39","CCDC39","blue","blue",-0.0273261690863727,0.187400966199306,0.0278085019275107,-0.00616131388024449,-0.0216207222621872,0.0793538774862041,0.0682909667706697,-0.0139563142280226,0.0622106562594119,-0.0640221932516821,-0.0381830022836163,-0.0779862195916826
"THBD","THBD","brown","brown",0.0318688368203911,-0.0256604895773143,-0.00986964039026665,-0.0149256446281643,-0.0860045429014282,0.134433322565245,0.0387382207349014,-0.0337382097166125,0.0477267294084745,-0.0298846722443949,0.0338162331572946,-0.0560153662348463
"ITGA8","ITGA8","turquoise","turquoise",-0.0325622811272525,-0.0377074455094339,0.25130759662153,-0.136507433888132,0.412537385762607,-0.285508184918499,-0.0239621911434607,0.0097701867448713,-0.275157434981158,0.188451479262258,0.285311563637593,0.248079716239298
"ALG13","ALG13","brown","brown",-0.0505641794833731,0.0137397425851583,0.0532875023954504,0.00308555781751432,0.0379920859713684,0.0781250766485776,0.054900988225477,-0.0327985069356721,-0.0136812077722005,-0.00630982492773777,0.0323893351881331,-0.0520371147200994
"JARID2","JARID2","brown","brown",-0.0128450520592467,-0.12965258926012,-0.107960189956358,0.0355443767368057,-0.154333091316614,0.264609803669877,-0.0513219639341811,-6.08647109769422e-06,0.00505040916839986,0.0977118330411844,0.0428790437317032,-0.115720163228972
"CLIC6","CLIC6","yellow","yellow",0.0313091273727461,0.0152958642463646,-0.174359744669111,0.445325886488477,-0.119759619806835,0.0566558770436936,-0.0527057877445106,0.0494550423582172,-0.0340198748399438,-0.0530345675898321,-0.129283492710674,-0.0860980888247974
"CDRT1","CDRT1","blue","blue",-0.0121178291763971,0.128114022905512,0.0345632950277304,-0.0102727126570955,0.0111586374406764,0.00179140914297936,0.0558363544991569,-0.00360215916092474,0.00730710715084148,-0.0206201261345007,0.0106457490645427,-0.00915533962127801
"DNASE1L3","DNASE1L3","yellow","yellow",0.0197694007833289,0.00688024431563892,-0.0932478830898357,0.284269390872785,-0.0434123377227394,-0.0115722810728619,-0.057170339126965,0.0272937617886228,-0.0105310481914311,-0.0148913179664712,-0.0654912888548978,-0.0416652652646658
"SNX31","SNX31","blue","blue",-0.0175644386361531,0.512278543002578,0.0366762641098066,0.0706589221680962,0.0132969132021296,-0.0259271610745311,0.0744831420675877,-0.00355674697134125,-0.00393273269432966,-0.0272984467986334,-0.0163544185053834,-0.0471122569729809
"LINC02649","LINC02649","blue","blue",-0.0167829566394812,0.343969150809784,0.0843427078859691,-0.0227045155403317,0.0740657284957668,-0.0734791089726029,0.0688276521588541,-0.0046222855605429,0.060836842647799,-0.0236094146079253,-0.026926407191118,0.0155520146958822
"CMTM8","CMTM8","turquoise","turquoise",-0.0535399229989379,0.00916596678406901,0.156168865667277,-0.0919123132091033,0.172432001551041,-0.0557874477590752,0.0758720615605382,-0.060753312545095,-0.143670204733255,0.0331692421649454,0.2229238931638,0.0993157723352998
"SLC9B1","SLC9B1","blue","blue",-0.0312917619708422,0.351647709850377,0.0353265174935772,-0.0132194461305835,-0.0311733941357555,0.0761656840567634,0.144086300874919,-0.0262233719418131,0.0315455315759565,-0.0889629557607346,-0.0352229287318941,-0.0889288603994691
"NBEAL1","NBEAL1","blue","blue",0.0100239399143261,0.114369713393938,0.0609129177882904,-0.044897294620057,0.119561039522445,-0.023653622942076,0.0566300072543351,-0.0361189138774666,0.0170837479585694,-0.0076777453521442,-0.0026375782090159,-0.0182056295769436
"COL6A2","COL6A2","green","green",-0.0258762622382039,-0.105295565171783,0.234335521010188,-0.136638951561251,0.0697455008599817,-0.010172805513419,0.0151631655265971,0.0688789316068647,0.0612937409266602,0.497996815168038,0.251840206091113,0.0936872044045562
"LINC01010","LINC01010","yellow","yellow",0.0440506581877685,-0.0120227273291042,-0.156402088547706,0.418615421281662,-0.0931301872127819,0.0255846730680665,-0.0691319421397308,0.0435590356045721,-0.0406921152102781,-0.0192197091933592,-0.0885659027991036,-0.0685936629771159
"FILIP1","FILIP1","brown","brown",-0.0978930241712247,-0.0213575826752317,0.0346254073020687,-0.141882161664258,-0.140740619322268,0.346531141457383,0.258556547059815,-0.151851952409761,0.0426372341789824,-0.14353678151879,0.199026351709085,-0.0593651955291169
"CDH11","CDH11","yellow","yellow",-0.0210771391582208,-0.0240103707480035,-0.187117955458491,0.352381832398953,-0.220629631201524,0.256358247501915,0.00407353565426806,0.0946887071122899,-0.128130629263562,0.0500254906499076,-0.0390108750847172,-0.176210639870757
"PYGM","PYGM","blue","blue",-0.0214644475973127,0.136966543623887,0.0617968507717499,-0.0139894165387015,0.0354528734170688,-0.0115055316566225,0.0218531959252606,-0.0126805086131451,0.0250484875136315,-0.00316258343361413,-0.0115287791919772,-0.00412342622789044
"ALPK2","ALPK2","yellow","yellow",0.00602608194079815,-0.00206198581953267,-0.0188326371404564,0.0889045886277566,-0.0146230420064325,0.0100153802035442,-0.0192357668778607,0.00830017596487279,0.0211494755277678,0.00754873873334031,-0.0291257539086655,-0.0181900709867518
"ITPKC","ITPKC","red","red",-0.0463167220820996,-0.023076612905313,0.0381011259364876,-0.0711931714161655,-0.0681770091898544,0.0903083463615333,0.284931895697126,-0.0545308409186986,-0.0687885678568903,-0.0636302452940543,0.162164966792026,0.0883713775724772
"C15orf41","C15orf41","turquoise","turquoise",-0.0100228980537143,0.0359621739270269,0.102900243476375,-0.0295794083612568,0.15555375030408,-0.109912732702575,-0.0497598677698781,0.00879818792080688,0.0605689438732709,0.0430895608991097,-0.0402848933177141,0.0156041565901791
"CPED1","CPED1","turquoise","turquoise",-0.0709823791899693,0.0701596910805406,0.101163340956735,0.0464489558285926,0.164735801313276,-0.0310683403743647,-0.0201913679508456,-0.0146568685614702,0.0594799708811315,0.0547052984857255,-0.0206184130095931,0.00213222578596704
"TPRG1","TPRG1","blue","blue",-0.0234906461616364,0.276951479679202,0.0899174480534229,0.00948853839090482,0.145255779082215,-0.0892574157580535,0.00823513970860238,-0.0358388386521369,-0.00305912470173145,-0.0733568661564718,-0.0560437728000386,-0.0490142697299729
"GK","GK","yellow","yellow",0.00938606096212969,-0.0235267654624908,-0.0922975791418674,0.299585892341208,-0.073236350132126,0.059393479938515,-0.0217021918164383,0.0246426521595306,0.000912194981836488,-0.0332657781646956,-0.0551536506381074,-0.0253102789416212
"PEBP4","PEBP4","blue","blue",-0.0372324402709311,0.185543005152486,0.068357970075895,-0.019688743725867,0.0248731424539179,0.0399655051569052,0.12255437710657,-0.0314084399278402,-0.0457168617337809,-0.0383732550852239,0.0551425933400034,-0.00840486123796603
"ADH1B","ADH1B","turquoise","turquoise",-0.0438875032441492,0.137471701632032,0.205334520777947,-0.125095661738504,0.179664036656892,-0.123066696284513,0.0224458932194442,-0.0958879436729027,0.0305512227661106,-0.162174951385152,-0.0298824887206446,0.0244045358751468
"PTPRT","PTPRT","green","green",-0.00490953669519142,0.00961942909855022,-0.0271294000121361,0.0679876102018668,-0.0234465627721487,0.0242776484986763,-0.02749839388254,0.0275152492591376,-0.0240727149552666,0.1034777903076,-0.00146415780743946,-0.0153527029889345
"KIF21A","KIF21A","brown","brown",-0.0598971334256588,-0.130033814982963,-0.134313347582108,0.101940365176524,-0.249041930600554,0.351147626127511,-0.022197865888262,0.00107591572663251,0.078108277694643,0.00706892290145068,-0.0081809394182399,-0.16349997318843
"COL4A2","COL4A2","purple","purple",-0.0603214841870167,0.0334193280868157,0.0363399505603401,0.00839147337949976,0.0332996167672097,0.128625381252711,0.141600111517523,-0.110471431483814,-0.220987330302979,0.0554467109717997,0.362566817226035,-0.0123913256998196
"GFRA1","GFRA1","turquoise","turquoise",-0.0657752104492987,0.0286118170554012,0.227652854527767,-0.133204462568492,0.243348396660725,-0.0849470361311952,0.052636054222384,0.0457253500117113,-0.0280028103630601,0.0597331514343675,0.154234553138095,0.102608490344515
"PLIN2","PLIN2","brown","brown",-0.0463849555970497,-0.0354909999161677,-0.0152934762820892,-0.0485773287762634,-0.138889814573801,0.238772500184811,0.0610040089605384,-0.0583995175381325,0.150984722134009,-0.0919393174547747,-0.034190897638496,-0.0672224150174313
"AL365214.2","AL365214.2","brown","brown",-0.0325002463276085,-0.0016529792532567,-0.0130334790413178,0.0464921206894782,-0.0955010017650209,0.155533513000232,0.127544705750778,-0.0233964214785651,-0.041753408882208,-0.0468206448852712,0.0868009221068376,-0.0494136016882019
"SYK","SYK","turquoise","turquoise",0.028918220047823,-0.0107782233490862,0.0488124625831644,-0.0112062530164871,0.0935883506735278,-0.055241972752603,-0.0357406563743736,-0.00227260438580165,-0.0418137365481473,0.0438013220411928,0.0294418149786758,0.0519649164244024
"TRIM9","TRIM9","brown","brown",-0.0596729142377835,-0.035252873908969,-0.0601287207794158,0.0395585965572076,-0.176353332394956,0.292595231143376,0.0942632808269828,-0.045949149027206,-0.0659404138512031,-0.0301320975866748,0.125874001013088,-0.101413934695631
"CDC14A","CDC14A","turquoise","turquoise",-0.0445886136468029,0.0111083358762844,0.113766401936636,0.0082258938986062,0.155270419416254,-0.101174903953022,0.0279300672760048,-0.0144267270947018,0.0127156510767902,0.00772165968395382,0.0340268028978103,0.148227403337499
"C7","C7","yellow","yellow",0.0160104955441127,0.0181746051619692,-0.0407786447048054,0.135526166230988,-0.0351713328754592,-0.00771375865059927,-0.0447384532716069,0.0451328015140151,-0.0487226965517314,0.0412511045563356,-0.0852693108835752,-0.0202743308795782
"DGKI","DGKI","blue","blue",-0.00794034768548995,0.366510118663188,-0.0448298822020925,0.191310373870717,-0.0340232212026831,0.0507296901028608,0.0642870793243716,0.0377327378847318,-0.0148965603265634,-0.0218785236002697,-0.0548367748300293,-0.154353389330692
"AC078881.1","AC078881.1","turquoise","turquoise",-0.00816809753427535,0.0614065623062622,0.0700571612887936,-0.0252714229225519,0.114346285329094,-0.0759107585413612,-0.00939574398549714,-0.0123315112384405,-0.00744416450243505,0.0220951160020723,0.00223701430269074,0.0181844486849772
"LINC01348","LINC01348","brown","brown",-0.018540419345291,0.0180121350104724,-0.0653006131211625,0.0519060954515924,-0.130181646080557,0.180033643357631,0.0910621416156588,-0.0244823966585223,-0.0201306796487929,-0.0979217140830778,-0.00500771853771812,-0.0953092612160417
"STAM","STAM","brown","brown",-0.0418147851742026,-0.100752629465842,-0.120540378368507,0.277953730197701,-0.15494108824114,0.188489630495099,-0.048778857867823,0.0397578956632084,0.181892361011095,-0.0192484394043775,-0.100961595003374,-0.0507785191687322
"AC068774.1","AC068774.1","purple","purple",-0.0304245633205899,-0.015704447645868,0.0428383175383207,-0.0301877948454806,0.012521569865392,0.0142225527967632,0.0224700627186067,-0.00624476532493537,-0.0410111639972286,0.0690416982895171,0.121821946814637,0.0256393824274579
"BMERB1","BMERB1","brown","brown",-0.0321398430957986,-0.020942936250449,-0.173612243801983,0.247873419152105,-0.190381306647983,0.242929741487437,-0.0924491436588753,0.0267018939309943,0.20125797800858,-0.0112647576691514,-0.189521624260532,-0.197238894846643
"WWTR1","WWTR1","brown","brown",-0.0511558138530658,-0.054465180665733,-0.0529417492044936,-0.0682689999972268,-0.235631913027567,0.364138404693941,0.202009680554125,-0.0771555039871546,-0.0119197466478701,-0.101659902105541,0.188958924586282,-0.121808051166103
"SDC2","SDC2","brown","brown",-0.119402897092308,-0.156749447605674,0.0360275554386047,0.00875708838328717,-0.0776843969902375,0.232010715313678,-0.0322225127235487,-0.0742955706098118,0.0881193010546781,0.133768474976212,0.142030589105211,-0.0676134668370365
"COL1A1","COL1A1","green","green",0.0772121772746665,-0.0988239795502393,0.0549020419228615,-0.0128508020233867,0.142630472174328,-0.192709123201417,-0.296996082196545,0.362615391861575,0.0803553954613874,0.720930807141008,-0.0126875093587553,0.0695372310342134
"AC025159.1","AC025159.1","blue","blue",-0.0156363478715835,0.1393316045609,0.0826493293555061,-0.0280704659637339,0.135550351886811,-0.0855655975929452,0.0225017672372985,-0.0115951062568195,0.00488406505301181,-0.00535668741527841,-0.0219681080656422,-0.034741622344898
"AC007364.1","AC007364.1","turquoise","turquoise",-0.0252981073129306,0.0592559995686466,0.0333166684461348,0.0113914963921981,0.0878189773179939,-0.032210731296132,-0.0202996636630389,0.0063841510465892,-0.00806883518704581,0.0345680197313331,0.00639225044513065,-0.0162875644201591
"LINC01115","LINC01115","yellow","yellow",0.0189026612817091,-0.00673889776068878,-0.0845744436201669,0.201781976210115,-0.047130991052617,0.0144711603592249,-0.0410042420670395,0.0232131752530645,-0.0263343195546845,-0.0198793206448654,-0.0542216753138315,-0.0360127891875518
"LPAR1","LPAR1","green","green",-0.0545805673826067,-0.0652848032199919,0.0612377022431156,-0.0294306768622461,0.0687674628018577,0.0278122312481526,-0.0723430369614875,0.1257561108845,0.101770174678314,0.108260138978037,-0.0194403290004665,-0.0469250034952678
"SLC25A51","SLC25A51","brown","brown",-0.017578178489167,0.0180194935099349,0.0420983822820789,-0.0228377466905805,0.0115881219134214,0.0468972533731311,-0.00775402230119985,-0.0210172949532941,0.0132749165906565,0.0018028126897092,-0.00711439717849051,-0.04630892129958
"AL355304.1","AL355304.1","red","red",-0.0344009630548072,0.165311732619274,0.0274469071597192,-0.0300462821304303,-0.0401472261424769,0.103198778030084,0.233350603561898,-0.0347379191215624,-0.033471863878282,-0.105245209945379,0.0400281306199969,-0.0225019828281326
"SLC1A1","SLC1A1","yellow","yellow",0.0569274363697375,-0.0229495171432571,-0.249444305925516,0.650994850994856,-0.127762312192683,0.0140969263634178,-0.103507155160805,0.0644737226383714,-0.0570355697381865,-0.0598394021837038,-0.153758468838578,-0.080253333215237
"LGR4","LGR4","yellow","yellow",-0.0154869714054291,0.0510975709468244,-0.0557880653265989,0.234736959807629,-0.0357464616345084,0.00716839441612253,-0.0451560286905497,0.0362878478191048,0.110826982099208,-0.0151306860643382,-0.119326338665708,-0.0137763415941894
"SLC44A5","SLC44A5","black","black",0.031278340901768,-0.0209310459836337,-0.0196464930945097,-0.000662133722728087,0.0374167467755284,-0.0653302562205247,-0.0538734630212634,0.384794637780428,-0.03421508652801,0.0741680834582082,-0.0204138189330151,0.012936990143897
"ADPRHL1","ADPRHL1","yellow","yellow",-0.000274307500046329,0.0451577789236588,-0.0346551404472988,0.126943625752084,-0.0219309693456089,0.0162509692471928,-0.00508344810881433,0.00502313123794017,-0.0208756788443205,-0.0138864946025031,-0.0223943172361549,-0.0360700817197343
"LMO7","LMO7","yellow","yellow",0.00579392545013565,0.0349994676762238,-0.0301660612164782,0.169736583431428,0.00516315185533755,-0.0020331096282757,-0.0636536559691965,0.125982683568749,0.00180210768332579,0.0407666499236077,-0.0559706914970367,-0.0449348231709987
"KLHL13","KLHL13","turquoise","turquoise",-0.0447047124736971,0.0361716121144226,0.152941500114191,-0.0331510543451605,0.214916862343207,-0.112880640284715,-0.00875249192723838,-0.0273466361654301,0.0145562076548451,0.0725841824754058,0.0686039960116162,0.0974793727758342
"SGMS2","SGMS2","brown","brown",-0.0447481242590933,-0.0777623679633032,-0.0779500946835243,0.0911437791900073,-0.187477766172171,0.258779805387437,0.0812213591753183,-0.0140415791953883,0.0365538159421041,-0.0372083112492606,0.0499131824314064,-0.0942685670406895
"OSBPL6","OSBPL6","brown","brown",-0.0470788774748179,-0.0129084492856411,0.0313234973694162,-0.0115076953423547,-0.0251596642060469,0.102977145907296,0.0798445066367465,0.0483441793900606,-0.0189168538793502,0.072313608845175,0.10076580969467,0.0223934931663673
"AC093425.1","AC093425.1","greenyellow","greenyellow",-0.0211514237168432,0.137481554022431,0.0338376742814574,-0.0138801703576357,0.0400217784473842,-0.0213970125852949,-0.0679238573711671,-0.023243525213458,0.380229471341253,-0.0571391899688521,-0.128626674018512,-0.0825376424228278
"AP002989.1","AP002989.1","blue","blue",-0.0253758402161143,0.188250373622565,0.0155931463164279,0.0559008114593778,0.00872303390491748,0.0430506635068843,-0.00516593603922768,-0.0100876969070509,0.113494125250389,-0.0216369042543631,-0.0314399391218828,-0.0769529782313183
"DLG2","DLG2","blue","blue",-0.0593857656388082,0.219718262150389,0.0516060102178916,0.00604243684789415,0.0539487494370912,0.0843060410607544,0.194904045900467,-0.0501134232356904,-0.117175218414982,-0.0695254161643528,0.0756176462946246,-0.0471320175370356
"FHOD3","FHOD3","greenyellow","greenyellow",-0.0399999878101247,0.0480281944105261,0.0234955476444801,-0.0130143050072519,0.0385886764200857,0.0237573557343671,-0.061835820990219,-0.000262966436940122,0.373592312694038,-0.0348404050241813,-0.0881685179375239,-0.0600070872281097
"KCNIP1","KCNIP1","green","green",0.00139372125451602,-0.0037219318408094,0.0184277897760192,0.0844147801395941,0.0730597562908836,-0.076700008804705,-0.0575573061627782,0.0573236065968109,-0.0995095411772751,0.196690885304133,0.00511190765845226,0.0376388016010096
"PENK","PENK","green","green",-0.0207272466205419,-0.011555584807247,0.074522495863901,-0.0285364781122077,0.0324277771397934,0.00779741513436111,-0.0501078268302742,0.00242134624271639,0.0310978525420777,0.283688178097258,0.0767238922291465,0.0229245690594621
"CPA6","CPA6","green","green",-0.0204507107340495,-0.00459430165870917,0.0653068568430514,-0.0327130780881167,0.0901056574979459,-0.00886730511160344,0.0221925333792577,-0.0246375150092707,-0.0885489146804805,0.0928277568815029,0.110183701768933,0.0304949652425081
"HCK","HCK","pink","pink",0.132690105678626,-0.0189291445312168,-0.0209777922460859,-0.00667796680507046,-0.00729650579598179,-0.0231703907394548,-0.022775245641614,0.0043918471370667,-0.018166274890213,0.013156237136896,-0.00569012390184493,0.0235151637258119
"IFI30","IFI30","blue","blue",0.0242885183155313,0.148186357646176,0.0305702527121799,0.0195260071431798,0.0210717854295568,-0.0367975934910491,0.00619486312160982,0.0150322464594654,-0.0116021744333887,0.0102184888817099,-0.0145951357994206,-0.00543905196993493
"LRMDA","LRMDA","yellow","yellow",0.0294212182606909,0.0652230868069422,-0.0379031820380931,0.194314952003733,0.0323825197614835,0.000735055246913528,0.0174619154165351,0.00271591433237398,0.0125331555193619,-0.0999264268009292,-0.109023737970626,-0.0614464267794537
"SLC28A1","SLC28A1","blue","blue",-0.0325952164893268,0.244887965558595,0.107982977067444,-0.0495115734302801,0.11376840436887,-0.0575520223997223,0.121419851390289,-0.0235251436279202,-0.0884445140975366,-0.00481181359769584,0.0961395248955001,0.00995392882418605
"IL18R1","IL18R1","brown","brown",-0.0232607054287306,0.00209001927250569,0.000695970525812975,-0.0160365457275767,-0.084590452461649,0.166819719802015,0.0412420881413808,-0.0238682631854538,0.00640347688658644,-0.00557435985853349,0.0142231406405537,-0.0796209159356654
"RORA","RORA","turquoise","turquoise",-0.115462406012503,-0.0620400155865737,0.201230570998407,-0.186046135805713,0.287047042112498,-0.0808181567685955,0.0566510453509383,0.0216832670738085,-0.199289114015238,0.239781282514349,0.332290810239707,0.164825128538834
"PIEZO2","PIEZO2","black","black",0.0612995913281578,-0.0344592434258839,-0.118257532455665,0.0571420844794214,-0.0219394752175815,-0.0937856451026801,-0.152145689147638,0.712585653485809,0.0380549206034509,0.170050156610691,-0.152309073590973,-0.0386301041299255
"CCDC192","CCDC192","blue","blue",-0.0100304587037972,0.113354513977682,0.0436221641990386,0.000795454086923165,0.0373976701883738,-0.0141471427549796,0.0121662838445879,-0.00496889646564548,0.00799744166139616,0.00143408368598808,-0.00011758850306346,-0.0092309496852551
"LIMK2","LIMK2","blue","blue",-0.0132732029010119,0.13724111828444,0.0993388582869208,-0.0301449760764773,0.0990334506582524,-0.0634276345002499,0.0373715432648974,-0.0166315352038343,0.00659249758992413,-0.0202049488975726,0.00568834423670594,0.0228158769549379
"AC004160.1","AC004160.1","turquoise","turquoise",-0.0332459695856555,0.137863112490825,0.117657978166226,-0.0585225616944893,0.151976734806767,-0.0668048536425503,0.0508635058356679,-0.0480313261818056,-0.0386533302615787,-0.057924428413899,0.0221028190071746,0.0120125524065407
"TESK2","TESK2","blue","blue",-0.008719751684174,0.332696370743981,0.0586420004252707,0.0291231895488656,0.0822224322297627,-0.0957516565525291,0.0416748421808475,0.0487849999650678,0.00822521499426003,-0.019885023143152,-0.0566416657649994,-0.00715970287723295
"AC002070.1","AC002070.1","brown","brown",-0.0095895479738215,0.0297034861761109,0.00747445082615008,0.0125967119736485,-0.0437903444387621,0.0733054240236117,0.0168761170701481,0.00255516073906662,0.0817673762001968,-0.0217245774674291,-0.0627041113179783,-0.0302766864911705
"PLD1","PLD1","turquoise","turquoise",-0.050064823819005,0.0683955459644712,0.11538205839563,0.005580926817101,0.227689842369831,-0.0508545582337922,-0.0530880647312503,-0.0572641722612562,-0.0297650971461481,0.0624521160481457,0.0168138165250116,-0.0182928616646355
"HLA-DRB5","HLA-DRB5","pink","pink",0.20663139275021,-0.0270285353721969,-0.0625568883028833,-0.00285724396970459,-0.019153082753428,-0.0528347708439371,-0.0537520900027803,0.110708222821083,-0.0293633581168332,0.0341245227762091,-0.0412664024667685,-0.00143620002376306
"STK17B","STK17B","brown","brown",-0.00807288676931876,-0.0420913983036784,0.0311175974855955,-0.00145690949892782,-0.0316882092183663,0.0700827460451243,0.0165005354257403,0.00704996239841258,-0.0445829310217704,0.076389502434167,0.0680544150338114,0.0280097184729235
"SMIM41","SMIM41","blue","blue",0.00243232960454277,0.322358158323144,0.113333158959071,-0.0310124545713594,0.190177923635807,-0.178206187707543,-0.0385001763662623,0.00400938722674612,0.00436568298865818,-0.00871605119283123,-0.0686056740514536,0.0332285610521761
"PITPNM2","PITPNM2","brown","brown",-0.0339325442966957,-0.0265103657846333,0.0292192385043246,-0.0282214171122064,-0.0487741043947069,0.117729735719519,0.004415201682044,-0.0174633644416709,0.0528888118105176,0.016602966027869,0.026653171482231,-0.0426135203234185
"AL133346.1","AL133346.1","turquoise","turquoise",-0.00628251582378388,0.0717712532004698,0.0499745469684966,0.0215906343782751,0.14696173730076,-0.124541230136732,-0.0718603679522227,0.0441320783714158,0.0084825307357606,0.0260546755030967,-0.0406850119664393,0.00980554546636378
"RCAN1","RCAN1","yellow","yellow",-0.013478827203,0.0527978764549987,-0.119182508865507,0.242204658134292,-0.178806235030734,0.18560071300109,0.120954714254899,-0.00524294979680182,-0.0366903931106437,-0.0590056247310164,0.013314390994028,-0.0726707286589334
"GSAP","GSAP","turquoise","turquoise",0.0110859867783368,0.0217796387633491,0.0626329485175185,0.0131651143682863,0.110633849731854,-0.0517924723029575,-0.0387237404935534,-0.0110556466100281,0.0102363409102879,-0.00776394401977627,-0.0138917586806671,0.00478851694973944
"AC034195.1","AC034195.1","blue","blue",-0.0178014431661181,0.0662959035922252,0.0290302247464807,0.0150999199934425,0.0473590192451516,-0.0159483159870705,0.0218588853882765,0.010119099410489,-0.0110753715787421,-0.0196467864014536,-0.00425070332001896,-0.00412275028317988
"SSTR2","SSTR2","blue","blue",-0.0109047351114171,0.211025462361203,0.0232442346149112,-0.00947802993862964,-0.0116367016264018,0.0223702700543796,0.0478708883763977,-0.00682199205436952,0.0141944958936692,-0.0382623805523552,-0.0153466501132244,-0.0502345299341639
"SEMA3D","SEMA3D","yellow","yellow",0.0136894325603126,-0.00456226665646224,-0.0519174650494686,0.149016361991978,-0.0360220933272473,-0.0152774933185524,-0.0668058705286504,0.0387635752850112,0.036864184158333,0.0425986132119547,-0.0903618313898368,-0.0301889506490129
"AC009262.1","AC009262.1","blue","blue",-0.0112484086210129,0.55136235011062,0.0833983474954655,-0.0282232558609889,0.0794217830535015,-0.069714057455894,0.0576747467468794,-0.00671248630338897,-0.00280876782598477,-0.0613736057634486,-0.04647059897248,-0.108041699629053
"PDE7B","PDE7B","turquoise","turquoise",-0.0295536335926731,0.0422123189313097,0.16063709084662,-0.042128979626051,0.323128490369835,-0.1926581860133,-0.0625511227883183,0.112924250671022,-0.037961485150353,0.13985335724171,0.0299954092863922,0.0607607813624928
"LINC02008","LINC02008","black","black",0.0272614642573717,-0.0213839025025202,-0.0388618974165738,0.00151376252694203,0.0221919571191361,-0.0584093623630942,-0.0665678097411423,0.551888630409443,-0.0311637022496516,0.0848678919790642,-0.0456403477945299,-0.00958545480544165
"HLA-DPB1","HLA-DPB1","pink","pink",0.0983340629390162,0.0169883673484182,0.0382987818880733,-0.0244401085200114,0.00806986662766724,-0.0053297789886302,0.0245182935752451,0.0237333541371995,-0.0219539120177529,0.0233719347887827,0.0245301595700562,0.0249609252028542
"ADCY3","ADCY3","red","red",-0.0464684353917274,0.041792220062831,0.13281567392085,-0.0791383702132575,0.0489134288294773,-0.00370328980928784,0.114939101465308,-0.0246393332067095,-0.00110821391570888,0.000185747866161977,0.0748699042689904,0.0397080108909933
"FNBP1","FNBP1","turquoise","turquoise",0.0175407377142865,-0.0494890956808942,0.0777744273885229,-0.0317112339093781,0.123315763120412,-0.09758247031583,-0.0136313323456283,0.0820666824631914,-0.0394843576205015,0.0825908735885842,0.0398589410603456,0.103126547518686
"COL21A1","COL21A1","blue","blue",0.00552561414616135,0.227202856984831,0.0302803465171201,0.0374110402178949,0.101510759440512,-0.136377656155168,-0.115816075124195,0.116532343697463,0.02091177388849,0.15228014580189,-0.0763176934930465,-0.0383404364995073
"UAP1","UAP1","brown","brown",-0.128868931387961,-0.197717725631704,-0.0540873164211703,0.0345248400043032,-0.270814605831833,0.345702832621973,0.248522160214657,-0.106726302114579,0.0890842148826885,-0.0983610842409451,0.190736839249218,0.139552871643053
"MGAT4C","MGAT4C","yellow","yellow",0.0470931641807146,-0.0182222464826559,-0.271814776563426,0.643902197557192,-0.140481577435924,0.0309967323277033,-0.139169537284407,0.0847898735617758,-0.0783406468465657,-0.0355520745494189,-0.17058811074546,-0.11377799087247
"SEMA4D","SEMA4D","blue","blue",-0.0137932684821814,0.0740747539501312,0.048859334634871,-0.00848994114076121,0.0603781899149494,-0.0487576693516358,-0.0206155174437816,0.103677630027148,-0.0140331587666245,0.0494122665197812,0.000431853139143994,0.0233018583363537
"FBXL7","FBXL7","brown","brown",-0.0780344344746357,0.0255656848290271,-0.0855752001919959,0.0790288860730946,-0.135049412457265,0.287176363900927,0.0611819687470259,-0.0465169273304115,0.119602419469614,-0.0809047620948861,-0.0133297339233348,-0.148380777710934
"STAC","STAC","greenyellow","greenyellow",-0.0262781100471045,0.0256044550604283,0.0680898243725812,-0.0369484676158498,0.0663935287881661,-0.00383388311657876,-0.0684468506921706,-0.0332573680930263,0.157410576142412,-0.0151887867391711,-0.058356885609964,-0.0547723389177999
"AC110995.1","AC110995.1","yellow","yellow",0.0156092062204397,0.0081904938168651,-0.0885598302440758,0.248693118334851,-0.0434121973452623,0.00544639705057691,-0.0393876685900308,0.0160068428466487,-0.0243973506497097,-0.0173574527794003,-0.0517770203841126,-0.0302177016306591
"TJP2","TJP2","brown","brown",-0.0399286928479308,-0.00915619406035197,0.00141894235456639,-0.0132782489730729,-0.106864722470432,0.187055995693067,0.111489567582404,-0.0171860253851175,-0.0119659454148363,0.0129988594869395,0.0578930058674965,-0.0461575026713173
"TMEM131L","TMEM131L","green","green",-0.0441091641360838,-0.0353948095611538,0.0965878871831461,-0.0199118240459866,0.102606524332479,-0.0211934105173406,-0.024194044395859,0.00796836796614078,0.0294783476602578,0.0866048998589227,0.0489059462273946,0.0346626594958894
"EML6","EML6","blue","blue",0.00290947147615029,0.548939292857252,0.074423028145492,0.0656201230659933,0.103766792073719,-0.113356350210616,-0.0365725214317809,0.097155311851052,0.0612385427877579,0.0171851866340139,-0.104590438528158,-0.116942851351433
"MAP4K4","MAP4K4","brown","brown",-0.0614015033030948,-0.204583141116416,-0.0842227422054889,-0.1184011593891,-0.280331166018265,0.434133008501257,0.182349244849278,-0.0838080674645422,-0.0700953508324632,-0.0895408181869062,0.208491264995369,-0.063037139823031
"IGF1","IGF1","green","green",-0.0341993315480614,0.010007129861193,0.280513619219171,-0.179395358205234,0.291063787836143,-0.196661177932815,-0.0517939494298964,-0.00747422939088794,-0.204274008906925,0.413570714821436,0.242992178696989,0.134367455257076
"LIF","LIF","brown","brown",-0.0358447637491154,-0.0853987989811865,-0.0912673210268852,0.0261929966839578,-0.193790280010555,0.28866889634205,0.0310301394213789,-0.0142869429120368,0.0467619419700812,-0.0199792008218513,-0.0308053243843073,-0.14039501079912
"PLXDC2","PLXDC2","turquoise","turquoise",-0.0184420262076267,0.102490340206694,0.115754584478385,0.0360889999845294,0.334021710819469,-0.22736506961909,-0.170750540394008,0.0613140902172899,0.208036728423587,0.141660375514468,-0.0646324983342421,0.0251509901174611
"TMC3-AS1","TMC3-AS1","blue","blue",-0.0185457784921735,0.455999669805016,0.125922425031716,-0.0299839773311766,0.143492602172892,-0.106740868564228,0.00800636966298531,0.00483842425753467,0.0611459988788919,-0.00698984271770315,-0.0823772473993683,-0.0871961058775425
"CNTN1","CNTN1","turquoise","turquoise",-0.031349891567092,0.00130072730439625,0.117629173220618,-0.0444579650491105,0.159369057257662,-0.0882476579216984,-0.00511749551185563,-0.0109696411407194,-0.0897269576514752,0.092617410516619,0.098637239183028,0.0673635788527858
"COL4A4","COL4A4","green","green",-0.0203848134999047,0.0236327804255356,0.0443327804519806,-0.0126615056975796,0.0422273918656815,-0.0153672596880322,-0.0275462989324151,0.0144536216798795,0.00329820831189627,0.11826504167303,0.0367969567070617,0.0113348706915436
"DMXL2","DMXL2","turquoise","turquoise",-0.000649351748451467,0.0247523705065031,0.0791547737796798,0.0642607743297399,0.176619137569335,-0.115334469874375,-0.0862170423893964,0.0502374953488347,0.00571043564518327,0.0737957368303949,-0.042489064706079,0.0101803781084527
"GNAL","GNAL","blue","blue",-0.0399347353255114,0.194912396018742,0.0478242768450042,-0.0122241754288809,-0.0108605042415371,0.0446571658355375,0.138750777910171,0.00421660294799714,0.0424544794315046,-0.063593044076849,0.0133598444146098,0.00361206406224954
"NRK","NRK","green","green",-0.027621544631581,-0.0479810580302707,0.0983701277156016,-0.0481070805959882,0.155091608123602,-0.0991552552985784,-0.0812966506002073,0.105030027034116,-0.0821667451525409,0.261070322778857,0.0976815667876844,0.0785969558744016
"ASPN","ASPN","green","green",0.0231470140114223,-0.0403230832544735,-0.00392110824167525,-0.00698037938585187,-0.00912709272044972,-0.0558133161003484,-0.176147155783233,0.285822614054718,0.150270110663194,0.366024034120497,-0.117465754542587,-0.0301306947183125
"FIGN","FIGN","turquoise","turquoise",-0.0277157193666071,0.0246714035106547,0.11103800929954,-0.0439642684077442,0.200568959841187,-0.124434186044233,-0.0607658023763448,-0.0169716537207282,0.000327041733620343,0.0236429205404837,-0.00257523402971285,0.0417635788094506
"NUP210L","NUP210L","blue","blue",-0.0344794253198022,0.356327983373996,0.0986791191708749,-0.0262912384411814,0.055430029573373,-0.023145583074349,0.140616977641557,-0.0368798092336384,-0.0383248584324299,-0.104312933260114,0.01514782310429,0.00589981311440993
"IL21R","IL21R","blue","blue",-0.00394464947126432,0.113432777407827,0.0213150830103102,0.0261773065698874,0.0149403620779716,-0.00787645630767807,0.00865520616012017,0.00268242878823376,0.00984091165700824,-0.00485425532763946,-0.0156985382520938,-0.0205989851162206
"RASA2","RASA2","brown","brown",-0.0425610079057075,-0.0535047816315704,0.0574999281012599,-0.00222431086207759,0.050735931933075,0.0337245682956731,-0.0561397135307222,0.030530399982821,-0.0103207594970461,0.0686794389529706,0.0353943554879339,-0.0168076161312242
"PPP1R3C","PPP1R3C","yellow","yellow",0.00075595273581913,0.00451247289209722,-0.0180440737378093,0.0819083836581377,-0.0285439837223009,0.0237058758586944,-0.015124004531183,0.00796266713567575,0.0236939497009562,-0.0157922673368658,-0.0453578529353901,-0.0115028559585169
"FST","FST","brown","brown",-0.0356354012919638,0.0578977384983387,0.0647209557735704,-0.0775127283336263,-0.0789465407391292,0.127001632283715,0.128044960992742,-0.0449080092006516,0.00785266271874864,-0.152461182848702,-0.0483406732565492,-0.0391567623936438
"SEMA5A","SEMA5A","yellow","yellow",-0.0485692634950166,0.036067212090094,0.0616278567127888,0.24567097526627,0.170355128629011,-0.071327632574396,0.00665623772969561,-0.0237299587634605,-0.126299727067671,0.117443751511498,0.153257148405545,0.0508674633386982
"RASD1","RASD1","brown","brown",-0.0527924304901287,-0.087837073224001,0.00395196793047375,-0.0682595081687617,-0.192927184010405,0.262619209050136,0.259266957684593,-0.0711971692122504,-0.00965512729600598,-0.136795082480426,0.111742261486423,0.0445213998115458
"SLC41A2","SLC41A2","brown","brown",-0.0650342169915906,-0.184336218760108,-0.157167171454918,0.114607490001242,-0.312168209389061,0.452351707053886,-0.0323466445041844,0.00101827968923659,0.0685900378731804,0.0583166749865493,0.0344659644089792,-0.224088855846256
"AL450384.2","AL450384.2","red","red",-0.0282771554331597,0.0876572385690356,0.0145964715186331,-0.00808789399393147,-0.027841890789985,0.0910233154804258,0.140415082373612,-0.0305691176167798,0.00994953196360731,-0.0882639867889125,0.0197907232690409,-0.0525362880422853
"LINC00461","LINC00461","blue","blue",-0.00269452785773423,0.0750964243268662,0.017259228314513,-0.00581873578240606,0.0329161350808867,-0.0247588823499518,-0.00748362799802182,0.00268504987048825,-0.00112648389987751,-0.0114540762973249,-0.0137324011182419,-0.00784594907330499
"DEPTOR","DEPTOR","turquoise","turquoise",-0.0145769883024861,0.0528920687729227,0.108199159056066,-0.033131291001138,0.159309418649772,-0.113998609801539,-0.0298902413181717,0.00506391650334335,0.0173266106710606,0.0172525917097079,-0.0308272578521794,0.0243742009593321
"CAMK1D","CAMK1D","brown","brown",-0.067377344982296,0.0339957790370865,-0.0572004170606821,0.106543707143797,-0.0944191964267423,0.146914732166503,0.0970930279484232,-0.00778087104848282,0.194055730947647,-0.112817410781734,-0.0797201747350757,-0.0616738809750168
"SLC10A6","SLC10A6","brown","brown",-0.0194149608563937,0.0626599126784884,0.00693633437308818,-0.0215608340035248,-0.0314157968103101,0.0648328125613244,0.052865735746114,-0.0245891966162789,-0.00565966296915216,-0.0534781610393648,0.0183530995625297,-0.0301477918399721
"AC004917.1","AC004917.1","blue","blue",-0.012562403587473,0.233888133798235,0.0549458588796206,-0.0170521828229687,0.0443506734369635,-0.0384786936213901,0.0601714154509835,-0.0098279856790265,0.0354127277838373,-0.0574840239071306,-0.0461363047897634,-0.0113744919364727
"FHL5","FHL5","turquoise","turquoise",-0.00336979926318423,0.0833211535550278,0.0555744938387814,-0.00808369417291845,0.0818175056397903,-0.0606066891360364,-0.031541119854092,-0.00272512763765652,0.028610512526043,-0.00648143891200513,-0.0310572175940258,-0.0232934834624085
"OPA3","OPA3","blue","blue",-0.0200388533782951,0.247068152763519,0.0702839338295568,-0.0154335309183074,0.0465398739716073,-0.0108068563978452,0.058397436492745,-0.0192231638238803,0.00811358635668495,-0.068035577012432,-0.0395361217258079,-0.0411474537513808
"CSF1R","CSF1R","blue","blue",-0.0148394097079204,0.198704804499569,0.0990258606943229,-0.0393219568070821,0.10902575930126,-0.0617117527670839,0.0055729054945695,-0.00422330902313654,0.024393523167667,-0.0208989336856454,-0.0356892580822876,-0.0262465983846473
"ATF7IP2","ATF7IP2","purple","purple",-0.0473321162005175,0.0400970325792788,0.0581152164443747,0.0331666536720532,0.0230933934165325,0.0523504011853883,0.13216392858322,-0.0348328052151224,-0.0939658173037335,0.00979845333293302,0.189639952213125,0.073665961343202
"SHB","SHB","brown","brown",0.0707456838840534,-0.0558105844277774,-0.074312265473539,-0.0142162845586762,-0.1744183765744,0.241479319015138,0.0818070179660839,-0.0340038573484104,-0.0150978083008969,-0.074669168503806,0.0207921673806674,-0.0728632730830784
"ABTB2","ABTB2","red","red",-0.0382025276566311,0.0107499263571901,-0.0501120614578342,0.155935324617438,-0.099401427962476,0.075805612010899,0.235324224969708,0.00524621773867882,-0.0330054215379401,-0.0832322403516666,0.0708908740007929,0.174575126410504
"BATF","BATF","blue","blue",0.0043615092532092,0.262578711023357,0.0564616562578815,-0.00355031912355679,0.0781767018735325,-0.0721140109130273,-0.00607906368828083,0.00385391096045396,0.0082243156841736,-0.017607868579382,-0.0490105337884833,-0.0281807419137498
"ABLIM1","ABLIM1","greenyellow","greenyellow",0.0031411359777903,-0.0320203675464478,0.0630502595797733,-0.127454093944552,0.0903678764440852,-0.000389885273948419,-0.151220885725526,-0.0800770568132107,0.264486383734019,-0.0554607577793465,-0.0791906211258383,-0.0970759448758992
"NLGN4Y","NLGN4Y","turquoise","turquoise",-0.03111756797653,0.0168935522324913,0.11933790097876,0.0292835332777783,0.228487225372206,-0.103401658052232,-0.050802246046616,0.0101048724507255,-0.00551770798119168,0.111589378204405,0.0617018717371316,0.0381555770160895
"FAM135B","FAM135B","yellow","yellow",0.0306458847803294,-0.0296924855271259,-0.157372305841506,0.355610595404334,-0.0799959735865977,0.0227466146852827,-0.103874192545109,0.113351312993437,-0.0223418165950619,0.0607228355739865,-0.0867349967604069,-0.0569641687621496
"SNED1","SNED1","brown","brown",-0.0664788108578951,-0.0284602492130532,-0.0913023155876198,0.160689797650533,-0.144623143011162,0.207955118569768,0.116778668000952,-0.0281183927755638,-0.0605315556705892,-0.0826730332143413,0.126547816945622,-0.0867183895014464
"FBXO40","FBXO40","blue","blue",0.000246638959528282,0.109012276536222,0.030003896668157,0.0020106930101807,0.0422480766123501,-0.033241689138329,-0.0138998572663167,0.00442968380973558,0.0312679021455785,0.00524401902232537,-0.0243909671106914,-0.0243995602205069
"MPP7","MPP7","yellow","yellow",0.0135019710107791,0.0164520375718872,-0.0361226000133503,0.132352403949074,-0.011790482917937,-0.0138278518864006,-0.0251436773155814,0.0686550500454886,0.038415879653912,0.000338672622514842,-0.0541826079856555,-0.013831311605662
"NEDD4L","NEDD4L","yellow","yellow",0.0471937225385781,-0.0293223809082343,-0.222604020061542,0.517311821637239,-0.1293740647373,0.0348212154539817,-0.111715701484866,0.060328440469348,-0.054961583415503,-0.0240766101448984,-0.127274405945533,-0.0852358849923591
"AL355835.1","AL355835.1","turquoise","turquoise",-0.031524729722486,0.0101202039622383,0.111084353171065,-0.0611807225016806,0.201465179741585,-0.111269332714321,-0.0200678310094893,-0.0184378209946409,-0.0673203378271604,0.0595749751033015,0.0810855501008813,0.0674286107778767
"DPP4","DPP4","brown","brown",-0.0700477514053901,-0.0270018891289987,0.0195160929278417,-0.0459473268104878,-0.106448915161458,0.23213639926446,-0.0428856874657663,-0.0134128587249629,0.281901931391533,-0.00471594954058945,-0.0467542212120691,-0.159478681917855
"DAB1","DAB1","blue","blue",-0.0310698069433601,0.0762776240106875,0.0760292718334555,-0.03056156706137,0.0781108529691475,-0.0288077778420159,0.0377020293325995,-0.0249685809053794,-0.00332144571278615,-0.0121453913015753,0.0158914307946013,0.0243612957004486
"RGS2","RGS2","brown","brown",-0.0811131352612845,-0.14863841746641,0.0442992890267154,-0.0917117215638693,-0.136559754331425,0.254526555967825,0.164406561561372,-0.0385974810789156,-0.171680948649147,0.0920669616745489,0.362467576994164,0.0410227020009686
"WHRN","WHRN","yellow","yellow",-0.0281928995499873,-0.0295778374508479,-0.013843057680089,0.109188934335215,-0.0246563076421217,0.03037411351348,0.0119899691660787,0.016370923168391,-0.0408065889850372,0.0754619987281802,0.0342921938892132,0.0545219125781796
"PECAM1","PECAM1","blue","blue",-0.00401296337554166,0.465912351302323,0.0852477593726771,-0.0134943250725815,0.0700381380480458,-0.0674504083712323,0.0202545325895015,-0.00389252788764392,0.02467213722302,-0.0648399438503007,-0.062890123818364,-0.0794865392128472
"CCDC141","CCDC141","blue","blue",-0.000926399848373569,0.393817998833887,0.0970255910278102,-0.011779777162819,0.121483500520649,-0.11460933558283,-0.0484415962348089,0.0176759241104274,0.0989193193987731,-0.011923663522296,-0.0973761972624797,-0.0907360388285253
"AC087280.2","AC087280.2","brown","brown",-0.00849279248100211,0.050942567232388,-0.00219278465609085,0.0246590612865422,-0.0334925387468707,0.0596899209669223,-0.00038831303390784,0.00339132363155121,0.0303325788579734,0.0243678130340699,-0.0255524914146687,-0.0342087597202324
"ITIH4","ITIH4","blue","blue",0.00365265361340708,0.0744024783206359,-0.0129394627517068,0.109608358064771,-0.0133475995424584,0.00369698267780322,-0.00626611171693422,0.0102210535711338,0.0101744912356022,-0.0245496954821472,-0.0428228833478642,-0.0365749992942383
"B2M","B2M","yellow","yellow",0.0800298173200538,-0.072779030182198,-0.0390099409263684,0.177131808371246,-0.261677191263385,0.115048100484105,0.0475579831099088,0.0215682852988943,0.0823135909089507,0.077060073103081,0.0142971622008531,0.0851420020531874
"TNFRSF21","TNFRSF21","brown","brown",-0.0269234382881226,-0.0228164651278495,0.0233298694314142,0.00502448629829072,-0.0177006853440576,0.0863119456172954,0.00779598978309642,-0.0238392464768407,0.0318167067925403,-0.0134006840533583,0.00854364591897732,-0.0410792019977994
"FLNB","FLNB","brown","brown",-0.0414468294377761,-0.00950364595431187,-0.0266548932434454,0.0454198133151301,-0.0992309595714684,0.158818340528447,-0.0273622121522834,-0.0328912957152404,0.257232264065746,-0.0198143293341808,-0.118221008642769,-0.103506184182673
"NOTCH3","NOTCH3","green","green",-0.0116172721494836,0.0354552468812051,0.0704441941673489,-0.0189973627478428,0.042995324746679,-0.0272688327461424,0.0327296797185634,0.00897598145763965,-0.0492890972930954,0.158868578534253,0.0913353521018621,0.0236422972253004
"CCDC138","CCDC138","brown","brown",-0.0407059239901704,0.103455604634013,-0.00178520177161527,0.0385698700995241,-0.0222997570798629,0.124508531397738,0.0558118248038684,0.00690307720583365,0.00195788510145696,-0.0177540465025235,-0.0181920402725656,-0.0842935260908171
"GPRIN3","GPRIN3","yellow","yellow",0.0181943450593502,-0.00600100981212239,-0.104258138572013,0.287580349681227,-0.0516341638091931,-0.000579306208670523,-0.0470364629726586,0.0337442526325741,-0.0249831424935236,-0.0291989793695644,-0.0613327648271493,-0.0384831890985697
"ETV1","ETV1","blue","blue",-0.00224925081934626,0.164079038733915,0.106623495557507,-0.0495913065046528,0.140560457897015,-0.125252826288506,0.0191133674409272,0.0989527095140022,-0.0507033728572248,0.0696973831121584,0.0218903115088174,0.0415228531937057
"SLC9A7","SLC9A7","brown","brown",0.0019869728206823,0.0345801405430405,0.0063188505173994,-0.0180548476901408,-0.043432317509959,0.0822723983933982,0.00473332375597654,0.00824300348685635,0.0273139847003017,-0.0245470008352571,0.00359834972671447,-0.0520956045448384
"FOXO3","FOXO3","purple","purple",-0.0169780276573715,-0.0313400163469518,0.0188645799322761,-0.00510118299253181,-0.00307022728867645,0.0398922568637429,0.0368639294828522,0.00650005381269101,-0.0763368479786343,0.0301392846243144,0.16852176653161,0.0949438995476589
"TMC1","TMC1","blue","blue",-0.00654483842836721,0.160321897023399,0.0558940091929095,-0.0124999330192118,0.0659936712423459,-0.0584940957112934,-0.0264594237392706,-0.000439955034122879,0.0214444467754669,-0.00366230209325658,-0.0393470483887691,-0.029851492125733
"CCN2","CCN2","brown","brown",-0.017488861910471,-0.0813544206636027,-0.016563871005033,0.0653095410739223,-0.109836747806209,0.104504887868659,-0.0660943414552943,0.180357539835679,0.023777230913908,0.245822534346409,0.0610396384548095,-0.00134273391499577
"PRRX1","PRRX1","brown","brown",-0.0780681298474989,-0.111094987826956,-0.0388414273873234,0.0194726292970554,-0.134587051001967,0.271902869461333,-0.0839326032698779,0.0691544559174558,0.0644557837386515,0.110393398983191,0.0296512065801708,-0.204286825530815
"DLGAP2","DLGAP2","red","red",-0.0184911231470519,0.0166479108248597,0.0328657645470988,-0.0135021841829274,0.0109685255011297,0.0347860540398253,0.0794330912207281,-0.0136769149276667,-0.00714959872480971,-0.000904787614297723,0.036018678456275,0.00363757112460538
"EBF2","EBF2","turquoise","turquoise",-0.0732564967939867,0.127038833230241,0.298617581482631,-0.175383918394963,0.463674054724196,-0.350831901826721,-0.0336212552164579,-0.0989575651963525,0.0572513918051762,0.0504862684430781,0.0187308338594758,0.14881273772356
"LY96","LY96","blue","blue",-0.0264836347275637,0.198249581085437,0.105258933450715,-0.0271405613110647,0.0655907429724527,-0.027574759198588,0.0474331538116686,-0.000245812817719828,0.0366688150448762,0.0376850879314403,0.0330296779924188,-0.00119964498136689
"THSD8","THSD8","blue","blue",-0.00296880945963915,0.451671669034989,0.143461666163915,-0.0385806446415091,0.226738626558907,-0.241553371422404,-0.0649552792319197,0.000963861712714635,0.0537393832995582,-0.0212778721567125,-0.132527362902413,-0.0359798085375836
"PALLD","PALLD","brown","brown",-0.0111119720594139,0.00192508538886495,0.041367497318503,-0.0654897605871372,0.00660746016328622,0.0500797385712558,0.0432272220833845,0.0948816508192259,0.0593234439639761,0.0426589631145537,0.0285359849132541,0.000606386708185755
"BRINP1","BRINP1","green","green",-0.0123997510127762,0.00473615287326012,0.0135286887453143,-0.0180275478365443,0.0399675529960331,-0.000132694340628325,-0.0390743208336726,0.00280132624401179,-0.087690525485294,0.16112435359572,0.0727024356450024,0.011379328141944
"AGPAT4","AGPAT4","yellow","yellow",-0.00684651931131616,-0.00252552607201918,-0.105408121210231,0.377369585803991,-0.0407384548508386,0.0475578966654425,-0.0935707466803667,0.0588393967076698,-0.0173006507462456,0.103181394335408,-0.0543992158492211,-0.0608777213477248
"CADPS2","CADPS2","yellow","yellow",-0.0454811580757338,0.00809447389877332,-0.0771357721595715,0.201179861773099,-0.0959739347521801,0.120608664471576,0.0714779356268779,-0.051331991997476,0.0417469170967438,-0.134489210667607,-0.0774867451531634,-0.0499764628745251
"AC009226.1","AC009226.1","brown","brown",-0.0298831354712134,0.116776896552001,-0.0153076083349102,0.0139960655234928,-0.074210821896612,0.158768574232356,0.104389433494444,-0.00238761452122355,-0.00910173320912051,-0.0260416144259468,0.0343818371710891,-0.0779499787212579
"MTSS1","MTSS1","turquoise","turquoise",-0.0490800171006121,0.0206033478361035,0.157802548679455,-0.117351198673513,0.25202862323376,-0.135874369466882,-0.117609795701689,0.0486064434971726,0.0607620525098929,0.00681213163224584,-0.0230502779527359,0.0180055426686891
"AC098872.1","AC098872.1","blue","blue",0.000477811208563285,0.452813833342948,0.0392768553190242,-0.00216118074096497,0.0290782250568622,-0.0432129845427817,0.00257401525538808,0.00399240790991802,0.022113388978368,-0.00683549435634225,-0.0549760959845557,-0.0923661830901241
"SH3RF2","SH3RF2","blue","blue",-0.00604592867917369,0.110457194570233,0.0285377339489853,-0.00282130381892321,0.0426571628185256,-0.0198485654842581,-0.00814001584052337,-0.00323259833412686,0.00734425598307852,-0.00283618529821788,-0.0166082031111471,-0.0299309058295042
"BCL2","BCL2","turquoise","turquoise",-0.0153597733857828,0.135156183916309,0.120913543247493,-0.0886038989313329,0.184638579670066,-0.141369666792882,-0.00101725086855623,0.0721128957673026,-0.0569361700096195,0.0375487403126979,0.0332678348369927,0.0619111735884148
"DLL3","DLL3","blue","blue",-0.00244468193348456,0.607956949879466,0.0920577516963317,-0.0319171521968812,0.120600238291627,-0.149305203502854,0.00574902371464102,0.0012482207140404,0.0494051343331485,-0.0439139462335885,-0.0955356399324834,-0.0759007324738579
"NR6A1","NR6A1","brown","brown",-0.0160274061188516,-0.00525918750768758,-0.0283237538304999,0.00281277414609421,-0.0672013055530077,0.0874962453972569,0.0123264044852229,0.0131722919276571,0.0675202638876528,-0.0194600694023989,-0.0444053273513729,-0.0453163946191767
"ZFPM2-AS1","ZFPM2-AS1","brown","brown",-0.0575295189685614,0.0619868931367362,0.0829141429778502,-0.0687165541796947,0.0373703861056064,0.0635183453849697,0.0546643207361729,-0.0424334455313306,0.00652842457079659,-0.000254922477957524,0.05835419401066,-0.0110296705474415
"KANK1","KANK1","blue","blue",-0.023680884383317,0.0873249529511595,0.0734805487534379,-0.0102813001061629,0.0857745719355521,-0.0298450347792105,-0.0676184919745073,-0.0237772681931191,0.166046692428794,-0.00534780108389392,-0.0889957461897347,-0.0563500950568144
"WNT2B","WNT2B","blue","blue",-0.0295439482255475,0.122878567445633,0.0525905231760443,-0.0166621571915138,0.00118245731478465,0.0530159721813478,0.0936957771338208,-0.0135807571055032,0.0491221185169769,-0.0106651033609979,0.00646065245688728,-0.0349665999592235
"ADAM19","ADAM19","turquoise","turquoise",-0.020702209994721,0.0898349996048124,0.172425067930714,-0.11499883973081,0.242880278517232,-0.160561188984025,0.110588729913277,-0.0414069063548019,-0.187902443851478,0.0284311454992944,0.191100828888768,0.120889436848033
"AL691403.1","AL691403.1","magenta","magenta",-0.0114751358798698,0.00355774766981483,0.0743741654984616,-0.00716049398753561,0.0802217369324768,-0.116050713046674,0.0207159515430955,0.0118577453013713,-0.0315885507368193,0.0112091704329543,0.0116793309699106,0.199672702468727
"AC104574.2","AC104574.2","blue","blue",-0.0193488832003234,0.0851934194847751,0.0498783587093093,0.0132328228454065,0.0550535392659348,-0.0141838346697322,0.0315594992250522,-0.0165591485976185,-0.00312007879606689,0.00910338769828875,0.0107418208626809,-0.0159464885695269
"SPAG16","SPAG16","blue","blue",-0.00838536459642068,0.0759276438918312,0.0398888124099951,0.081716882641334,0.0693290950828514,-0.0329966757961634,-0.0215249767870777,0.0157057290384762,0.0144518999027239,0.0175688115110613,-0.0416305823387525,-0.0329509744219324
"PRELID2","PRELID2","turquoise","turquoise",-0.0101341530603437,0.0154430695047385,0.0765190689429236,-0.0228136323537212,0.12958475514904,-0.100231247157027,-0.0450206252244427,0.0609050741389697,-0.00148950756898741,0.0657562452932274,0.00691991175915177,0.0414871537068079
"SLC2A13","SLC2A13","brown","brown",-0.0852052916165234,-0.0699371638244331,0.104356254847971,-0.0832716947620459,0.104701298728675,0.0887891266997035,-0.00120726407408854,-0.0397464389196399,-0.10281090698984,0.158333441513444,0.193325955086081,0.0118481150420281
"CIP2A","CIP2A","brown","brown",-0.0211891233499004,0.020888403305797,-0.00963911810644505,0.0341983099082624,-0.0641821729423169,0.105177450099168,0.0629630313024913,-0.0156602007713352,0.0102137417962992,-0.0407379479446436,0.0230813236198245,-0.0380183271702744
"DAPK2","DAPK2","yellow","yellow",-0.00339986056071354,0.0494563605567554,0.00919814485786231,0.0949105782288366,0.0221221168252254,-0.0100272367265236,-0.0199214702069269,0.0103729094017508,-0.0146029291771259,0.00024432074623713,-0.0201456978774544,-0.0160108186028991
"MAP3K7CL","MAP3K7CL","blue","blue",-0.0147029005437211,0.113538632538801,0.00846424018666227,0.0221364945785952,-0.00111922226406708,0.0289835499065616,0.0309490837068229,0.0170839650566305,0.0214237332379124,-0.0178218455767227,0.00711449391485404,-0.0439487337484008
"AC003991.1","AC003991.1","blue","blue",-0.0198030540148715,0.243307719473052,0.117666347828712,-0.0340426654264672,0.0807786711802599,-0.0536496469804028,0.16725772353084,-0.0256012123156535,-0.0313142957887339,-0.0305420191972347,0.0959919395956746,0.0632789609066502
"IL2RA","IL2RA","red","red",-0.000162824777026842,0.00571811338852326,0.0169708906665761,-0.0172182056894256,-0.00209908325005201,0.0135746690042196,0.122708454780152,-0.0175573241932263,-0.028509501347827,-0.0271785614742702,0.0428850304308439,0.0373624389688737
"PREX2","PREX2","turquoise","turquoise",-0.00407167973035016,0.0238671791834397,0.236863685412799,-0.144755238429867,0.367359377630256,-0.230408047077439,-0.00420925170693724,-0.0394808808420948,-0.198226549772466,0.13091940482111,0.183228883673716,0.188100065428164
"KIF25","KIF25","blue","blue",0.00536625466757622,0.0816236934513792,0.0142932607790087,0.00036418250901939,0.0188013592533034,-0.00466749588252117,-0.00256349592114725,0.0100298020020877,0.00277998282285969,0.0181126711579314,-0.00488909528209549,-0.0252798088425376
"TSC22D2","TSC22D2","brown","brown",-0.073870431153803,-0.0801316321896872,-0.0556808844812355,-0.0503652427014337,-0.269414269718526,0.322994364875071,0.27002488959657,-0.0338762905895507,-0.0384870563376549,-0.0576080802124282,0.226834751191858,0.130438454372445
"CHRNA7","CHRNA7","black","black",-0.00753968200174033,-0.00535509964994534,0.0146148062134846,-0.0108848806794632,-0.00770306687140994,-0.000368091463641728,0.0190599257025919,0.0403389645623257,-0.00507676960975217,0.028760144392176,0.00992098639363069,0.0348065811782595
"SLC1A2","SLC1A2","blue","blue",-0.0277728664014733,0.145425482815228,0.015334308272946,-0.00909083330475319,-0.0204204279428795,0.0493831504352417,-0.0053172336595147,0.00524657333783745,0.183385829669824,-0.0171813438338664,-0.0728269619606766,-0.0583003445010311
"RUBCNL","RUBCNL","brown","brown",-0.0403110281853384,-0.018095926470441,-0.0510369540954007,0.054232709101624,-0.138366860197965,0.23357381926775,0.0760227073556616,-0.0150810222757229,-0.00301840337568732,0.0177263045621303,0.0861402457718776,-0.104351375823031
"BDKRB2","BDKRB2","yellow","yellow",0.0135393137284175,-0.0220670399996051,-0.151954833176994,0.388159822677373,-0.115434347865078,0.0712255516393189,-0.0833105159112647,0.0270651591403221,0.114621170863021,-0.0568090526267266,-0.144054972986327,-0.0999033772215982
"WTAP","WTAP","brown","brown",-0.028216938067186,-0.132581485379895,-0.192309730419486,0.14372696742142,-0.361124052094209,0.377694999447448,0.27300862963355,-0.064320850479353,-0.0661500165225832,-0.191601491768523,0.0852134220053659,0.0155428314388159
"CAMK2D","CAMK2D","brown","brown",-0.055759647819204,0.00483663546714374,0.0114435144054048,-0.0435419447630413,-0.0988385908044628,0.217728975004349,0.146961073795272,-0.0629142619736591,-0.048697733130416,-0.0173823066070812,0.181071813530249,-0.0478389049135895
"COL23A1","COL23A1","blue","blue",-0.00387533582368437,0.18179542259721,0.0562066166188862,-0.0104207488897581,0.0607847014772939,-0.0540999974085767,0.0219176222613207,0.000318941867486118,-0.00116773658713844,-0.0152506130240619,-0.0141332605800703,-0.00500903379809599
"GULP1","GULP1","turquoise","turquoise",-0.0295505520445266,-0.0041047066343422,0.0949973084217355,0.155296136708265,0.287650913644171,-0.200091185762133,-0.13910789738728,0.0475645898476837,-0.128125792974296,0.164125965654173,0.0386025054613249,0.0799067237578397
"OSMR","OSMR","blue","blue",-0.010680199464185,0.0988039287871241,-0.046345936396418,0.0729164344533107,-0.120747323339039,0.173041099614129,0.156578799281874,-0.0425716811177085,0.067990491712871,-0.101866581173942,0.022938115161015,-0.0766592455822194
"STX17-AS1","STX17-AS1","red","red",-0.064405445187947,-0.0403164307492481,0.0323983607989512,-0.0532973386301386,-0.0773640362981661,0.142212972798353,0.332015980265125,-0.0176778244635218,-0.0672560194656774,-0.0229101101665215,0.199384294847507,0.110052293895055
"NAALADL2","NAALADL2","turquoise","turquoise",-0.06805006164657,0.0773900368810196,0.115499315035056,-0.0418311316468662,0.217922193952831,-0.105539539833507,-0.0440042288152232,0.0266372563351409,-0.0267895937767228,0.137477665933916,0.0602749672569977,0.0323974920824793
"LINC00968","LINC00968","turquoise","turquoise",-0.0359440500358252,0.0597396529964523,0.198940942964249,-0.0819002768657641,0.295572590532067,-0.156075323993493,-0.0576945827962064,-0.0550140056285861,0.0803602154554375,0.0426887568014296,0.0258879879019342,0.0325747815717373
"ADGRG2","ADGRG2","greenyellow","greenyellow",-0.0121873756891566,-0.00732203547249757,-0.0477972870943664,0.138841139708777,-0.0105592042804083,0.0181905244332107,-0.100994340498265,0.101393610400718,0.269352587983321,0.00960699202873622,-0.11987260681194,-0.0737129407036605
"PLXNA4","PLXNA4","yellow","yellow",0.00152532828604066,-5.28015800265087e-05,-0.0733646639388191,0.184277949477616,-0.0376051883127319,0.017856832781369,-0.0423870843799769,0.0615364273810241,-0.0320039896205185,-0.00471220288762899,-0.0479843941194266,-0.0298012269040654
"SERTAD2","SERTAD2","yellow","yellow",-0.0123779305812434,-0.0108112476987046,-0.0823229425997711,0.148282558948769,-0.135618257013682,0.113615195047431,0.0610286975509383,0.00793893017963867,0.0697318881224562,-0.0680647146310134,-0.0784556437972522,0.000792884649057188
"TMEM161B-AS1","TMEM161B-AS1","blue","blue",-0.0185623011468764,0.179484119488623,0.100938205001,-0.00561750990078117,0.147277280247816,-0.104968156746697,-0.0272626002402309,-0.00247565772996358,0.0305490868980475,0.00687673948888067,-0.0449600765133729,-0.0270559167193085
"GADL1","GADL1","blue","blue",-0.00579084953197161,0.280593518513372,0.0724735697397988,-0.00743443712387098,0.0875672181279308,-0.077390503071847,-0.0408468171392417,-0.00173826211150294,0.0418938855012143,0.00962335035129321,-0.0414774458030718,-0.0514638726206649
"LUM","LUM","green","green",-0.0527460985484054,-0.00409050206880334,0.0973944608602397,0.114823540616334,-0.0116010309530298,0.0178899303610884,-0.100872487963012,0.0443372268312617,0.0335340160612076,0.486138023546705,0.0329522546888,0.0116252075852164
"NEDD9","NEDD9","brown","brown",-0.0231237458593882,0.0121569457117242,0.0215563824795648,-0.00475370255447805,-0.0469488870936385,0.0994163350470552,0.028287669610387,-0.0257743900867925,0.208173103482449,-0.0563230255798568,-0.061139713847707,-0.01337613767212
"LIPE-AS1","LIPE-AS1","blue","blue",-0.00369551726299412,0.108409084795624,0.0293203735371994,0.0242942457718048,0.0216734419886283,0.000736783384848373,0.0387774348189341,-0.0167995614929078,0.0349016862800716,-0.050419638843106,-0.0311150032356278,-0.0290261311261848
"AL603840.1","AL603840.1","blue","blue",-0.015872969153494,0.104725409068582,0.0325637050009214,-0.0358186135307426,0.00819640730404684,0.0354448836014561,0.0681780506537396,-0.0247456816193891,-0.0421693137224544,-0.0578728244994085,0.0233192703036148,-0.030720751487364
"ASAP1","ASAP1","brown","brown",0.00718686071762197,-0.112822106867779,-0.182775033826591,0.0920065424872497,-0.332158518865782,0.446821772318201,0.0758443331002133,-0.00317180967823336,-0.0212173811884413,0.0196130220940674,0.120180394296123,-0.174309655528674
"THSD7A","THSD7A","turquoise","turquoise",-0.0321631134501688,0.0441312031606928,0.111908346903169,-0.0360354751457437,0.156049907863818,-0.0816610955989144,0.0411219800445475,-0.0420750348667916,-0.121639657102223,0.0318415293230531,0.0906041014848519,0.0782419159525582
"MBP","MBP","blue","blue",-0.0651233220449048,0.139524120180047,0.156022608571076,-0.107087435253059,0.120536743705036,-0.0177217811909164,0.124233780569304,-0.0755102243853956,0.0403353533293301,-0.0173959006850112,0.132962018046038,0.0464943336777485
"NOL4L","NOL4L","blue","blue",-0.00485813639316428,0.137819228957843,0.0581699232001672,-0.00769223339586429,0.045888008640054,-0.0355295038714588,0.0201247049252538,-0.0051765957509137,-0.00452480173766643,-0.00565326393197886,0.0058416975864674,0.00638146401447982
"EYA2","EYA2","turquoise","turquoise",-0.00902302555439827,0.0386538590139153,0.0894877821734907,-0.0755515528690258,0.186931386159591,-0.164909865512242,-0.0403945562274613,0.248186421785271,-0.0935892199422209,0.0684686661506841,0.0535699041638969,0.0640811960176823
"CREM","CREM","red","red",-0.0389158671680871,0.0130590512463758,-0.0286989722775285,0.0160227432424029,-0.117451795720333,0.190865944688177,0.227132688531669,-0.0364488040004582,-0.0330675972850547,-0.0636105712329839,0.0868785928430462,-0.0185384465992848
"CALD1","CALD1","green","green",0.0210030344339802,-0.00735859862678107,0.0974388048783098,0.0791508352717725,0.106138736113952,-0.146325808163426,-0.160834215924464,0.0517942717965713,0.0463850965863321,0.2535766202548,-0.0683823355963415,0.016652494211133
"INSIG1","INSIG1","brown","brown",-0.0528653351307669,-0.152539003514226,-0.0131850593585373,-0.043217696732916,-0.195299207269272,0.277003931613022,0.20098417500542,-0.050854518796897,-0.0490006067355431,0.0377810683267435,0.249794485913496,0.0636938638142221
"NPAS2","NPAS2","yellow","yellow",-0.00943334461297249,0.0355384934660909,-0.0926252649660808,0.175120776231156,-0.116208801067187,0.137860166401651,0.0123805556497743,0.0417000957296677,0.0408333663826432,-0.0404169320861306,-0.0674384316822661,-0.102500297889472
"ARHGAP28","ARHGAP28","yellow","yellow",0.00107293591238822,0.0145739805584736,-0.0953522591277995,0.369947482099666,-0.0361993990430254,0.0171991780942362,-0.0596489061445844,0.0228110055496834,0.0660282535067873,-0.0313497995154791,-0.0957201724978147,-0.0554691285761015
"GJA1","GJA1","brown","brown",-0.0718568798242758,-0.065362925690924,-0.0449792464586619,0.0130494088715973,-0.241082684268923,0.321687021323761,0.087345247760274,-0.0432909739350976,0.151493358899353,-0.0633511315378857,0.0515560807305048,-0.134531578338883
"IFI44L","IFI44L","blue","blue",-0.0109250041653851,0.102343078986188,0.0715229132672726,-0.0224346635035144,0.0353927145210928,0.00465975753679793,0.0523673807018507,-0.0237382165922292,0.00563986352249988,-0.05651138994081,-0.0365247220928022,-0.0410725459518414
"CRPPA","CRPPA","turquoise","turquoise",-0.0224813203077982,0.0290283207839055,0.0634575308169265,-0.000829359712675958,0.103396035346705,-0.0675947801605259,-0.0128170928646226,0.0473989649628897,-0.0345260911076247,0.0609623376769883,0.0214227955816992,0.0419946666897286
"MRPL1","MRPL1","turquoise","turquoise",-0.00809694088471806,-0.00145414988008021,0.0747799239782041,-0.0194720201151278,0.0911211553950615,-0.0513273899392951,-0.0674723928919923,-0.01125051985049,0.046373513294598,-0.00185875915166803,-0.0660517010153499,-0.034808480225061
"TPD52L1","TPD52L1","yellow","yellow",0.0141522345289752,0.0620836190031607,0.00219852617265286,0.191804691902285,0.0481449949357258,-0.0621073902464947,-0.0609039320189349,0.0143655845777982,-0.0283210040849542,0.044517340136952,-0.0440637908378105,-0.0075166249693951
"STK32B","STK32B","turquoise","turquoise",-0.088235585888515,0.0730592392198123,0.187093007753561,-0.117673414394703,0.267688323280039,-0.0911482543416711,0.0184839948638538,-0.0448455119876011,0.128344404519739,-0.0227222183247381,0.077951719551561,0.0666929096269181
"ANK1","ANK1","yellow","yellow",0.0144004911711377,0.0151268091626873,-0.147733805800324,0.324454864023191,-0.108937452970465,0.0874113692139739,-0.0769968170969014,0.0384946943663401,0.00890700252132509,-0.00994245096554558,-0.117189211017921,-0.108960503990518
"FGFR1","FGFR1","brown","brown",-0.0938248087568719,-0.154721365936321,-0.157530118248344,0.0216597946146396,-0.384769648954358,0.528311959415548,0.186819674603426,-0.0280323419665096,0.0499040436390801,-0.0954216979134666,0.122139435112986,-0.152945756625383
"AC079793.1","AC079793.1","blue","blue",0.00241947002533159,0.0835046804294613,0.0223976532415495,-0.0075798059869153,0.0371151536869862,-0.0274232425500168,0.0142222970217755,0.00898285926682399,0.0354706633314123,-0.0200043127101625,-0.0231837951842787,-0.00524547296413061
"SUGCT","SUGCT","turquoise","turquoise",-0.0650127569972347,0.101687764675802,0.120927706267863,-0.0759650526733166,0.162856520109782,-0.00317591312024799,0.0108205768163628,-0.0320804959071156,0.109416862448219,0.0256806241910798,0.0388695857016273,-0.00430904038519149
"STPG4","STPG4","blue","blue",-0.0170236940006388,0.232233810036679,0.130536546534457,0.000895098616639453,0.174760921362663,-0.151616735355799,0.0114316097757519,-0.000618312602459425,0.017523929392341,-0.020583950068194,-0.0354290794812113,0.0843924920246615
"AC012636.1","AC012636.1","black","black",0.0206889999838965,-0.012286740096396,-0.0125628108532371,0.0254255685871146,0.0473993768598367,-0.0502078776271491,-0.0750953286587119,0.427982499308718,-0.0302364805114712,0.144884522931188,-0.00699834071968051,-0.0111694660290068
"LEKR1","LEKR1","blue","blue",0.00201555387195913,0.323513294632131,0.0165324874736065,0.0727056396002262,0.0334826548337566,-0.0393887491235687,-0.0440263939781999,0.0207146216694257,0.040846784491405,0.0188448495550367,-0.0717374289041856,-0.0860718052087484
"NR3C2","NR3C2","turquoise","turquoise",-0.0357937229722649,0.0967666296099488,0.148470065306433,-0.0591866788302024,0.249033447780755,-0.176192479985601,-0.0225508035464386,0.0310353990906393,0.0172857115170009,-0.0212569292647419,-0.0363720690257965,0.0739949439185575
"RBBP8","RBBP8","brown","brown",-0.0444994120068172,-0.0551144940566438,-0.0684207562179312,0.0406686815524384,-0.182220598918375,0.274670347404425,0.172592925676783,-0.0172708214056328,-5.68778321953785e-05,-0.0562366563582034,0.0687832782577981,-0.0579878842562151
"RANBP17","RANBP17","turquoise","turquoise",-0.0466011881589581,0.0408173374421466,0.0945481419565174,-0.0365714600760663,0.123597200871322,-0.0266710180705352,-0.035376336762765,-0.0109434848315244,0.0502567232310929,0.0870971426346698,0.00436109578986111,-0.00430339749512541
"SPSB1","SPSB1","brown","brown",-0.135949650971845,-0.0676054482732371,-0.126391137311009,-0.097434885706046,-0.40923173435044,0.599604774793483,0.462129482468007,-0.112828315249832,0.00454012712631958,-0.219331917668017,0.231297770066726,-0.120443104262844
"ATP2A2","ATP2A2","magenta","magenta",-0.0200901202116104,-0.104116040372024,0.028924215094384,-0.0483149235168503,-0.0408159688186206,0.0644312511571848,0.174722113341487,-0.0148219243214916,-0.0722758146825774,-0.00737259517508161,0.162504898378143,0.23578758916123
"LRRC23","LRRC23","red","red",-0.0198011793347515,0.25350853864148,0.0181033975489775,0.0699812550349731,0.0306534296664884,-0.0739284946034588,0.226436261358724,-0.0484653816348023,-0.10161057493777,-0.158162923538143,-0.018544876276605,0.114043232513217
"AC008250.1","AC008250.1","brown","brown",-0.0182021060737471,0.0178359971408353,-0.0030470794769703,-0.0168043873177171,-0.0676178364629811,0.108946783366473,0.088276830311205,-0.0182063007798042,-0.00748989065698161,-0.0604756209380266,0.0117170026320123,-0.0413846133997637
"DYNC1I1","DYNC1I1","turquoise","turquoise",-0.0384845869979855,0.0973662387914195,0.126949970132813,-0.0771829076539539,0.174697592832211,-0.0883482212296569,0.0208953363720786,-0.0325428040030736,-0.128860575815779,0.0320884888068372,0.0574978695902313,0.0196177854209655
"SMPX","SMPX","green","green",-0.0109904021904708,0.00178438948783829,0.0442622225978228,-0.00547616917444848,0.0343887855900252,-0.00323816238960945,-0.0134090685207799,-0.0011857503281754,0.00309045805425087,0.0662460318476716,0.0218066870158181,0.0134501746871562
"GRIN2A","GRIN2A","yellow","yellow",0.00682654908525911,-0.00409009316250909,-0.0492230363312218,0.146714823274236,-0.0204561506511935,0.00423744544087866,-0.025354929859253,0.0246489563613596,-0.0264103995678988,0.00959214117835746,-0.0390601352971284,-0.0146023978248325
"SAXO1","SAXO1","blue","blue",-0.00985823484026493,0.273893632803254,0.0469237877562565,0.0116365087981883,0.0486324339590242,-0.0466366918149218,0.0110884786117725,0.000719460924277708,0.0450634036996705,-0.0497056399585198,-0.0750288509513487,-0.0569231936078478
"AC091946.1","AC091946.1","blue","blue",-0.00575281388434944,0.13161516664122,0.0460128020103262,-0.00130988916121164,0.0646362566632646,-0.0486729211964206,0.0206496095527104,0.00240932554192414,-0.00225735937713314,-0.0146732944497634,-0.0212031858912256,-0.0138832607017705
"CYP1B1-AS1","CYP1B1-AS1","blue","blue",-0.0505142988500517,0.24032229137206,0.00280743770222233,0.0111623497988173,-0.0655639658102557,0.17193906595994,0.093673310229257,-0.0471205755948654,0.111678928901337,-0.132442593028543,-0.0470530553509766,-0.165244227426181
"ERO1B","ERO1B","red","red",-0.0654510465431185,0.0121360025831121,0.0794968651268369,-0.0500755870528833,0.0167641134081417,-0.00321389902832352,0.215994083733209,-0.0369441367815919,-0.0878160518369949,-0.046689747916764,0.142237334414691,0.224840002005751
"RFX8","RFX8","brown","brown",-0.0341641155382745,-0.0393886455969145,-0.0114004984208729,-0.0226124233375647,-0.0881372146550371,0.203473297202613,-0.00791466106134753,-0.0164767766598311,-0.0257239680525814,0.104501021490365,0.0750335106774187,-0.10116522798744
"PROM1","PROM1","blue","blue",0.00617968816200314,0.133037538237551,0.0370702141536179,-0.00548230608781951,0.0288992561663611,-0.0234363305502913,0.0132699533757283,0.00253408679358,0.0026377919918025,-0.0125473704681481,-0.0110191026387035,-0.0162705348735127
"FAM180A","FAM180A","brown","brown",-0.0205044517989133,-0.0677314079008938,-0.0920336506334895,0.112069909248686,-0.148572322719026,0.177131771435572,-0.0140356320806142,0.0656431544847926,0.075069883000895,-0.0146895259556408,-0.0727184119870651,-0.085633462008667
"CMIP","CMIP","yellow","yellow",-0.0122129557138188,-0.0565122899975185,-0.194241127411466,0.381486722170643,-0.218218333307165,0.235141926591041,-0.00292758368871263,0.00353392951267291,0.0524076713388463,-0.105993571266012,-0.106719007954602,-0.145038398754509
"ZSWIM6","ZSWIM6","yellow","yellow",-0.0658616011740227,-0.113323282108335,-0.179660706370835,0.278498883059817,-0.334094950853136,0.307247682833388,0.309521009349916,-0.0245659023820905,-0.0910610974126979,-0.0921844793897576,0.210470033068156,0.259122201711739
"HLA-B","HLA-B","yellow","yellow",0.141674353153891,0.0101307030912936,-0.16079392364316,0.338249912343378,-0.151733617302646,0.0435981246128746,-0.00919792155032043,0.0514325365473543,0.00679080965428116,-0.0335250804394468,-0.131013059339071,-0.0412503070188017
"KIAA1549L","KIAA1549L","brown","brown",-0.0334132981317625,0.193590712571822,0.0185808862889608,-0.0182412196604003,-0.0358679545001067,0.108765524577647,-0.0141279776237467,0.0231231127921278,-0.00965765049612779,0.152607606616285,0.0237791292073159,-0.107737837424683
"NAMPT","NAMPT","red","red",-0.0627793383483435,0.0264475817867009,0.0278491402749758,-0.0619334772465386,-0.17341784397325,0.182651859220407,0.528647278877837,-0.118579749656856,-0.0406936446889174,-0.214676921414174,0.21048675962597,0.316101589278167
"CAMKMT","CAMKMT","turquoise","turquoise",-0.0297554038540514,0.0211914336592773,0.0732776110412409,0.0129354565019916,0.147114469776298,-0.092975538077094,-0.0165144936242423,0.0440271442673289,0.0245257396558208,0.0264423925312729,-0.00833488760859937,0.0489183322089019
"CNKSR2","CNKSR2","turquoise","turquoise",-0.0311854749669278,0.0505403354005657,0.160141154453223,-0.0876647808600497,0.264021273613183,-0.181844534390507,-0.0769485491626949,0.157556071044586,-0.035582021340728,0.0911256163231661,0.00733652969699537,0.0624140607817858
"RUNX1T1","RUNX1T1","turquoise","turquoise",-0.0356875397976076,0.0418331374800598,0.235078783540842,-0.122490252032439,0.424234417135629,-0.311218960518952,-0.180453766632307,0.00203697050254715,0.0310688183140276,0.114835866575875,-0.0839467523273295,0.046193254963446
"AC093865.1","AC093865.1","blue","blue",-0.0123795918027873,0.143448663698649,0.0335113896852298,0.0160526709061812,0.00648947015271051,0.0297055101999297,0.0393740335810114,-0.0105771016943667,-0.0127375285023016,-0.0286007148690218,-0.00150791841905029,-0.0505988907781204
"CHST9","CHST9","turquoise","turquoise",-0.0215610429046733,-0.000227041694475437,0.152474861102556,-0.0710548449305726,0.218354933528779,-0.111221281747916,0.0265861460164551,-0.0371516973908104,-0.105109229926137,0.0920474968572514,0.160341872812127,0.107306821687883
"ENAH","ENAH","yellow","yellow",0.0324254136339819,0.0632346885913593,-0.123743174201475,0.246994458889253,-0.156774953924658,0.128644541077703,0.0499467179074249,0.0941918050993001,0.00729846889078286,0.00915300993773071,-0.0274435190966651,-0.0374477595266386
"HDX","HDX","brown","brown",-0.0889167688344001,-0.026007637695877,-0.0225255113095749,-0.0497228100504647,-0.162337833711483,0.285366584898706,0.250796697818032,-0.0716417259561893,-0.0472514095402568,-0.0602726310425792,0.151145923946899,-0.0235476083324119
"MAP1B","MAP1B","brown","brown",-0.115149072583221,-0.0117880312975608,0.121447088396812,-0.210791414044743,-0.0647825500398659,0.205115790889979,0.0916986967667532,-0.0530281381299668,0.0849361022994489,0.0762690043272675,0.134477508257132,-0.0267285099250804
"ZNF10","ZNF10","red","red",-0.0446889559120992,-0.0293020604117412,0.0608473448123657,-0.0157096414356056,0.0209167260105435,0.0225795927287546,0.170734603682149,-0.0346968697676956,-0.0673747401531675,-0.0330913135097555,0.0961097991891447,0.118646507864596
"MS4A6A","MS4A6A","pink","pink",0.152019362768384,-0.013904758639111,-0.0333896319918205,-0.00600633857564117,-0.0129393685755514,-0.0279877242249368,-0.0301445635302848,0.00114430465564948,-0.0183556491712382,0.00730833424557517,-0.0157266458417139,-0.00340317214968691
"AC009093.2","AC009093.2","blue","blue",-0.00765211706648428,0.104459651144199,0.0440078694216349,-0.008684525270463,0.0492556953979352,-0.00263544166828271,0.0355382936597329,0.015244133846985,0.0135032544835567,-0.0171932894632299,-0.0329427343070985,-0.0389093972906191
"COL6A1","COL6A1","green","green",-0.0253627495907512,-0.0726157286000279,0.295971553067865,-0.189769063361069,0.218747500040794,-0.157474235635252,-0.115364157645548,0.100733780571669,0.0736337507046066,0.593328329244428,0.218152518921576,0.150453510128423
"TPM1","TPM1","turquoise","turquoise",-0.0350673951864825,-0.00700759915049391,0.164472985809898,-0.0935571884176678,0.164839738486386,-0.111791631338524,-0.0866547717550494,-0.0244944414940997,0.101722815180233,0.128125110612223,-0.00038301998004984,0.0396055943682869
"TIMP3","TIMP3","yellow","yellow",0.0196776658132171,-0.0232014105887038,0.00862855818371952,0.264985983671856,-0.0570716872155533,-0.0230015219422627,-0.135160542910983,-0.0459741633328674,0.195572948142949,-0.00844743966454305,-0.21615909069614,-0.0499341180078632
"MXRA5","MXRA5","green","green",0.00388250429312532,-0.0817240051419798,-0.0208931523038444,0.0536242534809412,0.0101155121185968,0.0115822070569795,-0.183053405218618,0.286317611610492,-0.0636101485998789,0.62688533791853,0.0744158713363547,-0.0115987335896103
"DENND2A","DENND2A","turquoise","turquoise",-0.0428351063847486,0.11993499693722,0.197410524880495,-0.0966587042545198,0.297304564979821,-0.218201483654036,-0.010367564856645,-0.0489337038603129,0.110860928193004,0.0211900049308955,0.000727267356983922,0.0933321617132241
"ID4","ID4","green","green",-0.0235298579040719,-0.0249637033409053,0.0465361995847222,0.0480529312139897,-0.00813268889663639,-0.00505343089520911,-0.0233862634407169,0.0352947722534234,-0.0140079152167622,0.133286941863308,0.0194558869970404,0.108480841988784
"SVEP1","SVEP1","turquoise","turquoise",-0.0394745130890623,0.0745228550604575,0.231887844139601,-0.154684559594982,0.328834564282344,-0.177523876307593,-0.107054310355005,0.000642026168385064,0.0582689095587098,0.13089049630073,-0.0138014038786735,-0.00325916636942405
"AC104123.1","AC104123.1","brown","brown",-0.0213191979872447,0.0363296166260426,-0.0305255302037275,0.082336755136536,-0.0369993099551646,0.0658361925323073,0.0333401162648662,-0.00642090932520542,-0.0219153822299236,-0.0406467880707603,0.00389783705650399,-0.0305776152258289
"AC079298.3","AC079298.3","blue","blue",-0.0132593004378304,0.0997067316669809,0.0350291193715632,-0.0281187083758502,0.0451186513751234,-0.0275811578180704,-0.0338123711357002,0.0216128855371255,0.0371237192301028,-0.00197194326430349,-0.0916674643796362,-0.0394584137436146
"LINC01993","LINC01993","blue","blue",0.00356755176672393,0.339690477368135,0.0725074319167097,-0.00345124646243638,0.0941525000879314,-0.0969529616825768,-0.0248580389275993,0.00241316114695385,0.0240784024207367,-0.0198687895810661,-0.0608084446491034,-0.0624842263534988
"AC011511.2","AC011511.2","red","red",-0.0204012874744712,-0.0192365317492378,0.0182287130217553,-0.0263313581197086,-0.061428083832816,0.0636458765869546,0.297348785660553,-0.0449816954611701,-0.0287594716132073,-0.120168902513392,0.0502855976297589,0.116657753794561
"JDP2","JDP2","magenta","magenta",-0.0343288279224661,0.0182405373174629,0.170033881189373,-0.0790359057068096,0.211585114939913,-0.216986139506311,0.0710071468826082,-0.0263677555348681,-0.0446220276138754,-0.014672387498026,0.062958212300004,0.428541056664823
"ARHGAP26","ARHGAP26","brown","brown",0.0144471141381155,0.040888885904621,0.0208600705021969,-0.0957232404010288,-0.0396682851204256,0.12528666651758,0.153447913351693,-0.0770575649654949,-0.0994298190388369,-0.0474481316138289,0.150351190010201,0.0129901009826367
"EBF1","EBF1","turquoise","turquoise",-0.0612355293705686,0.154197859351232,0.159414150967741,-0.0187412470210581,0.326939438064383,-0.256276881936629,-0.0605072675858554,-0.0201567731382401,0.173932405375776,-0.0751992143272857,-0.147172161291144,0.0441860197777755
"LINC01376","LINC01376","blue","blue",-0.0201730016633459,0.195294481258383,0.0686317848194618,-0.0041422888765834,0.105807941030549,-0.069530125618331,-0.00719273896806881,-5.68937266680338e-05,0.021344115690814,-0.0292797912870054,-0.053582039960916,-0.0450020009149979
"MT-ATP6","MT-ATP6","pink","pink",0.415021627038901,0.0415932689916473,-0.172008101030278,0.0423316870319774,-0.115969141604281,-0.199610145076095,-0.150927828167797,0.0783234895689598,-0.0713969566331844,-0.0858940694817464,-0.267431581727992,-0.102997041689074
"PRKCG","PRKCG","turquoise","turquoise",-0.0184174170293947,0.230169793329197,0.13132102658144,-0.0568539196607581,0.193621891686612,-0.145935707819727,0.0527018344225322,-0.024600200192037,-0.0296778307924736,-0.00257512781535763,0.0108130884053114,0.0714460713803151
"SP140","SP140","yellow","yellow",0.00594981311870001,0.0183103776294046,-0.0202535441733075,0.0890394943648969,-0.0130874051842383,0.0045420771860599,-0.00143743639971183,0.0106573498807363,-0.0131718401795839,0.0108576369229794,-0.00548063033001476,-0.00931384487082246
"PTCHD1","PTCHD1","brown","brown",-0.0434349728573546,-0.0620102686254644,0.0495708039728681,-0.061877818086075,0.0141143592687019,0.0877240093521928,0.0572237321744435,-0.0420173085557159,-0.180311167912863,0.0762288149210193,0.224035951635797,0.00371030775562072
"SH3GL2","SH3GL2","yellow","yellow",-0.00121983291066971,0.109659735400269,-0.0350822000720993,0.0889266803145478,-0.0437379384772067,0.0341635224282253,-0.0275092796546078,0.0198586075522811,0.0449759515089997,-0.0111066832354599,-0.0718905532335188,-0.0568128362130141
"SH3RF1","SH3RF1","brown","brown",-0.0440559749450819,-0.0631370051231786,0.0288092462745516,-0.0034075851590596,-0.0249608485213362,0.134998031665624,0.0940964955426055,-0.0658120573552997,-0.0417754222339033,-0.00644135174454903,0.128329077099655,0.0228200310318856
"EZR","EZR","yellow","yellow",0.0126151254739256,-0.00610209013444226,-0.0343753219153754,0.118282323288547,-0.059672364605842,0.0455056196633326,0.043764543593676,0.0988905536279812,0.0155940532570275,-0.0444289465729535,-0.0110739949189769,0.0371617491094095
"AL049828.1","AL049828.1","yellow","yellow",-0.0150436864783457,0.0769608933664901,-0.00347410376322815,0.127487737078262,0.00977341677224023,0.020607918018729,0.0012911439785402,-0.00183650162072814,0.029741525631646,-0.00088810329120638,-0.0292748046096774,-0.0365595793504973
"ZSWIM5","ZSWIM5","green","green",-0.0243607377727732,0.00619362971327201,0.0379252371260772,-0.00387600491027739,0.0350552745181185,0.0081377833614095,-0.0156149829835678,0.00593389459853335,-0.0114120379865557,0.0904770500207976,0.0190300942442722,0.00656857858466116
"CLMN","CLMN","turquoise","turquoise",-0.0391979385860554,0.0400502110083841,0.164718656470024,-0.087645425877887,0.216367148887756,-0.133029717045061,0.0403756882732361,-0.0239104229164258,-0.139174152600542,0.074186463071795,0.14452424435082,0.125178667851853
"RAPGEF1","RAPGEF1","brown","brown",0.0908103736212873,-0.00862808857186876,-0.00788481348462427,-0.0249593428616498,-0.0173445265798175,0.0705030143193889,-0.0334850788129704,-0.0218354610583221,0.0614792303438799,-0.0470083542534828,-0.0555969577541561,-0.0617405121192945
"MIR924HG","MIR924HG","yellow","yellow",0.000285139224117318,-0.00654933358454366,-0.00255933217183598,0.0600184192962005,0.0181199556050301,-0.00728183953698349,-0.012422824131437,0.00585202625367647,-0.0178064584007588,0.00194762260834713,-0.0140234780576292,-0.0161410413197958
"CD38","CD38","blue","blue",-0.0156628086094335,0.114655652881985,0.0247576059741265,-0.0118657953060514,-0.0153883013089913,0.042550832596015,0.046783503947597,-0.0093364252999513,0.0210854029821648,-0.0443809893195403,-0.019682863331457,-0.0323362963730168
"TBC1D30","TBC1D30","blue","blue",-0.00831708309833123,0.160525910713118,0.0573975363719856,-0.0208258635156703,0.0331999975789965,-0.0125384530078115,0.0440378143465478,-0.00884916412662175,0.00706880171430916,-0.0113534641815629,0.0172917459286363,-0.015230040349953
"HSPB1","HSPB1","magenta","magenta",0.0637066905592466,-0.127587252991954,0.100834786985317,-0.00754253088482239,0.115412133550404,-0.231472481275959,-0.180053809951733,0.0487935999066688,-0.00384513013706331,0.216233372605223,0.0082197184771586,0.356803612956542
"RAB31","RAB31","brown","brown",-0.0550469647213502,-0.0596898210388898,0.000624499179248657,-0.0303754166005956,-0.100509164251371,0.17401449555506,0.153474478746776,0.0994907855315465,-0.0727425654560812,0.089069819280305,0.166316355807895,0.035363623963972
"LURAP1L","LURAP1L","turquoise","turquoise",-0.026696849622105,0.0149431943585799,0.0910331720683158,-0.0324508912310255,0.155515299189042,-0.101923650018476,-0.0891603413492262,0.0376906579970931,0.116039704453403,0.0581689284060725,-0.050463980574913,-0.0147130754575123
"MANBA","MANBA","blue","blue",0.00408486069691561,0.301685469040088,0.113876028054095,0.00925761139648419,0.153025512708553,-0.134533020665376,-0.0438702705587689,0.0363175460641358,0.0460136081066093,0.0432427727599596,-0.0707784144242657,-0.0142781195727404
"ST5","ST5","yellow","yellow",-0.0342326631462907,0.0358269709846111,0.00427585516198851,0.104606303108446,0.0175972000521585,0.051862749897506,-0.0137909862844362,0.0308355812029721,0.0578448881580645,-0.0190703960096829,-0.0408648884946491,-0.0398145381588116
"MPPED2","MPPED2","black","black",0.00266926449318611,0.0402019041414526,0.0363691023904359,-0.0285163554380602,0.0599758371872862,-0.0485033618800809,0.00723703239303025,0.229641870311048,-0.0229050450414658,0.0196122241740576,-0.0210699171263186,0.00925138753905779
"SOX4","SOX4","greenyellow","greenyellow",-0.0025611605329118,0.0550435342142924,0.000661598586001519,0.0516902711556147,-0.0320172160485262,-0.000188537022581054,-0.0381491720809573,0.0675969786196393,0.138311556096763,-0.0270996061809606,-0.104777367777999,0.0315044107393717
"TRG-AS1","TRG-AS1","blue","blue",0.00213664220601804,0.147044995703914,0.0566567932620688,-0.0121492490237992,0.08067496843803,-0.0572724772978686,-0.0212072867435936,0.00462973795356681,-0.00778280031955239,0.0167963411542044,-0.0257107891816585,-0.0186854876906099
"PDE4DIP","PDE4DIP","yellow","yellow",-0.0158059899146077,0.0414927620594471,-0.0946865918859133,0.393961151223778,-0.0589548071036591,0.0809742413834789,-0.0967021812803129,0.0378870661347418,0.0852762313782368,0.0131979684163351,-0.147570975570909,-0.114029405453819
"RARB","RARB","black","black",0.010559130025234,0.0326901116620988,0.0180869174468725,0.0111190650103034,0.05878844525834,-0.069741126245261,-0.0703653582296154,0.180260504830082,-0.00174285400594682,0.0357736902377551,-0.0450501478490425,-0.0218327591087004
"CDYL2","CDYL2","green","green",-0.00547166331455808,-0.0160668758004198,0.0167981185966725,0.0531533275874066,0.042380938491324,-0.0221182246122936,-0.0599220113929105,0.181356965301308,-0.034284317311556,0.129495510176307,-0.00372832742197949,0.00228322479256437
"SHROOM2","SHROOM2","turquoise","turquoise",-0.0112651455661834,0.0118752718214103,0.0406587748381834,-0.00994836582331689,0.0546495542881354,-0.0311090904327493,-0.0075256483216843,-0.00550781371716524,-0.00915336004985837,0.0201029991484597,0.0143936659733903,0.0278631024143819
"GRAMD1B","GRAMD1B","turquoise","turquoise",-0.00476438852679119,-0.0074398491305332,0.0603201943685111,0.02300451114418,0.119832382358153,-0.0848956026528662,0.000205162633089259,-0.00015891847314921,-0.0770178557942288,0.0402229746425414,0.0497629653200839,0.0665732107996933
"KCP","KCP","blue","blue",-0.00747372866170546,0.10396590551134,0.0258487173894635,0.000176118010600925,0.0138714387836465,-0.0160563336977472,-0.00448283370172197,-0.00351467033636497,0.0148249688674369,-0.00596790429750137,-0.0210611198319048,-0.0110281635126196
"SPARC","SPARC","green","green",0.0830774985635034,-0.120995515235088,-0.00663495657121867,0.0935530694693197,-0.0128760527880855,-0.0385014192359282,-0.233026659573089,0.258028229493996,0.0872437743346115,0.647120878436493,0.0670000971565938,0.037876310623729
"GIPC2","GIPC2","turquoise","turquoise",-0.0106105321013472,0.137631331886525,0.112568256440169,0.0287888826318918,0.156760240114114,-0.161026813588378,-0.0267926712944373,0.00398990344884523,0.00302304525325126,0.0424178846039803,-0.0230083082871909,0.160772506482756
"ADRA1A","ADRA1A","turquoise","turquoise",-0.0294472243380869,0.0101484549941153,0.122289911877081,-0.0560430900526945,0.162427660762246,-0.0847923444163538,0.0267804606048317,-0.0308119028175362,-0.0996064200904909,0.026335410685615,0.0764032237045644,0.0802564461253164
"CRTAC1","CRTAC1","yellow","yellow",0.0701763740031002,-0.0279881710591141,-0.339886041498742,0.86482450888707,-0.177541491118969,0.00817262475522778,-0.135488743312742,0.083723600475734,-0.0842900117692798,-0.0655218014155265,-0.194118538548192,-0.0896677812862433
"VIPR2","VIPR2","green","green",-0.0245448650839766,0.00967548673206828,0.0651151579988857,-0.0349472428180382,0.0588944780441393,-0.01087357127402,0.0080834057299464,0.048988068482057,-0.0641130279050335,0.111798292035349,0.0580436418858565,0.0383136554822767
"ACSL1","ACSL1","brown","brown",-0.0357314595382455,-0.0495218180050397,0.0514571446115466,-0.0317784847393903,-0.0257389672431077,0.10065487386051,0.0464316450182308,0.0310850632368785,-0.0453638352538084,0.076871999461814,0.130024528999084,0.019393567416239
"CD55","CD55","brown","brown",-0.0835961948885814,-0.131384567461519,-0.0791259282575961,0.0607124803915475,-0.229318825126296,0.320538598002989,-0.0396384870098932,-0.0665077515248755,0.410588168129095,-0.0250088359420063,-0.0743516206476952,-0.0951937541094818
"LINC01695","LINC01695","turquoise","turquoise",-0.0259028090692295,0.0343982120916243,0.0903682243469258,-0.028601944272489,0.117758071119864,-0.046663229089524,-0.00838410533714075,-0.0219571723366908,-0.0379251412507396,0.0283623115771871,0.0311916597400453,0.0315229048426442
"AC062004.1","AC062004.1","turquoise","turquoise",0.00460136974269808,0.0520847147004999,0.0976480962903676,-0.0439999140916949,0.167687791590782,-0.169663742115422,-0.096194137122202,0.0540050721938429,0.0581020946734532,0.0416451129219719,-0.124627501543032,-0.0369964230118932
"EGR1","EGR1","magenta","magenta",0.0174392411801602,0.0121807576708862,0.168079334913835,-0.0605114925362311,0.137320709309664,-0.243709412504899,0.273801004639003,0.0200890434302321,-0.125277399182657,0.00548495966473459,0.191756324783738,0.644653196847773
"NXN","NXN","red","red",0.0244940436862219,0.0582720170672192,0.059585078746441,-0.0681580464406923,-0.00263909487043201,0.054964029049252,0.163787620478732,-0.0432069508290552,-0.0472081820816339,-0.029594237993584,0.119733650029917,0.0392872787265705
"DENND1B","DENND1B","turquoise","turquoise",-0.0373569353985823,0.00199409710490084,0.122961861071337,-0.0285080894924494,0.152687740380757,-0.046604738012996,-0.0387625700280087,-0.00200704431041954,-0.00356911371957738,0.0852186109872242,0.0293676484540822,0.0214615288570099
"HIVEP3","HIVEP3","brown","brown",-0.0340735879126394,-0.0408245321585163,-0.0938773595680741,0.0928693418161437,-0.16733795508267,0.235748242419492,0.114474430806519,0.00111322632360156,-0.0754623911341385,-0.0975897151606934,0.011638213851022,-0.0954293919481476
"PLCB4","PLCB4","turquoise","turquoise",0.019873124395242,-0.0264401812365923,0.179099505744616,-0.09833242426492,0.306385460811146,-0.172875587237566,-0.0500270967197161,-0.0281870416745062,-0.225161869430185,0.277200847065272,0.263994701856262,0.16226222692758
"UBA6-AS1","UBA6-AS1","turquoise","turquoise",0.0089494028244608,0.0691906661592948,0.0349912015577135,0.0846366027197919,0.0953999348632023,-0.0658027585827288,-0.0284698981617676,0.0348198201687826,-0.0179701186553537,0.0464054105916857,-0.0182204418156419,-0.00422925148559652
"TEX26-AS1","TEX26-AS1","brown","brown",-0.0660554680143002,0.0101297066863694,-0.00313406338474269,-0.0108519126051485,-0.196361008097224,0.29457574155762,0.181709307821492,-0.04148838304862,0.0392111015232028,-0.0254134652083396,0.173010913139375,-0.0401011606553352
"TFPI","TFPI","brown","brown",-0.107672372580861,-0.118208192506715,0.0635918574836533,-0.0565847145708963,-0.0678912168582821,0.228230371065768,0.00257450864733365,-0.11643310940419,-0.0180343909593123,0.060929887434486,0.25111729288716,-0.117031130576058
"ID1","ID1","turquoise","turquoise",-0.0140243927299645,-0.0401994801778394,0.107169103787144,-0.0527845525864779,0.0789798979850078,-0.0690446795148846,0.0567807800205871,0.041732917966769,-0.0798185671818704,0.0879443782887898,0.161796040409333,0.195851929035099
"CASC15","CASC15","blue","blue",0.00744931732525291,0.0930095278207614,0.0143687353253839,0.0181604398057801,0.0462350009711036,-0.0760334841860673,-0.0100390667762547,0.163801211704982,0.0184803098683264,-0.011189757982529,-0.106692158415336,-0.0180219229846306
"ZC3H12C","ZC3H12C","brown","brown",-0.0159678435783226,-0.0347257662645493,0.0330563788757058,-0.0589469680874307,-0.0258122290378032,0.136803428335825,0.0719042994314947,-0.0238059800834479,0.00655795331709606,-0.0476255685293552,0.0218331158506743,-0.055507954729488
"PDE7A","PDE7A","brown","brown",-0.109978746053067,0.0144419669400877,-0.0427080093307019,-0.00084003514759538,-0.178165809002438,0.320040859647401,0.297342447761678,-0.0839243135650502,0.0980167145386068,-0.171508432368539,0.0504740893963127,-0.0702367276142695
"SCLT1","SCLT1","brown","brown",-0.0659772018771916,-0.05190789406487,-0.0171022230099128,0.0235809604836203,-0.0424368770025321,0.170008506177471,0.0575026529506795,-0.0241052026279114,0.0332689411516191,-0.00601834752133703,0.0364880782901428,-0.0585933365996862
"MPP6","MPP6","brown","brown",-0.0313824681278371,-0.0778468899303057,-0.0246771243458591,0.0288894946375199,-0.101764934258577,0.158708779010472,-0.022331751470182,-0.00131217175476682,-0.00901762322294286,-0.00147322757074544,0.0047272858905061,-0.0770790424563346
"NDUFA4L2","NDUFA4L2","yellow","yellow",0.01516887459627,-0.0147701110521328,-0.0987602578536718,0.325391764702327,-0.0638910869759324,0.0124149685777706,-0.0643555542737231,0.0351070054767226,-0.0300357496487574,0.0168566059358372,-0.0573835290300628,-0.0392776499306096
"POU2F2","POU2F2","blue","blue",-0.0104195828327041,0.416492741395521,0.082862546715699,-0.0278564267737097,0.0753873298188422,-0.0957565202158398,0.0449214703995794,-0.00400877991257621,0.0059119476381599,-0.0414209338488832,-0.0446472331796527,-0.0295272146182633
"DNAJA4","DNAJA4","magenta","magenta",-0.0435972275437625,-0.0809677509675136,0.119265675608125,-0.0450256481010435,0.130965748943728,-0.0697148518700746,0.0506179354461753,-0.0154242406859871,-0.0821901222493511,0.0912047374665527,0.122358978797851,0.31764886290529
"LIPA","LIPA","blue","blue",-0.0221839872783075,0.0872795258551426,0.103136861114394,-0.00475030610064722,0.0737221901271198,-0.0299001394189107,0.00268183884560602,-0.0149200699617059,0.0460293388338908,0.0359018548355258,-0.00356332208736114,-0.00692468868132952
"ARNTL2","ARNTL2","yellow","yellow",0.03000195743963,-0.00063033068043989,-0.170634560361245,0.463351019617775,-0.0921956055335601,0.024890266352241,-0.0925684222526189,0.0592666682704648,-0.0198914180227129,0.0194094063257389,-0.112480943682343,-0.0775860482358069
"RGL1","RGL1","turquoise","turquoise",-0.0106352912097374,0.0717725120758393,0.161714188826868,-0.0603747479952193,0.219959177644702,-0.141447505806462,-0.0807913312739155,0.0988470359339909,0.0116885936247821,0.124921428965387,-0.0237471453730157,0.0270213018090104
"PDPN","PDPN","brown","brown",-0.0741517425943947,-0.00109062687126767,-0.0904807215899512,0.074593831426625,-0.249864683307868,0.362351416784051,0.178406062370747,-0.0528721366959671,0.15375268034331,-0.121919135778013,0.0438188026963077,-0.123898303566753
"SPARCL1","SPARCL1","turquoise","turquoise",-0.0266830899240803,-0.086888171824162,0.280229473077935,-0.143880111292691,0.188697725543271,-0.118431093709295,0.0839336281822384,-0.100201450069077,-0.328406242775199,0.29492371462635,0.397487758620243,0.188237352202302
"FGD4","FGD4","turquoise","turquoise",-0.0230910831711096,0.0377183976586715,0.120442278189817,0.0385499765043072,0.234601218917251,-0.135704881293288,-0.138851393822532,-0.0192031069051395,0.0386107527368358,0.0579620823783505,-0.048483464335333,-0.0105075763052837
"GCH1","GCH1","red","red",-0.0491672138712063,0.0534845747689597,-0.00403894870778537,0.0784942686753728,-0.057864893049564,0.0732016343648354,0.302022861125293,-0.050145941022582,-0.056088160622271,-0.159342160003635,0.0594315497250819,0.14616626895355
"MINDY4","MINDY4","turquoise","turquoise",-0.0344829236722889,0.134461318712569,0.1184951046799,-0.0022769827732096,0.151482138391539,-0.0901508960173481,0.0160841856916068,0.00813393971418588,0.0195872561755865,0.0151474788253575,0.00433656818004721,0.0399105642216862
"MYOZ2","MYOZ2","brown","brown",-0.0261909337850432,0.0425952057842079,-0.00378670600828431,-0.00495158238184699,-0.0692546146011368,0.130050999055417,0.0309782204807552,-0.020139407036216,0.0962575507177909,-0.05001448739493,-0.0190890846346747,-0.0686815254932255
"AXL","AXL","brown","brown",-0.0992289936673033,-0.147794969570231,-0.000976641205273839,-0.0593662697159055,-0.145550107820977,0.26575957083457,0.0735544255313142,-0.0441388260435659,0.137795489056668,-0.0235310310031554,0.100437320981719,-0.0943874717936686
"LINC00571","LINC00571","brown","brown",-0.0392286247436295,-0.0340209444099312,-0.038374807554967,0.06812011536815,-0.0889871593989008,0.168436622355948,0.0328090271813216,-0.00465582375462942,-0.00181456807549649,0.0236203313215514,0.0265184127419913,-0.0713516340306712
"GRK3","GRK3","turquoise","turquoise",0.000989383852748641,0.114042802365505,0.0922298671763994,-0.026637738899079,0.136325724315685,-0.0871470696437685,-0.0305535878080294,0.0155101484178155,-0.0136353918424428,0.0546373897272851,-0.0149754403472772,0.014329593224925
"DIPK2A","DIPK2A","turquoise","turquoise",-0.0425394143785888,0.0880616160747556,0.119577284355197,-0.0346071956695303,0.113000946196062,-0.087665631669619,0.0749644623851556,-0.00718206266462447,-0.0346040972996821,-0.0140803588532913,0.0798242424776587,0.183746469863921
"P4HA1","P4HA1","magenta","magenta",-0.0497805644135915,-0.0747759654786847,0.146984745191131,-0.0517049650206897,0.187213040554662,-0.135799747387734,0.0954992514252699,-0.00364480483499925,-0.0961607239436294,0.0486463107739341,0.151666899772824,0.418770450908857
"FAM102B","FAM102B","turquoise","turquoise",-0.0171625437320586,-0.0115279069400392,0.130326579251346,-0.0537605916310662,0.1648985752564,-0.103555950849127,-0.0567880512732747,0.0678738889594452,0.0128137141780758,0.1321209721351,0.0176470949176264,0.0607930205243827
"CACNG7","CACNG7","blue","blue",-0.0106158344203931,0.302345460733389,0.103486086172238,-0.0389634064135137,0.13643221891821,-0.11289744514296,0.0406644397631166,-0.0159948674197806,0.00112326392116215,-0.0325889240538853,-0.0264887352940783,-0.00773555886436724
"SNAP23","SNAP23","turquoise","turquoise",-0.00587302295124244,-0.00663752725132283,0.14525858659761,-0.0465510074653113,0.202218636802909,-0.135024104798278,-0.0210360758660546,0.0248933393334448,-0.00160707559238874,0.0690904902752789,0.0300130855739057,0.153049935466991
"DPT","DPT","purple","purple",-0.0571233018274549,-0.014212241761615,0.225968399801419,-0.192338940924273,0.0224282567269758,0.0204887664030686,0.0918278280661374,-0.0244509754897478,-0.0932979137592282,0.212371186845194,0.291591894715231,0.117212676236473
"ETV6","ETV6","red","red",0.0167584116742429,0.125583037506218,0.0117321049770347,-0.0971702051814615,-0.0737849343277491,0.129130347376765,0.313387790754538,-0.0346557789306016,-0.0594379305533451,-0.128969641904933,0.137618635231285,0.0127568924589159
"GRB10","GRB10","brown","brown",-0.012102576670688,-0.00267199658952065,0.00315644339665235,-0.0852342976794799,-0.10464529130849,0.184450409232056,0.113327841249146,-0.064984054868079,0.164215519832111,-0.094687455434482,0.0305838332788448,0.0190098913453755
"NOS3","NOS3","yellow","yellow",0.00813413227459399,-0.00630627197190653,-0.0196839886085552,0.0596391029654106,-0.0139403387510862,0.00513296484556315,-0.00314061356059064,0.00291722750098722,-0.00518686320491471,-0.00622275838968144,-0.00609779263984297,-0.0076957020864926
"GIPC1","GIPC1","turquoise","turquoise",-0.00808188161290921,0.214957469713414,0.131538767499952,-0.0210791931345821,0.251372554231265,-0.196725772921239,-0.0904245441550295,0.0247276731990689,0.0340853390943838,0.0456909116385222,-0.0874391292467453,0.0345488262173799
"FSTL1","FSTL1","greenyellow","greenyellow",-0.109749432459847,0.0493018136941668,0.0315372296002359,0.107083332838802,-0.0866478039641388,0.132078667894191,-0.0320464642456671,0.0136745433327211,0.547364797407416,0.13240540800582,-0.11038442360949,-0.0723882607220213
"MX1","MX1","brown","brown",-0.0173975830992602,0.165011434343935,0.036993809044487,-0.00295093120324921,-0.035372571655124,0.0853937922733284,0.126891575797518,-0.0254349446968063,0.0279402448185375,-0.0790157491288883,-0.0096289473896958,-0.0661138181190658
"CD109","CD109","green","green",-0.0175075737503127,-0.0115492452009073,0.0816791322330647,0.0109979507979069,0.0574043780254678,-0.0235938392650717,-0.0903812489551196,0.080639466711714,0.0791804584274055,0.200639942502809,-0.0294959940530925,-0.00972900261025832
"ATP6V1H","ATP6V1H","turquoise","turquoise",0.00493203640332988,0.0152897994432909,0.109662914075271,0.00573665145192017,0.163411563266043,-0.108814183382235,-0.0735093371582949,0.0838001213874047,0.00140989728477645,0.091453759401631,-0.0254184779812614,0.0389761475979309
"NPL","NPL","blue","blue",-0.00814680641880629,0.175094565966458,0.0626879473201391,0.0528555980597691,0.100483551566512,-0.0907755711970943,0.0118363830098815,-0.0126140474671386,0.0154865816030201,-0.03305444528893,-0.0396875692311701,0.0415774066344018
"AC104211.1","AC104211.1","turquoise","turquoise",-0.0145557313886755,0.147659960051571,0.0890647487186441,-0.00699152872881602,0.158830160770999,-0.118262153737154,-0.0334595600529623,0.0168138780036221,0.0057931334206025,0.0207489871093637,-0.0150616914631868,0.0221309319811297
"CTSC","CTSC","brown","brown",-0.0170598116838148,-0.0228853745326493,0.0357482229598019,-0.0241730560479643,-0.0258110846400148,0.0635784622892537,0.0346540631712723,-0.0114173764156487,-0.044645051219514,0.047422886583405,0.0506146445451394,0.0173438528503191
"TBC1D1","TBC1D1","yellow","yellow",0.169495539646897,-0.00525544889968842,-0.0871326684998917,0.185016021244305,-0.0649508699179391,0.0465863273047116,-0.0244799859810205,0.00295567349839591,-0.0384284001377663,-0.0186557585649373,-0.0296017734962864,-0.0583324900627611
"HRH1","HRH1","brown","brown",-0.0794044321076614,0.0784720226537289,-0.102788890667243,0.0306697511431035,-0.278685548431518,0.391701698836128,0.174827608995295,-0.0573236492203687,0.242516721446155,-0.126612498851103,-0.0250224439890727,-0.178319576989149
"AC016821.1","AC016821.1","yellow","yellow",0.0191090840860429,0.0466496345546594,-0.0920010467573986,0.237949785797734,-0.0537632862084447,0.0094698781187107,-0.0189030122536012,0.0287275477931337,-0.0237394635852379,-0.0389205614261438,-0.0754158865643721,-0.0288417428304724
"TWISTNB","TWISTNB","yellow","yellow",0.0251962904180949,-0.0191181894409165,-0.154087375666662,0.422174690451926,-0.126388395118411,0.0922332731686557,-0.0637436135065329,0.0416268168815301,-0.0080172537510539,-0.0407737875258354,-0.127359990562344,-0.110944005898114
"AL050309.1","AL050309.1","turquoise","turquoise",-0.046767633821078,0.0140996842509083,0.135507400951059,-0.0578809949583641,0.203438075750392,-0.117311382706329,-0.0194493496523027,-0.0186752259461673,-0.0543734725183414,0.085844711517322,0.083362405536568,0.0584772020954042
"CNTNAP3B","CNTNAP3B","yellow","yellow",0.0374040376536803,-0.0136032058238862,-0.133439446582561,0.3851856726828,-0.0610802984738211,-0.0109061845749702,-0.0594541028744885,0.0411801958196457,-0.0351847751885666,-0.0225213769109604,-0.0837669193564694,-0.0311434466826578
"LMOD1","LMOD1","blue","blue",-0.00200670761527592,0.0934338499095581,0.0744739652569294,-0.0244298232790721,0.0449290601016345,-0.0431358895562549,0.0288667755633986,-0.0131280955842984,0.00377476963374246,-0.0238682817750453,-0.0149898016721774,0.00112814537744436
"APCDD1L","APCDD1L","brown","brown",-0.0209860198462355,-0.0429268416324799,-0.0254442733851131,0.149111712469603,-0.047065457735356,0.0969931943817066,-0.0491113287850858,0.00704698145749359,-0.0233269562936855,0.108523925891497,0.0499445701949352,-0.0460618967222754
"DNAH2","DNAH2","blue","blue",0.000967175140337814,0.399227402728733,0.0888652732471998,0.000260072879925384,0.108643859581427,-0.108636479476525,-0.0319717819847408,0.00950700348225735,0.0468132264889917,-0.00336740651625001,-0.0713956145169627,-0.0670066221058024
"EGFR","EGFR","turquoise","turquoise",-0.0969437728965519,0.114408158146439,0.151233024264686,-0.0529307205239475,0.25736066071257,-0.0564765623399644,-0.055818144085876,-0.0436429684750993,0.0649596725746738,-0.0526953450972529,-0.0397837876500572,-0.0719323304835887
"LINC01572","LINC01572","blue","blue",-0.0124649789895671,0.0787851264322815,0.0254598388811214,0.0163553211626925,0.0363456914358695,-0.0182493616957758,-0.00072311955926037,0.0413506136346374,-0.00336887697291862,0.0158145855651389,-0.00804302625312497,-0.00950366572073727
"AC009522.1","AC009522.1","blue","blue",-0.0239411763987196,0.212736683600985,-0.0369096920402924,0.0698022580780583,-0.0809362407302928,0.149740416345328,0.0446222334708385,-0.0189976886962279,0.0773444210510051,-0.102473286319175,-0.0966368020512303,-0.132262944338173
"SLCO2B1","SLCO2B1","turquoise","turquoise",-0.0140968229201848,0.00228184914735238,0.103115166994796,-0.0186720570458519,0.124069293853991,-0.0702135476435322,0.00502176616863735,-0.0131550173303205,-0.0611810123803468,0.0881960022833617,0.10088879371059,0.0807128739117975
"AC022075.1","AC022075.1","blue","blue",-0.00103721327838668,0.090178477495389,-0.00908671499743285,0.0442689617699452,0.000925810416022598,0.00576853316608136,-0.0193323000532866,-0.00226261969574315,0.0149190649936442,0.0258630419859496,-0.0190147241152621,-0.029228388956256
"PPP2R5C","PPP2R5C","turquoise","turquoise",-0.042290868207696,0.0349917266438579,0.138949691845007,-0.045964578542921,0.168516747528543,-0.109106744707881,-0.0166308547009932,0.0212424997168763,0.0127796642326919,0.074700108917772,0.0123299385312283,0.081505711729836
"PYGO1","PYGO1","brown","brown",-0.0388794126388492,-0.0554669002954745,0.0525122252837074,-0.0444928200436135,-0.0270674441765878,0.105673162380407,0.0198735318267405,0.0287245520502919,-0.0296819071873756,0.0397033117473934,0.0929531630473075,-0.0316549851357752
"NRIP1","NRIP1","brown","brown",-0.104078889060211,-0.171133382365797,-0.100148998101173,-0.0217226467165825,-0.37653858560016,0.549166019997482,0.332343769800894,-0.104127709159544,-0.172736893113326,-0.0280233437743641,0.383046586440097,-0.0271179623456731
"EML4","EML4","brown","brown",-0.0882870888950973,-0.0592058580922576,-0.0849111913314917,-0.134136921858463,-0.380872668363314,0.539673299936365,0.433182377918629,-0.126448238673879,-0.0361640185928863,-0.170690738340475,0.24675693900852,-0.0950775484498071
"MACC1","MACC1","yellow","yellow",0.0265109669662004,-0.00295461098589512,-0.0334458566505818,0.116198917910944,-0.0101424691556091,-0.0181124969762912,-0.0177306094081134,0.0104408711094205,-0.00662542847240491,-0.00480072713855594,-0.0204411423864217,0.00539741224871586
"CTSB","CTSB","black","black",0.0292394005899958,-0.0052233479398398,0.0691271788962198,0.077640658077365,0.0404101703744256,-0.035901104493213,-0.0128072812509207,0.127783303299621,0.00741793356539372,0.13990773958847,0.0214074096566417,0.0520033628747167
"TFDP2","TFDP2","turquoise","turquoise",-0.0264971689265705,0.0651096136325939,0.0578901502640652,0.0730168145638443,0.130955842136563,-0.0769890102072826,-0.0656686251033237,0.0413516927723873,-0.00204172776608056,0.0637036645138172,-0.0359535826783141,0.00475134339685947
"HMCN2","HMCN2","turquoise","turquoise",-0.0787879914124297,0.0765895571076096,0.310580484640841,-0.239890880779212,0.4363766464978,-0.251944202841193,0.085153045598186,-0.14368422126728,-0.123010387955599,0.142033723224171,0.25031456444687,0.174599663301158
"AC068051.1","AC068051.1","blue","blue",-0.00250178519594546,0.100322948311344,0.0231311135931983,0.000485406699657161,0.0219402798178357,-0.0159462931806231,0.00112170917107986,0.00753003499896903,-0.00390866171649917,0.00654099627397147,-0.0036686314449649,-0.016656399431418
"EXOC6","EXOC6","turquoise","turquoise",-0.0208300400941758,0.0239129931387864,0.0863063897105821,-0.0258420827784471,0.118676115818115,-0.0621840684392478,-0.0424323277538081,-0.0173662302655397,0.0290845686921587,0.0267729063775855,-0.00025445216167437,0.0108723854954422
"ABHD10","ABHD10","blue","blue",-0.00622000542160782,0.111417091990957,0.0462739031749744,0.00228043590941105,0.0459979293212099,-0.00221032207100257,-0.0069381976029005,-0.00273556972287374,0.0820481154675199,-0.0328642908324192,-0.0715115341703214,-0.0579061616334087
"STIM2","STIM2","blue","blue",-0.0258212260497748,0.112025033251367,0.0721804892451299,0.0111817007882818,0.0345409240308561,0.0101481665750016,0.0824441137645988,-0.0146136972258485,0.0304351882404599,-0.00243938841463452,0.0284277896378834,0.0128122319589088
"CAVIN4","CAVIN4","brown","brown",0.000876044629182003,0.0295844847596574,-0.027039660730139,0.0619549199821448,-0.0323504162679715,0.0422109384531629,-0.0079434087614273,0.00541933929084564,-0.0113890866652669,-0.00231866254439254,-0.0109364637024143,-0.0334707522938697
"TGFBI","TGFBI","black","black",0.0250400450263623,0.0251784522498251,0.0332021680776349,-0.0333676043747048,0.00716449930581849,-0.00587773955169662,-0.00579694250355472,0.26994552820016,-0.0137289271174243,0.0812977351238459,-0.00315058248766311,0.0117175314851153
"PRDM6","PRDM6","yellow","yellow",-0.001822511150609,0.118886137982325,-0.0556652705923207,0.212589120140114,-0.0303627613515603,0.0326965555268143,-0.0527455875616133,0.0175472593450528,0.0960481772204798,-0.000183318961210226,-0.108060426347544,-0.0898143699615139
"FAM13A","FAM13A","turquoise","turquoise",-0.0368259904906772,0.0264888702097893,0.213445206759139,-0.0741035285509715,0.368192545174369,-0.287378660459647,-0.0865427752378259,0.00195303209282299,-0.0858831475871005,0.0642911173901453,0.0315293593337449,0.161253018496605
"DLEU2","DLEU2","magenta","magenta",0.0039080150806614,-0.028024959493394,0.0133096989197673,0.0282927592824811,0.0624613973138712,-0.0444003628080398,0.0976978474111193,0.0923316635504849,-0.0704647235449758,0.0756638105977449,0.0781410143784616,0.214564661811181
"SUCLG2-AS1","SUCLG2-AS1","turquoise","turquoise",-0.0276565444945538,0.0948538209643677,0.0781424283176473,0.0181087823728641,0.130682661337875,-0.0598519154176958,-0.0309902223540572,-0.0109171300556253,0.0233373024393012,0.0262471302571511,-0.011341971749323,-0.0150812831646622
"CCDC200","CCDC200","blue","blue",0.00312129236149994,0.0904595548403253,0.0573316355443422,-0.00854749231568124,0.0359997446807172,-0.0329435127519626,0.0220700942108097,-0.0157373911803179,0.00182516799252088,-0.0280205110119204,-0.0239045383368649,0.0148061295821067
"PVT1","PVT1","brown","brown",-0.0409766652959216,0.136024638898228,-0.148442847504433,0.155309374600387,-0.267652996694362,0.314152059595408,0.165120380378809,-0.0357896755190992,-0.0401595495997145,-0.174499075610776,0.00303845747825586,-0.179574132907343
"PARP14","PARP14","brown","brown",-0.0308393438081109,0.00422781974806323,0.00314551030705297,0.047557131271588,-0.0299295186321754,0.11385170407085,0.0538537945706139,-0.0484905250683792,0.0203695465769637,-0.0928283281849795,-0.0160340835305308,-0.0850634841326229
"FAM184A","FAM184A","turquoise","turquoise",-0.0236699908687584,0.136106950986296,0.1641556238558,-0.0882891520354386,0.221504277843881,-0.165141003533126,0.0554399551325571,-0.0329992751032936,-0.058927469096936,-0.0331564330391297,0.0327305724817704,0.116590310046124
"DUBR","DUBR","turquoise","turquoise",-0.0270307076730586,0.0619321693660321,0.107204824537196,-0.0219930009140083,0.162999782419045,-0.107527325030065,-0.0266398531105719,-0.00908263845208367,0.00540195286981614,0.0316928423050531,-0.00576875402075768,0.0207650666726309
"PAG1","PAG1","brown","brown",-0.0629490681448109,-0.00901293187346658,0.0770495180661272,-0.0237830276861558,0.0645943019884633,0.101786162777667,0.0120779757922477,-0.0415460885884769,-0.0118716466010247,0.0800298181731176,0.104466962935621,-0.00525852687117103
"ANKFN1","ANKFN1","blue","blue",-0.0167532786336877,0.10744670984196,0.0222114239062846,-0.0179227228309536,-0.0304951252106542,0.0613297075452872,0.0442218690073631,-0.0110817568384502,0.0328811111100998,-0.0207718447489926,-0.0298185393269391,-0.0474629334345031
"FAM162B","FAM162B","turquoise","turquoise",-0.00530814134512762,-0.0163050658099604,0.158191382102227,-0.0701866875212643,0.209077490088578,-0.136648012930337,-0.0365486505923081,-0.0345798173330555,-0.0843318699063448,0.0733045377345562,0.0804212344979618,0.0831386305369567
"TENM4","TENM4","green","green",-0.0719283369120646,0.027042594765274,0.140858231142416,-0.0932034854460513,0.124362456248153,0.0122657707022473,0.0850518917389515,-0.0262824663637792,-0.0960920457574375,0.21933156121407,0.227451609515862,0.052207978928981
"AP002784.1","AP002784.1","brown","brown",-0.0864038156438817,0.199277251992063,-0.0470609012119668,-0.0172250638451052,-0.225786967473592,0.370742573671582,0.298775220848532,-0.0493350846481262,-0.0282370909424339,-0.0631437827497519,0.143163896064235,-0.148765386174464
"ANGPT1","ANGPT1","turquoise","turquoise",-0.0178242249443192,0.128705642688737,0.159807144307044,-0.060582181411146,0.214346040979389,-0.162109852790392,-0.0210621052617027,-0.0407115539521774,0.0193910817930807,-0.0663643176774171,-0.0846740372185794,0.00310804534798517
"GTF2IRD1","GTF2IRD1","yellow","yellow",0.0284867745916143,-0.0227479800533267,-0.149162086343131,0.370847851380082,-0.0781538316080839,0.00565861909919053,-0.0895129310746868,0.102081540272193,-0.0585927339963053,-0.00735607265070653,-0.102253848598719,-0.0559081894430646
"SPP1","SPP1","black","black",0.0263066996706451,-0.00126147915477778,-0.0283375567314307,0.026114355777695,-0.0112535882836038,-5.82125269190779e-05,-0.00999492388683086,0.218952710870784,-0.0192398949951475,0.042745163092007,-0.0151719221671897,-0.00845295682467342
"RAP2C-AS1","RAP2C-AS1","turquoise","turquoise",-0.023665067953045,0.062333489870451,0.0858625983484068,0.000814227928586582,0.128924781083172,-0.0804224505758126,-0.0156634469010851,-0.00962437252736,0.041393893534317,-0.00275046985111636,-0.0197966441283885,0.0211368701835595
"SNTB1","SNTB1","turquoise","turquoise",-0.0415829188225511,0.0720048496891701,0.120168199870854,0.00790073428085362,0.215277945022483,-0.128942100029455,-0.0856825633201565,-0.0219909686997571,0.155225392893882,0.0134495511794186,-0.0521835012076965,0.00975337583084581
"ID2","ID2","yellow","yellow",0.00821707022344787,-0.057773701044386,0.000690864723104295,0.152092531646044,-0.0268528123676379,-0.0385205336390379,-0.0404417642833522,0.0401620331282912,0.00485103823494937,0.0234426517399301,-0.042772314029928,0.171800354700125
"PRKCE","PRKCE","brown","brown",0.000619264832599426,0.0601595326406678,-0.0408523154690381,-0.0056293265113877,-0.122321513735248,0.192158950455006,0.186346368632651,-0.0416105428084784,0.0763212140969391,-0.124635708894753,0.00700288306404236,-0.0429083776679884
"TGM2","TGM2","green","green",0.0630672668541148,0.0166437748587417,0.0348990278346337,0.00927325451345139,0.010147509217265,0.0114543384358311,-0.00283199419219946,0.00604550050648466,-0.0184255859115349,0.0524345497605391,0.0331339043647593,-0.00510533378417898
"FAR2","FAR2","brown","brown",-0.0251909116357436,0.0393314165935387,0.0282638884063198,0.00503227759311306,0.0218929312398098,0.045068197075379,-0.0811343271206541,0.0502478076739964,0.127374590354355,0.0772488750718625,-0.047162902742614,-0.0702411663748816
"NUP93","NUP93","blue","blue",-0.0216209813530948,0.16953520770732,0.0363761540485809,0.00513408086011695,-0.00284624277575418,0.0370332762277811,0.00754401241317949,-0.00770278506395687,0.0305299092868416,-0.0353331682676394,-0.0587338578978871,-0.0720135036320459
"AKR1C2","AKR1C2","brown","brown",-0.0393336638348281,-0.0505799703531611,-0.000178521067224965,0.0421103940714714,-0.123314180234497,0.168739300546042,-0.000502140297411551,-0.00940646136637593,0.101359550189503,-0.00788398186818768,-0.0526165963365517,-0.059374808401616
"TESC","TESC","blue","blue",-0.00240261176436935,0.0875667561873805,0.029339578667794,-0.00800304270174609,0.0163465855134309,-0.0036684769135205,0.0183879980574648,-0.0033898692754185,0.00625992521674633,-0.0103727401331014,-0.00282353604925729,-0.00795611091260749
"BMPR1A","BMPR1A","turquoise","turquoise",-0.0237469889116217,0.0284751591209855,0.15072206828844,-0.0445783382325075,0.237045274196722,-0.165791059895059,-0.103606900644985,0.062541167666365,0.0404616657991942,0.0736383373070345,-0.0403428791253686,0.041607691701211
"RAI14","RAI14","yellow","yellow",-0.0159647206302881,-0.00742017131777714,-0.0282160439437593,0.100628286508201,-0.0448525757810947,0.0606863854778557,-0.0218186749640351,0.0870497684193026,0.00451845678496345,0.0440542501521834,-0.0634371864914893,-0.0661977796873611
"LINC01482","LINC01482","blue","blue",-0.0097194658513374,0.247550302507763,0.0654529826022791,0.0431948312069,0.124376662107022,-0.090142287831763,-0.00175623165437109,0.0526247149193283,-0.033279433300053,0.0188096351543971,-0.0383286354199453,-0.0356148460951592
"STAC3","STAC3","blue","blue",-0.0145843184077735,0.126512518684726,0.0647997912983602,-0.0126888996993664,0.0577351701029935,-0.0168354123653925,0.00435557004883204,-0.00140489949510772,0.0152928837268289,0.0089330128530629,-0.00407902654298663,-0.0354176455202477
"CILP","CILP","green","green",-0.0657499842173845,0.0336455854549207,0.253588371734268,-0.217211869888062,0.106073095162895,-0.00811284414377276,0.0157488228164605,0.0307477996406749,0.0473188484764437,0.306515172719352,0.151638069383649,0.046882554859861
"STX11","STX11","green","green",0.00887754998671162,-0.040705762706339,0.0435368047751478,0.00803289926126461,0.020321025141897,-0.000663155686560156,-0.0244569047036872,0.0127579942180597,-0.0249495338069679,0.0998083402162182,0.0755566125582701,0.0404246610621609
"EYA1","EYA1","blue","blue",-0.00327510219004394,0.064261917720588,0.0290746045096523,-0.0204674764170962,0.0392109777496849,-0.034332146672928,0.0363927798069827,-0.00304249459825489,-0.0127627765736409,-0.0377498185233805,-0.0252354144333269,0.00684367983426111
"SLC22A23","SLC22A23","brown","brown",-0.0254163462379504,0.0185812948678582,-0.0197187474419513,-0.00770778174352401,-0.0703691641886729,0.115070513677824,0.00336840240368997,0.000162753709800056,0.147757841558298,-0.0436065779332262,-0.0610324198068419,-0.0743013279710615
"CFAP61","CFAP61","blue","blue",0.00223194338928269,0.241313122894041,0.0474206191319685,0.0436296716646936,0.0767360433703917,-0.0830930109174614,-0.0501054680092451,0.0146787478443183,0.0253274688998466,0.00109735464680565,-0.0684835610331672,-0.0543887426434314
"MUSK","MUSK","turquoise","turquoise",-0.0221268988799508,0.0510875072441664,0.093105936119777,-0.0343672757535847,0.117640752743877,-0.0603857384214715,-0.000938825464973413,0.0177951168301402,-0.0278177336491498,0.02968911892437,0.0424404332367667,0.0134698676892981
"HUNK","HUNK","greenyellow","greenyellow",-0.0469247267432142,-0.0138697646880949,-0.00632940113787123,-0.0178221834931537,-0.0524880446188458,0.127666332171979,-0.0744933428795002,0.0361808975442687,0.381246806128219,-0.0177088260363083,-0.119382934116204,-0.0787472138473178
"WDFY2","WDFY2","turquoise","turquoise",-0.056951441352099,0.00755926448793481,0.13461720411835,-0.0610653351930878,0.157135063911038,-0.106845142308022,0.0118603167103072,-0.00846619839726932,0.078502649967153,0.0224020426109929,0.00656192788414193,0.143761583825414
"ARSB","ARSB","brown","brown",-0.0113836459942987,-0.0154368018261866,-0.00278649094955767,0.0197415142705675,-0.060191288002113,0.0911486922043281,0.0288896578235391,0.0562652997864972,0.0130284066461185,0.0335324954079457,0.0284558071793183,-0.0155329949803258
"AC026341.1","AC026341.1","blue","blue",-0.0205534546549838,0.109451478916291,0.0222136382422463,0.0129516812418179,0.0338166828529516,-0.0179345789499025,0.0254360571254469,0.0129928881675032,0.01539687595835,-0.00741686722951119,0.000991000951716562,-0.00093178001938931
"SLC12A8","SLC12A8","blue","blue",0.00957523178690875,0.204664983472556,-0.0143737087359496,0.110962986998961,0.0208852381851053,-0.0236424202551725,-0.0531365653778382,0.0577994164527927,-0.00719856845697297,0.0413728764836429,-0.0643352489574987,-0.0841256391445712
"LINC02798","LINC02798","blue","blue",-0.0252687516515873,0.277532194723018,0.0352226146314909,0.0201293377512292,0.0196893809491975,0.0211910747955968,0.0368661619482918,-0.00839209635727592,0.0960342307489728,-0.02082870360248,-0.0404257102142722,-0.0673701558587728
"ROR2","ROR2","yellow","yellow",0.00761238503370843,-0.00931672550289041,-0.0832321059369248,0.321823428607808,0.0145767564937205,-0.0347455624455979,-0.0511786159734134,0.140000613620175,-0.11740823383722,0.0383535486820269,-0.0131599093135064,0.00419429232061863
"MALRD1","MALRD1","turquoise","turquoise",-0.0169558567552256,0.0476098860417518,0.0843065179240444,-0.0240242077499794,0.137988988569054,-0.0840067177900318,0.0150697287560437,0.00745484342823852,-0.0296795547872367,0.0310135323915469,0.0420485042030358,0.0431631037504178
"XKR6","XKR6","turquoise","turquoise",-0.0116114149589705,-0.00566239880625307,0.0760344286396035,-0.0071214566164276,0.1414860057947,-0.100465770453821,-0.0648523062043717,0.103711577830998,-0.0637768638596387,0.139414790759342,0.064997246460807,0.0711502979659792
"PALMD","PALMD","yellow","yellow",0.022597229690462,-0.00262611868037636,-0.112910924386166,0.372754558480571,-0.0560134125378502,0.00888110286760046,-0.0769856682491237,0.0345374961241457,-0.0369217381554767,-0.023136364480542,-0.0915789062450745,-0.0580104302315464
"ANKRD6","ANKRD6","turquoise","turquoise",-0.0145457925606459,0.0744640109396372,0.11645973057401,-0.0365931543156006,0.15829755501205,-0.1182690946524,-0.0179050362320393,0.0331254325469756,-0.0143722583058433,0.0870636363235301,-0.00649184942508065,0.0333642037020043
"IL15","IL15","yellow","yellow",0.00185052091086486,-0.0243832038228483,-0.00836525642063312,0.185890730261846,0.03714833960115,-0.0285425790687243,-0.0587088799882236,0.0209387800888676,-0.0587413636492223,0.0497089033020839,0.00476646890773596,-0.00672856826028333
"DPH6","DPH6","blue","blue",-0.0288638054250952,0.117008888292047,0.0592379287448215,0.0414286109554612,0.120008903675776,-0.0636387036404458,-0.0147199838181952,-0.00666005148474176,0.0575093932853859,-0.0220907320765925,-0.0762212460012257,-0.0238957711580034
"PIR","PIR","turquoise","turquoise",-0.00770020499277703,0.00859535978429289,0.102066393033959,-0.0297790476917926,0.148467876894414,-0.110021659368984,-0.0716161961850908,-0.0105417181642724,0.0256418994077894,0.0283013475515281,-0.0433336222273305,0.00683819625226862
"COL24A1","COL24A1","yellow","yellow",0.00215469661259744,0.0249499040404992,-0.0175490104441282,0.0735855299345751,0.0149447104252684,-0.0373519629398423,-0.0545318000719428,0.162687626205228,0.0544566829586494,0.022338314643708,-0.0886150585917267,-0.0222129576192441
"RRAS2","RRAS2","brown","brown",-0.0711076895758226,-0.0786530590970871,-0.0617993987513285,0.0588770576858092,-0.161916969591423,0.264853190035517,0.0220487129751621,-0.0285269688843491,0.132487812235879,-0.0300009600199319,0.0124993552343623,-0.0708506583883356
"PLA2G4A","PLA2G4A","yellow","yellow",-0.0171772667350919,-0.0636794459115671,-0.102408579524306,0.258488604422254,-0.0923284973331978,0.147972811199573,-0.114035791997472,0.0407089188515054,0.0509132224938661,0.0706460124828625,-0.0767514817828723,-0.127960455490418
"ANKS1B","ANKS1B","blue","blue",-0.0741126347032081,0.130880539344598,0.0909680577243508,-0.0391693773761112,0.121331537508851,-0.001458472114103,0.00133608652102646,0.00205861676836359,0.0242016358481923,0.0604848328560165,0.0103500074067194,-0.0263089542198649
"LINC02224","LINC02224","yellow","yellow",0.00464631478215951,0.0239900761738487,-0.0315614863051318,0.170384770568085,0.00477436967514478,-0.0181845275030457,-0.0252387574960277,0.0102535675511701,-0.0466874418278048,0.020759160539898,-0.0131447548051436,-0.00426690702183464
"PRORP","PRORP","blue","blue",-0.0207189651520566,0.218298276166297,0.0525181748823611,0.0138417655043815,0.0364182302492303,0.000731160424551595,0.0286210548652418,-0.00389644170595053,0.0329378103960842,-0.032500988495056,-0.0509105580312959,-0.0512930627521063
"MAGI3","MAGI3","red","red",-0.0572531047508952,-0.0142478521434507,0.0966382700673539,-0.0609629520355071,0.0586459139317049,-0.0235846997793309,0.152161798775884,-0.0532527035896845,0.0158214845696294,-0.00759011940208942,0.101040856138403,0.174023048147695
"LDHAL6A","LDHAL6A","blue","blue",-0.00627423232427942,0.512336562855743,0.0774170646145876,-0.0154799018193098,0.0650696478186446,-0.0776838550364501,0.0220473830883916,0.00470530593984491,0.0961777657125491,-0.0380152483549621,-0.0834246518300788,-0.0717828453310575
"COBLL1","COBLL1","brown","brown",-0.0433904999809286,-0.0382726960361216,-0.0501145628349588,0.137851879598646,-0.0584852552967188,0.134679774080539,-0.0959380302222907,0.0123934987133011,0.0543104718670702,0.0800536450932072,-0.0613057272350635,-0.083166576347446
"RAP1GAP2","RAP1GAP2","black","black",0.0587420011535154,0.0291251930420853,-0.0397884590156558,0.0183256014038518,0.0189254661791848,-0.0573304759686493,-0.0491222649137912,0.329070817271402,-0.0269019603614039,0.0302085446259555,-0.0397417274768977,-0.0162077027766293
"KCNH1","KCNH1","blue","blue",-0.045300218864075,0.121706574950087,0.106471942723855,-0.0804025373874854,0.0976980642024618,0.0217373918141409,0.145488672643924,-0.0747520008268517,-0.0630549939277357,-0.147876566531105,0.0519705473029792,0.00216723276667889
"PPP2R3A","PPP2R3A","green","green",-0.0447438081007425,0.00580436829165862,0.0538713709145122,-0.0353709230695284,0.0564188369519722,0.00914239475774867,-0.0394017018755671,0.0387984985428326,-0.015067368914796,0.112316753836983,0.0438023986054064,-0.000687289386730949
"SP100","SP100","brown","brown",0.0225167340703783,0.0850716939948802,-0.0486450554995996,0.0403044358457603,-0.0851569748034308,0.175974528240392,0.0675865246219345,-0.0690972822233041,0.0616951264649064,-0.132666161763803,-0.044075189651648,-0.171290189144386
"DOCK5","DOCK5","turquoise","turquoise",-0.0520745661484114,0.0751466124787429,0.257772361656215,-0.117737610138705,0.440946861771098,-0.287282718854332,-0.0608359355680524,-0.0560630637797361,-0.144669346537942,0.105196069981937,0.130303133124961,0.141705571980248
"MB21D2","MB21D2","brown","brown",-0.0539419570324645,-0.0060716841538111,-0.075049133930132,-0.0218270826813917,-0.207783616512258,0.324853134498262,0.141794715447011,-0.00582616964928296,0.0978529565312379,-0.066369343215914,0.0159045868521207,-0.114356463530535
"AC015712.2","AC015712.2","purple","purple",-0.0375422219129134,-0.0100785694836978,0.0547620832053987,-0.0386955012419207,-0.0232442507052042,0.0996816320759729,0.101854575957474,-0.0126969247893732,-0.0181270982448173,0.0559079965339647,0.281255856335886,0.00662458379603107
"MYO5A","MYO5A","turquoise","turquoise",-0.000942017511166118,0.069332511671446,0.0641097341291138,0.070704419409772,0.151605938644674,-0.121849903745513,-0.101527433388477,0.0771745340852048,0.0271014142629477,0.0262919394459488,-0.0853910278291365,-0.0099047923973271
"CLIC4","CLIC4","red","red",-0.00163707175976065,-0.0818082271602856,-0.0686008642226894,0.06320153000231,-0.148610315237233,0.135593343780607,0.289452518357121,-0.030060972428593,-0.032607615570208,-0.0726823455039412,0.129355025166851,0.122131464313994
"MT-CO3","MT-CO3","pink","pink",0.399081630017749,0.0720152256405075,-0.196154195513655,0.0877059045212361,-0.137082182610529,-0.145364119151576,-0.128391908396488,0.0315482133078037,-0.0438689572302545,-0.174756606276504,-0.307311137421613,-0.1520759487765
"TMEM117","TMEM117","brown","brown",-0.0459101274400852,-0.0493790355544303,-0.0482539869135759,0.102352117249531,-0.0857993606003895,0.176902339061622,-0.0060959259029567,0.00457840516815302,-0.00879249722750964,0.0493538655096497,0.0289925012181765,-0.0822808987202072
"AC018816.1","AC018816.1","blue","blue",-0.0373960356082944,0.130827638717969,0.074375255507109,-0.0338256471841269,0.0248720238414192,0.051544240032041,0.112669036808386,-0.0323049593039881,0.0167640147511179,-0.014632778084931,0.0814324423958664,0.00274159127913142
"SPATA6L","SPATA6L","blue","blue",-0.0023899425489517,0.171301133230021,0.0114136340985697,0.0472824817356694,0.0121704368707994,-0.00728190954602699,0.027824634230995,-0.00198609113319324,0.00999246959900878,-0.0428945899484358,-0.0353836288773508,-0.0419870920018661
"ATP8B1","ATP8B1","turquoise","turquoise",-0.0254345065368715,0.00408436349950867,0.12311962107033,0.0135177258540589,0.181138846560162,-0.121390052659306,-0.0533577462282892,-0.0144457934830974,0.00527887629710423,0.0533370325862573,0.0081878542895321,0.0704346796777351
"AC007262.2","AC007262.2","blue","blue",-0.00982689668196208,0.204981671611547,0.0590427270028931,0.0363903121814797,0.0862893792608053,-0.0677524929939274,-0.0209769929368314,-0.000293321596336422,0.0398600724652999,-0.0137061952003047,-0.0526932243153968,-0.0270535930123946
"MMP2","MMP2","green","green",-0.0352010355086584,-0.123762011018825,0.178160446314324,-0.0854380389668832,0.0637673442608829,-0.0183964263198686,-0.0609236175081312,0.0987911847561782,0.0818743979871515,0.45755898532016,0.136880975647158,0.106460259533422
"LONRF3","LONRF3","brown","brown",-0.111209314763789,-0.125759191894563,0.0219321754305629,-0.117457986362157,-0.156508481105944,0.266267244479656,0.216915872024877,-0.0513644009959594,-0.0709650597655049,-0.00945630137656253,0.291974618698613,0.0977112080798594
"GK5","GK5","turquoise","turquoise",-0.00857207854786158,0.0556406222538408,0.0998808778984942,-0.00211696725107593,0.118370206010555,-0.0674758341271526,-0.0493664350841127,0.0304560007180473,0.0682268167737742,0.0334255708369795,-0.0454089178860664,-0.0151788994079108
"PTPN13","PTPN13","turquoise","turquoise",-0.0204759956727404,0.0535176122248192,0.111268970180714,0.0231825924615089,0.197671194961164,-0.168925153125293,-0.10053721968823,0.0046211406659623,0.0760107106601081,0.0596268622231902,-0.104691932017642,0.0227410599962315
"PBX3","PBX3","brown","brown",-0.0537516332290184,-0.0389726262552703,-0.0138593576682152,0.037311674727014,-0.0343100860833242,0.110030518092531,-0.0164368309055227,0.0410947650880585,0.0591953091945947,0.0377106621649843,-0.0208763423850039,-0.0470864014139679
"TPK1","TPK1","blue","blue",-0.0102333710451881,0.0877795924482796,0.0888175361407748,-0.00291809666919411,0.118350154152072,-0.0734183568975939,-0.0246847046990662,0.00474738970097354,0.0837087754275955,0.0063527643645832,-0.0564461498808379,-0.00851041653110718
"LIMCH1","LIMCH1","green","green",-0.0945190433612502,0.0226554948302078,0.137208484954127,-0.0635445430991682,0.1901414030735,-0.0273968575878082,-0.0434096745183629,-0.0435514739667594,0.0785481361669991,0.197920668374308,0.124443168856514,0.0249591809842325
"GAS2","GAS2","black","black",0.0312800131043715,0.0120735987104576,-0.023891050678051,-0.0037927647343607,0.0464432429820214,-0.0898701085899528,-0.0804474190473895,0.477503733398242,-0.0298055575871643,0.0873795900318198,-0.0642329265806394,-0.000843604991540731
"L3MBTL4","L3MBTL4","yellow","yellow",0.025538546488147,0.0313952597807281,-0.0977981408008967,0.254493712564121,-0.0493895967263281,-0.00723595468295477,-0.0537410542456994,0.0506521514629761,0.0765800079268666,-0.0794263290673119,-0.137734926583646,-0.0730477048571579
"POLR2A","POLR2A","magenta","magenta",-0.0522120958868387,0.0283935452720102,0.108853994456601,-0.0282821837497446,0.130289647177161,-0.148322025782239,0.0438240628459801,-0.0479755472242099,-0.017324653515903,-0.0503637943450044,0.0233347481950142,0.264469592991766
"AC116366.2","AC116366.2","blue","blue",-0.0149598169833685,0.600809707629604,0.0852861196511867,-0.0178807098374406,0.0759162052551943,-0.104560642276485,0.0804599602372116,0.00351390611454938,0.0318054154573288,-0.0686526253794797,-0.0734996895331378,-0.0428783285774344
"TTC39C","TTC39C","turquoise","turquoise",-0.00125398288660754,0.0662911678890329,0.058547049953523,0.01467513396507,0.106874786052284,-0.0699010769705213,-0.0488364741078087,0.0745293865781034,-0.00473095842410083,0.035392465461106,-0.0435023412406716,-0.012033079759575
"LRRK2","LRRK2","turquoise","turquoise",-0.0403645083100829,0.0718377703546981,0.154496996908926,-0.084242076221013,0.22554028876263,-0.101787815863925,-0.0372252715644814,0.00240051470090762,0.0194971623705554,0.0254887407357346,0.00118931451683244,-0.0138918982174229
"UPP1","UPP1","brown","brown",-0.0317879969594482,-0.0103249142989029,0.00877682526556554,-0.0304364083861144,-0.0939845952181793,0.157982237204927,0.125919795962446,-0.0368543743323661,-0.0486278333474839,-0.0490232551699959,0.0844292376175844,-0.0233748626172799
"C1QB","C1QB","pink","pink",0.0584793290011534,0.00680313975037428,-0.0033807180535935,-0.00106461117495829,-0.00775921576399615,0.0129730693064466,-0.00191796258671668,-0.00632905769844813,0.00335573222347064,0.00201365168928133,-0.00644040606979956,-0.0120144126081587
"GALNT3","GALNT3","blue","blue",-0.0126377216918413,0.201275527653071,0.0182620772828573,0.00240948422992054,-0.0209714144317952,0.043199828335289,0.0608238418515724,-0.0122200203378437,-0.00313888564605999,-0.0458066395821345,-0.0152277971479621,-0.0693021589825857
"RSPO3","RSPO3","yellow","yellow",0.03202493999289,0.0107798226466584,-0.113510182551617,0.366636883621114,-0.0811713692193011,0.0255426912286997,-0.0505454603846836,0.0198122310962683,-0.0516066674407435,-0.0749742423840148,-0.125466059728672,-0.0882785178540529
"BNIP3L","BNIP3L","turquoise","turquoise",-0.0157263579232091,0.178911655583406,0.153490574146336,-0.0277091394743331,0.177238579383775,-0.172941843280238,-0.0933593150316894,0.0323737465269286,0.0951173577888339,0.0844953792865997,-0.0746081969065026,0.0228446474857527
"MIR3936HG","MIR3936HG","blue","blue",-0.0119268708088165,0.512636568441937,0.0738315200677193,-0.01706159389828,0.0688304328352189,-0.0992792800695743,0.0155638342954973,0.00874318529559989,0.0272318907355071,-0.0479363852530765,-0.0730865043913465,-0.0787034324184002
"CASC1","CASC1","blue","blue",-0.00474459169316453,0.235604741566098,0.063685164389202,-0.0112577557815467,0.0852545233940449,-0.0809806800171549,-0.000264625862079654,-0.00350201692597984,0.0485066107727504,-0.00733229894689773,-0.0444743135878424,-0.0237909219783295
"CHL1","CHL1","greenyellow","greenyellow",-0.00190111205274474,-0.027182364828299,-0.0142300604166428,0.00470437368383121,-0.0240865585223374,-0.00613239879835723,-0.105021388674403,0.015545131560143,0.198256521464901,-0.00106421768100699,-0.114088585932266,-0.0578413185311043
"EPAS1","EPAS1","brown","brown",-0.0334794214677284,-0.0793915873649508,-0.0990854261623431,-0.0608973271133806,-0.299835304527788,0.417527077234132,0.296314618674188,-0.115144474368484,-0.119809658006534,-0.192798588107493,0.218773656797495,-0.0721288850377376
"TMEM132C","TMEM132C","turquoise","turquoise",-0.0549595820889918,0.0162306230916539,0.167503977023566,-0.103852569524814,0.157752464882393,-0.0487231890221997,0.120864504509666,-0.0706229114232189,-0.155799796806511,0.017867647135404,0.194254269201206,0.120009986962756
"WWOX","WWOX","turquoise","turquoise",-0.0257511283202369,0.00249713156423569,0.0445118627133362,0.00649730226672977,0.102194066947927,-0.0349597836399753,0.0314204287774429,-0.0158467800998576,0.0102433687567837,0.0208729199881397,0.0350849970144368,0.042659198071172
"DCHS2","DCHS2","turquoise","turquoise",-0.051150150658541,0.0503795120669326,0.146845671976203,-0.0772267635138675,0.161745381008585,-0.0455030594902813,0.0770570231011409,-0.0336980305744476,-0.0437569443129537,0.0653223369081075,0.150691381166011,0.0673700852050387
"TSHZ1","TSHZ1","turquoise","turquoise",-0.032104972157487,0.0188988938249189,0.118889283782898,-0.0133452103469533,0.119612665951838,-0.0525057329360408,0.0464439286137788,-0.0169403227958488,-0.00702587738865902,0.00625991307583194,0.0561440833583368,0.107517471063396
"GRM5","GRM5","yellow","yellow",-0.0106181451935047,0.0597414026523949,-0.0408407699373944,0.076665408611815,-0.0437609195754029,0.0612194508341201,0.00860462070836594,0.0534837640983057,0.0353255832952376,-0.0398234418486982,-0.0664335196170459,-0.0625061751807549
"MGST1","MGST1","brown","brown",-0.0538422219619468,-0.0093072551433202,0.0556096683235385,-0.0788498412070189,-0.107026067569851,0.178007465728366,0.00274511715844295,-0.0792205097837723,0.168217888818537,-0.0949194491208334,-0.0738754567922979,-0.125251885009533
"PKNOX2","PKNOX2","red","red",-0.0411502847069798,0.0345358799348279,0.0599921960376309,-0.010678881189108,0.02431271309728,0.048116872933071,0.127237057727396,-0.0285414444901094,-0.0556151413903238,-0.0312967831746499,0.0762999885419805,0.0235857163150988
"AIM2","AIM2","blue","blue",-0.00127780723189669,0.451842809632115,0.0918697853837017,-0.00850794332349499,0.108317813790554,-0.127918503647867,-0.0196018928556025,0.00475799886426178,0.0234748155039882,-0.0139397875365902,-0.0627383645418099,-0.07038711258318
"VPS37B","VPS37B","brown","brown",-0.0343648808933755,-0.0646336547248397,-0.0392353242201745,0.00782618051223725,-0.120830157271354,0.203861106369514,0.0927090864273535,-0.000822932078817498,-0.0037053237039019,-0.0267815470633253,0.0280568062646959,-0.0554885734172473
"REV3L","REV3L","red","red",-0.00539576166310655,0.100722780961088,0.0557090007007292,-0.0447416043581695,0.020563515279174,-0.013084581098819,0.199447951523511,-0.0364574043561844,0.033815547619342,-0.0930976828550339,0.0482729700669551,0.085046207560155
"APCDD1","APCDD1","turquoise","turquoise",-0.0440000155647342,-0.0146929811908791,0.281428032766689,-0.114109436041464,0.370913200377571,-0.239110610056186,-0.0772988225395589,-0.0448271983063236,-0.0541816190721477,0.177369768967429,0.167126206477348,0.17148759692549
"TXNIP","TXNIP","turquoise","turquoise",-0.0154505368566396,0.287612886947079,0.358681814970282,-0.172538953380591,0.457522980224921,-0.496736654006309,-0.145996002840693,-0.046483413432825,0.101460030199375,0.00795532006168858,-0.124347929275974,0.182022016670105
"PRRG1","PRRG1","blue","blue",-0.0249855018789374,0.0674956900093859,0.0704053620701976,-0.0129885123583817,0.0361960877441334,0.019894842782648,0.00130454457771499,-0.0198779857221607,0.0507813751393642,-0.000818597901648933,-0.0149025922264639,-0.0286562598516098
"ANO1","ANO1","green","green",0.0041798717793729,-0.0167777939511617,-0.041917393045121,0.0696332002807965,-0.0185111511396094,0.00196742233118908,-0.0561823603455525,0.177896282255876,-0.00828493508799356,0.145779379104716,-0.0192292015242971,-0.0155221259538422
"FUT8","FUT8","turquoise","turquoise",-0.0475694910855238,0.0745814660730344,0.144572358290395,-0.0354230569450001,0.206401552465435,-0.101051999198891,-0.0355072100030728,0.00222893335136908,0.0985791233093174,0.00924674230268973,-0.0384885405376567,0.0194200831806896
"WNT9A","WNT9A","brown","brown",-0.102941227191304,-0.0572919504466258,0.00474295158623399,-0.109817561414921,-0.195500598257052,0.300643863691167,0.211415445077009,-0.0497261706194096,-0.0505792936214773,-0.016065503263438,0.248861846959292,0.0317422466649128
"STARD13","STARD13","yellow","yellow",0.0403744662371304,0.0189221087909436,-0.19585759587523,0.367883805378733,-0.103607374949113,0.171767997912972,-0.0780768516752644,-0.0143069577677867,0.0517855464945184,-0.121723776513481,-0.127139732494166,-0.217345648992172
"FAM171B","FAM171B","brown","brown",-0.042172888198041,-0.0447540695620442,0.0247784236584453,0.0226045451964467,-0.0648641824540328,0.169561355404,0.0200154476818251,-0.0316244519329044,-0.0278825613346038,0.0166689590452745,0.100803006587613,-0.076435538789677
"HDAC2-AS2","HDAC2-AS2","blue","blue",-0.0139624256313737,0.141920564671484,0.0575695512056953,-0.00675275063009341,0.0611670190547262,-0.0325144247245453,0.0183566978973244,0.00246931871030235,0.020200649871536,0.00320270131258237,0.0132292982567584,-0.00700989398506248
"GFOD1","GFOD1","brown","brown",-0.0396080455929092,-0.0136445101601452,0.0259622109305452,-0.0431156638192603,-0.044740030789827,0.148229133232256,0.117682256416912,-0.0309453233302856,-0.0726963804635252,-0.0102241069872191,0.153839073276379,-0.0154639984786389
"SLC49A4","SLC49A4","turquoise","turquoise",-0.0099416736370211,0.00267207106287526,0.088242191554091,-0.00931561601663936,0.117898542604545,-0.0672346481126927,-0.0500248730949085,0.0193975592260588,-0.00188730047751797,0.0543560896621746,-0.00380717623159061,0.0183629957706388
"TSPAN7","TSPAN7","yellow","yellow",0.0257018348175073,0.00156345180633466,-0.0881159452668087,0.289043188877171,-0.0502670941802898,0.00742290603657053,-0.0498257151708671,0.0389160925993448,-0.0204950600130772,-0.0313052051976386,-0.0772254325455821,-0.0455762692290599
"PRR5L","PRR5L","brown","brown",-0.0280630049216789,0.0112260476477537,0.00747706073414046,0.0230639576817366,-0.0194453552313107,0.0729633687164577,-0.0130474486287596,0.0438998012492835,0.0476878211409607,0.0338806871449155,-0.00803529978875984,-0.0441797787824197
"MEST","MEST","black","black",0.0159017213080908,-0.0132543731246024,0.012786314820106,-0.0143112566781904,0.0378390077672616,-0.0500776964145591,-0.060223000313435,0.278834187556311,0.0139943795190415,0.117313161782032,-0.0120224625853118,0.00693829003471116
"DAAM2","DAAM2","purple","purple",-0.0493359651032936,0.0133580529338524,0.115383915260319,-0.0887815208193884,0.0985881638388053,0.0147646533087704,0.0775812384328053,-0.0199672765238889,-0.0707929409325112,0.0383470284155174,0.184388481529242,0.0383496708152662
"IL19","IL19","blue","blue",-0.00886109832267357,0.330493376093719,0.010494646713375,0.0182870510066842,-0.0134269846460653,0.00958532231089395,0.0415704196779433,0.00925465530818992,-0.00129802450753172,0.00235781424256857,-0.0118738939147806,-0.0632818601547075
"OXCT1","OXCT1","yellow","yellow",-0.0203553811887947,0.00470079725689934,-0.014316749840503,0.177538538142173,-0.00178921425593704,0.0160420452219356,-0.00202714357039373,0.0419601283693181,0.00696228127551371,-0.00336889415420957,-0.0440936317692494,0.0150432512345175
"KCNK2","KCNK2","black","black",0.0141656248650003,0.00472555558730871,-0.0290030464505814,0.0208492275453902,-0.00801952069022507,-0.00110856223315806,-0.0367569071802746,0.323847392844012,0.00367314687851085,0.0291199467760734,-0.0706240774690742,-0.0429352053079814
"ELN","ELN","green","green",0.00443854648875296,-0.00379706076185353,0.103607856418252,-0.0302450825720509,0.095939143333335,-0.0990822430866464,-0.073666717029446,0.0689553904553621,0.0781737533791286,0.248882196097637,-0.0330771325019453,0.0777812001604396
"SCARA5","SCARA5","greenyellow","greenyellow",-0.0740701228802722,0.0537308419096225,0.176566558655038,0.0481398296436253,0.0736177936075797,-0.0475039957117426,-0.0350279680512824,-0.10160505472972,0.38393025502637,0.0285086285115615,-0.0859498853041068,0.0142219861748118
"VCAN-AS1","VCAN-AS1","brown","brown",-0.0735534172789267,-0.0494164735846539,0.00536026348165156,-0.0512115869389427,-0.148738699937583,0.267411353101103,0.0833986004968316,-0.0397112992197006,0.113308327145877,0.00294250788657714,0.0767656478395043,-0.0697184239904374
"PTGR1","PTGR1","turquoise","turquoise",-0.0212486485195332,0.0138778235986138,0.108755258316512,-0.00744129357719073,0.11309266848304,-0.0755642633543578,-0.0215393526030454,0.0122796096802615,0.0188919088473936,0.0599212726115416,0.00638313151639112,0.0468095162245447
"AP002026.1","AP002026.1","turquoise","turquoise",-0.00577801881872102,0.126489879632647,0.1454493133303,-0.0799650247717511,0.243616992933892,-0.169883623216077,-0.030796362516056,-0.0305738240236104,-0.0597435109357216,-0.0034849004967581,-0.0328350786121976,0.000812275859297126
"GRIP1","GRIP1","yellow","yellow",-0.00981126451951006,0.102620395784371,0.0077446887013059,0.106952415121789,-0.000205322696479591,0.0148108839085936,-0.0011202292415675,0.0330455192272402,-0.0150956575419617,0.051747916363649,-0.0165274315254643,-0.0281751114459564
"JPH2","JPH2","blue","blue",-0.0106502505758066,0.139007135061604,0.0568506053029694,-0.0122874952627518,0.0702119036707548,-0.0532370283242646,-0.0201448063732036,-0.00645871618105114,0.0118434792900867,-0.0159097881373803,-0.0328752993054349,-0.0123717032729948
"TPST1","TPST1","red","red",-0.0635116178742595,0.0221736329449367,0.0153430042809366,-0.0307449206992441,-0.0945167836168249,0.132459585043797,0.255285897397605,-0.0426393060082332,0.0266579757880856,-0.0550884814435134,0.111137419921764,0.0444598968817911
"HMGCLL1","HMGCLL1","turquoise","turquoise",-0.0160578600725433,0.0683433464889164,0.219806453499162,-0.102356884048243,0.38227397223648,-0.275246288840494,-0.117034707873047,-0.0124427733199413,-0.0500541381043466,0.0863974428714196,-0.00367168547787358,0.076011577217161
"ARID3A","ARID3A","blue","blue",0.0014975926380874,0.402424270477002,0.0661333875461988,-0.0294503858460638,0.0709568725459177,-0.0900264406493027,0.0441673501711261,0.0321212520222921,0.00501030030611781,-0.0456327681277229,-0.0542710862663879,-0.0483642214448904
"CCDC148","CCDC148","blue","blue",-0.00714548744672772,0.077522526071475,0.0254608493426318,-0.0146309084778357,0.0175352728553314,0.000551183785600329,0.0203568482068105,-0.00480325141839173,0.0101464912901641,-0.0431533856993237,-0.0366330710897075,-0.0261792332121603
"PRKX","PRKX","brown","brown",-0.0190043300166044,-0.0340203592551758,0.0171798832365205,-0.0199740889914316,-0.0455645650380992,0.125486652812176,0.0328815649908773,-0.00116441730907355,-0.0241394087920489,0.00128960160578356,0.0445757760767124,-0.0531847562171043
"SLC10A7","SLC10A7","turquoise","turquoise",-0.0227821148631405,0.0569042975387211,0.115997469858679,-0.00501811869268998,0.212870199961658,-0.158569368779769,-0.0630264921217188,0.017700458005336,0.0248809606339691,0.0550922686972172,-0.0317927252070047,0.0493026071693762
"VAMP8","VAMP8","blue","blue",0.00188033400568752,0.171314445736191,0.0827795693080375,-0.0226065265782704,0.139384692780574,-0.139085099381111,-0.066871258423588,-0.00346506626223845,0.0149482000079972,-0.00467527326199607,-0.0678125887605849,-0.00718848128537887
"ANKRD39","ANKRD39","blue","blue",-0.0147214458293782,0.0700204302264845,0.0629340476121523,0.00637961106582538,0.0601790430982298,-0.0362533157689287,-0.011076532375929,-0.00162377953719609,0.0150370180064756,0.019045219747541,-0.00863431386966744,0.0106906398785057
"ADAMTS19","ADAMTS19","greenyellow","greenyellow",-0.00951739030034791,0.0120877364242991,0.0135328263565583,0.0162820790465883,0.0203821494603265,-0.0157878326159303,-0.0617230960270847,0.028540462836793,0.122993415176179,0.0738341196114684,-0.0486552327590272,-0.0114000780140695
"LINC01208","LINC01208","yellow","yellow",-0.00139158295465291,0.065575972457212,-0.0135639792525148,0.082664689352911,-0.0138702751402722,0.0135634274840424,-0.0189576413232047,0.0184658741528885,-0.00550123014081955,0.0314642227540214,-0.0250761140728678,-0.0360746581190728
"PPP4R4","PPP4R4","yellow","yellow",0.0511208567638479,-0.0214668299077452,-0.237875340201551,0.608914563599132,-0.123739100346677,0.0198467196643216,-0.104578801421424,0.0590348541692961,-0.0542253173494703,-0.0529141339256342,-0.141288669850277,-0.0986481318346126
"RNF19A","RNF19A","red","red",-0.0723395487707061,0.0384809825099057,0.137828027782707,-0.153653255458681,0.0814640795415365,-0.0388556289233422,0.304064968562533,-0.0183679832428785,-0.0437582041980549,-0.0115352422701674,0.202155068987135,0.183787017544925
"DNAJB14","DNAJB14","blue","blue",-0.0277099204220843,0.194205728698361,0.139790961236773,-0.0233459422642135,0.20090603052697,-0.184346952218207,-0.101840141806216,0.0180981772983105,0.0825697639638739,0.0442623168595303,-0.100077703759438,0.00229076532839869
"HIVEP2","HIVEP2","brown","brown",-0.109466032422962,0.0342156085231951,-0.138032917529912,0.0389064427812105,-0.381180111448004,0.531816338727512,0.435384508796552,-0.0855789800830433,-0.0295506737664265,-0.176429021979271,0.233663652955979,-0.00292455508940328
"PTN","PTN","black","black",0.0348482713730944,-0.00246695038163341,-0.00151035311690518,-0.000948917039261655,-0.00606043517813058,-0.0420366230389344,-0.0401005209544557,0.431288492367431,-0.0582400965006062,0.122846756265352,-0.00260680212398556,0.00501476188419497
"KALRN","KALRN","yellow","yellow",0.177614528109157,-0.00608793319826408,-0.117334693439868,0.194099283500858,-0.0700372004321328,0.0472273439559201,-0.0113244664517012,0.0468160830556628,-0.132397717951807,0.0889424759288837,0.0257495220310185,-0.0297868569996662
"AC106729.1","AC106729.1","yellow","yellow",0.00987672482344848,0.0124018704197745,-0.0178195197493448,0.065040484535936,-0.00088320398805855,0.00103006000975804,-0.0138366561830463,0.0164970044046739,-0.0204817924334516,0.031137288858827,-0.0254823051314618,-0.00138693551594874
"TEX9","TEX9","blue","blue",-0.00381150490656738,0.0836225204696151,0.0360776998171882,0.0332093135505017,0.060530769615105,-0.0454560409525761,0.00430861274436263,0.00119999847552512,-0.0149583202264474,-0.0145416578383583,-0.0251995998004236,0.000124440590105652
"NEDD4","NEDD4","turquoise","turquoise",-0.021425613746889,0.0539267951385112,0.134945828414936,-0.0421878451662325,0.177674195471013,-0.104229795189834,-0.0374554682608388,0.0204585740898535,0.0468689071406938,0.0449660675524907,-0.0127218670072114,0.0387550886853551
"ENPP2","ENPP2","turquoise","turquoise",-0.0419057853099767,0.0775514246106994,0.20646714322426,-0.0528811808708879,0.21138691554454,-0.139551797989067,0.0783516667027546,-0.0254113334535334,-0.0915085072677495,0.0521623770571864,0.108518296908758,0.15364858500522
"VAV1","VAV1","blue","blue",0.00709208592875475,0.36160579664211,0.0481552454070559,-0.0181852073309409,0.0377303523139723,-0.0566785287054185,0.0282038421416702,0.00242988747827892,0.0057440277822021,-0.0420106443483157,-0.050534924989422,-0.0684394066279389
"ACER2","ACER2","blue","blue",-0.0193985715254853,0.162367363489364,0.0583634289124947,0.0131961638602797,0.065010369135193,-0.0453603483363263,-0.00370524587946679,-0.0139379145651725,0.0644642387157061,-0.0226529295263127,-0.051272970198556,-0.0182759677612875
"HIST1H2BD","HIST1H2BD","blue","blue",0.010368770894634,0.153680253209031,0.110585878725294,0.0063227668320281,0.185951756847363,-0.202686130188286,-0.0919535959511044,-0.00688828813770983,0.0179049006511243,0.0020558896126265,-0.105646559531971,0.0274767443355224
"PRKACB","PRKACB","turquoise","turquoise",-0.0180481377560639,0.0122737387048541,0.102493444773485,-0.00678393231454874,0.180544004952315,-0.11724844680615,-0.0916974585959616,0.0440878326318235,0.00283120894399177,0.0854671805690188,-0.0434345759113707,0.0144329925819664
"MRC2","MRC2","purple","purple",-0.0519607495470467,0.00296669834045515,0.166739698761838,-0.0586608655765867,0.0924921090915442,-0.0209913534908803,0.0758547733654344,0.0612731817240785,0.0128377960950365,0.321955666132654,0.267304495726232,0.0921086317140903
"MYH13","MYH13","brown","brown",-0.0240275676038211,0.00487514917463957,-0.00178857187753349,-0.0228902713962731,-0.0560198663345635,0.112618841865502,0.0654966253726112,-0.0178326290034488,-0.0455060897135879,-0.00527772999189814,0.0497156989411219,-0.0378907586933626
"CSRNP3","CSRNP3","turquoise","turquoise",-0.0145633269023302,0.0235209947568625,0.0924635076620144,-0.0388328676723575,0.155721507237616,-0.101023433115348,-0.0380010515217014,0.0194599487377918,-0.0586859268043052,0.109937838062263,0.0302027890661468,0.0420530975803427
"MCF2L2","MCF2L2","turquoise","turquoise",-0.0171854596042197,0.0563454676407542,0.137000763336692,-0.0596644392799105,0.188408777483212,-0.113922486768878,0.0295408793084968,-0.0274401918476377,-0.0256089193355308,0.0327489156066367,0.0534366879586129,0.0631404718097226
"TRPM3","TRPM3","blue","blue",-0.012124310102702,0.202714757311854,0.0539421686237335,-0.00664038166995624,0.0116660211278031,0.0162961967151972,0.0769092218854635,0.0183944692923545,-0.0128404285783923,-0.0266767299396899,0.00871575281850561,-0.0304496839533805
"SLC1A7","SLC1A7","turquoise","turquoise",-0.0217378319142737,0.0123267377969171,0.207738578336116,-0.08302185777252,0.258278636721569,-0.187533224417266,-0.0406673252619697,-0.0229928905720016,-0.1023285239023,0.159077375634217,0.104921195362389,0.143154847359954
"LRRN1","LRRN1","black","black",0.0294067696557969,-0.000889484691876753,-0.00354980459737399,0.00297800902027034,0.00546028859298168,-0.018377291449052,-0.0207818228966674,0.158907250915173,-0.0107811134864614,0.0407183965890327,-0.00035624302253614,0.0194831240786729
"SNX8","SNX8","brown","brown",-0.0280861241544383,-0.0519285807574037,0.0373794283331702,-0.0306004225398191,-0.0222066801322724,0.0975183584841963,0.0302107841983848,0.00525545597577688,-0.00189098596551007,0.0307563974137553,0.054475388679388,-0.0207993454602426
"OSBPL10","OSBPL10","purple","purple",-0.0770424489075869,0.0785439396664582,0.128952466983391,-0.0539246150521058,0.0817887506588437,0.0407833573986606,0.0986258355544048,-0.0551865897754062,0.0386778754030934,0.0458179951660156,0.180427015967475,0.0386306825328786
"RAB27A","RAB27A","red","red",-0.045944856404592,0.0230374728837985,0.0497042526998732,-0.0208780071153765,-0.0311723885158551,0.0820124802577768,0.20674789686735,-0.0287289500881533,-0.0393261578915265,-0.0304233451130535,0.112575371019483,0.0402043766961493
"UBAC2","UBAC2","turquoise","turquoise",-0.0255963959543467,0.0313219666512793,0.117059049198346,0.0109483235803241,0.164745660729922,-0.0795183144265416,-0.048797781839773,0.0307874738879718,0.024112733108738,0.0293711430296479,-0.0285444784772323,0.00563385688719964
"LINC02246","LINC02246","brown","brown",-0.0343418984160341,-0.0042387530942889,-0.0569968756483944,0.115840189018178,-0.0923258578348215,0.151956379278166,-0.0233531864374535,0.0130585210041921,-0.0450216319026745,0.123656912619365,0.0615490280274366,-0.0619364977531033
"XRCC4","XRCC4","turquoise","turquoise",-0.0220642263561818,0.0196916186619197,0.0742687695516668,-0.0148749006658762,0.111681361310853,-0.0725085178451943,-0.0338500810008294,0.00414676749368735,0.0376447183092553,0.0164924953738501,-0.0302738894228004,0.020863133274035
"MCF2L","MCF2L","blue","blue",-0.0129137037372782,0.147339872686288,0.0363706685689393,-0.00831621816939867,0.00791219541695151,0.0195575381948187,0.00768268321167391,-0.0105875984575794,0.128612176738391,-0.0332471087591213,-0.0596826213784615,-0.0507249027110978
"TGFB1","TGFB1","blue","blue",0.0127253423798856,0.115996613877712,0.0222359703242572,0.000490987464871337,-0.0212187239099223,0.0263187594513103,0.0462635071818687,0.0268418103746816,0.0374709366168028,-0.0228965980396631,-0.0385820442373862,-0.00501331161126766
"FNDC3B","FNDC3B","brown","brown",-0.128852916855937,0.101016968229384,-0.0681380888425471,0.106449197263409,-0.159492307153826,0.340744685618308,0.327463451541717,-0.0589177354153141,-0.0344694580257841,-0.127631771600543,0.14286605798018,-0.00412789994637079
"SGK1","SGK1","yellow","yellow",0.0694953917964317,-0.0154476985472504,-0.150121694874112,0.368587194849377,-0.143674869691767,0.0870264767046775,-0.0454135039990026,0.136594615148839,-0.0143999244128344,-0.00418881622517993,-0.0666668560667769,-0.0317105459733824
"IFI27","IFI27","yellow","yellow",-0.00673881580139242,0.0187242587550125,-0.045073839197057,0.239350835854614,-0.0860809121919194,0.0568515049575514,-0.0500424802948955,-0.0140482638015213,0.120946467456423,0.0144788671702766,-0.108059418198593,-0.0622946230561697
"CMTM7","CMTM7","blue","blue",-0.0270192420185114,0.123281605883882,0.069863615884495,-0.0152867650831758,0.03962601730991,-0.00555770879588638,0.0538898654033546,-0.0149328886054314,-0.0282714967111507,-0.0136094073991777,0.0492261616867251,0.018679791189587
"SRPX","SRPX","green","green",-0.0401256117039665,0.0203235779608897,0.142857858244933,-0.0971670410936786,0.0216208749614985,0.0403342514653901,0.0654035645788622,-0.0279983309009582,-0.091824885296027,0.205284955061952,0.1655141069167,0.050787707316925
"ASB15","ASB15","blue","blue",-0.00535268830382378,0.168369650076392,0.0529768803324872,-0.0103735620452058,0.0323385361487156,-0.0263704696606144,0.00351177599903174,0.00188667319808786,0.00885516133793341,0.0179661811031198,-0.0125789960270664,-0.0289507421977283
"ANKRD44","ANKRD44","turquoise","turquoise",-0.0180093880370856,0.0278889434844861,0.101581372252024,-0.049814725759339,0.151382658854726,-0.0958411826185091,0.0104122343203576,0.0531312907374111,-0.0531297641074841,0.0273238452197056,0.0622306510085923,0.100940525732336
"ARHGAP20","ARHGAP20","yellow","yellow",-0.0411647381436914,0.00976413933848345,0.0487739806675873,0.105308167967293,0.0687704758831512,0.00853512154955674,-0.0649548740767814,-0.0174302083432401,0.171199927992537,-0.00601782932666911,-0.0405194376566177,-0.0340364596371255
"AC135050.3","AC135050.3","brown","brown",-0.0300483268890774,-0.0296441016148896,-0.030551274228461,0.0334786048292625,-0.0879858241534145,0.148191213098162,0.113538406806336,-0.0133047075789204,0.0091217471952344,-0.0127115963781709,0.0486489080090264,-0.0302162098455146
"CPNE5","CPNE5","blue","blue",-0.00882378919719381,0.550321536397208,0.0775389333765194,-0.0244832441497725,0.0486580197139108,-0.0604775478741828,0.050968303567617,-0.00228634288888168,0.0738150460059627,-0.0751107327268953,-0.0881907397685152,-0.0906417089111378
"EPHA1-AS1","EPHA1-AS1","blue","blue",-0.0245149812163844,0.288740539433996,0.0472410831395666,-0.0273207573913376,0.00234252067073072,0.0357993339573063,0.105767599670553,-0.0132560458492563,0.0248133314808886,-0.059205684194946,-0.00256812735232453,-0.0613183213868376
"ZEB1-AS1","ZEB1-AS1","turquoise","turquoise",-0.0203137610915593,0.0678585609071065,0.126949396531999,-0.0397196307565426,0.20471266183597,-0.128086998253883,-0.0594296848504167,0.0159796843069481,0.028568149550263,0.0714173031773971,-0.0242271571573332,0.0108142926338771
"PRKY","PRKY","brown","brown",-0.0487468375584374,-0.0198880957141125,0.00221643373457314,-0.0360368203389326,-0.0953452003318379,0.205020133765768,0.0424866017385134,-0.0320359211170546,0.0383529467254225,-0.0379109525115977,0.0199571838798471,-0.104762911559341
"AGBL3","AGBL3","blue","blue",-0.0199446882532234,0.335013280974854,0.0745552027714554,0.0713943221473072,0.097850400484167,-0.0747728773412315,0.0228285285081647,-0.000108096813021673,0.0263937244676444,-0.0185374148873756,-0.0723060308450627,-0.0556314358857424
"CALN1","CALN1","black","black",0.00762269948220066,0.0127229245404173,0.00220380492659482,0.0199403684907669,0.0207596318254832,-0.0218299614120517,0.00384586986356961,0.166622214518743,-0.0217486872229656,0.0397539849062411,0.00244450227785795,0.00545581668913765
"DEPP1","DEPP1","turquoise","turquoise",-0.0175430110317909,0.0414730287618568,0.0821744080661928,-0.0273709627699268,0.0924628983114488,-0.0965680965103467,0.0306862468537599,-0.0208555434615376,-0.0107743273001858,-0.0590801670576092,0.00304480850570228,0.126769131220519
"AL390957.1","AL390957.1","blue","blue",-0.0322326422340824,0.183210337841753,0.056785644104238,-0.0131170276613198,0.0241541686045403,0.0453885518071026,0.0494752998425158,-0.010475708531414,-0.0174927557142923,0.0172297409676496,0.0451891494102806,-0.042620929781939
"CYTH1","CYTH1","brown","brown",0.0557594171417968,0.115412635838803,-0.0585567107775545,0.0161966535299529,-0.113407789236984,0.151345466506874,0.134208970533873,-0.0442637060732172,0.0487990428765401,-0.120402643115542,-0.00171347348345164,-0.0431324421061542
"ZCWPW2","ZCWPW2","blue","blue",-0.034275899108614,0.428049773064264,0.106267605139466,-0.0219592821404869,0.12024624536319,-0.0892744234612556,0.0469124422264817,-0.0147492041564518,0.0605926385123543,-0.0461985246481642,-0.0449106261749872,-0.0330372622898484
"GHR","GHR","turquoise","turquoise",-0.0624639748291745,0.107342349476953,0.145019985699924,-0.12750555794627,0.189538923159921,-0.118854961605869,0.083630238905551,-0.0390911008561148,-0.122093229340968,-0.033689771621163,0.0601364778358427,0.0714028542665218
"PLCG2","PLCG2","turquoise","turquoise",0.109580695539723,-0.0485116450127671,0.0806529903744593,0.0391303788523232,0.247327378140828,-0.28293111372418,-0.039879641301599,0.189750898300593,-0.0350886985381848,0.183396007667912,0.00126768855863406,0.215400314707983
"AL136985.3","AL136985.3","blue","blue",-7.83526369070415e-05,0.242908087791902,0.105059439605069,-0.0244592699774496,0.176259236883165,-0.150218443856542,-0.0909221058618473,-0.00617145813478049,0.0300172678891986,-0.0145129624061197,-0.0954511090774987,-0.0710049332135798
"SYNM","SYNM","brown","brown",-0.0133643485927516,0.0315590106463087,0.00982747579475283,0.0391891284292209,-0.0504919576428158,0.0786365417956215,0.062146896727903,-0.00829048720285555,0.0173942434013857,-0.0471747847204053,-0.0319013386468383,-0.0193460501694995
"RASGEF1C","RASGEF1C","blue","blue",-0.00350901597734152,0.403138743661766,0.0072095379221182,0.0158807177121851,0.0234945275435261,-0.0524198243459576,-0.0184308489597817,0.0232066593405738,0.0742677457082382,-0.0427720010505648,-0.0840084128662319,-0.0835158460728267
"LINC00271","LINC00271","blue","blue",-0.00751278532418375,0.101801261605218,0.0530049906041379,0.0279918753984797,0.0875822328301199,-0.0663679641961794,-0.0016764799124867,-0.00333404418868988,-0.00171808254416915,-0.0120381108038328,-0.033772090425909,-0.00747629428703457
"TXNRD1","TXNRD1","brown","brown",-0.0748778572181085,-0.119081945046033,-0.0573481579437521,-0.0393559297212852,-0.213898223276079,0.336370001228494,0.0244147813895669,-0.0444206601608224,0.0147986028935006,-0.0012336918774805,0.0982453899642496,-0.153904553961242
"MXI1","MXI1","turquoise","turquoise",-0.0293349515218066,0.0508916005148735,0.123251087347479,-0.0467681790316989,0.119854781281256,-0.0885897170987972,-0.0263639014243024,-0.0140886991060555,-0.00142087822641772,-0.00705577628538652,-0.00241961264994209,0.052552491667233
"MOB4","MOB4","magenta","magenta",-0.0294928684287459,0.0497001704527956,0.172768290844543,-0.0570770480066799,0.266888873273683,-0.234265114263256,-0.0389754143744167,0.00669676303840225,-0.0164753556957797,0.0789117986021771,0.0305326533339498,0.373441159071675
"DOCK3","DOCK3","yellow","yellow",0.00332976045583398,0.138531261115032,-0.0607222029809052,0.198777014251513,-0.0632560095646856,0.0414925930510347,0.0344584241471329,0.0231383123669675,-0.021851074299198,-0.046901284109252,-0.0527007467471303,-0.0633750452893235
"CCNG2","CCNG2","blue","blue",-0.0749705021856629,0.243288964365847,0.142860776694633,-0.118456616944341,0.0954004444969144,0.0337870380019982,0.172850943779713,-0.0558133334684869,-0.0904117609354776,-0.0328715515022025,0.157609284058795,0.0409085144186719
"AC084816.1","AC084816.1","blue","blue",0.0155916405817369,0.199191585846209,-0.0307591145860206,0.235724057720006,0.0346547684414018,-0.0633143085765504,-0.0476842683101852,0.0417130905569473,-0.0146713221599973,0.0212708258672907,-0.0700158571806978,-0.0283193515840523
"PTPRD","PTPRD","turquoise","turquoise",-0.0717883611631202,0.0335302773806222,0.117166457768916,0.0122010748790418,0.172752472272175,-0.00700132760285714,0.00149384342192443,-0.047026429852264,-0.018428741757011,0.0505352582440341,0.0729524332224561,0.0162017969623146
"WNT5B","WNT5B","red","red",-0.0266018634695634,0.0596734394656527,0.0416665635424315,-0.00614853842303768,-0.0145742254212242,0.05098869533616,0.203588989989949,-0.0287587939196667,-0.0767355253140303,-0.0583629690770987,0.0963746784313237,0.0360391138370296
"ZFAND2A","ZFAND2A","magenta","magenta",-0.025831783421431,-0.0789676134738917,0.0991367207465712,-0.0394108727956491,0.106633308905754,-0.10909018903519,-0.0264949708566715,0.00514334137198907,-0.0243294696742453,0.0711438392687633,0.0380764692314014,0.260904429217424
"EPB41","EPB41","yellow","yellow",0.0129397347783996,-0.00780306878082268,-0.0825984023667048,0.267622748341529,-0.0205293141654071,-0.0149753025703389,-0.0575928377291954,0.0210611706191729,-0.0341915641432997,-0.0165214141164601,-0.0462011474039862,-0.0282903567566063
"FOSB","FOSB","magenta","magenta",-0.0077075934554034,-0.131179813186356,0.116329624679652,-0.087446341465709,-0.00125907310641052,-0.0702614775615719,0.334550078323487,-0.0596869913379124,-0.262063435800835,-0.0326342079561877,0.323487672794361,0.651932102587355
"LINC01257","LINC01257","blue","blue",-0.024064821760857,0.446219027347572,0.0444561651669504,-0.023578831261608,0.0269739367832183,0.0183588663906184,0.053645216939898,-0.0250108190571543,0.122514722676593,-0.110039864559448,-0.105728483186079,-0.125019998245448
"FERMT1","FERMT1","brown","brown",-0.00979658223708311,-0.0301857085016856,0.00982736645839891,-0.0233311950324272,-0.0175688401652364,0.0603880139533644,-0.0239441541119887,-0.0145389657691144,-0.04149147835434,0.0576283179491212,0.0580746983093911,-0.0320959513503592
"LINC00598","LINC00598","yellow","yellow",-0.00758183324937728,0.21894305279027,-0.062668298299503,0.254164930222801,-0.0504034511418961,0.0536954412022142,0.0329296438279704,0.00540231996399048,0.00841818055634916,-0.0579763652632798,-0.0448721031400394,-0.0952256055217517
"AC018754.1","AC018754.1","blue","blue",-0.0202981161461389,0.180631061172802,0.0498496450356474,0.00774835371452813,0.0509859698021559,-0.00312427232645376,0.0487173339130771,0.00123324962406187,-0.00949078088285552,-0.00827416854368217,0.00887211096335789,-0.0353313947807114
"PSD3","PSD3","brown","brown",-0.0347605441949494,0.00810130519586962,-0.169305263232998,0.339331110262445,-0.12956651228375,0.209328795702334,-0.097891352374507,0.112691165163543,0.234956328678473,-0.0444380922837714,-0.185859606311448,-0.18255770902465
"CPNE8-AS1","CPNE8-AS1","blue","blue",-0.0112839494593207,0.0983183965338325,0.024896065334997,0.00405607286532558,-0.0201104723497022,0.0426023970938401,0.088240820894976,-0.00497753472519997,0.0115421678799016,-0.0383486356075693,0.0240343523701693,-0.0120738876344317
"PATL2","PATL2","blue","blue",0.00498858429554459,0.181016652541514,0.0476748026345884,-0.000459102584460551,0.0512005255080079,-0.0373823658915508,0.0161331365463477,-0.00552542259346364,0.0277983531301832,-0.0233109129126455,-0.03733570619383,-0.0161442721053749
"PPM1L","PPM1L","red","red",-0.0626851406886567,0.00603475322480897,-0.00598545441727181,0.111368152456957,-0.0253130654154378,0.0855075921795434,0.121007151849798,-0.0633814418835679,0.024205521763365,-0.130568145270227,0.0261447050547228,0.0242504084862724
"RAB7B","RAB7B","green","green",0.00127485442877097,-0.0394936058874232,0.0393842506705058,-0.0127868652030982,0.0457782472871082,-0.0132298680420764,-0.0559850761191344,0.0511068567737171,0.0289454003766332,0.101467148815859,0.0167355694717513,0.00880295279226077
"MCF2","MCF2","blue","blue",-0.00428605712005771,0.180753312843837,0.00340424130462302,0.0474209980446232,0.0054154239024286,0.0117305212160306,0.0033697796040538,0.0106854773836963,0.0128823455801115,-0.00082252346090368,-0.0415040035654074,-0.0604115195164658
"HEYL","HEYL","green","green",-0.032433878951217,-0.0244677211604305,0.0559233838586772,-0.0251053207257029,0.0594009957647889,-0.0328532051724799,0.00608461514515107,0.0247904737377822,-0.0667339820837898,0.1479137607481,0.0893571782996724,0.066614792835131
"PHACTR2","PHACTR2","turquoise","turquoise",0.0288032272554653,0.0933271547018964,0.0857503610504264,0.0240142806022954,0.180739019873325,-0.116971154054505,-0.0840223828413892,0.0385188064012232,0.0465384911304035,0.0706494264544359,-0.0373072143558153,-0.0079540283050706
"FRMD6","FRMD6","brown","brown",-0.0810044869180075,-0.0576042915420226,0.0452796346077434,-0.0681313437583266,-0.0579558896790953,0.171517464888294,0.0581251487510875,0.0173726520866,-0.0113395237705993,0.179361403927393,0.174074466705315,-0.0332305027742526
"LINC00603","LINC00603","blue","blue",-0.0019061831037529,0.26638418432086,0.00303326765263335,0.0215211844017485,-0.027258685225814,0.026256591050384,0.0573783946239923,0.00129743755788092,-0.00387109081091356,-0.0419365488686162,-0.0291191706869121,-0.06471162890212
"RBPJ","RBPJ","greenyellow","greenyellow",-0.0359744291627319,0.0140623166441169,0.0521617456421498,-0.0211966773124723,0.0628817289108015,-0.0112364840748837,-0.121579844354053,0.0655566131085375,0.161913701484169,0.0470638820944148,-0.0786114405977733,-0.0648176053118206
"IFIH1","IFIH1","red","red",-0.00629879297563893,0.0426187755112806,0.0288419729228578,0.00614589351219046,-0.0118767557110967,0.0542377975613943,0.0851061131031933,-0.0237373529695308,0.0217586836106121,-0.0582601286004531,-0.00456489164819524,-0.0291105766357303
"MAPT","MAPT","blue","blue",-0.0166599826980648,0.166543950827004,0.0762177170338377,-0.021807271044427,0.103169609482282,-0.0704665147712646,-0.0130796631154986,0.0216214618109128,0.00735613419187363,0.00577018511267388,-0.022790693695746,-0.0176719320931485
"HMGA2","HMGA2","yellow","yellow",0.0340064591227011,-0.00430389913648014,-0.220167512908289,0.504685634627086,-0.151683571791516,0.0842830850329021,-0.114635814965858,0.0644684107484615,-0.040997262801989,-0.0193842465278673,-0.14300655014999,-0.123575388849977
"LAPTM5","LAPTM5","black","black",0.0582730569526224,-0.0065217109072964,-0.0252400428183982,-0.0040064898566777,0.00643110354214075,-0.0349835642081063,-0.0018668510491986,0.186426630699331,-0.0246305159769176,0.0217886025336099,-0.00848670891148855,0.0149330893926365
"GLCCI1","GLCCI1","yellow","yellow",0.0105397062027843,0.0378703163170114,-0.0896450110542166,0.324549147509946,-0.0214616244701348,0.0105206165449764,-0.0331459781994874,0.0600853742717551,-0.0430203381293317,-0.0112464543191631,-0.0611859142581601,-0.0159695931750079
"CLVS1","CLVS1","blue","blue",-0.0112573239361513,0.197824167791503,0.0722541953162439,-0.0203954318299228,0.0781860930866746,-0.0610942077172851,0.0136418367113667,-0.00131121158080952,0.00447708824014261,-0.00367723587104494,-0.00984798971917307,-0.0226436243889666
"MEIS1","MEIS1","turquoise","turquoise",-0.016348436180487,0.0250119383250399,0.113717029713622,0.0203184180514976,0.254201836831919,-0.150737536987923,-0.0917292328558369,0.0216754472833659,-0.018849034074786,0.0780283262107412,-0.0347195512000947,0.0482592221468075
"AC019131.1","AC019131.1","brown","brown",-0.0242846500533755,0.0594504173263599,-0.0191778851425551,0.0109760344347767,-0.0799641079797536,0.130302119971526,0.0703242448712852,-0.00819664186556988,-0.00363249968104608,-0.026870970150993,0.00644388094627362,-0.0595082952213925
"UVRAG","UVRAG","turquoise","turquoise",-0.035090304310241,0.0682833265454292,0.112565067751325,-0.0419040884003081,0.170484950830521,-0.0812990951084932,0.0218915556679441,-0.0267269669464422,0.0324237694768506,-0.0250902186216149,-0.0179679313803647,0.0483938312639021
"PAK3","PAK3","turquoise","turquoise",-0.0343360627609774,0.0518630322954224,0.135613220816582,-0.0650421110333395,0.170227134818817,-0.120462723353813,-0.0125337596711808,0.0356495257387542,0.04450859804302,0.125306302618528,0.0291101314541818,0.0549737856164056
"AC106791.1","AC106791.1","blue","blue",-0.0142788265374761,0.202567817499043,0.0649089378306801,-0.00490837841777395,0.102941489627467,-0.0841420631640735,-0.0288358076248934,-0.00132637647915243,0.00960152588626306,-0.00823118468998797,-0.0344686518730383,-0.0421941625329957
"FAP","FAP","green","green",-0.0694631663896779,-0.0235410480755604,0.161667827792659,-0.0445475276065002,0.210684833020942,-0.0716808681790665,-0.121035833169116,0.0583672837363507,0.0428894708453016,0.364195769046254,0.100243500708268,0.0240101501992732
"FILIP1L","FILIP1L","purple","purple",-0.0520188783066715,-0.0631330127403398,0.144158698364848,-0.150408607448581,0.0279444858443929,0.0286551542268885,0.124907796847769,-0.124082528446549,-0.0859145476535941,0.0119945567371423,0.342932907779449,0.215553426661017
"RDH10","RDH10","red","red",-0.0644866578836668,-0.022991758640862,0.0894440795784039,-0.053452546887163,-0.00766567298235531,0.0962691709540362,0.278232450627294,-0.0600096247795674,-0.0315503296188634,-0.0112342063975657,0.221812869523122,0.13491593477416
"CIITA","CIITA","pink","pink",0.0780602152040838,6.98878990021567e-05,-0.00517854312600553,-0.0066700460460865,0.00392856154388574,-0.0249223119342017,-0.018693837524144,0.031473655282586,-0.0189972588440119,0.00625312445956085,-0.00264863425360657,-0.000312094139597992
"ACOT12","ACOT12","blue","blue",-0.00723821571086153,0.409619579994858,0.0608318679536075,0.00504743143212215,0.0757633607123856,-0.0620890451448383,0.0196059744112174,0.00415355589898422,0.0315118803149712,-0.0563001112262793,-0.0759261961015735,-0.0962335411879459
"COL27A1","COL27A1","yellow","yellow",-0.00955133635861831,0.0358338538871832,-0.0573756209886156,0.118015148723265,-0.0663483981162728,0.0630519637703004,0.0276532925640614,0.045163588170736,-0.0588012271179982,0.023707469924724,-0.00641726741981493,-0.0408999348948741
"ZNF438","ZNF438","turquoise","turquoise",-0.000657351318696323,0.0950165650042144,0.151136439070945,-0.0666833484000555,0.274571538738698,-0.221861113554802,-0.0926118020631889,0.0744191437747067,0.0552911018289614,0.0689649680992486,-0.0540836647343912,0.0502253318904528
"NFE2L3","NFE2L3","blue","blue",-0.0217822995103616,0.304399391202041,0.133486078357717,0.013121113486469,0.150254043615014,-0.17562815168969,0.019255228441702,-0.00538761214861847,0.00254757452669787,0.0055738313018211,-0.0212583365544696,0.134459893890873
"AGL","AGL","turquoise","turquoise",-0.0253993353929923,0.0397064356014914,0.149261984708437,-0.0438060017439398,0.188207538358661,-0.12750879392407,-0.0713758959267521,-0.0095333326435384,0.0468042801597051,0.0438795284854342,-0.0423895645744885,0.0272066554990415
"RND3","RND3","brown","brown",-0.0772283670752372,-0.0792215790168599,-0.00507716983628315,-0.0085279115817896,-0.185175286688272,0.256506229454416,0.208673567396408,-0.04550928983275,-0.106341273747418,0.00806009516236785,0.2146339606892,0.111938691201312
"CFH","CFH","green","green",-0.0558121863280378,0.0295370974738054,0.111922473803492,-0.034136255718813,0.04253374880655,0.000492758149076373,0.0651544572607011,0.118111141845648,-0.110556578366952,0.244747132134585,0.117636418112959,0.0190459544692863
"LINC01393","LINC01393","blue","blue",-0.00760648805861979,0.250612353851113,0.0513348674514423,0.0145974650339665,0.0726437301795332,-0.0624902840869673,-0.0130316582849606,0.00919282975893014,0.0166176943408796,-0.00941666630558207,-0.0486693178217678,-0.0502567289705503
"ABL2","ABL2","brown","brown",-0.0527424404229178,-0.126381856023221,-0.273347343999186,0.17394777193087,-0.490800382335624,0.620462243082906,0.118479520632916,-0.0250036612912254,0.222873209324215,-0.0639336594787074,-0.0470447450841996,-0.256310619522807
"GAB2","GAB2","green","green",-0.0170631629371777,-0.00301943284661683,0.0250286852461648,0.0907975517603285,0.0858407326455993,-0.0356444250555516,-0.0914357262609547,0.0728912805874126,-0.0116152297758873,0.110040396872065,-0.0239817715217053,-0.00327749858062362
"CLTCL1","CLTCL1","blue","blue",-0.00708931427079062,0.188219271151543,0.0595281870986106,-0.00205153547262346,0.0658819912092851,-0.0435642734743947,0.0142150530867125,-0.000707485497995192,0.00995943783757117,0.00133054780478276,-0.023750023347654,-0.0218182144920549
"PTGIS","PTGIS","turquoise","turquoise",-0.0382655142493125,-0.0223226223054575,0.169202880973507,-0.0868008460962897,0.211140191619845,-0.128411473415202,-0.120539052330971,0.0680676471402851,0.21134494946784,0.116804183895268,0.00567339604133967,0.0473025783516425
"SLC4A8","SLC4A8","yellow","yellow",-0.00489067883909356,-0.00803470880142276,-0.0168903108014267,0.0716229001327148,-0.00146071019748244,-0.00374843574619575,-0.0107238251901719,0.00264250550147498,-0.00601531975304434,0.00364332304028861,0.00157202150808053,-0.000436694276917501
"TBX18","TBX18","blue","blue",-0.0293964249167613,0.137612948813499,0.0778348992954067,-0.00902549834396968,0.0820142216090857,-0.0263543491861323,0.111888486101007,0.0549127867644347,-0.00535978152723819,-0.0769574399702687,-0.0279253474156653,-0.00902328165109655
"USP13","USP13","yellow","yellow",-0.0304461133537098,0.00829812938974023,0.0299086545345004,0.0743441500481382,0.0287123512480891,0.0291581350528811,-0.0139244287128346,-0.00112031804788017,0.040364811471043,-0.000442311236446934,-0.0237977742295859,-0.0150190167762324
"LINC00645","LINC00645","blue","blue",-0.0160140623472627,0.107461441963223,0.0865804865027116,-0.0424059496711985,0.0833931191995407,-0.0449916989003476,0.0106994736008879,-0.0290855528502356,0.0456187348208958,-0.0435912622299724,-0.0472317235957926,-0.0172431055424906
"CELF2","CELF2","turquoise","turquoise",-0.114976268747928,0.111659785212377,0.210740792141097,-0.24138182564299,0.238313257337794,-0.0749300370174128,0.00749078748350021,-0.136497915993817,0.159256633113945,0.0438250370001525,0.0806870560245148,0.0310224508518658
"GASK1B","GASK1B","purple","purple",-0.0788656721610175,-0.0606198534071692,0.0719982970421409,-0.0511370437260196,-0.023247516309198,0.173046760488036,0.160502278807571,-0.0723241261543704,-0.0938012572810016,0.144717265691038,0.371601625331852,0.021154213868341
"TLE4","TLE4","brown","brown",-0.0445527444033907,-0.143814764173686,-0.0851487015378849,0.060189115343543,-0.272076438309694,0.358927012923181,0.232072284434783,-0.0819852890667069,-0.105916595435913,-0.0503452657799219,0.249542127231605,0.0352312635905099
"SLC9B2","SLC9B2","red","red",-0.079646657669239,0.010540163973328,0.0404211277260055,-0.100681602673491,-0.105692947303224,0.160605355583303,0.377543161132647,-0.0690403824092164,-0.0368037514456023,-0.114264524858007,0.178374250820401,0.0793802394325825
"SCN1A-AS1","SCN1A-AS1","turquoise","turquoise",0.0108925788434157,0.0738958529108131,0.0869733540892414,-0.0290422025121173,0.169552515400359,-0.113080304025965,-0.0748265975321158,0.0169403559675431,-0.0332500189689666,0.0811081628462794,0.0153474553610033,0.0044057615881176
"AC027288.3","AC027288.3","brown","brown",-0.0114141003850742,0.0625653744417198,0.0076627262413286,-0.00406874290257205,-0.0182268754822532,0.0345259329761185,0.0461247105894409,-0.0103487746066515,-0.0125287334490595,-0.0223785118325935,0.017118995140208,-0.0238685709820706
"SLC19A2","SLC19A2","brown","brown",-0.0843454716274793,-0.147255508409262,-0.0402898984752747,-0.0445927907955959,-0.222987567198381,0.337384894172092,0.205714020733442,-0.0402204124694441,-0.102860950467305,-0.017232505977892,0.25304712849935,0.0548498598488464
"MFHAS1","MFHAS1","brown","brown",-0.057981577638345,-0.0410690667249905,-0.0628475534114119,0.0122685560946646,-0.218393082486076,0.307575141941098,0.14829470170329,-0.03015513861787,0.0117959062709264,0.0212774565024327,0.0904909281678379,-0.0991962144752169
"FRY","FRY","turquoise","turquoise",0.00669154767549861,0.123470722905572,0.181909167595574,-0.0559118664270815,0.288919274972646,-0.180910373768184,-0.0249195812230022,-0.0602875817547672,-0.0150706945169831,0.0669021344552039,0.0680244344677513,0.060854640840387
"TRIO","TRIO","brown","brown",-0.137893908547221,-0.0270158746823831,-0.128643250759738,-0.167932532688389,-0.412391029323438,0.657449275791756,0.176498584015083,-0.122050304262029,0.233334101931164,-0.118918122647381,0.0932716515273208,-0.315104884809376
"TANC2","TANC2","turquoise","turquoise",-0.0320163240707004,0.0203923572886535,0.105548955474578,-0.0456058972350417,0.176091665800282,-0.101610750841425,-0.0721503628824562,0.115007037162641,0.0156695432280414,0.102614987165876,-0.00306987868899378,0.038232415448333
"AC002074.1","AC002074.1","yellow","yellow",-0.00493005379142796,0.0527402897343034,-0.114257786589881,0.301990450382722,-0.0681718983649978,0.070130879575215,-0.0382978441008782,0.0320432591195241,0.0318715141294175,-0.0377872936881926,-0.0843116033688272,-0.085208750144568
"AC104248.1","AC104248.1","blue","blue",-0.00770709292621986,0.10632143403522,0.0686895887776802,-0.0293812518112381,0.0908552521116215,-0.0493443224964152,-0.0206711743491701,-0.012786320502639,-0.00426097944454478,-0.0298086996305161,-0.0612638977681669,-0.0463827103323674
"TMOD1","TMOD1","yellow","yellow",-0.0263867083285094,0.0287817683401748,-0.00921674519841829,0.135282712596705,-0.0107137106664501,0.0345228571112791,-0.0551985023873966,-0.00399884570763503,0.0881765318268189,0.00903777525498102,-0.0578265350196548,-0.0516835347208827
"OSBPL1A","OSBPL1A","turquoise","turquoise",-0.025414550380191,0.0363532163938352,0.161814801759134,-0.058550092596709,0.21538655903542,-0.150462130447987,-0.0922033171358008,0.0512851161512448,0.055639446545237,0.0827652760833823,-0.0452721844180703,0.0360593329779553
"SPDYA","SPDYA","blue","blue",-0.0338537233800799,0.17817786747406,0.0256440473471516,0.00582835220855161,-0.0273661009919983,0.100389790848808,0.119961941519135,-0.0205821912498716,0.0314194690640747,-0.0554059784752137,-0.00833151511256598,-0.0472369479287955
"RASSF3","RASSF3","blue","blue",-0.0281437987421362,0.167303629083692,0.0855023626507554,-0.0237898816883825,0.0799995945916338,-0.0160257855845507,0.00514766622282449,-0.0163056818706794,0.00556342043238094,0.0297966066410687,0.0228898042939138,-0.0271279066987976
"TWIST2","TWIST2","brown","brown",-0.0603301392700221,-0.0483519447628324,-0.0376988478239109,0.0109191636490051,-0.127485631546242,0.207857857591386,0.00576591089029604,-0.0200052034730495,0.239650060266655,-0.0828884174646133,-0.115634841396642,-0.0583099940948807
"PMAIP1","PMAIP1","yellow","yellow",0.0719302018990464,-0.02555666118732,-0.178604458216595,0.460121357466758,-0.0902269069439492,-0.00815206729924242,-0.0779870360444537,0.0621732352607068,-0.0577890024527248,-0.0282660698349035,-0.0997425995792643,-0.0256576224059021
"RFTN1","RFTN1","brown","brown",0.0637392543081088,0.0506434295692978,0.0053972901347343,-0.0211297246791176,-0.0552217538925757,0.123267366268284,0.00305742615833156,-0.041107258096086,0.143960724732962,-0.0885118003909702,-0.0674390327427094,-0.104941026940816
"LOXL2","LOXL2","red","red",-0.0592358070177655,0.0868509288591766,0.0392066634482297,-0.0501538467358482,-0.0213258293400153,0.109224192067532,0.24447358613087,0.0159500677621431,-0.0240227331840675,-0.0289491642066458,0.123387874515222,0.030519798959337
"MAP7","MAP7","blue","blue",-0.00267330349341274,0.129781262286494,-0.00169333227395766,0.125114491278875,0.0168493647942535,-0.0202190201054251,-0.0372694256569995,0.0217158508705208,-0.0182960134988613,0.0584562033570835,-0.027202588341561,-0.0455429836685071
"VIM","VIM","brown","brown",-0.0559713047255819,-0.0580194883236373,0.095976184364002,-0.0360072388433406,-0.231274656016658,0.178148667015425,-0.0167202845690651,-0.00103015473747742,0.133178776827265,0.116359780573125,0.00889499363008949,0.0384685979437078
"EZH2","EZH2","brown","brown",-0.0743751894717334,-0.0456702563036564,-0.0128011932591959,0.045190892957877,-0.13104766751583,0.154260714044418,0.194085133566356,-0.0173497845790792,-0.0403607152479706,-0.0670442963440518,0.140594109790288,0.129371901543984
"GNG12-AS1","GNG12-AS1","blue","blue",-0.0373901089867584,0.0986578454201598,0.0682301281052044,-0.0217018653348902,0.0543961868078216,0.0137075216212651,0.0444583156288676,0.0107439740967493,-0.01052331967137,0.0270873929460509,0.0608510082797899,0.0133592172752064
"AC109927.1","AC109927.1","blue","blue",-0.0323528518997888,0.305270235790158,0.0456074606963997,-0.00679553819954705,0.0259218022316599,0.0101941476243646,0.105602624070734,-0.0057134522639405,0.0187447941920213,-0.0637435313004821,-0.0245869528969341,-0.0615975023719059
"IRAK2","IRAK2","brown","brown",-0.0347882835070958,-0.0941563724731618,-0.213803301158991,0.179443607416213,-0.344857329326826,0.446888300316835,0.114091468694436,-0.0445328391643842,0.0426208756137404,-0.185223224835796,-0.0777043854120097,-0.203750208227411
"ANKRD33B","ANKRD33B","purple","purple",-0.0561415806334347,0.0298322729500329,0.111065847399022,-0.0926789223783344,0.0428271034412788,0.00876904121623589,0.180823085546931,-0.0554922393482031,-0.0789964223227142,-0.00217714611612163,0.213969711832026,0.135043941557542
"AP001347.1","AP001347.1","turquoise","turquoise",-0.0222212925501987,0.0611609450477501,0.123159184773647,-0.0559443487809722,0.171883629832216,-0.111675930552069,0.0349691060412999,-0.0065817558101649,-0.0158384269781819,0.0435652896810297,0.0328524045950587,0.0578258036752849
"MYO1D","MYO1D","green","green",-0.00792170832191849,-0.0785144431021913,-0.00056960582952387,0.0236095219937997,-0.00272787663869414,0.0194897756958607,-0.0183274856643735,0.168044249416557,-0.134870325805798,0.229049872584979,0.14429343035263,0.0434708025289489
"ADGRL2","ADGRL2","turquoise","turquoise",-0.0619328246628409,-0.0228205882343916,0.151259435886842,-0.0844867631843703,0.207186308804012,-0.102385917933547,-0.0173817969750853,0.0103308976331827,-0.0584656930723637,0.114588723297903,0.0936215891288926,0.0999327944832222
"LIX1-AS1","LIX1-AS1","blue","blue",-0.0120794017877979,0.119061489349878,0.0361792213651158,0.0305534506123894,0.0545134986676224,-0.00588796390730461,-0.0141841805294297,0.00161462163972835,0.0117860184856981,0.0155959970445281,-0.00824064788808129,-0.0449402693978657
"SYNE1","SYNE1","turquoise","turquoise",0.0187621163180714,0.149835108284066,0.0524065315263738,0.00999924008777716,0.176633798566671,-0.148011069719064,-0.0602209393781621,-0.0319949975618283,0.154278606156549,-0.0934678826461663,-0.12244600374519,-0.0224169266010925
"CAV1","CAV1","yellow","yellow",0.0680869561199879,-0.110918299461015,-0.160281882759429,0.310946633014825,-0.173438795969415,0.13715825834737,-0.129118523697955,0.025841531463568,0.00113686239505138,0.0465352084435238,-0.0829946209314579,-0.136723499842558
"POLG2","POLG2","turquoise","turquoise",-0.0464586245357789,0.33719932642087,0.185106614917568,-0.00536586400667224,0.306807309693521,-0.285653275980374,0.03721043340985,-0.0114102079692641,0.0306515750775437,-0.0145555178252034,-0.0426021360064378,0.197746642639083
"AADACL2-AS1","AADACL2-AS1","green","green",-0.0113334048662894,-0.00177327394059011,0.00481794293408744,-0.000962350389165076,0.0029816119105471,0.00247703767717683,-0.0356645704150254,0.042093153091513,0.0199529074631096,0.133855137159063,-0.0144340374308124,-0.00563192397072915
"DANT2","DANT2","turquoise","turquoise",-0.0447562778458266,-0.0569338322506076,0.12838265602694,-0.0371372781404788,0.230795359779188,-0.121956670028327,-0.0204633628446904,-0.0488348203332677,-0.0577223152710364,0.0411437293600813,0.0755340895444742,0.100590139202843
"CDH2","CDH2","brown","brown",-0.0177826577707224,0.0208854150355336,0.0393948472822735,-0.03573936925684,0.0100146330833302,0.0358180540782175,0.0520256199225035,-0.00886583266571268,-0.00905004286549784,-0.04342458487491,0.0398863938360848,-0.0163362249088485
"GNAI1","GNAI1","brown","brown",-0.0236338144571931,-0.0755319736807642,0.00770557997321337,0.0222369528684826,-0.0287701199069008,0.0980195158196695,-0.0462644836616062,0.185518894241524,-0.0585343760542812,0.105658125628805,0.0483755981227269,-0.0321690634925298
"RAB20","RAB20","blue","blue",-0.00697439194539863,0.241128064336929,0.0861463831892764,-0.0253473382540318,0.113101093402801,-0.105241806120333,-0.0191831563119937,-0.0088408832010389,0.0130264944491105,-0.00424922730071509,-0.0366344810682113,-0.0305530860258452
"ARHGAP22","ARHGAP22","green","green",-0.0575001566582378,0.0391868532411213,0.130127736649388,-0.084299348081609,0.154167538759596,-0.0136635998089587,0.00367533711294808,-0.0220239240219822,-0.0648137622289551,0.0717957062365623,0.110955978025531,-0.00613914895649857
"CNOT2","CNOT2","brown","brown",-0.0371611097658779,-0.150313841546987,0.0153551570256789,-0.0868161242630095,-0.0824814493911229,0.238403724731765,0.0370116782625592,-0.0602178747165584,-0.0959757926278674,0.089630664705086,0.242189876861515,-0.0635889044025747
"RASSF8","RASSF8","brown","brown",-0.0880526999983418,-0.0525536337020491,0.00382261174183312,-0.00796169436363569,-0.12579040035916,0.212972549506565,0.109084328446793,-0.0315313870538441,-0.0141020828699435,0.00912657519867946,0.133540941974252,0.0107077591419207
"DNAJC6","DNAJC6","brown","brown",-0.0217673330640408,0.0251474338702727,-0.0111255736815671,0.0382924167453976,-0.0563558330808329,0.108830848619573,0.0149136013531329,0.00412158667406773,-0.0429564264319728,0.050956664774232,0.0530581918731834,-0.0511556079793919
"FOXN3","FOXN3","turquoise","turquoise",-0.0342254521057381,0.128986006245721,0.186720183235732,-0.180535297642941,0.290010037757478,-0.149371342874817,0.0275141023784564,-0.0345592745803219,0.000488582185090289,0.0541682860591511,0.102031638239794,0.0848599874019162
"ELP4","ELP4","turquoise","turquoise",-0.0337416866171292,0.0875987758051857,0.096349425253701,-0.0247632526983749,0.139252053857387,-0.0841275697608491,0.0334823874181519,-0.0253415496773484,0.0108019576174007,-0.028264971532814,-0.00260241757113408,0.051701888353831
"PRRX2","PRRX2","greenyellow","greenyellow",-0.0268727904681229,0.00135862115114485,-0.0119889460029431,-7.67469551005019e-05,-0.0794764609965524,0.0592299143083883,0.0132316682698849,0.0981344030311692,0.138502796927181,0.0248549133799674,-0.0839223964970548,0.000333669446912989
"PHF21A","PHF21A","turquoise","turquoise",-0.0586341917267653,0.0817982220266927,0.153020818669224,-0.0868628344625214,0.188815967960832,-0.101257955948533,0.0980747835875338,-0.00648139568798695,-0.0256280931511291,0.0114767235562992,0.0652950553568643,0.0906043773095463
"NUAK1","NUAK1","turquoise","turquoise",-0.0204243174377702,0.0281591020800934,0.105323826219033,-0.0395862248651834,0.115072246300227,-0.0640333074980693,-0.0244883594963711,-0.0135746998428852,0.0477959968851403,0.0146822899499849,-0.0327349884453717,0.0374325579132988
"HSD11B1","HSD11B1","brown","brown",-0.0645915544860052,-0.0182524082758142,0.0717120876720868,-0.0285075903753345,-0.0613787668923778,0.177422794876101,0.11065824567007,-0.0647917651729209,-0.0698035466062313,-0.0499238403759242,0.109253122707973,-0.0168168369692419
"ZC3HAV1","ZC3HAV1","red","red",-0.0281418363301868,-0.032402324933831,0.0524673381718622,-0.0517970835998811,-0.0507121864151964,0.0629686452723932,0.324526659078772,-0.0874967341263182,-0.00999976100031055,-0.102974562334236,0.15903662505693,0.290148529239859
"ACAT2","ACAT2","red","red",-0.0185444867907262,0.0710632841647338,-0.0469858327828636,0.0971925704328696,-0.100629733407627,0.119746859817059,0.172194708707347,-0.014880237343661,-0.00651885072138441,-0.11043859342806,-0.0225693595904563,0.0120524522731884
"FANK1","FANK1","blue","blue",-0.0152121943502661,0.0891717865316229,-0.0130860470058109,0.0258969419665229,-0.042656208847835,0.0663761930795092,0.0533258050843937,-0.00803441673574472,-0.00333126572395072,-0.0374592473322198,-0.0174201520906141,-0.0459754099455451
"IL3RA","IL3RA","blue","blue",-0.021954263144543,0.132824231218561,0.0313720354453878,-0.0297959251165566,-0.0554824024280332,0.11434344310014,0.158225451435159,-0.0339023216218844,-0.0245838123354896,-0.10003338369452,0.0408473888381927,-0.0417010609169082
"HPN","HPN","blue","blue",-0.00111585354733528,0.0900951601535175,0.0099304680101612,-0.00248206690651786,0.016566341041853,-0.0228509065461713,0.022476722701762,-0.00539551377626018,-0.00335958239250252,-0.0174457851465327,0.00145082355370541,-0.00457816504445135
"LTBP1","LTBP1","brown","brown",-0.083823019061946,0.0165521133535491,0.06683566884732,-0.0127654221058673,0.0328278392283809,0.0991150819781331,0.0191541199053994,-0.0103630767137262,0.000429568894430695,0.110453773249534,0.135298014094421,-0.0386718923277802
"MYO1F","MYO1F","blue","blue",-0.00765578561994278,0.122810183411702,0.0433539201368659,0.0110514874675508,0.056802858364044,-0.0405692320414474,0.00434898754460747,0.0141307616576812,-0.00149491831215124,-0.0150739169362717,-0.0276848852306996,-0.0335805234384629
"MYO9B","MYO9B","brown","brown",-0.0231385069133497,-0.138542483899402,-0.0850308845235799,0.0143124559570568,-0.181510034945126,0.272690788577953,-0.0363420642749176,0.0253938740118945,0.0881888610801881,0.0529668324070782,0.0140018941999036,-0.130205405511071
"ZFP36","ZFP36","magenta","magenta",0.0136111711258203,-0.143109970915407,0.137866691443505,-0.178656328728694,-0.00320151822597166,-0.0647829808111555,0.38038380014929,-0.0271325393480936,-0.173215088422761,0.0314151645780263,0.342605596908,0.6161399145122
"ADGRD1","ADGRD1","brown","brown",-0.117513099858588,0.0149090204629411,0.018891866410891,-0.100060302352587,-0.127105033466577,0.331038408855071,0.176887357132205,-0.100671042270961,0.218794640045466,-0.102894086946782,0.0585254379480161,-0.115355548264136
"NTNG1","NTNG1","black","black",0.0307586869277333,-0.0132509203283237,-0.0746297574771097,0.134002236481425,-0.0165390570972802,-0.0493877731233149,-0.0744328008998058,0.402945898503417,-0.0417298211769855,0.0774912077049183,-0.0933637537452444,-0.0198088353536773
"ITPKB","ITPKB","brown","brown",-0.0571424244237802,-0.0342232961148995,0.0430058136659083,-0.0658834939324813,-0.0434913918272822,0.129289031085234,0.136995300988702,-0.0269694176486985,-0.00324273388216248,-0.00611389860918311,0.138535065539462,0.0295068479001066
"NNMT","NNMT","red","red",-0.0741278718114695,0.140526493411644,0.0383937373608962,-0.0529772337359414,-0.140039302797011,0.157758823719623,0.313154316596107,-0.0206222964884747,0.0326347820834956,-0.12341543479899,0.100270361690725,0.0532248775508471
"ATP1A2","ATP1A2","green","green",0.0169253612211566,-0.00705203458505197,0.0105147689886216,-0.000425412281365733,0.00565822649325875,0.00416972273894035,-0.0189719267340533,0.00952746252743385,-0.010674141327514,0.0426917891663618,0.0147174096735438,-0.0100955354832823
"AP000446.1","AP000446.1","blue","blue",-0.0226974456213511,0.193506356350175,0.0473122526231102,0.0334194365035452,0.0161264957542932,0.0198239559818552,0.0643540474232606,-0.00444493798083281,0.0043910393288459,-0.0328884873514184,0.00954351041485582,-0.0208173962060525
"RPH3AL","RPH3AL","red","red",-0.0469255732258267,0.138900070532941,0.074161720640533,-0.0487592739742529,0.0143354285681492,0.0636038155050708,0.212033104822425,-0.0488490019923227,-0.00777913941207157,-0.0757925300754853,0.0945409171426065,0.00849745734860353
"LDLRAD4","LDLRAD4","black","black",0.0754545143649575,0.0150589383759227,-0.031592662527898,0.071753060614139,0.0297009971568519,-0.0419697413672339,-0.0100150249895088,0.210052092176281,-0.069640849737601,0.130289695116218,-0.00367400326333625,0.0171279479634095
"RAB7A","RAB7A","brown","brown",-0.045169749516933,-0.158445985218834,-0.152304058566787,0.0139603609017823,-0.357495892322292,0.403474179149188,0.287635444945027,-0.0333328218855336,-0.0369566327579146,-0.0417989573998293,0.193836188846555,0.0282036305319988
"MARK1","MARK1","brown","brown",-0.0562302524686782,-0.0499329498650056,0.0062331978904166,0.0741319156352452,-0.0369346227108283,0.0949215148547976,0.00143549364898113,-0.015495537992645,0.0952339082966087,0.00178094001875518,-0.00295592719943722,-0.000983301647309581
"ARRDC3-AS1","ARRDC3-AS1","blue","blue",-0.0249407717869134,0.0987072506220218,0.012856946529156,0.00401693962289704,-0.0118858238466811,0.0340173900517053,0.0182441424697781,-0.0108592009885069,0.0277125850471626,-0.00771674088214203,-0.000703569152694345,-0.032363228240934
"SPRY1","SPRY1","turquoise","turquoise",-0.0244730805172704,0.0921926052941839,0.286431663010077,-0.148847576902656,0.388538085471559,-0.358821411465237,-0.13016455054427,0.00749098990809398,0.017221229274846,0.0972949837978295,-0.000133324167608135,0.152643695624706
"AL031428.1","AL031428.1","blue","blue",-0.0270858428761309,0.183654988070393,0.0619536668606368,0.018299136998615,0.0190765624827328,0.0227119925833473,0.0722391387322636,-0.00611696920063056,0.0264047953484378,-0.0179484486267129,-0.00243095817717928,-0.000240579599746817
"ALPK3","ALPK3","turquoise","turquoise",-0.0556976637420031,-0.00785560224833229,0.155540182936911,-0.092050678044359,0.195701879995282,-0.102725933484613,0.10212455593918,-0.0590920585017589,-0.164380790221368,0.00881687747957404,0.209482155195673,0.177531055150996
"ARHGAP18","ARHGAP18","turquoise","turquoise",-0.0012917290879797,0.0717422167876476,0.201006200896031,-0.0631013922409106,0.298480389150407,-0.190717282072977,-0.104991442412757,0.0670830799936946,-0.0378915628439572,0.138080071625686,0.0213799481381672,0.0603458572721374
"AC107223.1","AC107223.1","blue","blue",-0.0196763057153587,0.203735223907027,0.078389611728645,-0.0138256946020541,0.108392403713179,-0.0554163597471895,-0.0031929994467353,0.0892289988864926,0.0360665208176911,-0.0055866311039707,-0.0574520904027245,-0.0465146663176923
"LIPG","LIPG","brown","brown",-0.0122113652574411,-0.0473082684221442,0.00928625869727288,-0.0275075134800698,-0.0516231798844435,0.111759039468185,0.0636957878673085,-0.00871615539294731,-0.0860031698291131,0.0890974902602118,0.133315471029188,-0.0242285197729209
"STK33","STK33","blue","blue",0.0022685716999408,0.226716247089171,-0.0366588515609858,0.139338819382249,-0.0248554873564918,0.00239522103989362,-0.0177580496432071,0.0141460143321371,0.00345599957969903,-0.0335637887544876,-0.0741645897735163,-0.0845637768851073
"LINC02284","LINC02284","blue","blue",-0.0195519809273764,0.225485737106042,0.0505578796304584,-0.0168559871485796,0.0351322545229432,-0.00890014581183737,0.052056700918901,-0.000554577436549029,0.0115657156949954,-0.0162450736497316,-0.0273670055992941,-0.0394357184510276
"AL592295.4","AL592295.4","red","red",-0.0395091751953463,0.115146304223234,0.058926041113532,-0.0496300977465079,-0.00116879804064956,0.0304373911528364,0.22377679982135,-0.0305404197646221,-0.00866319736108691,-0.0716768719258243,0.0578079578141845,0.0500715327315032
"DNAJB1","DNAJB1","magenta","magenta",-0.0603058247922956,-0.148195367423241,0.204551434375554,-0.0956871796758546,0.159204505918053,-0.210950652663927,0.138179245110768,-0.00587925641962701,-0.0870689755293829,0.103541498403208,0.209013359889255,0.683763631041519
"SCGB2B2","SCGB2B2","blue","blue",-0.0130413694730168,0.158986965047829,0.0202172360605127,0.0776059745193358,0.0431270188110227,-0.0263146642720139,0.0551463297682199,-0.00373993379906526,0.00754543932325022,-0.0322747326757209,-0.0270779298562536,-0.00931571054417414
"SMS","SMS","brown","brown",-0.0388592035808667,-0.0659467248434059,-0.0104417749198218,0.0135262975714108,-0.0852368153588294,0.167428229319702,0.00190828578665184,0.014824871426013,0.0480976744571866,0.0767054141565297,0.0706208520605504,-0.0455202533874499
"CLCN1","CLCN1","blue","blue",-0.00113015452354037,0.167373532952044,0.0548296964384112,-0.00987551889033969,0.0485238010655812,-0.0399107371712817,0.00429479740801073,-0.00231301629879301,0.034815094673868,-0.0139980013953281,-0.0273435879275613,-0.0295706108061008
"GNG4","GNG4","blue","blue",-0.00569603952143472,0.162484967103176,0.0440905729853324,-0.00896186175396818,0.0469113163215903,-0.0365321448810293,-0.00348148709438438,0.0233778374148978,0.0222439187645471,0.00420242892622996,-0.0372859516179808,-0.0333084252261704
"RPS6KA6","RPS6KA6","brown","brown",-0.0183686861475165,-0.0136363660241143,-0.0251607870825045,0.0208486257947411,-0.051487691452761,0.0924531231555076,0.00812449107640905,0.0501518263276122,-0.0116209126569457,0.0341250864002762,-0.010779709186962,-0.0419231305867311
"PRKRA","PRKRA","turquoise","turquoise",-0.0233879001704897,0.00406039858529637,0.128279287975087,-0.0324625513810068,0.129471749788863,-0.0686323563526621,-0.0380670889755319,0.00663453810032979,0.013050719638685,0.0607679932172659,0.0419053639435933,0.0551710435359753
"ACSS3","ACSS3","turquoise","turquoise",-0.0285388847898229,0.0792692827523511,0.179803602601993,-0.0431267684549275,0.304047249755542,-0.222277144328663,-0.102630049244507,-0.030172688579555,0.0280236402562557,0.0483474819972984,-0.0570785516259682,0.0404890406856284
"STK26","STK26","yellow","yellow",0.00685677041015419,-0.0497501853750124,-0.0595965428761305,0.179681552055637,-0.0674057425921838,0.0651768796363413,-0.0164046200481319,0.0900472609532564,-0.0363479460775215,0.00125417377369985,-0.0224314567777104,-0.0157603289543579
"PLAGL1","PLAGL1","brown","brown",-0.0702888376013972,-0.112176289451945,0.0298962487589025,0.0175922097829546,0.0270658180861987,0.0885895441105878,0.0489132641264499,-0.0166764854815284,0.017047331715347,0.110140174607127,0.125436806583775,0.0218336022585503
"CAB39L","CAB39L","turquoise","turquoise",-0.0309042886763248,0.0049500357152309,0.140081706991644,-0.0690140701107175,0.182259592932746,-0.143927312359624,-0.0877369423499714,0.0191886729482102,0.0795154840441766,0.0584021084412287,-0.0337406404414403,0.0413313799230513
"AC009315.1","AC009315.1","turquoise","turquoise",-0.0308294662298467,0.00878603676916965,0.090929703453647,-0.0297068221279417,0.140417588015038,-0.0709342929396407,0.00130569620984476,-0.00651641894478798,-0.0216762270269528,0.037949458509486,0.0316004186681736,0.0619618806571229
"ALG9","ALG9","turquoise","turquoise",-0.0125890469731448,0.0260229784553931,0.100288277332979,-0.0255543260532613,0.118713962018299,-0.0802606337636572,-0.0451396754429233,0.013551965541796,0.018523735412575,0.029036660029275,-0.0241169026376041,0.00538901562432826
"TAOK3","TAOK3","turquoise","turquoise",-0.0234325191612347,0.0125185150438289,0.0870988256240582,0.0156625918817138,0.121775657159403,-0.072448253318289,-0.0530917376440951,-0.00695656652746047,0.105007899382162,0.0171014686658503,-0.0633243730586774,0.0237966902312563
"AL096803.2","AL096803.2","blue","blue",-0.0292204213096643,0.213012571144384,0.0399041794263174,0.0381275784579163,0.0466204650495968,-0.00726708111026168,0.0256525173223668,-0.0075987286049078,0.0465390113913465,-0.00488371560847347,-0.0373191849200254,-0.0428463294356202
"SUPT3H","SUPT3H","turquoise","turquoise",-0.0396599486409373,-0.000280993218359951,0.0469109749891688,-0.00438531948863752,0.0922163113877131,-0.0162555498085825,-0.0275705269652019,0.0389354350984128,-0.0447182611639389,0.0546685739585956,0.0399615606157384,0.00523152293221882
"TARID","TARID","brown","brown",-0.0222032509879554,0.0288949282034032,-0.0151282188846859,-0.000372779167728418,-0.0670924972928426,0.127798899758704,0.0518222917098765,-0.00794027660634832,0.0373742894690786,-0.0465277233259003,0.00384342320549122,-0.0641358156152726
"ZEB1","ZEB1","turquoise","turquoise",-0.0365713764913885,0.050453226723636,0.20867003199572,-0.165107058009623,0.376622724039905,-0.255583900492951,-0.137419773495745,0.00562291369285752,0.0873152500370185,0.109241536060211,-0.0422085236185935,0.0571624981275174
"TTC21A","TTC21A","blue","blue",-0.020085519837032,0.474246291985309,0.127128668687328,-0.0368112168969301,0.160709824703929,-0.163016005082727,-0.00711872298577949,0.00864213336693045,0.0429313711671977,-0.00982579867302527,-0.0635094503674186,-0.00739269460091599
"ENTPD1-AS1","ENTPD1-AS1","turquoise","turquoise",-0.0274375342515912,0.0559601953831556,0.104573541467814,-0.0191855858783538,0.13344013429932,-0.0843102422462073,-0.0229515039582984,-0.00766184380247875,0.0291469738754897,0.00710170738078635,-0.0119394799183061,0.0119750965839366
"RIPOR3","RIPOR3","blue","blue",0.0057423269083512,0.0827271229930582,0.0438581574287788,0.0223637703862213,0.0711415839244921,-0.0418706558577897,0.00730487964517171,0.119408109634831,-0.034249480588589,-0.008377186014561,-0.0288753014921776,-0.0205728693230474
"NRIR","NRIR","blue","blue",-0.0101328478485437,0.083657272789019,0.0452177027801688,-0.0159552404146395,0.0173745500008508,-0.00449745909402609,0.0520730556640632,-0.00372154381496175,0.00611590364343593,-0.0113792831980586,0.00899816071865185,0.000556128177871006
"TXNDC16","TXNDC16","turquoise","turquoise",-0.00408241143606043,0.0217063433936277,0.0903567920621172,0.00379953979023733,0.129171402032591,-0.0910058102357344,-0.0354067781735634,0.0191576293344819,-0.0148918085362642,0.023448025311525,-0.00539355169739834,0.046274315027327
"MAMDC2","MAMDC2","turquoise","turquoise",-0.0484401955359296,0.0420585825078985,0.272177304974494,-0.111107556300724,0.400046930547021,-0.259589453002692,-0.0551452707745448,-0.05172437815673,-0.0494975079786261,0.101680179943426,0.070257248304554,0.134267277126172
"ADK","ADK","brown","brown",-0.0448772416179111,-0.0166928769130633,-0.184898129315083,0.219791157416612,-0.262895962455314,0.348364336573118,-0.0615004421094826,0.0390835912837468,0.20907423718806,-0.123987577684536,-0.208124828360169,-0.272457496166923
"CASP10","CASP10","blue","blue",-0.00552614475933363,0.289693406497516,0.079153900482382,-0.0124367386699385,0.118454677321834,-0.0861761789419502,-0.0214584078377439,-0.00307592857148061,0.0590465081669549,-0.0357549375286355,-0.0739769923597792,-0.0656831915253459
"PTPN3","PTPN3","yellow","yellow",0.0116395972367868,-0.0124795142242999,-0.0581803874288998,0.155529650634123,-0.0199121032708942,-0.0159227766214291,-0.0700187334255028,0.173214060306257,-0.0222722765902127,0.0577407930516438,-0.0526628645886147,-0.025784252501757
"KDM5D","KDM5D","turquoise","turquoise",-0.0259809743204624,-0.000769866220378874,0.149676062601091,-0.0529192869344563,0.189356915733615,-0.115659243777637,-0.0521375426005911,0.00622453211369215,0.0291817098977121,0.0741091422738015,0.0162267296365707,0.0501156670555785
"SOS1","SOS1","turquoise","turquoise",-0.0310803447868066,0.000533243757599582,0.128015619814929,-0.0235982001232284,0.234334907087527,-0.172772883481633,-0.0920038652053764,0.0180094022483442,0.0593465883071685,0.0333461707103538,-0.0562518830103186,0.0673508146114941
"AC138356.3","AC138356.3","blue","blue",-0.011555047219977,0.365660114471692,0.065862210829166,0.00862112884129004,0.0877572540895296,-0.0650932437833998,0.042680510670965,-0.00701651601697158,0.02152664494977,-0.0275916687813249,-0.0349620991616317,-0.0333478271884784
"AC090518.1","AC090518.1","blue","blue",-0.00814772827248174,0.318442655936949,0.0861382325316776,0.0476734809619205,0.13190808510567,-0.0995549040031882,-0.0131001764049342,0.0096213514132694,0.0419022798028841,-0.0174161723744944,-0.0848568792502963,-0.0570405399033176
"BTBD2","BTBD2","blue","blue",-0.0166034949478394,0.298880373707226,0.128936516281443,-0.0395180224977817,0.168726284679472,-0.136986516321498,0.00371484661887675,0.00565930971415202,0.0329050882144302,-0.0138641025855853,-0.0594678346575247,-0.00419563570317953
"RUNX2","RUNX2","turquoise","turquoise",-0.0309975749008439,0.0331754898406866,0.159618482970047,-0.076467578354043,0.216199933557667,-0.139693366407528,-0.00222269749399921,0.0415734432294137,-0.0857160690650418,0.09235577064478,0.0752919982132832,0.093583424684696
"AL162414.1","AL162414.1","blue","blue",0.00219714710616695,0.110091149168192,0.0241730488937993,0.00242252340679957,0.0198806308395717,-0.00779918053665836,0.0302244353128752,0.0076143839358881,-0.0205408984659485,-0.00734042749408118,-0.00278819061233954,-0.0260088686597214
"TMEM252-DT","TMEM252-DT","blue","blue",0.00198122219386395,0.0846644335278021,0.0285602569669438,0.000779177344866996,0.0191218826371632,-0.0255028081202918,0.00802724289752053,0.00424442325234643,0.00722848578379146,-0.00805767062118569,-0.0209329124489005,-0.00959497327185189
"PAM","PAM","brown","brown",-0.0598007133438245,-0.134164439664919,-0.115492061545525,0.0819771896566942,-0.183879113565713,0.347961036719758,-0.0905778723988714,-0.0357996834849838,0.1679780821642,0.0287779976573493,-0.0542702390797387,-0.242785724462208
"STK39","STK39","turquoise","turquoise",-0.0419784053190123,0.055100989913247,0.128008232889024,-0.0394626331527022,0.175112466054027,-0.0986088244973991,-0.0696118411658826,0.00419864686035737,0.059537455683137,0.103683904619698,-0.0158584529092253,0.00362840323934361
"FAM135A","FAM135A","turquoise","turquoise",-0.0330250745836836,0.00686985292885502,0.124933218465115,-0.0313985897237931,0.192739321762238,-0.110196034649939,-0.0576424438368725,-0.00938021378381227,0.00399987903249197,0.0386407172137864,-0.00554370623430501,0.0292035322357438
"AC012363.1","AC012363.1","blue","blue",-0.0138736486236565,0.159618018008466,0.0549995137123254,-0.0161329157747716,0.0293167085905907,-0.00396974591255499,0.0573178222517437,-0.0146580772684588,-0.00549768828917598,-0.00942864915921673,0.0177469444237414,-0.0132172876361012
"AC114763.1","AC114763.1","turquoise","turquoise",-0.0233467536993019,0.0310436848678598,0.0886991934831193,-0.0224596629545614,0.115928629122676,-0.0756618455404955,-0.0207914630351851,0.00325214929763609,0.0459096838458673,0.00984576373280458,-0.0225681320644789,0.0243619903135055
"ADTRP","ADTRP","red","red",-0.0223254190383168,0.0709546724200893,0.0109012997429949,0.0128921363060322,-0.0513720457293652,0.07146096585836,0.0705600228765659,-0.0215530913376701,-0.00052806624798683,-0.0301646512338763,0.0455117099886883,-0.0203701745195757
"ATF2","ATF2","turquoise","turquoise",-0.0571148043616778,0.0464048852452703,0.145720731325151,-0.0461188888439803,0.16214110903214,-0.10803276290644,0.0323390210564469,-0.0268310372447583,-0.00804714942775928,0.0394951768321893,0.0501304292904427,0.118863968171251
"AC079465.1","AC079465.1","yellow","yellow",-0.00522871535545534,0.00676263868801965,-0.0457071717219684,0.0799978384811788,-0.042755115941167,0.0486593971049167,-0.0194319175556199,0.000464555081522878,-0.00951926243639801,0.00211748311108504,-0.0225340959513473,-0.0427682893719807
"SLC39A14","SLC39A14","brown","brown",-0.0927559553001795,-0.0292572820267942,-0.215320658724486,0.149820382980841,-0.459038063228561,0.542926109454371,0.415688373651088,-0.0185959613513727,0.0257432898988752,-0.255610117666315,0.0896904257037458,-0.104908360693128
"AL139106.1","AL139106.1","blue","blue",-0.00575088666650539,0.176429039790878,0.078838196750683,-0.017392872633241,0.108246397492604,-0.103668952292342,-0.0378130580975608,-0.00346157947730502,0.0311250415088079,-0.0145623983462319,-0.0697973230999653,-0.0286173188050525
"TACC2","TACC2","red","red",-0.0670365181985764,0.0572334518981959,0.0710795268931277,-0.0531048477112932,0.0149028203659728,0.0614689465627613,0.125847447416694,-0.037492669430285,0.0238426171173707,0.0111405612553101,0.130879956892375,0.0546596516564594
"ENG","ENG","blue","blue",-0.0242077188649024,0.12195805777766,0.116311756843588,0.0167169731979448,0.0739836419323616,-0.0241860139150407,0.0651159905948884,-0.0257658688487437,0.00629125732285407,-0.000484887788574934,0.0243090861864969,0.0124497590753081
"NFKBIA","NFKBIA","brown","brown",-0.00386729542006577,-0.144049148888091,-0.144122855374509,0.0896441221243657,-0.426328852406884,0.456124280464884,0.25584061307885,-0.0695344883244867,0.0223497101769356,-0.108402138669601,0.0525611232782844,0.0454691585787838
"SMOC1","SMOC1","blue","blue",0.016144210234058,0.172639411464201,0.0109679433826127,0.0617345949323028,0.0169186816093599,-0.0496946021900127,-0.0268929452573627,0.0208924541287706,-0.0339756204165877,-0.0185548974077056,-0.0932003639508422,-0.0392680668405509
"SPON1","SPON1","black","black",0.0167517157012642,0.0213350942838,-0.0234366598734118,0.0591970656397099,-0.0105794074282335,0.00125149308615692,-0.0757006010389162,0.277575611028766,0.0260636669535507,0.118769265390021,-0.0419997630998703,-0.0353432596922358
"FBXO22","FBXO22","turquoise","turquoise",-0.0213442766727664,0.0782077587824973,0.0850764895249159,-0.0277448664283527,0.107057991842903,-0.107618942708391,-0.0246536021376627,0.0202102577635381,0.0380898328649928,0.0255883336799278,-0.030416389589335,0.0604635169589223
"INPP5F","INPP5F","turquoise","turquoise",-0.00344896618174598,0.0848591486500825,0.0941675425569762,-0.0154314932631345,0.111774992041235,-0.0868421136508178,-0.00953378967192209,0.0139479725387682,0.0214043680748735,0.0109877119593996,-0.00879341162151559,0.05202394328136
"KCNS3","KCNS3","turquoise","turquoise",-0.0506844368097963,0.0941336341634087,0.218850509306265,-0.0953046711542375,0.287567377476798,-0.162736979100623,0.0202355150778217,-0.0305200422063272,-0.0827641471000694,0.110154179623164,0.165497771491046,0.114152888587908
"AC008397.1","AC008397.1","blue","blue",-0.0223562906665263,0.35454074506493,0.0889067307825064,-0.0463463886507675,0.108549351514625,-0.0644899991273125,0.19294887394125,-0.0377286545147475,-0.0658156522409767,-0.0986840991525913,0.00303569965568491,0.0265486749950669
"INHBB","INHBB","turquoise","turquoise",-0.0187246551172746,-0.0011410721256769,0.0782354598182357,-0.0280751100223277,0.0895258102975055,-0.0532160971619544,0.0028763430437085,-0.0144832477213841,-0.0360507111193986,0.0197360043201297,0.0521682175979013,0.0666955753654269
"UNC79","UNC79","blue","blue",-0.0202310556217203,0.132469549749765,0.0316081702255589,0.00650333568779605,0.0093858114468693,0.02248702490118,0.0256599916635129,0.0145763210996475,-0.000947841803190708,0.0353767737067072,0.0193157460186431,-0.0232525716995025
"MGAT4A","MGAT4A","black","black",0.0204050287631192,0.00699562338852457,0.0196878016569102,-0.015008891362933,0.0302392944644456,-0.0180260289609789,-0.0191692383284873,0.142809808450944,0.00258343021587055,0.0221044379400094,-0.00736308245210135,-0.00622121974656478
"ITIH5","ITIH5","turquoise","turquoise",-0.0649351450285044,-0.0278509986354154,0.335195491553836,-0.224422078040407,0.378465059522551,-0.201735064598053,0.0722486586747991,-0.0744135455529846,-0.227572759064542,0.301256096958163,0.412835141931209,0.221458543789727
"TBC1D4","TBC1D4","turquoise","turquoise",-0.0382009902390041,0.0351131922241673,0.173345038234133,-0.0730597065148681,0.284551218991727,-0.17177991142975,-0.0804732619041918,-0.020535349519682,-0.059654302381023,0.0317529001346115,0.0138684428852867,0.0518481133419587
"ADAM28","ADAM28","pink","pink",0.139096025032686,-0.0126541264527166,-0.0377278852448031,-0.00259661349459476,-0.0201626520379679,-0.0222411352398741,-0.0213058634824151,-0.00224178341320381,-0.0167885475709132,-0.0067093979051693,-0.0182912420148468,-0.00656926615725622
"SKAP2","SKAP2","blue","blue",-0.0154616757942762,0.0940162077972846,0.0689627074843603,-0.0372746167999998,0.0585572541561564,-0.0230998822277984,0.0262951349357153,-0.0239793256290933,0.0632636765984026,-0.0525930065372757,-0.0361027324742956,-0.0169642450432485
"FAM104A","FAM104A","blue","blue",-0.0263690740699162,0.361420595749842,0.0556307701247893,-0.0425635835130765,-0.0179442782057953,0.0452150684893925,0.16557726189161,-0.0277885493504581,0.0189295866716771,-0.0935377595675274,0.00125915636757516,-0.0567941811127179
"HAVCR2","HAVCR2","blue","blue",-0.0124683618168649,0.0936241692856251,0.0306390055641722,-0.00958321364964341,0.0233515539369959,0.00854802390048396,0.0379549744730538,-0.00559131635236289,-0.00991714423475256,-0.0329985966264377,-0.0233297314675686,-0.0285515784406164
"GANC","GANC","blue","blue",-0.0175183109070209,0.144351133916772,0.0802455448804381,-0.0194861158205598,0.0911170312262342,-0.0180948123784687,0.0177463646507216,-0.0122227626108253,0.028899266609912,-0.010694486451399,-0.0064314906427915,-0.0484597960033077
"AC040168.1","AC040168.1","turquoise","turquoise",-0.0200040935720341,0.0393056058536417,0.0846440401875386,-0.037241661604353,0.121685116867841,-0.0720350878967651,0.0250652380034447,-0.0190333959541801,-0.0474883876897008,0.0327807209717322,0.0430708396639877,0.0379629223330262
"DPF3","DPF3","brown","brown",-0.0184653640175027,0.0593660644226258,0.00378081031703702,0.0293411771459967,-0.0446946319893877,0.0909563143789581,0.0395861411718864,-0.0126163709161644,0.0380958168664619,-0.034773657700871,-0.00468043724315933,-0.0401175656031365
"ARRDC4","ARRDC4","brown","brown",-0.0192060170767172,-0.01282216498707,0.0205212178831604,-0.00843820435448497,-0.0352079211986702,0.0970381403047786,0.0210583653497249,-0.0153082591824425,0.00641371246776625,0.00616033169296294,0.0138757658539549,-0.0253443876264274
"REL","REL","brown","brown",-0.0323576366512032,-0.150056175468342,-0.125673408575645,0.110581941309497,-0.221670202740869,0.280276850827761,0.213256454761798,0.0253901431470655,-0.0631376169019519,-0.00214367520468132,0.101202425471056,0.00126305314823239
"OVCH1","OVCH1","blue","blue",-0.0404545845321684,0.271626773333802,0.0900668677480485,0.0107494068875755,0.082050585368501,0.00815473604934036,0.117790719053983,-0.0276923378716327,0.0262219141134529,-0.037849321885193,0.0426543188907946,-0.0360671695368799
"HSPD1","HSPD1","magenta","magenta",-0.0255616467167103,-0.177202092708728,0.129165843744562,-0.115023342595294,0.105862785275651,-0.0765179264284859,0.0790765359586324,-0.0301944019699756,-0.0966363592215764,0.0798727767775022,0.189572774048812,0.501101403448342
"DENND5B","DENND5B","green","green",-0.00769721078688303,-0.0130477539152128,0.0766671215138232,-0.0342767920558529,0.0985051817616883,-0.0273553171139032,-0.0409696546227109,0.0629559322239978,-0.00318102283263796,0.13786031113281,0.0578805625223079,0.0379897205248229
"LINC00907","LINC00907","blue","blue",-0.0138173624681288,0.143207884438895,0.0272220666279989,0.0172404526302713,0.0341726917795303,-0.0188516611151269,-0.00222493454539065,0.0209051883097707,0.0249022525940231,0.0174549021796957,-0.0218624201174659,-0.032037621952975
"CRYBG3","CRYBG3","brown","brown",-0.0626365425054725,-0.0194608383757418,0.0262213990475002,-0.0149728539335364,-0.0383811846743587,0.143545201554252,0.0706575608381626,-0.0336923465536417,0.00474093354352512,-0.00997033873853016,0.0574570136169617,-0.0515766530647357
"ZNF267","ZNF267","brown","brown",-0.0355515984044982,-0.0286091742071414,-0.0410034235824012,0.0807600059765022,-0.133194539371578,0.189286261245007,0.0516633051282568,0.0123341798987768,-0.00812482683358357,0.0983247647500528,0.0558954805711042,-0.0395707248536534
"CSF1","CSF1","greenyellow","greenyellow",-0.0567156847727945,0.00593034970129986,0.0571216287600019,-0.0188968756237629,-0.0591331958573599,0.110317067263259,0.0815043544926747,-0.0386244632512179,0.256381140670486,-0.0479760395051256,-0.00261979392827806,0.0319855604034751
"PRC1","PRC1","blue","blue",-0.00980167907645696,0.060362723119213,0.0477479201955327,-0.0160683821251338,0.0420124374155974,-0.0275793228778505,-0.00479808268400065,0.0035908025722099,0.0272218034608208,0.00265862994959645,-0.0145173023149051,-0.0144677641698752
"AC006460.2","AC006460.2","red","red",-0.0372706254901123,0.0785937972587425,0.0382981394577984,-0.00365214484190457,-0.0292668880191773,0.0799369349392968,0.205351870641377,-0.0287561708682823,-0.00184288088868914,-0.0507325032248377,0.0628359806692579,0.00820332776360976
"SINHCAF","SINHCAF","brown","brown",-0.0190785525612033,-0.0127029834925928,0.00533620855848414,-0.0117440752941903,-0.0586883388022541,0.111034218134424,0.021847864371241,-0.0166365568681093,-0.00272333810888301,-0.0459996837854131,0.00113308780954529,-0.0622056518171268
"NCALD","NCALD","purple","purple",-0.0787589831959875,-0.0363818009306348,0.142300700643925,-0.119664540710365,0.123833072085563,0.0069172300736034,0.176953410534166,-0.0564004620680306,-0.181299410916688,0.14543714051163,0.46105890894089,0.17403597146254
"ABCC4","ABCC4","brown","brown",-0.0377789202763378,-0.00760447187057862,0.000575015244960075,-0.00777748238809658,-0.0754281060919906,0.149429807498298,0.0288711684487781,-0.0182155534664483,0.0334216241485441,0.0056264273908526,0.00996153439992662,-0.0647756224646776
"CNNM2","CNNM2","blue","blue",-0.0195918159701652,0.222466239725957,0.0842744276353375,0.00621474041411247,0.110361837853635,-0.0977830727655614,0.00627916666463279,0.0209539496723861,-0.00788551214318394,0.0106620567357983,-0.0502855418081186,0.0173999939884254
"DNAH3","DNAH3","blue","blue",-0.00425421813364646,0.404238008103383,0.0743263937424479,-0.0174959019237223,0.0596360394423588,-0.0612863969119757,0.0165886377218945,-0.00649656201998417,0.0393187231054542,-0.0214877427521292,-0.0292835971998556,-0.0661512839096778
"MTUS1","MTUS1","purple","purple",-0.0180055139745025,0.0476322980059778,0.0881301759553009,-0.0806809716937046,0.0770941637229274,0.0497464205891146,0.13514028801057,-0.0573319794977625,-0.0977831644260384,0.0291012075705658,0.243950700251546,0.0246228546926775
"NHSL2","NHSL2","brown","brown",-0.0378747433925866,-0.0129238600100806,0.032458256687395,-0.0597094312427898,-0.0358283809367555,0.0862484382221276,0.0427475626037789,0.0795138891002498,-0.0670400068092205,0.107238166412032,0.0357676960587098,-0.032963900478906
"NT5DC1","NT5DC1","turquoise","turquoise",-0.0189134164844384,0.0584208593551708,0.108501275554362,0.00876747881799911,0.1686813388273,-0.118502931509302,-0.0498197355169246,-0.000297041145616832,0.0229264476134669,0.0181039738414587,-0.0391905022023961,0.0333113486890564
"HBEGF","HBEGF","yellow","yellow",0.0402815645231914,-0.0358996982811237,-0.209105713446872,0.584179541038555,-0.146999721939978,0.0500665846274462,-0.0581530400370801,0.0478467123341058,-0.0535003405503853,-0.0593198108200197,-0.103301281546088,-0.0353536955816895
"PLEKHA2","PLEKHA2","turquoise","turquoise",0.0143890316249673,0.103100765736085,0.136845793208897,-0.0216519411880493,0.235808465348597,-0.194203877219467,-0.114222006337959,0.0785257098945346,0.0570703442348059,0.044830566016643,-0.0917447218944041,0.00660555204266292
"LINC00884","LINC00884","brown","brown",-0.0276265321032236,0.0616408472547887,-0.030093322252075,0.0439951841503034,-0.0935193661725544,0.15785222743416,0.0379427187311727,0.000591849286633722,0.0724416321183467,0.0040902716818009,-0.00254076559362981,-0.0913706849056563
"PPP3CA","PPP3CA","brown","brown",-0.0107962288269345,-0.0599856668613639,-0.0438062526270064,0.1062850798529,-0.0475203579527065,0.0884991804200981,0.00595181004756119,-0.000974104209069737,0.00760570833158598,-0.00251618190724398,-0.0152788318290571,0.00828349079493615
"NDRG1","NDRG1","green","green",-0.0760717683277906,-0.0207107633902453,0.0517497238803154,0.000231383766631805,-0.0371146608381736,0.0523699167690139,0.0468985712423777,-0.0357592786246816,0.0812636736143114,0.0594963707070581,0.0769904564594025,0.112593915616312
"DUSP6","DUSP6","brown","brown",-0.0196158960307954,-0.0434209588211771,0.00768454740100929,-0.00474983663775473,-0.0140831151896763,0.081994264799903,-0.0635033898002965,0.0774330308033954,0.0286443135341209,0.0665817731097598,-0.0110958613200478,-0.0461544716875847
"HAS2-AS1","HAS2-AS1","blue","blue",-0.0266346031291791,0.11840374347964,0.0366368047335355,-0.00971751677339138,-0.00636031175064239,0.0248361553521315,0.0688918928130224,-0.0185496740391986,0.0112259372618696,-0.0218554624751712,0.0324370885679082,-0.0130037318824136
"GOLM1","GOLM1","yellow","yellow",-0.0386394069716568,-0.0446253295055455,-0.0752549641858557,0.221745143165129,-0.138609674658372,0.14781704251524,0.0761487341523211,0.0240523166497939,-0.0149229972385611,0.00130078007778807,0.0409717972810113,-0.0205670796420542
"AC096711.2","AC096711.2","brown","brown",-0.00954826300531376,-0.0260024118861187,-0.00916559006932818,0.0249793535529749,-0.0324927384955339,0.0526002978589372,-0.00218868329013738,0.0518786210753833,0.000304175339334386,0.0405043715300428,0.00906524203254233,-0.0240398466084851
"AMPH","AMPH","turquoise","turquoise",-0.0592122648867052,0.0593151086288612,0.231380607378073,-0.134148488508657,0.332112724426929,-0.149986861622121,-0.000328699050579162,-0.0140153029315706,-0.0761567673819715,0.0776731107040434,0.0897481067706589,0.0814381802051218
"BHLHE40-AS1","BHLHE40-AS1","blue","blue",-0.0179969798918846,0.248258030881185,0.107682344199397,-0.0366435827559143,0.0809135076483016,-0.0537137764439853,0.0815954332953675,-0.00398021672239981,0.00453816126857698,-0.0070916570471024,0.0387524540372779,0.0121550415585924
"MTERF1","MTERF1","turquoise","turquoise",-0.0149422252984221,0.0963122259766621,0.0733198649222636,0.0135872038926405,0.118645529110966,-0.0699011885065039,-0.00787231057391142,0.0115304734358531,0.0516626019082419,-0.00511338720370364,-0.0582040627601527,-0.00389812269804132
"TENM1","TENM1","turquoise","turquoise",-0.0844650959398614,0.0728550936124509,0.121991037675908,-0.0606957179702804,0.147184291956996,0.0286667775650772,0.0431857557915299,-0.053064438077292,-0.0550588549107682,0.0896210145512995,0.109079930341457,0.00330531837897764
"EGFL7","EGFL7","green","green",-0.00449421234354933,0.00324136597731733,0.0331257976981709,-0.0127060826669699,0.0117823096282519,-0.00270484535480058,-0.00351141652962591,-0.0019747957187437,-0.0214069485859775,0.0604730144064747,0.0379267959975365,0.0172655149662971
"AC091078.1","AC091078.1","blue","blue",-0.0299084224428458,0.0857941427827917,0.0748790998176284,-0.0312619934090204,0.0693114407748411,-0.0229329641428251,0.0495888723056853,-0.0301747461738142,-0.0123664713979377,-0.0355808292389434,0.0156818432018237,-0.000582482905661473
"AC002429.2","AC002429.2","turquoise","turquoise",-0.00846630591266651,0.0358213144248705,0.0541665314131219,-0.022893356825045,0.0826939851364578,-0.0488693047230435,-0.000815138688403941,-0.00758062288204915,0.00339499052962976,0.00747898401117844,0.0143700191597828,0.0451465830319729
"CAPRIN2","CAPRIN2","turquoise","turquoise",-0.0302810780519614,0.0457220150677025,0.108473344317958,-0.0187268685671744,0.122594341675762,-0.0978576312553165,0.0483851153652789,0.00684549781052005,-0.0129486308038963,0.000986477332203867,0.0385991743212819,0.132544957716572
"RFTN2","RFTN2","turquoise","turquoise",-0.0238179358282765,0.0920956946598087,0.195008282985133,-0.0602787152485967,0.295594067608064,-0.235160096734833,-0.0301061729793888,0.0231461012346135,-0.0377223421029218,0.0819549019336794,0.0322692302030974,0.203186123928692
"AC005291.2","AC005291.2","brown","brown",-0.0257945839522758,0.00681964602362932,-0.00341223215322662,-0.0290072332754818,-0.0570219120706376,0.113386077604967,0.0770418339194357,-0.0191065592905966,-0.0395835923340919,-0.00108692049283948,0.0572579549192724,-0.0219835493807228
"CFAP299","CFAP299","yellow","yellow",0.0127945192496493,0.0166196017364813,-0.0786449321881208,0.17945558624037,-0.0388510315160903,0.00337350922725414,-0.0238909449867962,0.0765134023344649,-0.0326983962269864,-0.0328304740437216,-0.0483318145880477,-0.0420689242582649
"PPP1R12B","PPP1R12B","turquoise","turquoise",-0.0430844472184238,0.0822144111266487,0.131425341208214,-0.0340223673754461,0.178676442176125,-0.111255010323854,-0.0310468927193345,-0.0180169506152501,0.0573247278722328,0.0465112697700493,-0.0157461230208655,0.0412515513825685
"JMY","JMY","brown","brown",-0.0263952607915201,-0.0392578394837337,0.0208587837388106,0.0359263368510978,-0.0230029030963927,0.0889548831590221,0.00534368261197431,0.0305687613111592,0.0038357960123448,0.0468651101546832,0.0328151687594723,-0.0110613496511068
"GDAP1","GDAP1","yellow","yellow",0.00552560496971072,0.0518789624538656,-0.00261291283626479,0.0892316053240725,0.011229027033054,-0.0118911590362743,-0.0214760213744364,0.00495996935823463,0.000506811465772543,-0.000337333799591872,-0.0394710376191724,-0.0143230832768636
"DSCAML1","DSCAML1","purple","purple",-0.0512706737684735,0.081748897248886,0.10731260018469,-0.0732269737784354,0.0996195356232601,0.00786706040855658,0.101493627820856,-0.0332335773820452,-0.0797782194931592,0.0205479335718906,0.148184955472219,0.0244582931502233
"CLIP2","CLIP2","black","black",0.0344803166886272,-0.0313735663940148,-0.00542036008914452,0.0537078497911143,0.0106360966902885,-0.0386713142614344,0.0253070013866639,0.189567259152867,-0.0587986424367627,0.0510369537652626,0.0309077347434059,0.0700755951789929
"ATP6V1E2","ATP6V1E2","blue","blue",-0.012739365089516,0.309608880091291,0.125595367367848,-0.0358894692433323,0.1501716950979,-0.155826402429656,-0.0279849007269174,0.00768017725467128,0.0629585744726835,-0.0187197081396145,-0.070325627837145,0.00397606883096032
"LEPR","LEPR","blue","blue",-0.00808970606705774,0.100164104495936,0.0805805338982996,-0.0123379112303397,0.0774189310404841,-0.0773724749877855,-0.0639761706908577,0.0965387171804035,0.115911081608221,0.00176539455975011,-0.147154402554449,-0.0280732579137665
"WDR49","WDR49","blue","blue",-0.0218514223366784,0.153520600439007,0.0749060051628496,-0.0222392251192582,0.0795664820983355,-0.0262522012432678,0.0243313880429924,-0.00192627116973286,0.00746997863768323,0.0385995922732681,0.0322143573530744,0.0139022266950442
"FANCC","FANCC","turquoise","turquoise",-0.0305742266948796,0.0348982264650046,0.0790521553053087,0.00606027958883912,0.118162914784616,-0.0720099333063418,-0.0465878901308697,0.01690119094301,0.017859653416654,0.0589799812822218,-0.00269982398197161,0.0212229868243318
"TCEAL7","TCEAL7","green","green",-0.0160081470704432,-0.0282905338021265,0.062589830114841,-0.0324046396119315,0.0360844884697335,-0.029024745979254,-0.000566321854560241,0.0316149712586508,-0.00152531013576391,0.0919587717145889,0.0339104304171913,0.0894107291029416
"HSPA5","HSPA5","purple","purple",-0.055852505454391,-0.13732148913117,0.0856385954685965,-0.0232994793137726,-0.0416884415478757,0.0272217497400378,0.150275475035486,-0.0111716915079142,-0.0150693972830338,0.100417775433467,0.238725658683041,0.217356801643395
"PATJ","PATJ","turquoise","turquoise",-0.0140330617567954,0.0687471002700347,0.0840332879459021,-0.0132445208517486,0.119318163277281,-0.0721039832316636,-0.000335794709842468,0.0131815007822271,-0.0154135786023072,-0.0188474695312358,-0.00595211571725173,0.0157019485208026
"AP3B1","AP3B1","turquoise","turquoise",-0.0287210682241403,0.0499970973201656,0.112442197688418,-0.0450446125749215,0.181028560583674,-0.0953559075531865,-0.0566833125911404,0.0144222796594251,0.0824450815996611,0.0336383466879949,-0.031158314845254,0.0188422450610698
"LINC00880","LINC00880","blue","blue",-0.0384048167757678,0.502040787630506,0.0392947429898323,-0.0452635004910339,-0.0404819298133392,0.0969013566035132,0.195461990157365,-0.0331770592629719,-0.0010286857233178,-0.160706576661508,-0.0261601666084361,-0.119256717594566
"AC107021.1","AC107021.1","brown","brown",-0.0383981793234108,-0.0404854084581194,0.0193967882822006,0.0575744224499026,-0.0614535189336712,0.097373147560508,0.0244364645358518,0.00854030347236754,-0.0343975544387279,0.0215736630565278,0.0974601096285116,0.0115993764020559
"SFXN5","SFXN5","blue","blue",-0.0588152540227734,0.216000494956892,0.00314478735537447,-0.0160550947174147,-0.121912359435587,0.197226513692914,0.253017468326746,-0.0221997646083262,-0.0127641994419453,-0.0787006954982001,0.0718427714297581,-0.0337766706355565
"TTI2","TTI2","blue","blue",-0.0200174328402995,0.208934396117847,0.0649140552372992,-0.0279317689236814,0.0388280023408231,-0.0121519915682635,0.00932359856544907,-0.0081324517145735,0.0347121243631009,-0.0298260555113429,-0.0217897741114455,-0.0584223410822374
"TRIM72","TRIM72","blue","blue",-0.012111642502702,0.330031192069787,0.0854371227486031,0.0127760074070583,0.100380337937905,-0.0920013897064517,0.0410214188397754,-0.000939825139798635,0.0207310216872659,-0.00974715553616851,-0.0419179874557571,-0.00763605991653805
"SEPTIN9","SEPTIN9","brown","brown",-0.0147020890704797,-0.0233355107546669,-0.177168450945666,0.265169456873172,-0.22854420418041,0.249451958503171,0.0509838556307945,0.027638918094918,0.0280778878914669,-0.0790532091131267,-0.0921150280059174,-0.137051428723047
"ITGAM","ITGAM","blue","blue",-0.00133398110413702,0.439992752500399,0.0513848797112653,0.0404204878806205,0.0508403403061051,-0.0622061806550574,0.0168956550392726,0.0136935806520517,0.000448664426316474,-0.00796036899716737,-0.0519077451248672,-0.0736122721223712
"FMO3","FMO3","purple","purple",-0.0280219034159463,-0.0029688565527284,0.116779312107368,-0.0740684485554183,0.10923493607508,-0.0631081646186656,0.0755491305315865,-0.0405833996923228,-0.10306955819488,0.0278005021470842,0.17439400594473,0.0943561092396162
"SPATS2L","SPATS2L","purple","purple",-0.0449203812754869,-0.119418834482771,0.0618433532694637,-0.0755421987684705,0.0059858884475957,0.0686853584041948,0.0416758675385623,-0.0023718700529904,-0.0314740048342793,0.0970044726074613,0.211705942757577,0.102518567070577
"CFAP69","CFAP69","yellow","yellow",-0.003504709757882,0.001691430358379,-0.0322317655682191,0.201586697960845,-0.0170820142300333,0.0167204997690395,-0.0467595674617591,0.0621502318540516,-0.0364912753463163,0.0182336478989512,-0.0470213818495286,-0.042982787415275
"GCNT1","GCNT1","black","black",0.0238454452762662,0.00767165759530778,0.0194710219301328,0.00694223111476914,0.066694555505333,-0.100161063226894,-0.0993434242321305,0.209145102425664,0.0139012049135396,0.063970737895117,-0.0768501048764335,-0.0292889791228392
"F5","F5","yellow","yellow",0.0307378398850349,-0.0103207274892969,-0.150386769627666,0.370478946009527,-0.0788790451235813,-0.00160882532330296,-0.0505419476265615,0.0361316094906455,-0.0301115107018414,-0.0443077909165261,-0.0915059842068914,-0.0421534255531986
"ZC4H2","ZC4H2","turquoise","turquoise",-0.0225599321209601,0.0173944744215862,0.118291781080533,-0.0517922020790713,0.188357874266803,-0.123831078552923,0.0011826611354428,-0.00883303041757653,-0.0376069208734336,0.0450576679376748,0.0313388748183394,0.0644186374744484
"SLF1","SLF1","turquoise","turquoise",-0.00483402626761407,0.0233656438211944,0.085885110556369,-0.0256833969847029,0.122450864208885,-0.08343569878972,-0.0469645663913418,0.0100637554912178,0.0244485308167323,0.0233345896083354,-0.0181234480334031,0.022776130168907
"TMEM100","TMEM100","brown","brown",-0.0474252777501367,-0.0813283213342282,0.00630022680377087,-0.026166991627818,-0.129374931530136,0.211888477713549,0.108063989028045,-0.0348646385976508,-0.0234864820130896,0.0294671376411806,0.165283410909522,-0.0259871743486638
"AL022068.1","AL022068.1","yellow","yellow",-0.00424618158849377,0.0202611585715988,-0.0165069429934018,0.106380064363263,0.00205651218126742,-0.00308246546051688,-0.00567722988007761,0.0103896653155174,-0.0367116150415286,0.0147480016024138,-0.0096647119934753,-0.00803807484868412
"CYTH3","CYTH3","brown","brown",-0.084470975241086,-0.079769880839976,8.82869183841406e-05,-0.00703097339567949,-0.0691083266749834,0.17510138624285,0.0469328014178922,0.00579272636296345,-0.0302371582347965,0.103599979982446,0.154473488650691,-0.0148018799603214
"SLC10A1","SLC10A1","blue","blue",-0.0200682899513434,0.300905763068237,0.137150305694107,-0.030240972529238,0.135856906113395,-0.142688076007763,0.0368808731260422,-0.00617029371583907,0.00737468257728851,-0.0148547259466353,-0.027698396059479,0.0908182446558178
"IRAK3","IRAK3","turquoise","turquoise",-0.0148064037937039,-0.00739452734493903,0.106883614100943,0.0208068875685875,0.178172995762242,-0.104320556761274,-0.109008889780319,-0.00685384829235416,0.0644873300489561,0.0579802969816216,-0.0726689628463603,-0.0101880703347706
"WDR92","WDR92","turquoise","turquoise",-0.00899690099181742,0.0930229089699284,0.12089795820374,-0.0266202602253817,0.161096241888172,-0.122225063725625,-0.0638952205158443,-0.00640788908382357,0.0365432219868985,0.0345580564474538,-0.0572963171479218,0.000547906619099529
"RMDN2","RMDN2","blue","blue",-0.0236236157315514,0.12919877932915,0.00425329616775129,0.100810029646294,-0.035651381371026,0.0860492133609257,0.000159577870973005,0.0060746514471111,0.0645481380127066,-0.016676619141574,-0.0582546413410108,-0.0981708312816204
"PPP1R13B","PPP1R13B","red","red",-0.0388767586867762,0.00557855610116793,0.0567303585399121,-0.0245714118866442,-0.00733821631079796,0.0149612199451478,0.165986462934223,-0.0374423739924368,-0.0420155763516162,-0.0708926649672778,0.0883407708381491,0.158112013800527
"RBKS","RBKS","red","red",-0.0209490259589287,0.0245534541053068,-0.0131562326425515,0.0824642919134989,-0.0528355076555527,0.0832143845108841,0.1348990495785,-0.0181331722572109,-0.0064468813128182,-0.04801596721401,0.0161560708657228,-0.00356102411609087
"ZC3H12B","ZC3H12B","turquoise","turquoise",-0.030265575721052,0.0228130319954485,0.101697132158306,-0.0413629106109899,0.128056529774024,-0.0486706461759453,0.0268228538174547,-0.0218355207808834,-0.0671387878835855,0.0462298487715168,0.100180595075587,0.039243587974406
"SOCS2-AS1","SOCS2-AS1","brown","brown",-0.0310072376268429,0.147395609580576,0.0433290657498856,-0.0399511934316129,-0.041540544002439,0.11573249655449,0.134371109480565,0.0064737992746798,-0.014330599152336,-0.0150734411633972,0.0569961137145892,-0.0551637670130229
"PROCR","PROCR","blue","blue",-0.0432481696964289,0.217196855535017,0.0495543290220052,-0.0268534263368626,-0.0189957402105645,0.071837194849771,0.0511885696434806,-0.0604481187142473,0.271090044768135,-0.107683170811007,-0.134495833145794,-0.113440975673944
"TMLHE-AS1","TMLHE-AS1","turquoise","turquoise",-0.00616398694733053,0.0170181622288833,0.0448679567428007,-0.0318414580010123,0.0988630219321796,-0.0729935685680714,-0.0418967134178037,0.00798392715871605,0.0172972896404831,0.0125129819779552,-0.0334446649776579,-0.0137460916503403
"TPD52","TPD52","turquoise","turquoise",-0.0219677453366288,-0.0155056506415093,0.078835485576677,-0.0276053491460988,0.137182532103142,-0.0764493477358336,-0.0294933182780972,-0.00712648307537254,-0.0569202699926438,0.0572525111869512,0.0576100304777234,0.065414848332793
"AC025259.1","AC025259.1","blue","blue",-0.00579194238231655,0.213542198525772,0.104502294863253,-0.0283209044595363,0.165845817131758,-0.153156475713248,-0.0570340719299333,-0.00774660826804437,0.0132743862856324,-0.00226963932214643,-0.0600432588857064,0.0314526339246355
"EPHB1","EPHB1","yellow","yellow",-0.00951311590222823,0.0780376722316643,-0.00232304131239132,0.107378332410343,0.00724099783391056,0.00812844217334146,-0.0162497590416692,0.00910252666237623,-0.0105471753853106,0.0242994704050928,-0.0182057913522383,-0.0338591445891711
"RDH10-AS1","RDH10-AS1","red","red",-0.0509613021099528,-0.0144293894959361,0.10573074713803,-0.0634252094106214,0.0483403487766955,-0.00563088961449709,0.235898981524531,-0.0374473376055834,-0.039232568541256,-0.00441285519128347,0.19544249041227,0.189815250734488
"IL1RL2","IL1RL2","brown","brown",-0.0555517713680498,0.0325769445065605,-0.0539110057947944,0.0171820639165804,-0.201557201946017,0.320118797711305,0.0854316937062103,-0.0413441504356278,0.0214274940565463,-0.0447940562923374,0.066890099667703,-0.161350198541328
"SPTLC3","SPTLC3","yellow","yellow",-0.0150776332705483,0.0305819068653234,0.0193633085533938,0.119933468995123,0.0589407232344736,-0.0207372893053786,-0.0315658516266675,0.0202915346042804,-0.00789918961419979,0.0322860822449688,-0.0251732812087938,-0.0152102120815692
"FAM151B","FAM151B","blue","blue",-0.0123980513999486,0.149499248860079,0.00219930003524417,0.0960746180855899,-0.00251586839827415,0.0406802168348303,0.0317915228058093,0.0121322639089105,-0.00199924040787924,-0.00525083203726987,-0.0198813100443492,-0.0583497814229443
"CSMD2","CSMD2","brown","brown",-0.0225965701882193,0.0372233478399232,-0.0368904069281503,0.000533617581522931,-0.0790722647834189,0.114915957934282,-0.0158228022822191,0.010345150873168,0.128903750675046,0.00988732066524728,-0.0664436002968496,-0.0810878062518925
"HOMER2","HOMER2","blue","blue",-0.0106069283001801,0.12282262819487,0.0656356751746607,0.0024244323531572,0.084054605968709,-0.0550085144099819,-0.0209893889631891,-0.00333649116461687,0.0229003321807641,0.0172692259512842,-0.0254362783543499,-0.0328163630478359
"ZHX2","ZHX2","brown","brown",-0.0354800850021881,0.0817779461631661,-0.0959204516148233,0.0853458065218405,-0.156096309689473,0.271799609407446,0.232656655453893,-0.063327516462492,-0.0381345736321689,-0.13092759562978,0.043193885798765,-0.103265843364989
"AL050403.2","AL050403.2","blue","blue",-0.029365445248718,0.0932239288157003,0.0690757292779248,-0.0157956663603089,0.0823378565976875,-0.0264512024107587,0.0276590559306589,-0.0279049824399978,-0.0109822086782352,0.00983736917664533,0.0239333191712739,-0.00280596055595012
"ZNF251","ZNF251","blue","blue",-0.0121242880328172,0.128727992634281,0.0920670947638656,-0.0122367400772316,0.116658647403279,-0.0799558633985964,-0.0358027437864765,-0.00985985074900263,0.0586753349317077,0.00846546021321443,-0.0696830441702898,-0.0257930228240763
"ESRRB","ESRRB","yellow","yellow",0.00686487764536142,0.0470194226930229,-0.014055126500842,0.0764899248146589,-0.00688056422021274,-0.00299079004244737,0.00628934029120333,0.00272207880130124,-0.00225479838179701,-0.00960426313092244,-0.0129881115418788,-0.0157450703949891
"AC092574.2","AC092574.2","blue","blue",-0.016775532805899,0.197380140864252,0.0755747406822954,-0.0170443802046258,0.0881690866809491,-0.0591543878468987,-0.0171406320643007,-0.00944360811918534,0.0200253956230468,-0.01670360826595,-0.0349426297533951,-0.0370855783804462
"CDHR3","CDHR3","turquoise","turquoise",-0.0270636352741094,0.0777336987260959,0.104753067777213,-0.0445131626623145,0.121569667745329,-0.0709093305050587,0.0236454036629144,-0.00854387703023492,0.0281763932931499,0.017420114902169,-0.00155798616108091,0.0241209531793979
"GALM","GALM","turquoise","turquoise",-0.032268678697562,0.142857343946885,0.140323950862775,-0.0614858262613443,0.145979138242869,-0.139090910859815,0.0419521753920819,-0.036336576366688,-0.0385423993750943,-0.0283879902450358,0.0305244796314179,0.15488332615611
"ME3","ME3","brown","brown",-0.0184244813035839,0.00502248888575071,-0.0300188018884758,0.0885361726295818,-0.0729297740605099,0.110938374286974,-0.0541213724261383,0.0102352058802653,0.0317904634464023,0.0353276734929247,-0.0360092146231038,-0.0998161917517148
"TIMM50","TIMM50","blue","blue",-0.0174854043656531,0.587076987003577,0.113698069720403,-0.0418920143943317,0.111255293148459,-0.113262888909177,0.0221791544828246,-0.00340781567061493,0.0529523360705086,-0.0387372801031547,-0.0744949576463416,-0.0776654603484587
"ARHGEF28","ARHGEF28","turquoise","turquoise",-0.0126314706669041,0.0406933990575333,0.0761138465135384,-0.0244852873400826,0.119306089457196,-0.0754662170944818,-0.0308346938065896,-0.00101824393136348,-0.0457462335406682,0.0469005986297613,0.0312518249713792,0.0442768796036087
"SH3BGRL2","SH3BGRL2","turquoise","turquoise",-0.0151201056917174,0.0671131129947208,0.0940638146373813,-0.0215914616390583,0.122401735168331,-0.070268934059013,-0.00236493817980523,-0.0151819908906238,0.0165701017478327,0.00311576193533239,-0.00884714983947349,0.0164936628017872
"SLCO3A1","SLCO3A1","blue","blue",-0.0312021303610274,0.0826441093961447,0.0585020658076152,-0.00054412657122409,0.0475818762688908,0.00805763181859097,0.0774659925792365,0.0411024594960889,0.0316125300246038,-0.0228835601126322,-0.0193094326441236,0.00905916124732802
"ZNF704","ZNF704","green","green",-0.0546547521093041,-0.0165454588610374,0.0925366780699995,-0.0943494199766272,0.0526203530731086,0.0351193978335908,0.0358619887345641,0.0549682913873156,0.0414243590888778,0.083187723957852,0.0907223618666804,0.0370976045753061
"IL12RB2","IL12RB2","blue","blue",-0.018343941651827,0.131981515126695,0.00394447177221807,0.0347556663183961,-0.0544536294916206,0.0996717940459465,0.0499866272591805,-0.017311416081757,0.0136447119301664,-0.0410121948669245,-0.00985176313135898,-0.0754668812694626
"ZNF277","ZNF277","turquoise","turquoise",0.0241754695096996,0.0230386319570473,0.0646487815532929,0.00823459131660544,0.107809003386184,-0.0820698607232729,-0.0713876295711868,0.037506241380658,0.0236472156239768,0.0330118884401956,-0.056701346202073,0.00219830958071387
"AC025569.1","AC025569.1","blue","blue",0.00967369945586048,0.163302477435684,0.0613942671670166,-0.0111724651744363,0.06920496440518,-0.0538370275196965,1.34958919667326e-05,0.000767235279012087,-0.00496321237106602,0.0139206164383435,-0.0093349648649745,-0.0136088217371558
"LINC01184","LINC01184","turquoise","turquoise",-0.0216813780001984,0.0783528543542729,0.100441751279261,0.00875960118544484,0.157443548691543,-0.10825830129674,-0.0381179522099735,0.0042536682890655,0.0224035519050785,0.0135426551149316,-0.0436543772608828,0.00211398954476262
"USP3","USP3","brown","brown",-0.0778822143870506,-0.0804704381755172,-0.000928010044846829,-0.0227421082875956,-0.0879832282993653,0.237489871092214,0.0655623156091392,-0.0361426771054994,0.0476788557885438,-0.0517553217588742,0.0572575906931334,-0.0831629001373977
"BCKDHB","BCKDHB","turquoise","turquoise",-0.0177060476280467,0.0323316469274496,0.0965032979720979,0.00119383573037755,0.162714083366826,-0.10611137009734,-0.0588659385255421,0.0127077151356584,0.0378293841100015,0.0500189861079326,-0.0289161988409851,0.0181335223291037
"NIPAL2","NIPAL2","turquoise","turquoise",-0.0106856756307056,0.0386084204285836,0.107607235569811,-0.0485722295740959,0.169433564784442,-0.101169772931129,-0.04177823853336,-0.0172801307628958,-0.0299001335920486,0.0171742851408185,-0.00228106303471919,0.000632009916584456
"KCNQ1","KCNQ1","blue","blue",-0.00828711679112441,0.359042561407759,0.0601104717933144,-0.0214107146063589,0.0353045290686986,-0.0259409883305888,0.0867035103524842,-0.00490306473672054,-0.0263265994881437,-0.051990995142975,-0.0139249785712644,-0.0544823602431483
"TMEM51","TMEM51","green","green",-0.000204373885264005,0.027959122453316,0.0072531211880242,0.0224134493928195,-0.00985356220397888,0.0275387976101256,0.0171273960941119,0.00269783432099345,0.0116310121089203,0.0389946793022758,0.0210499858037274,-0.00583330665318461
"LEF1","LEF1","green","green",-0.00922979846874312,0.0035079603622183,0.0119622303564699,-0.00396105450258458,0.00733846463849937,0.00773985568955202,-0.0150354034727804,0.0407764263687414,-0.0175468180913535,0.0872105757144144,0.024090738389677,0.0028528438996841
"TNFSF9","TNFSF9","red","red",-0.0351511775538099,-0.0574608975644217,0.085303959995614,-0.0228863914776682,-0.00593863663619267,0.0252016896674543,0.110239006826255,-0.0206477080465959,0.0355371736663892,0.0379953079789997,0.101986862481183,0.140280873727993
"AP000787.1","AP000787.1","blue","blue",-0.0101738653179963,0.0869485190738346,0.0664419672957228,0.0164416045884983,0.0718329043974093,-0.0507512171036595,0.00659725860345269,0.00448872774505763,4.02840204468509e-05,0.006664310621679,-0.00822683774431185,0.0437420471186475
"CABLES1","CABLES1","blue","blue",-0.0201051763789326,0.0750386541394346,0.040803737049095,0.0608207636781591,0.0636261637493328,-0.0197955288689789,-0.00803318702475166,0.0410143322908332,0.0484920410469197,-0.000503890394563947,-0.0398053453292366,0.00702763451476193
"ZFPM2","ZFPM2","brown","brown",-0.108318175758132,-0.00177383803382953,0.0902359664723204,-0.154691627912633,0.012558042425041,0.207324909580446,0.097459242274455,-0.147718126482769,0.0247652192389746,0.00371428747241759,0.0996595275609253,-0.0683382092107201
"ITGA9","ITGA9","blue","blue",-0.034095360516207,0.132846440654472,0.0651607926120131,-0.023885378461235,0.0300060575368416,0.0256347602054972,0.000528391753930344,0.0395438368144846,0.0700886452140049,0.0731417391215788,-0.0129492778845922,-0.0480664730107497
"DNAH17","DNAH17","yellow","yellow",0.00847149617014591,0.10500535964911,-0.0349960635130888,0.139857963755652,-0.0269610605470338,0.0155729223106599,0.0110640303942058,0.024278025431625,0.00394699033697978,-0.0216065505654357,-0.0351731842339469,-0.0417307024805798
"HDGFL3","HDGFL3","purple","purple",-0.0838529586901868,0.043091486163811,0.0858186873442571,-0.0872272598558768,-0.0375553940522863,0.0852309920549544,0.274790388962062,-0.069314645658001,-0.0656860369555661,-0.0549391603304511,0.285352362433276,0.106253760459527
"SERPINB9","SERPINB9","red","red",-0.0380143615682706,-0.0491969293412958,0.110219358081248,-0.10018157801788,0.043945729079814,-0.0344168571061466,0.167282379743552,0.0053992131538076,-0.1320282229969,-0.000423284670600018,0.194787800120836,0.198878952084765
"AC021851.2","AC021851.2","blue","blue",-0.011340324407651,0.0767861385359538,0.0229634148259722,-0.000240364422325086,0.0144967650319084,-0.00897243182855361,0.0150344485533921,-0.0100321516002069,0.01596179173689,-0.0268951500539578,-0.0099708464196153,-0.00106227567131932
"SMARCA1","SMARCA1","magenta","magenta",-0.0634255986778346,-0.00529787848230837,0.14601725443715,-0.0810050037650682,0.118500842885021,-0.0753898057509225,0.0738321256446542,-0.0110181759652725,-0.0154542413224927,0.0718766268655497,0.127417815347025,0.193320081272092
"UBE3D","UBE3D","turquoise","turquoise",-0.0143406815330674,0.0951870520566345,0.0981544838351641,-0.0292445685976894,0.160881502548174,-0.104284817564852,-0.0528474610183347,-0.0134275079559996,0.0322709900875176,-0.00121756132024423,-0.0465639620442918,0.00344045843058232
"CAV3","CAV3","blue","blue",-0.0133264864281973,0.0968880462685111,0.0551573541943649,-0.0168620658729344,0.0325373552455912,-0.00527087505660539,0.0138685540191832,-0.0144225396426859,0.0555158359061135,-0.00650751557270629,0.0032493403539229,-0.00750015868431483
"AC006059.5","AC006059.5","blue","blue",-0.00513508375661845,0.065765335294438,0.0167461372601753,0.0152420184663076,0.0261001058780897,-0.0198776425231928,-0.00765750130877685,-0.0015648990949384,0.0121075179481735,-0.00460941142236584,-0.0229446829870681,-0.0208346086201104
"TSPAN15","TSPAN15","blue","blue",0.0119599945176858,0.131168309649209,-0.0466108820389553,0.152643013457001,-0.0363201302640143,0.00119589041858578,-0.00987290368689254,0.0207670991467261,0.00315285813318986,-0.0446847747291997,-0.0730744492596916,-0.0413539973845652
"TGFBR3","TGFBR3","greenyellow","greenyellow",-0.0948642405577746,0.0122387430843193,0.0909380778465828,-0.0755241690914572,0.0600322997898365,0.0283918386475182,-0.0467464242461606,-0.00118168226257464,0.322207133063384,-0.0767187011987486,-0.0606820886611577,-0.0686584330231359
"MYOZ3","MYOZ3","blue","blue",-0.00189072720432298,0.0973908111446534,0.0304999794705414,7.19550425450585e-05,0.0233400738273551,-0.0260798468397498,0.00681524116293287,0.00649090698888961,-0.00477740407894805,0.00849040448621597,-0.0199023568190238,-0.019880272525365
"RFX2","RFX2","magenta","magenta",-0.0444132987346776,-0.0761255829432276,0.0454774366735524,0.00485800907044036,0.0319766286807058,-0.0034526703685286,0.0855015814757052,-0.0113705099599111,-0.0891163990209709,0.0505377685360229,0.17781114386563,0.189039932219197
"LINC01117","LINC01117","turquoise","turquoise",-0.0479624295886996,0.0704806686883839,0.182696907451155,-0.099592527477752,0.253953320267191,-0.127495323721067,-0.0158370083862287,-0.0238586035907718,-0.0336238438145394,0.090591884847643,0.0862768852446554,0.0408868159626871
"JMJD1C","JMJD1C","brown","brown",-0.11717388264279,-0.109773247476976,-0.013876803227627,-0.204545531476327,-0.238278619290836,0.43590200868977,0.352555505138934,-0.0734369850721814,-0.0788923261465926,-0.0305951828524549,0.391056109337524,0.0115054106912151
"KIAA1211L","KIAA1211L","black","black",0.073453575475562,-0.0092090133082339,-0.0251386390881933,0.0700331900138295,-0.020804154978081,-0.00636859739654344,-0.0218765186642648,0.15364486038219,-0.0189397947978563,0.0200963610405564,-0.0207513108409044,-0.010317974468999
"B4GALT1","B4GALT1","magenta","magenta",-0.0741113382776074,-0.00240681147083587,0.0897221872060358,-0.0662833003635726,0.0122924603615705,0.0476173703821742,0.272174778396524,-0.0504166737332064,-0.020355614970902,0.00314053953754695,0.235609923639119,0.228103142651839
"DGKD","DGKD","brown","brown",-0.0456066074288524,-0.050305741725439,-0.0600015344663829,0.0735472305588997,-0.161219674527732,0.273098431282959,0.0531444247138372,-0.0296791300539682,-0.012253181339828,-0.0464783297763994,0.0173238972282095,-0.132303016306447
"CCDC91","CCDC91","turquoise","turquoise",-0.00403284686614089,0.0560248236820386,0.0727168425493838,0.0176238446827341,0.1484681233226,-0.102665801855203,-0.0430793929074956,-0.0149823561172841,-0.015798565745943,0.0207534008093227,-0.00990811995856386,0.0227674752418169
"GAS1","GAS1","turquoise","turquoise",-0.0125291264050936,0.121861100997472,0.260971628771335,-0.101777370127292,0.289656390577419,-0.251878299033688,-0.0580065192163858,0.0246850708072631,0.134687754098963,0.111215999461579,-0.0479348281276443,0.12580477641278
"SH3PXD2B","SH3PXD2B","yellow","yellow",-0.0225233936502943,0.0122543033726746,0.0128379725490733,0.133980565734203,0.107209265210193,-0.0147192467893572,-0.169681338489636,0.0205043358458546,0.14898171537412,0.123645469088793,-0.102366130589645,-0.0738436653699266
"PIP4K2A","PIP4K2A","green","green",-0.0416353697391569,0.020222695041556,0.0424966342208699,0.0232578163271332,0.00768513950554034,0.040110371662653,0.0381898254547658,0.0131320449244655,0.0657599314750405,0.0512270648746792,0.0526920160130895,0.00920207569601714
"ABHD3","ABHD3","magenta","magenta",-0.0773607914511078,-0.0719639283245007,0.102038611966809,-0.0396636374234931,0.0720432867952041,-0.00585490888161426,0.142545619356375,-0.0160160097928602,-0.0818865987426031,0.0462674586919897,0.19281807712982,0.26688333353309
"ANO4","ANO4","turquoise","turquoise",-0.0178953777040991,0.0163924959280423,0.0511802384653432,-0.0160408590170425,0.0945378252948058,-0.0541938582507503,-0.0126824303163879,0.00412276896146358,-0.0141880313037702,0.0294474306624347,0.0202575778925578,0.0170717545088732
"PPM1E","PPM1E","blue","blue",-0.0161320489628818,0.102641212194788,0.0457870171350079,-0.0139215079638393,0.0413523014903705,-0.0244895030935851,0.0216649719784168,-0.000313978406989118,0.0241208246057654,0.00399372596853462,0.00728179921535665,-0.00339897595751261
"R3HDM1","R3HDM1","turquoise","turquoise",-0.0251282248245796,0.063898350370176,0.123690681916274,-0.0344286010032608,0.201277792234306,-0.14401124725514,-0.0386817946147648,-0.000279391687688764,-0.000357178259633527,0.027619177480616,-0.0215449195037785,0.0228896064210577
"GAB1","GAB1","purple","purple",-0.0557590969755313,-0.00461881953487231,0.128848555592588,-0.0919154808286324,0.111801354427487,-0.0583856649618221,0.109921752826105,0.0108112367917825,-0.0409862067065969,0.0913769838614033,0.219346267541078,0.166856897626648
"DNAH12","DNAH12","blue","blue",-0.00771615145994683,0.25901794735693,0.0775158304169897,-0.00610173802915513,0.110483367986652,-0.0838602504548122,-0.00708572994283413,0.0200462835922957,0.0171623391594469,0.00241535814083511,-0.0442097241263015,-0.0303910091197402
"PIK3CB","PIK3CB","yellow","yellow",0.0116784658826092,0.0176476477275717,-0.0453568650751845,0.255168213834956,0.0569293833681181,-0.0333456501762502,-0.109040221957328,0.0323879224505263,-0.0229437094840362,0.0366298369254051,-0.0789857387459786,-0.0615764082270006
"FAM234B","FAM234B","blue","blue",-0.00337019902805689,0.169985816384865,0.0425475508534609,0.00531433386324271,0.0253598543787089,-0.0189311391478739,-0.00367438816942,0.00198886519235092,0.0264017310587619,0.0153790695508089,-0.018236915025536,-0.0186760688008946
"RUFY3","RUFY3","brown","brown",-0.09246226224413,-0.0770231741800468,-0.034040844282698,-0.155398196754217,-0.269615264071428,0.441086208099456,0.331923397389766,-0.0999811932567882,-0.0923667311822299,-0.0650423365113525,0.33196764130467,-0.126572167450666
"SMYD3","SMYD3","turquoise","turquoise",-0.000287087297541761,0.0175711161478997,0.0557864856829196,-0.00602446493152731,0.127029544514292,-0.0806406505311848,-0.0250606346931874,0.0036728757269388,-0.0251718026808181,0.0347524384746796,0.0106209116773484,0.0431766111956354
"COLGALT2","COLGALT2","turquoise","turquoise",-0.0418830376616489,0.0304223852391729,0.236214866417398,-0.114916532769811,0.335727297896978,-0.198865855020243,-0.0686095225962024,-0.0314568977562271,-0.100711561640891,0.157020500790404,0.0931782224273068,0.0795413852716184
"LINC01344","LINC01344","blue","blue",-0.00097710515928236,0.250471929069254,0.0461391393964282,-0.0132723503736553,0.0612716555001832,-0.0689293394401192,-0.0110609085340862,0.011588104798505,0.0345389847281609,-0.0239162919142544,-0.0521465411100398,-0.0364195891631912
"CASP8","CASP8","blue","blue",-0.0160327316644063,0.281168722578317,0.0883244861544502,-0.0161640343100385,0.0780354314495171,-0.0461589501447247,-0.0118026580444231,0.00856587099096565,0.0330462301854811,0.00965998816733199,-0.0315187115942468,-0.0573655189209271
"GLYATL2","GLYATL2","brown","brown",-0.0519611835082671,-0.0372718043855484,0.00898197183848198,-0.0267605798173794,-0.0596163598453834,0.162282493754603,0.0354869387129964,-0.0331451930084612,0.0777408718363591,-0.0176779353957418,0.00586886158686788,-0.0555962213731258
"NREP","NREP","green","green",0.00409033290741411,0.0529736896809462,0.0374710914278171,-0.0234844648591954,0.0522196309094146,-0.00599101435595409,-0.0782014343907774,0.182302672732141,-0.0669940071233861,0.290163982505811,0.0650837949177263,-0.0394010361502961
"IL7","IL7","turquoise","turquoise",-0.00182378507533588,0.000876672154222384,0.0849257756682878,-0.0034641844325078,0.148207627612146,-0.117033812858155,-0.0810646088168199,0.0726717145256058,-0.00706434688699934,0.0905823657013404,-0.025116290264565,0.0322141808510325
"GTF2A1","GTF2A1","blue","blue",-0.0106048903357019,0.159660303190882,0.106508975753058,0.030080782811265,0.132428646901555,-0.116544597819251,-0.0745962637539708,0.0258254431300849,0.072897487609989,0.0171007485220365,-0.0927717721016761,-0.0041413271754326
"OVCH1-AS1","OVCH1-AS1","blue","blue",-0.029978738709458,0.180383907718174,0.0961097002934011,-0.0185378407257786,0.0518800628851013,0.016451709885672,0.0752547248025827,-0.020115130604828,0.0253686033402116,0.00644304499224051,0.0575197532574107,-0.0130166672874062
"TLL2","TLL2","turquoise","turquoise",-0.0369788689026957,0.0646566760772642,0.135973880581435,-0.0647894344883035,0.183140357953176,-0.0946907446281568,0.0139938778378423,-0.00417823130749409,-0.106151735272858,0.126731890371728,0.189578794368808,0.110718997437903
"SLC12A1","SLC12A1","blue","blue",-0.0178038156581628,0.333362186629847,0.0569570908606714,-0.0139588419500062,0.0240488910151253,-0.00523980551991189,0.0242619408974675,-0.00653031130678495,0.123221598523871,-0.0525412812099601,-0.056943713214425,-0.0836395285375443
"AC104596.1","AC104596.1","turquoise","turquoise",-0.00914396929993353,0.0764493166674516,0.066302731326318,0.0230080384191203,0.114764821579144,-0.0913402167249803,-0.0349228870979255,0.0268206084000145,-0.00594352423830638,0.0248317874985581,-0.0222561190484977,0.0201552492750232
"CP","CP","yellow","yellow",0.0216642349642901,0.0306597289971496,-0.114029967984442,0.336540350378531,-0.0921067009080304,0.0447054146182786,-0.0744511049751678,0.0497520030158886,-0.0197949014197124,-0.0312405936498241,-0.138251909835341,-0.0856556710427078
"SWAP70","SWAP70","turquoise","turquoise",-0.0418277040662621,0.079276789343941,0.16222660716307,-0.0768757996402056,0.173236552339046,-0.11011988897774,-0.0279888687105306,-0.0467765379701401,0.137488694554332,0.0222383467364943,-0.0284547384601403,0.0184162313937501
"HPCAL1","HPCAL1","brown","brown",-0.0223271650324418,-0.0179246251825288,0.0245916596101333,0.000351772373687256,-0.0179721749382577,0.0776860704440955,0.100945131547772,-0.0228217792510494,-0.0549577848166315,-0.0276679985916876,0.104356474290749,0.0390916605279039
"BRCA2","BRCA2","blue","blue",-0.00937363659600838,0.380193090311002,0.087197226714967,0.0100521743394098,0.0973415828704666,-0.0772552623670791,0.0408038156603603,-0.00628040146848416,0.0512876603630553,-0.0336589140889837,-0.044695060621449,-0.0566113479090772
"PDLIM5","PDLIM5","brown","brown",-0.00667940943675003,-0.179250997892573,-0.258290543215505,0.318575851254884,-0.347660014339664,0.432344835286558,-0.051765180791071,0.00747413865159018,0.0645356396292146,-0.0437941083954988,-0.0630869839001642,-0.226584408339584
"DNAJC18","DNAJC18","blue","blue",-0.0209120722598943,0.361206924567818,0.0642064730702243,-0.0206540278377876,0.0205093259041999,0.00286894983034661,0.111116491188012,-0.0197425964586444,0.0220673261313305,-0.0703343686753903,-0.0309115186005934,-0.0469589497318811
"FBXL13","FBXL13","blue","blue",-0.0226402194399934,0.14196598430726,0.0331765481101904,0.0503607896977544,0.0212729868175154,0.0176137509733023,0.0286733343278006,-0.00203727743463881,-0.000727801235301592,-0.0160826368360145,0.00468718464541621,-0.0483252226267501
"AC021231.1","AC021231.1","blue","blue",-0.0200257819773689,0.0690269311225141,0.0259988847674623,0.032684515205193,0.0282007348398673,0.0114564921544007,0.0158233367899866,-0.0168771472770917,0.0210778270391132,-0.0279408835699601,-0.0137636345375564,-0.0183503367924329
"ROR1","ROR1","turquoise","turquoise",-0.0634527903497285,0.0252935223642113,0.11393194215911,0.0284326854435849,0.192812053121925,-0.0717145647658699,-0.0465412266251775,-0.00825717556460032,0.0867762412379832,0.132644062693844,0.0370381576196529,0.0539520231800402
"NLRP1","NLRP1","turquoise","turquoise",-0.00752826210131926,0.0664631880205606,0.0914586867826085,-0.028897433150702,0.134789642798263,-0.0972321290162339,-0.0241541145551056,-0.010101372828054,0.0396938416071482,-0.0299463329809622,-0.0455922090291727,0.000748132589339051
"MIR193BHG","MIR193BHG","brown","brown",-0.017379904357678,0.0168535433777651,0.027463982023128,-0.00310753366854214,-0.0292052631579766,0.0766838600971554,0.0107408621373851,-0.0116898386732271,0.0199077005031765,-0.0189671826328776,-0.0243033304977501,-0.0408009295329528
"NAF1","NAF1","brown","brown",-0.0608082393642152,-0.095691158402698,-0.0807559582476566,0.0716578256316316,-0.156828616253732,0.244226904007172,0.175182041660831,0.0293089354952509,-0.0808394206474137,0.00233145580964358,0.117843569866593,-0.0318390289568835
"CAPN3","CAPN3","blue","blue",-0.0338747018422199,0.115939660268767,0.0768360125235789,-0.0172737855776788,0.0631895092801078,0.000743680728523291,0.032910013313258,-0.0221562078695171,0.0224533758495784,-0.0259767289639101,0.0059311361644933,-0.0302974342829037
"AL034417.2","AL034417.2","yellow","yellow",0.0171386295745568,0.104228551432356,-0.129531376751278,0.358621452177559,-0.100018282627382,0.0368078799985072,0.00185458942294893,0.0227953017980643,-0.0442465878305085,-0.0501162667817212,-0.0637712164050179,-0.0667441467610635
"CDK19","CDK19","turquoise","turquoise",-0.0232530907825354,0.0440579183146786,0.0998218411497325,-0.00888509028611617,0.152377708011853,-0.119086426955632,-0.0387988498015242,0.0337369995961825,0.0395377282891298,0.0425408270334446,-0.0391428678706386,0.0700095518728481
"ARHGAP10","ARHGAP10","green","green",-0.0503709791166068,-0.00387643661607269,0.0959076767671929,-0.134033837149016,0.125523068072414,0.0431474593972017,-0.0470046461316874,0.00728756835298773,0.00409115520019448,0.185484582795823,0.122265686027288,-0.0249213112327284
"NRG2","NRG2","black","black",0.0278249559908144,0.00943591881762137,-0.032677862391921,0.0828001800414819,0.0245161603224553,-0.0472237492931066,-0.0454381563277194,0.242814633453818,-0.0236204547933333,0.0299004611117313,-0.0469327872964964,0.00609566269535658
"GNAO1","GNAO1","turquoise","turquoise",-0.016660381865078,0.0151715470740703,0.130195427797837,-0.0432695105990356,0.163331474420496,-0.0953717266639721,-0.00107072321535188,-0.0165142610519717,-0.0709206273121992,0.0619896582768512,0.0445087356237222,0.0723737697877298
"BCL11A","BCL11A","black","black",0.00818307078001151,-0.00498012259490604,-0.00868769569660225,0.00142403173340663,0.0133229816191037,-0.0141248810506929,-0.0128639738170637,0.189145625286642,-0.00535981684600702,0.03666002347928,-0.00912523877546406,-0.0106887408475724
"PLCXD1","PLCXD1","red","red",-0.016275349871277,0.0154613982593965,0.036004634073985,-0.0260981032816929,0.000900639685179929,0.0260842298983134,0.101587601903098,-0.00853440868228354,-0.0333950163459673,0.0133401434289859,0.0743873505821828,0.0208611779611972
"AC092910.3","AC092910.3","yellow","yellow",0.0141504827471256,0.117304853565038,-0.0595516616619225,0.302164755139402,0.015947072081512,-0.0561413460351455,-0.0444274128148381,0.0196512409220264,-0.00770730288366396,-0.032423606327254,-0.0968578866250492,-0.0334976430623987
"IER5L","IER5L","magenta","magenta",0.00427021720060285,-0.0263699071971115,0.148036443286061,-0.0794017844332408,0.10862441458136,-0.245116188646795,0.00409219562657701,0.0429910046803629,-0.0129518623770152,0.0791309643602115,0.0188240036432341,0.428738290604312
"CPEB4","CPEB4","yellow","yellow",-0.0281064495871844,-0.0256558911358327,-0.0117328404396787,0.185712108212899,-0.0127916659745969,0.0380632261636428,0.0616646339316754,0.020635906476331,-0.0428884326094702,0.0198920831536114,0.060537889515858,0.118006393630527
"IFI44","IFI44","blue","blue",-0.0183828147436214,0.0760677593160499,0.0797849592363491,-0.0199304952297599,0.0625988619148091,-0.0299032645109496,0.023309202738548,-0.0330727985882015,0.037183058702538,-0.0444630126995136,-0.0282969925134894,-0.0321770754584281
"USP37","USP37","brown","brown",-0.0582812714660611,0.00746785719532334,0.0275057317584706,-0.0366493873276279,-0.0480954184363977,0.154488131181082,0.139615012086016,-0.0437473840548093,0.00709552846184809,-0.0829652667607407,0.0528382627051109,-0.0494338573888837
"CD248","CD248","greenyellow","greenyellow",-0.0396140648263996,0.0714461723909762,0.0917061877632729,0.0236217245749957,-0.0212336314652918,0.0168659472928384,-0.079864907395959,-0.0281683367077654,0.555338246882853,0.0769789468657918,-0.158528775583029,-0.0467581014231276
"ABCG1","ABCG1","greenyellow","greenyellow",-0.0414173442560653,-0.0142132866165718,0.0428361669399625,-0.0266893015032749,-0.0155067162088548,0.0668293913239891,-0.0201872526973597,-0.0261942740488458,0.176843480937385,0.00306053044964569,-0.0212322257239369,-0.0116079647304088
"AC022210.2","AC022210.2","blue","blue",-0.00782520262625157,0.160911937109817,0.0661051491693041,-0.0174389568386769,0.0868350035894125,-0.05353495326721,-0.010784920571734,-0.0113186976793184,0.0304064901124251,-0.0236395295554308,-0.0501968166611341,-0.0458707738652876
"POU2F3","POU2F3","blue","blue",-0.00912069434948011,0.310910529835178,0.0671830746075236,-0.0225930971701491,0.0572010724554193,-0.0242890223850651,0.0589790812874183,0.0177494806814735,0.0352239274132913,-0.0215077575628558,-0.0333131715572755,-0.0537378651424101
"LINC00393","LINC00393","blue","blue",0.00143213580339434,0.336696814326142,0.0232026644684573,0.0933629175789268,0.0351483147673346,-0.0507865444502972,-0.0202362636396604,0.0117241515435608,0.0403792729157334,-0.00527620839825499,-0.0658320269340708,-0.0706734202540531
"RTTN","RTTN","turquoise","turquoise",-0.0242921164540375,0.0526585048209904,0.126538748096054,-0.03088078828785,0.21099600938649,-0.152146725066135,-0.0693763154814201,0.00831139769144825,0.0385878484608046,0.016745324165161,-0.0517592548608147,0.0388497629092404
"RANBP2","RANBP2","brown","brown",-0.0753784944970282,-0.0821677102822339,-0.0402664893077607,-0.00873725235780154,-0.135295103177905,0.265824877343333,0.117842642891005,-0.00383995378081414,-0.0159633952107675,-0.00064922868780808,0.0893216211170834,-0.0794579127442773
"AC079760.2","AC079760.2","blue","blue",0.00850726620904788,0.125341238305486,0.00662836794862706,0.114720343665243,0.0371718520498147,-0.0325752270516261,-0.0249826959595031,0.0135288035400613,-0.00631598027518347,-0.00444974926135284,-0.0358884668153776,-0.0204562061759255
"C5AR1","C5AR1","blue","blue",-0.0120915197035294,0.246382386710584,0.00152020870273018,0.00979337453603465,-0.0550333541014145,0.0893846954826237,0.173402069041092,-0.00834882608135122,-0.0134620327550223,-0.093869661098005,-0.00961633796789222,-0.0682918859292585
"MAN1C1","MAN1C1","magenta","magenta",-0.0453671820701802,0.136600756999778,0.187232567414965,-0.0928334698123344,0.21232039019609,-0.150503642335809,0.135107410390368,0.000476266223639872,-0.0295960613407696,0.000636946025956887,0.0993217028291276,0.178167976680526
"WAKMAR2","WAKMAR2","blue","blue",-0.00457347674957478,0.09631590351719,0.00408990671862481,0.0386060592898524,0.0118920701809591,-0.0166280405893121,0.0187466948596155,0.0489817443389683,0.0108847905162603,0.000572909260105219,-0.0221837258185937,-0.0155639222736229
"USP2-AS1","USP2-AS1","brown","brown",-0.0134271371051472,0.0240703405231298,-0.0693584219219811,0.100106898893922,-0.0970984463196113,0.118102836950504,0.0127051656650617,0.00728326645242298,0.0694302496627374,-0.0406381190707814,-0.0620668485036776,-0.0795993518934789
"CACNA1A","CACNA1A","blue","blue",-0.0116645387440346,0.136850228818076,0.0721258521395069,-0.0184463835090731,0.0766631747100138,-0.0597826810159841,-0.00936990038598033,-0.00128105514533307,0.00712375557302179,-0.00774323293512888,-0.0192018914170187,-0.000980681358374421
"CTSS","CTSS","brown","brown",-0.0287148186148652,0.0791968822409089,0.0148697580452338,0.0136974660100359,-0.0775275794940735,0.161172549195406,0.0890935412625837,-0.0183575324817093,0.04115094292643,-0.031317204205993,0.00463374950666466,-0.0906296530155101
"SRBD1","SRBD1","turquoise","turquoise",-0.0183257408633869,0.0626206510806197,0.123241581947921,-0.00294521134927667,0.223345375892417,-0.171062937968201,-0.0833733390002031,0.062113613363131,0.0191801929186198,0.0700415829012188,-0.0375396192005313,0.0496753620424141
"RCAN3","RCAN3","green","green",-0.0227879023710068,-0.00969999554635619,0.0684186910343113,-0.0311101990262741,0.0487090781484444,0.00193137937051265,-0.00494328396096382,-0.01367718687957,-0.0419446222662976,0.0691945262531851,0.0717045734979025,0.016719064917888
"VRK2","VRK2","turquoise","turquoise",-0.0264995533419345,0.00516559508074072,0.127435750983521,-0.0493165364766333,0.170223244408529,-0.0968494269350295,-0.0628085533518791,-0.0103972944683298,0.0132809752336148,0.0486824298440426,-0.00414274944537214,0.0104145319345624
"ZNF827","ZNF827","turquoise","turquoise",0.0052706565355052,0.0384728405343359,0.0737735412482355,0.00256885911760711,0.121643744468318,-0.120713891665625,-0.0571494807752125,0.105098005483379,0.0184204245293099,0.0645549864091146,-0.0529982911786984,0.025364233074165
"PALD1","PALD1","blue","blue",0.00734114160862319,0.117903416831981,0.0252901500535014,-0.00480639654320761,0.0121228047640239,8.04971514178234e-06,0.0284170662235155,-0.00512683188967134,-0.00867285342265126,-0.0255305975451705,0.000747318594809656,-0.0343382928819997
"SMC4","SMC4","yellow","yellow",-0.00541770358246568,-0.0217364959715056,-0.0252939634143122,0.151989834043233,-0.0129080683664783,0.0106603115283254,-0.050976950041367,0.0883183815751259,0.00571455742694118,0.092972105579001,-0.0135211900588651,0.0015722326501357
"FOXP1","FOXP1","brown","brown",0.0286081813612662,0.0846292110123472,-0.115219114895492,0.211615706475685,-0.0483204667215815,0.0724092179271536,-0.0952691686300396,0.0344353177232873,0.153279540716277,-0.0387588733185282,-0.170068068582154,-0.142734834380418
"PYGL","PYGL","blue","blue",-0.0316893349568346,0.100977976966922,0.0734968180613002,-0.0281261389733739,0.0310472080380512,0.014024885307401,0.122596864414531,0.0167903116491891,-0.0544635700343786,-0.0157131831306896,0.0820327335109293,0.0463884184572824
"ARHGEF26","ARHGEF26","black","black",0.00110909987629339,0.0278661762187044,0.0530640077642133,-0.0325212623382857,0.0684261505112995,-0.0524151529872331,-0.0335356998695371,0.212414022671607,-0.0172623476923664,0.0941905127859422,0.0107334944771045,0.0226391843929408
"AL354740.1","AL354740.1","blue","blue",-0.00214459323561224,0.138308368776349,0.057751412483619,-0.030585271489205,0.0381942855949499,-0.0167209035583051,0.00415839133921162,0.0122413816186447,0.0610723191759849,0.0302703309563339,-0.0269647015121741,-0.00631983626078346
"EPM2A","EPM2A","green","green",-0.0189917251888722,0.0407293867184068,0.0636305740595418,-0.0179333444985839,0.0636344039399142,-0.008890313829617,-0.0443725320437879,0.007470406193809,-0.0107438917289931,0.0741426978228781,0.0190698460245576,-0.0225087652249667
"LINC00310","LINC00310","blue","blue",-0.0124909256332775,0.0974167388931148,0.0416652353167299,0.0165857535577678,0.0423785513716269,-0.0404639344800565,0.0662074000098892,0.0845774401447378,-0.0283332696922323,0.00370535315071816,0.0169653661663961,0.0774567396174705
"LINC00886","LINC00886","blue","blue",-0.00541958101897304,0.280783886641105,0.0837341316276168,0.00641083784244699,0.10769020536527,-0.0784057826854477,-0.0421403382771804,0.0187632062711224,0.0661860490476551,0.0253069839012249,-0.0587062447656784,-0.0480456462157309
"PARVB","PARVB","brown","brown",-0.0294969875940034,0.0745190481152999,0.0581526808970951,-0.0274030947565161,-0.00827981858864814,0.100041253504942,0.062270838664436,-0.0207605336665324,0.00206290127353317,-0.0169988208705404,0.0201380681672929,-0.0610251872268576
"PRICKLE2","PRICKLE2","brown","brown",-0.0669015937245614,-0.0338583421933285,-0.0367918819430231,0.134391563442518,-0.052367721595943,0.191888375170874,0.0530051388223752,0.00805281009768272,-0.0882322554112341,0.0742568068070248,0.107368886767166,-0.0764221353365975
"MBNL3","MBNL3","turquoise","turquoise",-0.0281223466879742,0.0576277379684679,0.0933779326995157,0.00807478793738367,0.154506607744297,-0.0844919030791589,-0.0629717635662532,-0.0291515580547638,0.106088680037588,-0.022661121650015,-0.0737361199041577,-0.0447613812289148
"TGFBR1","TGFBR1","blue","blue",-0.0310946208749608,0.264176369886163,0.157869319575178,-0.0371447508918347,0.203652362733701,-0.136743932975986,-0.0830335037980839,0.0130856646922143,0.0563174683836108,0.101775613061842,-0.0341283448198623,0.000450817973845115
"NCKAP1L","NCKAP1L","pink","pink",0.057975697993143,-0.00478174814524319,-0.00484092400403522,-0.00508126843712413,0.000745291989920837,-0.00955245739913735,-0.0114892724607971,-0.00370936405378332,-0.018504706452992,-0.00102547041288928,0.00945695113999928,0.00327867067055838
"HERC1","HERC1","turquoise","turquoise",0.0158851303389142,0.0303691283745955,0.125092489952535,-0.0188560983760761,0.256737956230344,-0.182257568445743,-0.105605147928813,-0.00416187193021202,0.0274400795320823,0.029950323684319,-0.0550647096994278,0.0317399036897616
"SCN4A","SCN4A","yellow","yellow",0.0170909741825261,0.0273925105886857,-0.0652145266384985,0.17615441695244,-0.038394947056508,0.00328846713493068,-0.0318637723109735,0.0203070746955074,-0.023204334008937,-0.0149524691316312,-0.0493530343164998,-0.028839916539239
"EIF4A3","EIF4A3","brown","brown",-0.0481429610924166,-0.0861712714758349,0.0152172562027681,-0.0267065491027149,-0.126841085735188,0.186107276431049,0.161237923444125,-0.0437320510083447,-0.00410415622603848,-0.0549515431025039,0.0705634900533439,0.0736489522944074
"FBXL18","FBXL18","blue","blue",-0.0130886682257175,0.398647451229099,0.133355419270611,-0.03430464658863,0.178361488924233,-0.159489000609302,-0.00522625460176956,-0.0028722696190727,0.0393068970052364,-0.0372440782344029,-0.0866406431622807,-0.0376539471461053
"TDRP","TDRP","yellow","yellow",-0.0231873182875242,-0.01962258241165,-0.0259108772467955,0.119581111824515,-0.0649402206493113,0.0701057215830156,0.00313423368756935,0.00144394334313087,-0.0526347270363978,0.00915789482371869,0.00600106472990565,0.000867917475432356
"SERPINB1","SERPINB1","magenta","magenta",-0.0517699425911756,0.0668538653670514,0.182046892437659,-0.0968716334200612,0.144884574656767,-0.116142118477474,0.185496788609507,-0.0537784223680121,-0.0628004772057995,-0.0108911593919661,0.17316928815283,0.232967489041767
"GNG7","GNG7","blue","blue",-0.00282581744662324,0.236295671662286,0.0660692248293966,0.0142777135640818,0.0634013133450337,-0.0754322476975786,0.0199998113835479,0.00816320555913491,0.0214777829315325,-0.0266116850853262,-0.0465075152045635,0.00204048051913062
"GAN","GAN","brown","brown",-0.0429569509900701,-0.067153894962089,-0.0233280281589243,0.0899140349997264,-0.0784430657057121,0.136302715904389,0.0655907241969247,-0.0194749205222535,-0.0483259424077477,0.0101934591054357,0.0986669695865557,0.000564396507476476
"ZNF521","ZNF521","turquoise","turquoise",-0.0683619001108745,0.0541423618470342,0.140796225991368,-0.0653928651875265,0.230463222663986,-0.126089753360528,-0.0404328219493568,0.0240691357265075,0.0996622547655841,0.0259888544646633,-0.0568448711062712,0.0520039849990811
"AOPEP","AOPEP","yellow","yellow",0.044688747567121,0.0227209742345861,-0.130505900954831,0.309637850555451,-0.0452884112623855,0.0180018942827317,-0.090249083212302,0.172908691852247,0.0653119368590667,0.0267774317328378,-0.137446333445705,-0.064827384920637
"PDE5A","PDE5A","turquoise","turquoise",-0.0337715109287351,0.0530714716171534,0.257220856490819,-0.120600136150689,0.394504732148741,-0.274984255984883,-0.0808230807066664,0.00598776228048596,-0.10540630885148,0.213170261918813,0.0645650070496935,0.117638402396747
"AC079760.1","AC079760.1","blue","blue",-0.00957350994099878,0.0688084234495682,0.0242666860911999,0.00906425907033177,0.0297810518448582,0.00600748614374614,0.00890264168096651,0.0236463067092571,0.0208268440392905,-0.00840457014038874,-0.00986872637912747,-0.0161933655884541
"NUSAP1","NUSAP1","blue","blue",-0.0188662330220865,0.118307191639534,0.0528679542613207,-0.0083785066401341,0.0644922438650495,-0.0511652832799026,0.0121648787270639,-0.0077425679482346,0.00805071033034828,-0.0320223003819588,-0.0254916727060683,0.00923665492216848
"IER2","IER2","magenta","magenta",0.0114864277837959,-0.0102602602626307,0.120535872004414,-0.0609725170972451,0.0839016344066291,-0.168025856125913,0.113009334789666,-0.00111531151238364,0.0242281978995605,-0.0244762567195647,0.0175956965141384,0.483004450996906
"AC083855.2","AC083855.2","brown","brown",-0.0416529449303649,0.0194058964138845,-0.00906407404564399,0.016529094184554,-0.111369220986761,0.181964509131792,0.0630236051611944,-0.0273118270481942,0.113890784001579,-0.034750324188228,0.0108333555332964,-0.0760855534789313
"ICA1","ICA1","yellow","yellow",0.0265264743735472,0.00466328982540558,-0.0984593113257025,0.282609702073973,-0.0462056718684461,-0.00814318018995156,-0.0461862390861261,0.0194417400585815,-0.0253084383835859,-0.01385855565775,-0.0655263893536947,-0.0196894687835125
"LINC00607","LINC00607","yellow","yellow",0.000143063716285239,0.0923417246118942,-0.048875550757613,0.167155270084532,-0.035269349025098,0.0158909829807457,-0.00299102216453888,0.0210838933393442,0.013499330034116,-0.0178239296905958,-0.0550959569878473,-0.0449210971305287
"PRKCA","PRKCA","yellow","yellow",-0.0161163117504582,-0.0666761553122588,-0.244785573226861,0.437832098739891,-0.248017025833542,0.213422663089238,0.014580943272926,0.0929621562304779,0.0169184611361425,-0.0763514404493706,-0.0831784713650098,-0.0762865456991956
"CLCN3","CLCN3","turquoise","turquoise",-0.023328180756764,0.027838276538054,0.100107084168069,0.0113924647334546,0.119887623257922,-0.0673849811982323,-0.0547272714357366,-0.00100547402867388,0.0404294874072944,0.0363534163728638,-0.0416444738354439,-0.0137095005911641
"BRIP1","BRIP1","blue","blue",0.00246851142430193,0.301207077045355,0.0216013530037101,0.0724001173080308,0.0412608085036159,-0.0528739925414524,-0.0290547822411646,0.0181314250126483,0.0304649504789083,-0.00824952991108173,-0.0845954651216386,-0.0809773199783836
"DDX10","DDX10","brown","brown",-0.074859328898499,-0.137617884024952,-0.137123406662484,0.0489647559594425,-0.276442703202419,0.442364166823824,0.0125208592128993,-0.0562337430210762,-0.00600188156651182,-0.088365731450859,-0.0217022025621419,-0.255055573944358
"ZNF462","ZNF462","turquoise","turquoise",-0.0192676023197961,0.0152597985545059,0.0847676596584593,-0.0100964001398267,0.146204770254623,-0.0813325944485435,-0.0791310324515732,0.0193844336454963,0.0446616962965243,0.0439124236740176,-0.0504461073663345,-0.0291658627235315
"ACKR3","ACKR3","turquoise","turquoise",-0.0524244366323013,0.025325330486773,0.223288255346982,-0.0810761353357873,0.185874311587246,-0.162261497145359,0.0203818702281171,-0.0826708270419537,0.198396937184301,0.0145921078774327,0.0106684423942082,0.132989072623158
"HACE1","HACE1","turquoise","turquoise",-0.0317951457124497,0.0279108738453515,0.119700970761452,-0.0302107495678922,0.155809544674154,-0.0791041687679195,-0.0256669616231547,-0.0146398378216264,0.0290806120304325,0.0428844871613463,0.0129699923615333,0.0405586846420041
"MAP7D2","MAP7D2","blue","blue",-0.0151916380134262,0.220151902490813,0.0352736943392211,0.0401922400529253,0.0265590375522848,-0.00329563804481196,0.0344996867541209,-0.00186258395430581,0.0352812673643329,0.00419854847226873,-0.012890260279216,-0.0131082672512333
"AEBP1","AEBP1","black","black",0.0418132192248773,-0.0602904029090713,-0.00780488691100766,0.0232284938215499,-0.0604441572379923,-0.000699802122860439,-0.0996422835237432,0.44078409532086,0.0147576159244681,0.243108414415008,-0.0778742827284239,-0.0182492342434541
"GRID1","GRID1","turquoise","turquoise",-0.0583929842888901,0.0364815009003127,0.183367890755268,-0.108894262250195,0.215551731816502,-0.0609620754342455,0.0357488068471296,-0.0612409118901906,-0.0596174185345049,0.0759429314979419,0.141835229795235,0.0801493283793581
"RNF122","RNF122","red","red",-0.033858056553304,0.0521700845100743,0.0837116070050791,-0.0533827522519418,0.0181419751768298,-0.0060100574765904,0.230617137376359,-0.0355113893318298,-0.00885588923920652,-0.0410196021411592,0.104529642233016,0.127418930721514
"AC079382.2","AC079382.2","turquoise","turquoise",-0.0343191252108365,0.0134502582917157,0.117012950975678,-0.0585845227086335,0.170424408429629,-0.0785791867834507,0.0249512565298069,-0.0217473817685896,-0.0826690132478323,0.0909765537852611,0.135258685108098,0.0836155412542086
"FAM20A","FAM20A","turquoise","turquoise",-0.0184004196588969,0.102886072602717,0.103200573163325,0.00394376896585756,0.163421739356672,-0.0953641856019697,-0.0536559377580556,0.0237316908660079,0.0723689365153416,0.000845103963291168,-0.0784283075693983,-0.0309354731486049
"METTL25","METTL25","turquoise","turquoise",-0.0177404502451693,0.0503806666754597,0.110839494639005,0.0103358584669253,0.211216409196521,-0.158635354102265,-0.0788038989947352,0.0100688798516244,0.00488141359485441,0.0554951886665888,-0.033841648439394,0.0471378996484133
"CDK14","CDK14","yellow","yellow",-0.034515776688322,-0.02174643294567,-0.0999249365779886,0.342112541114451,-0.0147566209817632,0.0423160146130643,-0.0896498073517969,0.0883837295344859,-0.0899709853526605,0.121424741470954,0.00182776602418919,-0.062281634212216
"PLA2G4C","PLA2G4C","turquoise","turquoise",-0.0478783323183675,-0.0103923408199879,0.0868928429837461,-0.00810573985192377,0.118906467327336,-0.0323179919869591,0.047768559830418,-0.0261957286447666,-0.0131085722669117,0.03651906884941,0.0607540826336261,0.128086095372498
"PLSCR4","PLSCR4","turquoise","turquoise",-0.039463831153685,0.0513126972674014,0.219574215098372,-0.0923567949069667,0.280982321434073,-0.224504181949899,-0.0688504525647204,0.0476167857817262,0.0715408050267132,0.111587702393645,-0.0197147598910841,0.0965604710138503
"RUVBL2","RUVBL2","blue","blue",-0.0175255097218988,0.346023957870867,0.120303439756034,-0.0275108794503333,0.138742479125377,-0.133222440581905,-0.022199431680789,-0.00786062157005985,0.0547486869336578,-0.011760697552108,-0.0746371095067265,-0.00983694910433558
"PHF19","PHF19","yellow","yellow",0.00716884329369092,0.0556014195193106,-0.0181475406517389,0.172742374109768,-0.0104756259951731,0.0105148732001075,-0.0200708697642457,0.0421697946456232,0.014400649096662,0.00453972481319973,-0.0549236424416344,-0.029527357018535
"SEMA3G","SEMA3G","yellow","yellow",0.0224392551872082,0.00675227749260631,0.00440875157929315,0.0564596611213768,0.00167696481580598,-0.00299890757176329,0.0126209510027532,0.00499717272221049,-0.00355173851473629,-0.00592291703976745,-0.00514068958189407,-0.000222882919088987
"HIBADH","HIBADH","turquoise","turquoise",-0.00810847616674152,0.0307620159509284,0.140899752442059,-0.021890152087816,0.260740799533527,-0.186220392728701,-0.125531907513494,0.0251967008784353,0.0257982376069849,0.0321565953546241,-0.0772695494099318,0.0188690766366575
"TACC1","TACC1","turquoise","turquoise",0.0353817271739523,0.0253970925134895,0.135716530811024,-0.105420962509722,0.237694885858551,-0.210199901113072,-0.134820295968343,-0.00169230025760765,0.0798751811887622,0.0582343502560236,-0.0607230855772424,0.0562398717261387
"RHPN2","RHPN2","purple","purple",-0.0398590144415338,-0.0289992882453917,0.0581450350429253,-0.0418662045441326,0.0183905955590008,0.0205234648821091,0.0942758916736418,-0.0248114744410166,-0.0766173574611906,0.0160396243561424,0.146721275010302,0.0932946511586704
"FNDC3A","FNDC3A","brown","brown",-0.0354959178095721,-0.106133358928724,-0.12100663058376,0.0558067578883747,-0.237969000871818,0.357801935046999,0.122950927114235,-0.014724817998284,-0.082201547661077,0.0107395251240007,0.119016597299127,-0.134498111234611
"CSGALNACT2","CSGALNACT2","green","green",-0.0135513447348658,0.0170007375130552,0.0387994131708213,0.0713004333012561,0.0588067066520842,0.00285736952168763,-0.0787329596960163,0.11945803127189,-0.0329683465027729,0.125762251764792,0.00235019114599935,-0.0376777928827073
"TTLL7","TTLL7","turquoise","turquoise",-0.0355175570679203,-0.00835639927353728,0.146798972965271,-0.0583418164653875,0.197151382633426,-0.129861704780948,-0.0987964649831554,-0.00934055030517301,0.0730436613584207,0.0906532154537779,-0.0161084368749942,0.0177602770832081
"PDGFRB","PDGFRB","green","green",-0.0236427565285134,-0.0608990855051052,0.134282759705144,-0.0757327385731225,0.0832406817561195,-0.0604696067710711,-0.130130101460111,0.0398510734708549,0.0941128785142715,0.303820145117234,-0.00908156342665332,0.0163896268375948
"ATP11C","ATP11C","brown","brown",-0.0699819362563006,-0.0260566266711578,-0.00590851100738227,-0.0193011269339906,-0.0974021985112108,0.198854704002545,0.146797062170313,-0.0585217375304346,0.00878343933575193,-0.0657006257035833,0.0682341793345482,-0.0353902518955492
"ZBTB46","ZBTB46","blue","blue",-0.0128943894663625,0.0791454791201527,0.0227549386722371,0.0498103258723535,0.0262760942527353,-0.00630726499564204,0.00182076181273214,0.0234935950553194,-0.0405934868162999,0.0410200669911465,0.00467170280959008,-0.017261573933484
"GNA13","GNA13","brown","brown",-0.0472170763873288,-0.0713311486499576,0.043043847167047,-0.0516381753339009,-0.0534494451150325,0.143106187769125,0.0179318181756478,-0.0169192002306475,0.0613872017805061,0.0509472902928569,0.0545744691151526,-0.0285567123363552
"STK10","STK10","brown","brown",0.0126686923525553,0.0611277255388921,-0.0385846908486902,0.0807297385891942,-0.0878283839047717,0.127099608103531,0.0309556421859373,0.0247375178077085,0.00853856367538297,-0.0148235904587131,-0.0209287157852273,-0.0803461435642138
"METTL2B","METTL2B","blue","blue",-0.0231742937308236,0.108279823642785,0.0759873978526242,-0.0353846785595131,0.0315493019616507,0.0203898194922099,0.0334905562746501,-0.0232269069620705,0.0261344971116464,-0.0377363795792819,-0.0152226216717715,-0.0488306236444499
"ANKRD17","ANKRD17","brown","brown",-0.0265577682888661,-0.0771102823921566,0.0035839740777514,-0.0398538746570088,-0.0426349126627545,0.128938484298369,0.0805854990165631,-0.0675090832612361,0.0279778938793546,-0.0473065757006247,0.0679492736586646,-0.0245197711885436
"PPM1N","PPM1N","blue","blue",-0.00196193432208203,0.308419789475802,0.107327032070716,-0.0176113539308214,0.20537503737146,-0.181137683686601,-0.0750496625673849,0.00418484633014472,0.00912156116853795,-0.00670695852822559,-0.101502432221643,-0.023775293031073
"AC023355.1","AC023355.1","blue","blue",-0.0198860779071506,0.400725466172708,0.0816366247889673,-0.0206632297602911,0.0706573073836393,-0.0349400289659374,0.0253989751764902,-0.0133920112237557,0.168235725366638,-0.061806847573886,-0.0902283869771805,-0.0912391290062505
"TMCC1","TMCC1","turquoise","turquoise",-0.0317628956290501,0.0359124156534665,0.142734487532412,-0.0332220202841988,0.247925754939955,-0.177249816652859,-0.0835696704750468,0.0189984618139049,0.0213931788875638,0.0550095737674443,-0.0412882371236039,0.0436137160941428
"AL359546.1","AL359546.1","turquoise","turquoise",-0.0145718725557993,0.0740705145310214,0.0837259778521442,-0.0331159844605735,0.139095545867861,-0.106588931812881,-0.0422186113398961,0.0220568795943741,0.0533138080471593,0.0164185499878461,-0.0384357723934172,0.00682919466856407
"FOXO1","FOXO1","magenta","magenta",0.00795635206885029,0.0256023643905927,0.0976320173552335,0.0188921827905299,0.171406807546134,-0.183969135127806,0.0144879378993999,-0.048031467559727,-0.00596808835991256,-0.00124740209823489,0.0675448652799276,0.216710113450515
"STAMBPL1","STAMBPL1","turquoise","turquoise",-0.0174785597917999,0.111233200699018,0.149589910289968,-0.0523714418013761,0.214105980091168,-0.133418314767978,-0.0288737464386383,0.0207332280730904,0.0302818227703525,0.0623854726637478,0.00567573861307066,0.0269835776640774
"TTTY10","TTTY10","turquoise","turquoise",-0.0101906311968516,0.0322771979355024,0.0938800710178596,-0.0378475725718542,0.151465612228041,-0.0986721333982747,-0.021851024736849,0.0095600239887923,-0.00580196594452101,0.0209587729444938,-0.000661682488137034,0.0228496430279587
"AC092153.1","AC092153.1","blue","blue",-0.0101187011880096,0.264404596732472,0.107730879714139,0.00177570360176994,0.186451735577606,-0.137919173014365,-0.0932103372102622,0.0103266048092485,0.0938062188115781,0.0158634505491126,-0.0992492007052182,-0.0681913813533888
"COL4A5","COL4A5","turquoise","turquoise",-0.0197546839930625,0.0159991234390767,0.0866885480608211,-0.0354724198067758,0.108687892265343,-0.0512237925042505,0.0113264725569055,-0.0149973753085798,-0.0834658566048277,0.0759849577454069,0.0574644347586487,0.0475810778508163
"HECTD2","HECTD2","brown","brown",-0.0352484179663747,-0.0918623081973029,-0.0617650024098933,0.101374117428027,-0.0874945499856941,0.148988251577119,-0.0336485141218533,0.106720496441056,-0.0514403001468744,0.125037384680177,0.0185795171766871,-0.0468464797398499
"SDCBP2","SDCBP2","brown","brown",-0.00759565620873117,0.0392246656876282,0.0135676231539757,-0.00333945842172464,-0.0310421597217691,0.064967940950626,0.0654000698713999,-0.0136440235216134,-0.00953607636711725,-0.0161258019030417,0.0241368107220923,-0.0219233169503578
"CCDC7","CCDC7","turquoise","turquoise",-0.0253414183088259,0.096349833448129,0.146427076777413,-0.000587686016431941,0.274654954972765,-0.183707693027334,-0.123571573441418,0.0666818949503944,0.000551369903109474,0.146389691096875,-0.0143470899957869,0.0248245245583446
"BGN","BGN","green","green",0.0166223060235671,-0.0577471133958156,-0.0799770613980856,0.196554358249065,-0.0713103374354796,0.0155217501948266,-0.151215778952604,0.206327694532922,-0.0791511898920931,0.474540121964971,-0.016366667859605,-0.0218953817692102
"VPS45","VPS45","turquoise","turquoise",-0.0170875048599201,0.034028571954997,0.128786786983938,-0.0284642335890528,0.177105741622705,-0.122660614426444,-0.0587095267922634,-0.0031986983421445,0.0116077326086964,0.0430948242410718,-0.0168694614024721,0.0356043950567768
"HTRA3","HTRA3","turquoise","turquoise",-0.0674356951396268,0.0140879670856691,0.227860279795772,-0.160495109811974,0.205458176829596,-0.112306608497638,0.11619005476781,-0.0769679514526359,-0.0973232178284464,0.0759796315225144,0.235202382022017,0.180600968075784
"CPEB3","CPEB3","turquoise","turquoise",-0.0236173411532347,0.0737160076154133,0.0864200783725719,0.0360563197016644,0.136439375360052,-0.0987919617116307,-0.0140992518572602,0.039265442980898,0.0229872189694558,0.0108022001271764,-0.043431290999036,0.0310715330057848
"NPNT","NPNT","blue","blue",0.013672574374598,0.0971954370717362,0.017728437429174,0.00771364489440871,0.00522296273067893,-0.00159598762114869,-0.00310483009218255,0.00177386219114028,0.0198302206674019,0.00192298118366547,-0.00956258513687376,-0.01909781060179
"USP53","USP53","greenyellow","greenyellow",-0.0459844349507996,-0.00578728248071752,0.00579716771579305,0.00491677752203901,0.0142766431688515,0.0264269759304762,-0.114954211988952,0.0191853636192163,0.316472074387506,-0.0741875901915554,-0.198930294030183,-0.0940478582397153
"AC079447.1","AC079447.1","blue","blue",-0.0354874004564456,0.174301437533345,0.0222160139617099,0.038039741879294,-0.00853699761537635,0.0658821744831228,0.160606442397836,-0.0295166115179551,-0.0213509809801102,-0.0971331511387424,0.0128558991164064,-0.0387681846815155
"LINC01483","LINC01483","blue","blue",-0.00500227440411784,0.221709913320479,0.0146992330292102,0.00872976927519928,0.00114438296214322,0.0175131514530407,0.00905475345307808,0.00200035626239675,0.00954672835096797,-0.00130823495919142,-0.0276506815569035,-0.0758142037132199
"FREM1","FREM1","turquoise","turquoise",-0.027308248026455,0.100010431613288,0.243031427022331,-0.106393730228803,0.363728440080949,-0.228697819974701,-0.0678798910326012,-0.0258636060573705,0.0334888337130675,0.137586536731378,0.0252871175693163,0.0700015745432091
"GXYLT2","GXYLT2","turquoise","turquoise",-0.0290709208537965,0.0433096068835936,0.151547081927089,-0.0669587355706386,0.164558929070611,-0.0817692042432752,-0.0832091611954232,-0.0105687643525943,0.0646147049536965,0.153921932378456,0.00325969864639584,-0.0169373483948943
"AGPAT5","AGPAT5","brown","brown",-0.0205212403761958,-0.0140955142323115,0.00500067600752688,-0.00875052786377666,-0.0608051365482487,0.113150934014347,-0.0064234222075785,-0.0135969344111851,0.00945692494549073,-0.0392407427350681,-0.00834939311627416,-0.083104492799451
"PDGFA","PDGFA","yellow","yellow",0.0224948071395888,-0.00702475066308435,-0.0316957460913803,0.0960223361206821,-0.0107190858134997,-0.0285748166017358,-0.0326340879691994,0.07775035148174,-0.00373193799412422,0.0272751027151925,-0.0357241514232661,0.00563046327139323
"CREB3L2","CREB3L2","yellow","yellow",-0.0561345461218967,-0.00622969708201482,0.00141444460971363,0.124647995724456,0.0109049505222716,0.0662144332151832,-0.039099594769691,0.0343059243647579,-0.00527350098075848,0.111693662233013,0.0464379652161698,-0.0554446943979897
"AC037198.1","AC037198.1","brown","brown",-0.0357299838263701,-0.0546867890438894,-0.00456889690317615,-0.027696672949673,-0.0913172938753808,0.124252705337496,0.0718499989212857,0.0235209520093821,0.0516577316916671,-0.0110644478169756,0.0334450238365927,0.00446085636978844
"KIAA1671","KIAA1671","yellow","yellow",0.00436912552050127,0.0260217454765984,-0.0499941422144837,0.183476731823719,-0.044279861020693,0.00846119640516949,-0.0413360436507924,0.0212296864354214,0.0793247887007457,-0.0430955634279581,-0.103273516374648,-0.0342587577786302
"DRAIC","DRAIC","blue","blue",-0.00616301713431297,0.142643934595291,0.033139131407657,0.0122673637670145,0.0428365360388387,-0.0739269589901825,-0.0178228177225933,0.00289798502769817,0.00703820564530935,-0.0203839886485429,-0.0486250118851545,0.00938276816574672
"WIPF3","WIPF3","blue","blue",-0.0109946455514889,0.0861287319169251,0.044579682350739,-0.00409432268774914,0.0467806621673306,-0.0323912421774251,-0.0429254380477637,0.00603412406173039,0.0378588497312851,0.0428848642440178,-0.0287963915090489,-0.0247374969415017
"LINC00707","LINC00707","yellow","yellow",0.0118527298380466,-0.00552909780826976,-0.0647097310458519,0.151600862998079,-0.0323919190039058,-0.000570566106392778,-0.0345776564730372,0.0130388876131304,-0.0217070741980195,0.00815422295148269,-0.0335316166409546,-0.0240681702584302
"INVS","INVS","turquoise","turquoise",-0.0140260459955593,0.0416884511488683,0.116183230427404,-0.0297113969329215,0.238056847517944,-0.177416421641591,-0.0900724883335481,0.0294658248263438,0.026933797087392,0.0141165561086958,-0.0754675966540682,0.0176308167970644
"ESR1","ESR1","turquoise","turquoise",-0.0397740995571853,0.187718420883274,0.176861760769606,-0.0213845816501229,0.26333295089762,-0.15557287920227,0.000227476194377764,-0.0234427066641182,0.0649425132649185,0.00141649393612965,-0.0486158382305206,0.0129681045313218
"TMLHE","TMLHE","turquoise","turquoise",-0.0164735097233148,0.0144765038137332,0.110328185555104,-0.0156580490426017,0.175509800787429,-0.107814306297432,-0.0715058124359565,0.00353327790105893,0.0127599355996721,0.0471664783904271,-0.0407661062903502,-0.00451289541448715
"ADAL","ADAL","greenyellow","greenyellow",-0.0217543354587208,-0.0158160413471822,0.0122987814727892,-0.000199572689418431,-0.00486751538724602,0.024953155885686,-0.0378221891052831,0.00135125121698862,0.15910470077539,0.00889440700773545,-0.0526776054487141,-0.0218328315927281
"TRERF1","TRERF1","turquoise","turquoise",-0.0306302437180183,0.112379741998368,0.200575882648637,-0.0527843782055672,0.3208386148071,-0.245441941255173,-0.0969221904072151,-0.00963703966626224,0.128703646957976,0.0885675252649891,-0.062637296604498,0.0638607329121203
"AC002558.3","AC002558.3","red","red",-0.029082761257365,0.0810666474980164,0.0734787881177812,-0.0444615834857144,0.0262330893826509,-0.0078522477517087,0.144984229373081,-0.0229723571101221,-0.00852784806142328,-0.0275846304323443,0.0670753634348903,0.0816700605314726
"ADGRA3","ADGRA3","yellow","yellow",0.0100980701700283,-0.0437681305052913,-0.108405574985115,0.395639279220686,-0.0423051342258732,0.0606300800380509,-0.0868754632517496,0.0681826419151315,-0.046856529092868,-0.0150004747068369,-0.087373416840686,-0.0904928628884531
"LINC00535","LINC00535","blue","blue",-0.00757182200503692,0.111302865945824,0.04902001038458,0.00809693737005415,0.083864390047277,-0.0750154504417589,-0.0290741065600801,-0.00993461306484545,0.0561608153687807,-0.0172856251500014,-0.0418087827884739,-0.0271983903615253
"TRIM59","TRIM59","blue","blue",-0.00491656115674618,0.292531689313857,0.00133025400572506,0.0978561393057401,0.00178517282924424,0.0128838568579433,0.0127130306673752,0.0330625552530957,0.00355589995148335,-0.00263632563221432,-0.0432247151004262,-0.0772859071070865
"EVL","EVL","brown","brown",-0.0517341408280624,-0.0251755598005038,-0.0270935760836363,0.0599833744356908,-0.0837408290294593,0.135579286442904,0.0491288174000972,0.0362390969300936,-0.00961745284026008,0.0326441658119871,0.0605548233991077,-0.0206365851038032
"CCDC15","CCDC15","blue","blue",-0.0121642851924262,0.0913992021390983,0.0657850570536752,-0.0130691543307356,0.0605708609717108,-0.0424477278750259,-0.000881742212960089,-0.00323435219316577,0.0249313286687632,-0.000256091668891923,-0.0184630202425038,-0.0033823386100506
"RHOB","RHOB","magenta","magenta",-0.0260601479007313,-0.0353126543411256,0.137269068642513,-0.042153395831727,0.131963054961827,-0.160007891986623,-0.0395978060290532,-0.0157120282392061,0.0912722095164758,0.0467866511347515,0.00655255196011034,0.317237390046104
"PGM2L1","PGM2L1","greenyellow","greenyellow",-0.0383581501407676,-0.028482795968901,0.00533375444971789,0.00522841491409499,-0.0582987786227086,0.0632998663188238,-0.0138100338963912,0.0626191704833322,0.107288069324855,0.072412760069092,-0.00269400958116252,0.0391824696815938
"AJAP1","AJAP1","turquoise","turquoise",-0.0367179659014991,-0.0352910130122789,0.11581604791931,-0.0755869757155504,0.137213782187237,-0.0605161767927483,0.0722093185261226,-0.0452755063339363,-0.140895710134689,0.0432775310621,0.186227889392037,0.138512147224539
"TNFSF14","TNFSF14","red","red",-0.0421547050846428,0.0621374585826902,-0.0087249772192051,-0.0632510878844756,-0.152883568716785,0.230616153676641,0.378207958654129,-0.0662866839724611,-0.0719918249720086,-0.185122985392568,0.0834646395133575,-0.0325618900888851
"NLN","NLN","brown","brown",-0.0313398870425183,-0.0207262939611102,0.00942941054830079,-0.020501440909768,-0.0630500669520902,0.151938515819853,-0.0127728526014092,0.00093628992591513,0.0281275074821641,0.0105493135164213,0.00249544114213069,-0.100497509004138
"NOTCH2","NOTCH2","brown","brown",-0.104024833372803,-0.151673778605711,-0.176778854231012,0.13388307386976,-0.32451890611651,0.548707618917001,0.0199226509443673,-0.0360132105033677,0.103434587387277,-0.0884735240471848,-0.0117921335171981,-0.294353811149904
"UACA","UACA","turquoise","turquoise",-0.00323059681295273,0.11687228421312,0.172936481969738,-0.0334320337352445,0.314389829233443,-0.248498414938354,-0.136093189339428,0.0569387135969572,0.0170937535781725,0.0755637575915723,-0.066659938517841,0.0288804495944791
"ANKRD42","ANKRD42","blue","blue",0.00464635635751799,0.264371470035347,0.149009391157704,-0.030535294946759,0.20340119628616,-0.176077354894578,-0.0394549583173358,0.012385066143988,0.024360778222789,0.0174164659010075,-0.0580483975706204,0.0139790755338825
"C14orf39","C14orf39","blue","blue",-0.00631046245341266,0.0749642357863771,0.0286301889099846,0.0157350665220912,0.0405730817485019,-0.0196038305989673,0.0467183764285366,0.0162618680828612,-0.0251500583867242,-0.0426790807489941,-0.0137671837848652,-0.0121629454403959
"SLC35F2","SLC35F2","brown","brown",-0.0577803985400303,-0.108526060857745,-0.0515056981763441,-0.0492046641463396,-0.220467287768789,0.373121564697443,0.0854548970599836,-0.049310801756254,-0.0581901165950865,0.0296480704286418,0.109599648412883,-0.144264745235843
"SLC12A6","SLC12A6","turquoise","turquoise",0.00258366879604858,0.0363076082867291,0.135014143664619,-0.0347266279355587,0.197263025819528,-0.1368349487414,-0.0443947373720595,0.00694396754638686,0.0340685066695549,0.0179598865710418,-0.025123548880064,0.0528814725483294
"PMF1","PMF1","red","red",-0.0353676645468516,0.189443614873703,0.021378602279406,-0.0418201971401448,-0.064450227322133,0.0897785874078395,0.360721725863113,-0.0294924493111489,-0.101661649811207,-0.104897112886696,0.0977069967511068,0.0359836635274101
"PTGFR","PTGFR","blue","blue",-0.00788470123805661,0.177117722233531,0.0860840823220358,-0.00997332718396278,0.0706197346431394,-0.0541715717732026,0.0246766164039251,-0.0415216691643017,0.0504004286484763,-0.134198440844086,-0.15677097776028,-0.0831764163052573
"NR3C1","NR3C1","brown","brown",-0.0480998845144236,-0.100716703334399,0.0615192555495669,-0.0748816127683506,0.0477305314645933,0.127485578088114,-0.0744688580718573,-0.0248333054574087,-0.0290586393080924,0.120109771340756,0.0866483851711672,-0.13020384326875
"AC002451.1","AC002451.1","turquoise","turquoise",-0.0203041228887131,0.00827544489858083,0.0800495188956902,-0.00540921036334944,0.0963544042064538,-0.0966333298051539,-0.0289005715904972,-0.0166528295015834,-0.024409511205687,-0.000620456382490455,0.0128746532490159,0.0739496522917287
"ATG10","ATG10","turquoise","turquoise",-0.0371339960864928,0.0929079752812348,0.118989366659892,-0.0253529318731766,0.179395194619726,-0.105789820351934,-0.0172479615356711,0.0148884972265852,0.00186703348373321,0.0253932967873407,0.00467831211680466,0.0337516700311143
"LYST","LYST","greenyellow","greenyellow",-0.018696259750241,0.0551351112742552,-0.0110330045187862,0.0468911668349223,0.00602573145950151,0.0435741863825306,-0.0713662417606059,0.024880857522777,0.0947082446628645,0.0231084046401521,-0.0891913582690257,-0.112868319541325
"AL353135.2","AL353135.2","blue","blue",-0.0162367784431576,0.169240005069598,0.0797688085515007,-0.0368065561808927,0.0303732235450846,-0.0464238565322622,0.0699838644465056,-0.0232746137037119,-0.0184196429710087,-0.0275743523738775,0.0500331517142635,0.059933949448069
"RFX7","RFX7","turquoise","turquoise",-0.026752650130855,0.0152900772515122,0.109689689523365,-0.0205379105927573,0.191640651941485,-0.119097255674885,-0.0848055255763747,0.0295722575880329,0.0159476511757407,0.0465893769600859,-0.0500352088876318,0.0186299763006165
"WDR25","WDR25","yellow","yellow",-0.000207821071789593,0.0850028039170282,-0.0804430304008208,0.251794680595509,-0.0773988309203056,0.0854162755619316,0.00317493791797572,0.0066030584286057,0.0431197497173388,-0.0663873314681433,-0.0919386800071089,-0.0902293675653386
"GMDS-DT","GMDS-DT","turquoise","turquoise",-0.0237244423593503,0.0993025038547133,0.103313152243301,0.038593860218699,0.220516132736151,-0.168732392632923,-0.0661402829768833,0.0122585416827648,0.0483980302867122,0.029754555932436,-0.0466570741373556,0.0208580975129287
"ARFGEF3","ARFGEF3","blue","blue",0.00214705337754304,0.147537433016859,0.025830733744172,-0.00225530962058014,0.0268204822616253,-0.0289245060852044,-0.0160883909710442,0.00313195374622689,0.0993754712436214,-0.0120995917174114,-0.0381478406391285,-0.0303973627744779
"ARHGAP29","ARHGAP29","turquoise","turquoise",-0.0459405765865978,0.0707407359193398,0.219586812248716,-0.0935402107327048,0.343695727604297,-0.230034486853178,-0.165598566448743,-0.0602384132459556,0.197834957066243,0.0302325175903691,-0.0927130045350827,-0.00570376391049619
"ENC1","ENC1","green","green",-0.0127793465983045,0.0135521132629752,0.0630376218555934,-0.0174707069743596,0.0716265411213505,-0.0577359288976723,-0.0582028517564471,0.0981833851172971,-0.0353565333490027,0.17997813270407,0.0243380579450406,0.0232749147168783
"POT1","POT1","turquoise","turquoise",-0.0135307815339013,0.0246964037313851,0.121486446666017,-0.00769139312772999,0.206002172740341,-0.139812967245079,-0.0995159620931918,0.0257545173584074,0.0292850313819011,0.043561052477994,-0.051153951756631,0.00530154339294671
"NPTX2","NPTX2","purple","purple",-0.0299851984963088,-0.0510709152493798,0.070655265387786,-0.019585676015164,0.0609962578964195,-0.0381183327814817,0.0316976099657404,-0.0177518291937842,-0.116841617584622,0.0298187211081917,0.203521937282215,0.113909976459834
"BCO2","BCO2","turquoise","turquoise",-0.0196770660399699,0.0442530798341926,0.0707942682216943,-0.0208244696943045,0.0869130616968466,-0.0614735009278655,0.00206033131861565,0.00127444887509571,0.00762976526454619,0.02948069978447,0.00804833084087153,0.0496886492997008
"MMS22L","MMS22L","turquoise","turquoise",-0.0206797588081822,0.0559803855761213,0.104405190068451,-0.0241786056450916,0.172381755011634,-0.128190829526651,-0.0534955277949388,0.00890175099006448,0.0213862748055561,0.0408378356210753,-0.0319949600327577,0.0339693709659974
"NFATC1","NFATC1","red","red",-0.0540224070607131,0.150703418536169,-0.0718989162231859,0.0328283884619645,-0.154140524476857,0.164119914039951,0.377499560744106,0.00904899634424583,-0.122129947207923,-0.116245366627529,0.103254681413697,0.0928814597431312
"OAS2","OAS2","blue","blue",0.00342117188766894,0.056415249347205,0.00590224393451009,0.0284441373843842,-0.0104833883532999,0.0231339181516987,0.0160078142986477,-0.0032800179139166,0.019420560448832,-0.0195929763580809,-0.0204898195193692,-0.0332186728501826
"HK2","HK2","brown","brown",0.00206407245119599,-0.0730530086872661,-0.123016310183959,0.248930643037151,-0.132444677855975,0.134493780689972,-0.0898907528816705,0.0424293987375875,-0.0900743787187249,0.10788588539573,0.0072783679044975,-0.0846453555878032
"LINC00513","LINC00513","brown","brown",-0.0608855033641635,-0.0517983190752829,-0.0999731837226174,0.00898476941713339,-0.254400770550592,0.365072343377664,0.191477177397303,-0.00160998131593334,-0.0456826979249174,-0.0535714906348432,0.155761832638948,-0.087395671855598
"TOGARAM2","TOGARAM2","blue","blue",-0.00586884577623171,0.127554695652179,0.0120268485437861,0.0271569030739475,0.0169097011169381,-0.016407257203205,0.000650509797681506,0.0036511331338043,0.0326725981773471,-0.0152628040676484,-0.0472659142710804,-0.0363687451207412
"KLF2","KLF2","magenta","magenta",-0.0302411440588628,-0.0692520614945413,0.216930080800586,-0.0832851118558103,0.220143568702621,-0.261911433106549,0.0122711712757983,-0.0128977325294915,-0.030519258997603,0.146565863359901,0.13813209377816,0.551585373439912
"ZDHHC14","ZDHHC14","brown","brown",-0.0541818339563758,-0.00173974251839601,0.027382921502865,-0.0233820311355669,-0.0455820466955046,0.139368738382836,0.105479093164938,-0.0135272555505214,-0.016222819076169,-0.0182560882391232,0.0429834605142152,-0.0102052785280425
"TBX15","TBX15","turquoise","turquoise",-0.0500561069931749,0.0609159637050461,0.126791415013171,0.0437855273594973,0.205938860820473,-0.134819053746383,0.0324819305858009,0.00744917285992728,-0.0137042232412678,0.0179576979164313,0.0493208243496958,0.104639138827343
"HIVEP1","HIVEP1","brown","brown",-0.0819869384756604,0.0221479850849272,-0.0844149689522355,0.0169695316212104,-0.258879482244214,0.38854116989628,0.268782554075706,-0.0540613026421794,0.0483193405137111,-0.0864124334927818,0.137423449399088,-0.0644783135340782
"RASSF9","RASSF9","turquoise","turquoise",-0.0258127539731753,0.0399813817477936,0.167877799976269,-0.058916044801939,0.213313572088487,-0.147286540920293,-0.0307091475919195,-0.0239125928252363,-0.0416655793309283,0.0470856403109005,0.0467535659172706,0.103106432974218
"ZNF710","ZNF710","brown","brown",-0.0229128398246747,-0.0203344429840833,0.0225701534166581,-0.0280877919442487,-0.0192045256059,0.094827345618781,0.0199904944950983,0.0012205058977989,0.0296280300136996,0.00349606044479195,0.00975610643069878,-0.0420395788181922
"ADCY9","ADCY9","brown","brown",-0.0491439243455928,-0.00778923204964563,0.0534041899496928,-0.00580294167902252,0.0134126480908636,0.061621306241224,0.07063231760106,-0.00524864124864665,0.00786032022436556,0.0196114671658228,0.0637209539536487,-0.00985674993599461
"AC079949.3","AC079949.3","brown","brown",-0.0303577395278266,-0.0157101160238184,-0.0572358636941845,0.00587390871156769,-0.096831972745607,0.144141460427776,-0.0639973056723373,-0.0135054218719628,0.243472825725323,-0.0363965332935953,-0.102132404532991,-0.0955411019333145
"PLEKHH2","PLEKHH2","black","black",-0.0341883555660355,-0.0388119774808437,0.0388990623517018,-0.00687010927397307,0.066269679750146,-0.0474758754827155,-0.0777016108752347,0.186932156416278,0.00451272660376732,0.116632045720593,-0.0403054850406499,0.0194152797804544
"TET3","TET3","brown","brown",-0.0176314028636991,-0.029846152231484,-0.0169984309093475,-0.0117927677996844,-0.0892197294705769,0.172116467487565,0.0421579568177007,0.0136193444109472,0.0151861031438411,-0.00311606195097896,0.0267100335946972,-0.0543934189402899
"TNNI3K","TNNI3K","blue","blue",-0.024508464629321,0.174900048670696,0.118651369795131,-0.018502390062908,0.147108827077165,-0.0637923162373373,0.0351133259306656,-0.0131444025777364,-0.00590184928605496,0.0151531186100524,0.0165258195505811,-0.00248502561791969
"ZFHX4","ZFHX4","turquoise","turquoise",-0.0150611709039396,0.0789036347827818,0.22780008891274,-0.107392892844865,0.357515623262231,-0.279780957752449,-0.110437284935544,0.106338201263101,0.022298482968201,0.116553864366906,-0.071546089532476,0.0842502799223828
"FSIP2-AS1","FSIP2-AS1","blue","blue",-0.0086302580148671,0.0853096110120095,0.0396046976538276,0.0564803061589052,0.0692256606610238,-0.0164583113453675,0.0108549168439546,-0.00164049607425429,-0.019684076647634,0.0220815982023433,0.000362238092252258,-0.0152809343139032
"LINC01504","LINC01504","blue","blue",-0.0100343603782317,0.288851144849934,0.132832773608178,-0.037345493426873,0.141680064318907,-0.154867278678575,0.00125612662686425,-0.00338549725308708,0.00824549900409117,0.012299549347861,-0.0267263345513356,0.0974994246027871
"NDUFAF2","NDUFAF2","brown","brown",-0.0645984030883114,-0.117446633699164,-0.113651441273363,0.0913828812158222,-0.227000089019111,0.367191920725927,-0.0271820292233143,-0.030543580474327,0.0641327540856135,-0.0204761018109163,-0.0204872933490939,-0.19664211106677
"DYRK1A","DYRK1A","turquoise","turquoise",0.00427624790365069,-0.0298276813362743,0.0677339647715765,-0.0494917333740985,0.0975328684497427,-0.079073989089549,0.00968672601558529,0.00623365459896572,0.00212903661105221,0.00452523618432101,0.0260416133946169,0.143905986343004
"SSBP2","SSBP2","turquoise","turquoise",-0.017645133752271,0.0616377787845381,0.161013673701321,-0.0959451171689687,0.300200923015173,-0.238245507935592,-0.0176428309292261,0.00761696105333111,-0.0213902650493334,-0.000402526590357849,-0.00105628049239241,0.137075592983698
"IL12RB1","IL12RB1","blue","blue",0.00234306877569558,0.479869104842497,0.0371453948607028,0.00148116245593303,0.0373379984122633,-0.0648689037947813,-0.000738323493803592,0.0131250825915753,0.0123254976365094,-0.00634864351041164,-0.0570506062152154,-0.0895382555907048
"DHDH","DHDH","blue","blue",-0.019151889563141,0.487461736858886,0.0922714076446365,-0.0144442383023917,0.102407017798266,-0.0971754369547509,0.0600583715294963,-0.00692856460007049,0.0444896927134436,-0.0425239516828451,-0.0546912818632273,-0.0330774007085501
"C1R","C1R","yellow","yellow",-0.0604763214509528,0.082282160516156,0.0898708226044766,0.173947601298523,-0.120224332789851,0.119398519483936,0.0789119221605018,-0.0311886974625329,0.176157061788011,0.0280657239155605,-0.056831218072418,-0.0173167044492597
"PRPS2","PRPS2","brown","brown",-0.0327870258372415,-0.0275818674192165,0.0375225952561566,-0.0111531593658155,-0.00934396231012622,0.0558719583178339,0.0252911953296511,-0.00362221077617046,-0.00816756331785111,0.0240018723973248,0.0535930796565929,0.0230191042730301
"SLC66A1L","SLC66A1L","turquoise","turquoise",-0.0340445931653523,0.140696882339,0.201241961990797,-0.0864384485971557,0.287202475354617,-0.182307506924362,-0.0448777587082767,-0.0487640020323867,-0.0282681785519553,0.00384359500361299,0.0013218465906063,0.0105103519426008
"ZNRF1","ZNRF1","brown","brown",-0.0225685365428709,-0.00544893645260067,0.00361274195714586,0.0516607637789867,-0.0693903878695924,0.118458079396478,0.070382318829913,-0.0237114642158541,-0.00687073578757235,-0.00952109240276229,0.0290337435046643,-0.0203268255068464
"EBF4","EBF4","brown","brown",-0.0429274037215225,-0.0351692519743365,-0.00542993409089897,-0.0302944878442778,-0.0779050698920326,0.163355234303817,0.100146191074488,-0.0191887701740543,-0.0291920434437537,-0.018579836961153,0.0719426603364356,-0.0460076358671675
"WDR27","WDR27","blue","blue",-0.0307680019552321,0.207785242981861,0.110828934106661,0.0149254646786638,0.167452050212401,-0.110225654413819,-0.0420645486068254,0.0114685997566451,0.052419763568048,0.00713022902850595,-0.0712519752977798,-0.0366315057158168
"LRRC8D","LRRC8D","turquoise","turquoise",-0.0268813141727875,0.0274196024807232,0.137005119010178,-0.028700800248969,0.214591991898638,-0.125941263383418,-0.0630687861410604,-0.0103997323504403,0.0138815530575145,0.0409530381600344,-0.0154494919816172,0.041417809017487
"SPATA5","SPATA5","turquoise","turquoise",-0.0426679315671794,0.108034053789393,0.0959253254211231,-0.0381769013358808,0.136452918987524,-0.0639882866858928,0.0114458462210054,-0.0246338733219431,0.03186654829671,-0.021320950604348,-0.00852285686510336,0.0185282453881666
"KIAA1324L","KIAA1324L","green","green",-0.0491823531913345,-0.0425148762806363,0.0612698872221122,0.0299399398286703,0.0252469532863137,0.0682488341074364,0.0566774326612538,0.00223088262794789,-0.0896698121376754,0.151567699150295,0.157115342644634,0.0262465822670842
"MAP3K13","MAP3K13","turquoise","turquoise",-0.0233518610231971,0.0713056260890459,0.0765816558277952,-0.00882901274553483,0.0927918063703912,-0.0582090923399588,-0.00534149791590366,0.014050277682706,0.00366840183783611,0.0320279540352077,-0.0114831147984639,0.0189562531085415
"GADD45B","GADD45B","magenta","magenta",0.014294629226454,-0.0464725203753654,0.0922470791033339,-0.11669159343444,-0.068199108352484,0.00278376707387007,0.260174695530491,-0.0285026183641451,-0.0133016893170291,-0.0311852609051695,0.162194728051425,0.37375747039489
"LINC01013","LINC01013","blue","blue",-0.018024238929979,0.0943727045324657,0.00836135808534752,-0.0133808201772651,-0.0242107124843493,0.0558783340581667,0.0515110878011681,0.00567400694498874,-0.0033594415494352,-0.00112943148823783,0.0311109135806919,-0.042676446522397
"NCOA2","NCOA2","turquoise","turquoise",-0.056587058080106,0.0601758791280118,0.208127578155165,-0.090851157576944,0.371785891081848,-0.298967397749929,-0.0945079329374385,0.00202853060163448,0.0337223412613773,0.0639756644183296,-0.0217509051841482,0.141325548795915
"UMAD1","UMAD1","turquoise","turquoise",-0.0322889198196822,0.0869400749804558,0.10047918630585,0.0527661983300421,0.190642593796518,-0.137991789565392,-0.028287472474015,0.00554837484919969,0.0077791995630788,-0.00197948390991409,-0.0403348070965595,0.0477344636142146
"SMAD1","SMAD1","brown","brown",-0.0539717737536009,-0.0336672008265522,0.089180227399215,-0.0589803302138709,0.0408964112519882,0.103414184448482,0.0248303974767105,-0.0303821442950552,-0.0273979494906304,0.0625772256676544,0.134867911799862,-0.0476867193908975
"LINC01277","LINC01277","blue","blue",-0.00936659131880802,0.259713846758133,0.0512517246586026,0.000452311831227093,0.0360991625587821,-0.0232301110343488,0.0500971459855003,-0.0011517003970888,0.000386345033503846,-0.0339246050126475,-0.0352213095854139,-0.0477024413669674
"APBB2","APBB2","turquoise","turquoise",0.0319508534313664,0.110197341614482,0.114617178488837,-0.0815425832539018,0.266236025463358,-0.180160559233117,-0.017175188392378,-0.0026652404049339,-0.00362505338155379,-0.00275143121648728,0.00340634782580991,0.0342226482609142
"MN1","MN1","blue","blue",-0.0291096677304798,0.131721359296105,0.0366677115411502,0.0338276761240886,-0.0114352892621617,0.0532477789035785,0.0189192371245565,-0.00614728304869853,0.102200648835846,0.00870600567023681,-0.034678231659899,-0.0500653337868786
"STXBP4","STXBP4","turquoise","turquoise",-0.015843186935888,0.0670140799410203,0.117100063375363,-0.00579790936925703,0.206911086210349,-0.149817673406387,-0.0712698885557304,0.00782779356785285,0.0146839305118947,0.0448036774913836,-0.0464865267861719,0.0104002409664318
"C9orf24","C9orf24","blue","blue",-0.0107175356645322,0.081272595476888,0.0190185799483996,0.0696542251985123,0.0284966190219033,-0.00571111222430211,0.0799654311255045,-0.00537852113663131,-0.012398353659947,-0.0188014937745152,0.0155594380337805,0.0311420516983857
"AP1S3","AP1S3","blue","blue",-0.0134721517796435,0.142629499828852,0.0368841902982911,0.0151384438528417,0.044837387319463,-0.032007403575809,3.8273148575206e-05,0.0150006726585778,0.0136568753116009,0.0138669585762383,-0.011188698396944,-0.014906610856267
"AC004083.1","AC004083.1","blue","blue",-0.00977164432988605,0.0764404567382787,0.0429279721931001,0.0047341606193615,0.049393129507432,-0.0219680009645446,0.0200068306376951,0.0157263678673369,-0.017306870178022,0.0135050848730536,0.0215873872316881,0.0309432138020442
"SLC25A43","SLC25A43","turquoise","turquoise",-0.0144392910549995,-0.00840929044370272,0.107658021098538,-0.0524902966228918,0.185282815647739,-0.131564673593782,-0.0988789744686894,0.0300004318182164,0.0265514168890782,0.0594445265116478,-0.0282400580562942,0.0187569331917925
"AL162253.2","AL162253.2","turquoise","turquoise",-0.011009570847558,0.0756139122969822,0.0870166358170028,-0.0143450683257652,0.155878680831875,-0.119479494369933,-0.0492482250713561,0.0131284296541945,0.00116946812368274,0.0254456796983388,-0.0361983879540979,0.0101062308140047
"NME7","NME7","turquoise","turquoise",-0.0204205880684679,0.0634914163493338,0.0992997421000051,0.00265040872823277,0.134704028810953,-0.0873508308769837,-0.0508394306482939,0.0175573892137917,0.0231755710415675,0.0204487682863153,-0.0359613023684576,0.010410639379494
"KIAA0355","KIAA0355","turquoise","turquoise",-0.0113402577948713,0.112837784648899,0.108735069349349,-0.028504033884776,0.116288045579169,-0.0779569409009101,-0.0119666759999947,-0.00546926685824225,0.0151624407825348,0.00482292422077558,-0.0167950637697653,0.000799928780653175
"TLE1","TLE1","brown","brown",-0.0550694183596263,-0.0377039581323993,0.0188424132008649,0.0237408625998497,-0.0554355235580368,0.146235496072324,0.0847384912222642,-0.047223926945835,0.0144978270473104,0.00229534619941574,0.0846185261219596,0.0314684640799979
"SPRED1","SPRED1","purple","purple",-0.0348188893644239,0.09207801693889,0.0634306984789246,-0.0473167484047148,-0.0118043328844718,0.0743458389565605,0.220425226740665,0.00364395373753849,-0.109701937351173,0.0259259653985134,0.311013149167656,0.0576396000010052
"RNF24","RNF24","brown","brown",-0.0405625685544534,-0.0786517708884138,0.0114018276312294,0.0344559244503414,-0.0523387205169624,0.111859175623554,-0.000103707413710976,0.049110761930088,-0.0287520575693676,0.132909516587962,0.087304383711549,0.00827458742108771
"TBL1X","TBL1X","turquoise","turquoise",-0.0282740575768657,0.0735757860933917,0.104200487362773,-0.00606460061131133,0.134155727766979,-0.0675658026957756,-0.00817260165764067,0.00312244890215743,0.020636484486463,0.0663549404389008,0.0186435224739775,0.0323230789829142
"CTSZ","CTSZ","green","green",-0.00969514299152947,-0.0131118158019313,0.0793125353878392,0.00128598245190146,0.0209477794265173,0.00908346430082817,-0.0335773634560132,0.0125789306593318,0.0189070167752015,0.118491444580711,0.0455421758650882,0.0146129280269066
"EIF2B3","EIF2B3","blue","blue",-0.0274085112656242,0.240824659959379,0.051939780965527,-0.0175297777126176,-0.000847564093867111,0.058398388773088,0.0894980908384141,-0.0179085211710194,-0.0359931816779933,-0.0518318921321191,-0.0186159933843574,-0.0850673031274205
"JUNB","JUNB","magenta","magenta",-0.00949900174135931,0.0167673611977184,0.190725022175539,-0.188261005977492,0.00713165051851056,-0.105885341568739,0.428278951767752,-0.0436514412238118,-0.109139784106878,-0.034195785301265,0.286408873197775,0.658602118348656
"POLB","POLB","blue","blue",-0.00800620259825982,0.096386603366121,0.0528734279449867,0.0135059363033841,0.0674685767158416,-0.052974570827922,-0.0132661547413869,-0.00323910394934329,0.0163928449165042,-0.00694927699614298,-0.0224425372265824,-0.0268760305542835
"ZNRF2","ZNRF2","magenta","magenta",-0.0591804718810899,0.0551388908078191,0.0829529582386309,0.0468638879419698,0.0599731595116599,-0.0543666225061942,0.117575502431845,-0.00420290375944962,-0.0381609634625564,0.00731639237529848,0.121427964594544,0.213535888052996
"ATP13A3","ATP13A3","brown","brown",-0.0610751227513996,-0.209286120406666,-0.233616168124048,0.0864813957946431,-0.491316351077813,0.648262241617024,0.125485747557517,-0.0623537583278911,0.0968395263923704,-0.0314653065063536,0.115869210365517,-0.223081920376394
"BICD1","BICD1","brown","brown",-0.0635076196901393,-0.0454608253851488,-0.025332296200294,0.0394990281296023,-0.0816698179946104,0.186059422883784,-0.00294367754890865,0.0238335615570472,0.07567675150615,0.0667131617675437,0.0260737800864226,-0.075608384661008
"MRTFB","MRTFB","turquoise","turquoise",-0.01855640063304,0.059783279873376,0.123862950728467,0.0543772746159007,0.238850006977055,-0.179488862960012,-0.0794864003432572,-0.00734257635783332,0.00817853796711194,0.0110892127791622,-0.0632638922222671,0.0247579282702482
"MRNIP","MRNIP","blue","blue",-0.0454350149190349,0.286668495411967,0.146280328852291,-0.0424010448695877,0.121854393388148,-0.096109395219234,0.140017962223208,-0.0352045130571994,0.0173090027588807,-0.0421825915247325,0.0168804161231964,0.176724499043634
"CHD7","CHD7","yellow","yellow",-0.0134791704966043,-0.0184034756429618,-0.0624918492222583,0.14672678367586,-0.0899385122377683,0.115849017802084,0.00983071709751986,-0.00548481387432386,-0.0123772906674483,-0.0396637287234786,-0.00459110307473709,-0.0526192816820759
"AFAP1L1","AFAP1L1","blue","blue",-0.0315132838242386,0.191243714106332,0.134632146197878,-0.0456788160684773,0.146756642317982,-0.057537719145199,-0.0201661822182863,-0.0208581365379574,0.0471927822205037,0.0161170557640716,0.000510129371469202,-0.0272226405450702
"AC087645.2","AC087645.2","blue","blue",-0.0139752052869669,0.36930460421616,0.172102152684863,-0.0506467717542287,0.215503412011198,-0.207951196233706,0.0607997677978502,-0.0162559534404971,-0.00165579831566403,-0.033230508314382,-0.025767418240814,0.0675211473802194
"MBOAT2","MBOAT2","turquoise","turquoise",-0.0190231027143002,-0.0198854299341186,0.0546932894209055,0.00592794234584692,0.0941199284534178,-0.0831103778428325,-0.0709044758648678,0.0643629816815747,0.0411857474380247,0.0822107227067355,-0.0363862076977103,0.0549443780308056
"ETS2","ETS2","brown","brown",0.0375093423145825,-0.0505269947726911,-0.0468893732684551,-0.0829707298564902,-0.215070053518693,0.284967752150019,0.23764180581277,-0.0997538258207693,-0.018439571410565,-0.143334954796241,0.137772758913625,0.0131136046232784
"HIPK3","HIPK3","purple","purple",-0.0478293634436417,-0.0911228639915886,0.114693174518488,-0.176570893592916,0.0631367957285378,-0.0168662905750752,0.183062196325269,-0.0686973637424696,-0.0761089834614161,0.0313958191832079,0.340041057797772,0.241017477631669
"RIN2","RIN2","turquoise","turquoise",-0.0224020710998908,0.176730348837994,0.126424338484142,0.0699093560637108,0.302385281042648,-0.24947519329038,-0.0617715772892588,0.0295734084439803,0.00698276410283152,-0.0127429980176733,-0.0898243798533593,0.0129213408085804
"CCDC71L","CCDC71L","blue","blue",-0.0161927873154091,0.0739955051335208,0.0633276587103254,-0.0372901899627489,-0.00829990685322997,0.0067947068839495,0.092893596325455,-0.00298131383913933,0.0178903957876166,-0.0256361507086349,-0.00244427105494548,0.0535648601344959
"ELF1","ELF1","brown","brown",-0.021029409491879,-0.176937032646588,-0.0176531286283908,-0.0392334223791675,-0.123749852874485,0.168300566705009,0.0793509799600057,-0.0118449788056093,-0.0112482496721694,0.0952804190113006,0.172025602586688,0.0908066720910979
"IRF1","IRF1","red","red",-0.0440325804423595,0.128551045348583,0.11080236697478,-0.122747261911002,-0.0701578172641338,0.0329994965989593,0.575700625310207,-0.103752196991328,-0.0702009561171832,-0.17653464544863,0.223530623065954,0.399094114774024
"ANGPTL2","ANGPTL2","turquoise","turquoise",-0.0465097714135957,-0.0104110670146553,0.213453030773816,-0.0713713116498773,0.153254882856956,-0.108911263578565,0.0749885816386471,0.0716707302581589,0.0380454335915587,0.233631757548388,0.218554920911657,0.191759410106473
"CARS2","CARS2","blue","blue",-0.0213574663413965,0.153700455935696,0.0856051925423495,0.0440923793447176,0.135983268573667,-0.133415489921023,-0.0235615505596731,0.00380748340671699,0.0209639860750834,-0.0136934770053723,-0.0543757484804237,0.0351106615059675
"MBOAT1","MBOAT1","turquoise","turquoise",-0.0284724172242164,0.00765904369348041,0.163103056549566,-0.0582031912100807,0.22546822207037,-0.159322538672809,-0.0670767842233634,0.011878201854378,0.00185269143738537,0.0788719243550494,-0.0172460623775593,0.0797269527538071
"PLEKHO1","PLEKHO1","brown","brown",-0.0171655873811896,-0.036234491025974,0.0368243081375194,-0.0244992126189689,-0.0484546085398618,0.072629359027669,0.018215799758112,0.00705991297290136,-0.00336374591374832,0.0257911663822458,0.0225956213441017,0.00175399373471713
"ELMO1","ELMO1","blue","blue",-0.00394051973674364,0.185731612331724,0.00430761113426438,0.102007449231258,0.10772070760093,-0.0169109789785688,0.000791462334095291,0.0239305910995815,0.160586173308559,-0.15121385976389,-0.129541142679468,-0.0996123339007425
"LLGL2","LLGL2","blue","blue",-0.00609876753152477,0.0828457473260913,0.0355548590533756,-0.00533361048249012,0.0370243919299942,-0.0213200354750305,0.0255758209223436,-0.0003237913561331,-0.000763419456941838,-0.0125050410378838,-0.00758972749278273,-0.00204068559455786
"VWA8","VWA8","turquoise","turquoise",-0.0403192925849928,0.114175826800343,0.133335893726267,-0.0120253598019039,0.201257905713331,-0.126525447485263,-0.0211110696078091,-0.00504429551137861,0.0314675576173482,0.0267399480631947,-0.0350661821583581,0.0121023966576119
"GAREM1","GAREM1","purple","purple",-0.0643716389254476,-0.0581707329621052,0.0882608496332681,-0.0318711707531781,0.0645179690353875,0.0239432134196749,0.045432303625349,0.0291348850017524,-0.071535366953643,0.068818642051761,0.230856903456025,0.102068082879393
"ACVR1C","ACVR1C","blue","blue",-0.020480122374089,0.181139448470531,0.0117051452293543,0.0443965834748609,-0.0242356437465396,0.0668898813169173,0.083572192306994,0.0033427031648722,-0.0500461877929309,-0.0042830716462358,0.0544300283473729,-0.0632322185357455
"APCDD1L-DT","APCDD1L-DT","green","green",-0.0419568638223237,-0.0296243092568803,0.031916141313794,0.0564009688753589,0.0263829887589216,0.0508155871757673,-0.0544939267939924,-0.0126768506149252,-0.0467822076679579,0.163914501792195,0.098400308248342,-0.0144477074884123
"TMEM135","TMEM135","turquoise","turquoise",-0.0288767351135877,0.0815905983323909,0.198712252097714,-0.0564488763387279,0.330961668855993,-0.262703829900402,-0.0785920097102146,0.0370562839882219,-0.0112082704661868,0.0663209613629219,-0.0412549762377452,0.121506019022099
"ANOS1","ANOS1","turquoise","turquoise",-0.0651001307298906,0.0465372436920882,0.254708836250576,-0.122086304629931,0.321298522232252,-0.161842163986929,-0.0406504934643535,0.00897599034666529,0.0965171755248218,0.0821598011384999,0.0777690210442754,0.0791078093740625
"MICAL2","MICAL2","green","green",-0.038588730609775,-0.041842236071334,-0.00610332252981818,0.0527713067257727,-0.0570277068722058,0.121158676403418,-0.0430859604233002,0.0381392928740978,-0.0524073511014016,0.199457474552968,0.0920574496348195,-0.0457319520970369
"PRDM5","PRDM5","turquoise","turquoise",-0.0118319066481468,0.0873928286157869,0.115479732912498,0.0344650934370362,0.213535736951477,-0.168902090782337,-0.0934092863127202,0.0638943549703788,0.0521102099893084,0.0622563266394191,-0.0809241513833865,0.0180436374030111
"S100A6","S100A6","greenyellow","greenyellow",0.00926468879108871,-0.0909727184281057,0.0925229763308038,0.0105328819220454,-0.0592453601978047,-0.118702761840288,-0.218620793319341,0.0609561827441297,0.372824502624353,0.187800495114758,-0.120957323527975,0.0352659444540818
"PPARGC1B","PPARGC1B","green","green",-0.0113970021030293,-0.011688167586095,0.00931548343098478,0.00622182513675425,-0.0133568102921847,0.0376051420796471,-0.0182500880476126,0.00399267904033367,-0.0195599395169218,0.0721895589169277,0.0267426573551444,-0.00958910731775595
"ZCCHC7","ZCCHC7","turquoise","turquoise",-0.0456132233132679,-0.00863509543928353,0.0653470176069014,0.0163745629390657,0.138162099304795,-0.0400650215842526,-0.0885946781437104,0.0263875297432558,0.0234952568024805,0.0387661002571995,-0.0408280364248916,-0.0167444525487559
"PREX1","PREX1","black","black",0.0233740638166855,-0.0241142196918384,-0.0151749284693179,0.0853434971987398,0.0266125101039863,-0.0448271638352223,-0.0223935418680151,0.186669527578535,-0.0537070849923645,0.0394803007931605,0.0282969620443984,0.0253430362872559
"MCM5","MCM5","blue","blue",-0.0164772483728648,0.106515494559408,0.0484596309555687,-0.0151426089563441,0.0359036081584371,-0.0274717105156506,-0.00806848322218534,-0.00336902261187478,0.0204692150066396,0.0109748037953123,-0.0139685574547797,0.0137375349622708
"GYS1","GYS1","blue","blue",-0.00883893722296998,0.312856443618026,0.11845899568155,-0.0390786083956641,0.15800639771161,-0.15404416169311,-0.0126257317660558,-0.0116822250600692,0.0288280862217492,-0.0269364438380996,-0.067997556032805,0.0186191799073917
"AC008269.1","AC008269.1","blue","blue",-0.0159053423122509,0.180080584842978,0.0170433027763674,0.0693002905881787,0.0164580179041548,0.0179706750157564,0.00280942533116673,0.00211513159987439,0.026858301308892,-0.0151468016581086,-0.0516985946981036,-0.0699415667312411
"TEAD4","TEAD4","yellow","yellow",-0.00445744706469176,0.0521524758759344,-0.020847453799864,0.112392658173701,-0.0485709697288657,0.0667797644744498,0.0163947474830868,0.0171246608440124,-0.0315876724365382,0.0345118681670657,0.0272199530429079,-0.0489399041025923
"XAF1","XAF1","turquoise","turquoise",-0.0157282061067655,0.0173829214476588,0.0555344346565209,0.0404159973943547,0.0966037729221988,-0.0725442547956923,-0.0181264024835674,-0.0289634423590354,0.0287676406519356,-0.0502882504077082,-0.0407046167601473,-0.00116250870847886
"SCD5","SCD5","blue","blue",-0.00425903285267345,0.162198238381312,0.10144426072062,-0.0282196553301055,0.11614579370885,-0.0860540314192605,-0.00697370589091571,0.0414365042722954,-0.00319006420344061,0.0435642242441755,-0.0192111607533633,-0.00137215624764036
"ANKRD46","ANKRD46","blue","blue",0.000341656007405733,0.202298944723091,0.0268554822982834,0.0587418510024066,0.0489073860263347,-0.0413274953295987,-0.0484208841698278,0.0258031500504099,0.0164091881755956,0.0268053448943087,-0.0492821134620817,-0.055139894284336
"AC087854.1","AC087854.1","blue","blue",-0.0269539873838105,0.111017691930257,-0.00704400462270731,0.0543070764257461,-0.062783334010755,0.116067411086218,0.0273977379171927,-0.00908712616287106,0.028513310976556,-0.0437570811433682,-0.0260058282353456,-0.0856525297419494
"CCND3","CCND3","turquoise","turquoise",-0.00364346285865009,0.0159967140431663,0.137126107708425,-0.0577227638166692,0.228141123388389,-0.177931232346837,-0.0584156125246962,0.0662691341605568,-0.0775607596407755,0.0726337483715143,0.0212856236598392,0.0898080092949199
"SLC44A3","SLC44A3","blue","blue",-0.0159573479840673,0.113351313619315,0.0461195262596339,-0.0118948648119082,0.0354628604326422,-0.038827577284166,0.0503254026404943,0.0117177968847315,-0.0115869232508263,-0.0117432003341069,-0.00986190064364477,0.0388582868220477
"TBC1D19","TBC1D19","turquoise","turquoise",-0.019520391402641,0.0457073506881348,0.153867046356132,-0.0319615722985178,0.271319413518151,-0.198338212728274,-0.12547535135894,0.0286063327710799,0.0594690068305874,0.082436008687173,-0.0551397454871456,0.0151202510945808
"ULK4","ULK4","blue","blue",-0.0202549599459115,0.132489347257027,0.0558022168556347,0.0636134289106745,0.100724349694782,-0.0366376692167718,-0.0121595001861766,0.00303954352129993,0.0284271597563923,-0.0229451233013676,-0.0572728925973641,-0.0260460535715927
"GALNT6","GALNT6","yellow","yellow",0.024880014766945,-0.00620158878364985,-0.0744200616705256,0.151489938012003,-0.0408132081618725,-0.00394693020875924,-0.0244092893192798,0.0244935695964762,-0.0172127492997301,-0.0217047362021005,-0.042206565555355,-0.0119633914041128
"CUBN","CUBN","turquoise","turquoise",-0.00287452298687189,0.102749982419611,0.0820421277705663,-0.0197364577578296,0.110417795593914,-0.0708229676269113,0.00650560016909358,0.0382661775838973,-0.0145586763881177,-0.0165421483161455,-0.010964534453734,0.0236630277765862
"TP53","TP53","red","red",-0.0336436180309548,0.0196055749325855,0.0452802478627871,-0.0268231493552789,-0.0101883288462957,0.0296511930253153,0.13447889251566,-0.0189708986059365,0.0047424143333996,-0.0555093658328484,0.029128527206784,0.0529708709517042
"LINC01090","LINC01090","green","green",-0.0310299383683783,-0.0319338362537064,0.0601471038510948,0.00626768708483441,0.0717556130880766,-0.0137637930034138,-0.0653830013060978,0.0194300731798341,-0.0324490414112626,0.107548741153499,0.0384526192962111,0.00868095260449553
"PBK","PBK","blue","blue",-0.0096924586909072,0.394444962161201,0.0833441719290295,0.0399443115376734,0.116316728147985,-0.0984961679801796,-0.0108118655233596,0.00383578924748277,0.107043367487263,-0.0412242784956006,-0.108505122695931,-0.0832552262694678
"PRIM2","PRIM2","turquoise","turquoise",-0.0309920592007997,0.0686541429735214,0.125999666664595,-0.0202514821902013,0.19911815577717,-0.126073903060654,-0.0336236051560261,0.0146448755556289,0.0554659118775117,0.0347167724052728,-0.0194024820566835,0.0495163784497828
"SHBG","SHBG","blue","blue",0.00377542328220414,0.304709070382225,0.0733453854846057,-0.00697373355491501,0.115577833530578,-0.121344312684816,-0.0356150121651674,0.00215022281594954,0.0251419284219184,-0.0188151270938152,-0.0764960445785238,-0.0612350177704156
"EML1","EML1","yellow","yellow",-0.0375560497590074,-0.0401964666345365,-0.0484601473467638,0.190250602485086,-0.0906368057454695,0.133278755852928,0.00695556870443757,-0.00566269263378932,-0.0129421217325213,0.0730159621256975,0.0561577792851207,-0.0418703526725264
"KAT2B","KAT2B","turquoise","turquoise",-0.0269049765402674,0.0904368443722548,0.18798959541011,-0.0545874758000642,0.260646983371591,-0.173130373823534,-0.0856326166967594,0.0350406023669427,0.019391691215703,0.0719754720695451,-0.0148421511264906,0.0521695336889865
"ACTN1","ACTN1","black","black",0.00549963674236918,-0.0419307053823266,0.0341229921071808,-0.018893451400085,0.0168465805966384,-0.0662908911227816,-0.0267644962033258,0.275522761419765,-0.0617915860307394,0.179197805474376,0.0129688367388535,0.0374704301714481
"ICAM2","ICAM2","yellow","yellow",0.00831823282363294,0.0319157270293432,-0.0272519473482931,0.144277453354449,-0.0341760631814978,0.0147927226784639,-0.0252601377729001,0.01521167579684,-0.0153058168591447,0.00178355514659317,-0.013603622105399,-0.0144952416709859
"AL162231.2","AL162231.2","blue","blue",-0.0424041618568607,0.213969788415524,0.0732449526705996,-0.018867524307391,0.0294792826334652,0.0302665923727393,0.112993876780954,-0.0188704054576195,-0.0188446445042876,-0.0387746842725421,0.059059692813697,-0.0117711841943814
"JAZF1","JAZF1","turquoise","turquoise",-0.0362453879908237,0.097620489926509,0.112066782963307,-0.0339863562136484,0.199593404065226,-0.139573202313519,-0.0403250120845947,0.144242556159201,0.0498919893350563,0.115322477732993,-0.0394028781362677,0.0560585141680576
"SORT1","SORT1","yellow","yellow",0.00332957053310369,0.0628142823934873,0.00996024820747168,0.0991662827948485,0.0303639984267989,-0.0314598347788795,-0.0653984324888945,0.0166884853953926,0.0743221837419,0.0180278968580387,-0.0677988064721297,-0.0427396755860055
"KCNB1","KCNB1","blue","blue",-0.0128517432956299,0.313193033374378,0.117931327622654,-0.0277655887847094,0.146215656001646,-0.126785276783842,-0.0233279878718446,-0.0144403618288572,0.0536967690388894,-0.0215456922214301,-0.0653635616559798,-0.0240974229666574
"FAM117A","FAM117A","turquoise","turquoise",-0.0176851259456223,0.0594384228496189,0.091864773695055,0.0226386078593329,0.115683745469008,-0.104318264271401,0.0113508011411269,-0.00828856593675363,-0.0283182162426463,0.00314035035663172,-0.0047922521800835,0.102311939966366
"KIF13B","KIF13B","brown","brown",-0.0513241981690591,-0.0632443764198332,-0.0153443879680172,-0.0323050387070324,-0.0994943160182951,0.194969970660183,0.0463456426609491,0.0274276076877464,0.127988404004557,0.017501824311798,0.0144280615014349,-0.0277114654929207
"GBP2","GBP2","brown","brown",-0.0452502652320854,-0.0163770392267497,-0.0188958484042061,0.0496118912829214,-0.112107210107086,0.199448057103528,0.115198236646546,-0.0557553692391596,0.00877580964850894,-0.111498710399097,0.00919894528806994,-0.0745561352019713
"CWC27","CWC27","turquoise","turquoise",-0.0191326857817279,0.0492637925174456,0.118944803388855,-0.0252333902003268,0.193493331572247,-0.141814886683075,-0.0625706877136539,0.0341837577001338,0.0275608994761334,0.0286625967797195,-0.0521645469175841,0.0337383586974791
"KLF7","KLF7","turquoise","turquoise",-0.031155818061921,0.106495509163201,0.124273080064292,-0.0180141796289945,0.15892422303985,-0.106291347443287,-0.0216318060762978,-0.00512954484581677,0.0798542402384216,0.0298892097460363,-0.0517229942347088,0.0256747504385421
"WDR78","WDR78","blue","blue",-0.00237800279589745,0.0898501071893354,0.0559738443918662,0.0194838144207755,0.0890870227119191,-0.0728154804786119,-0.0293857238787713,0.00458008001302639,0.00662685226442652,0.00430182667093155,-0.0338376481056503,-0.0215952400225041
"NABP1","NABP1","red","red",-0.0904766350551823,0.0733422072799615,-0.0181037628229449,-0.0503744968767429,-0.190809856840015,0.287732569075865,0.483027494359697,-0.107479957995182,-0.142993205189491,-0.208804902942307,0.207437932941932,0.0535487073444375
"PLEKHA6","PLEKHA6","blue","blue",-0.0347363510833173,0.233168608455384,0.0326918016848459,0.0887176275137161,0.04979147336804,0.0223647330276726,0.143387651834982,-0.038016450901286,-0.112491528994511,-0.116868954988512,-0.0123147263345459,-0.0272280217731829
"LITAF","LITAF","red","red",0.0335361481752143,-0.0186021417143741,0.016832698882547,-0.0428190557209499,-0.0660924358758979,0.0676418146373042,0.297062427713819,0.0163876562194376,-0.062957848642115,-0.040267407295191,0.161804474886681,0.162361845805542
"GABPB1","GABPB1","brown","brown",-0.0638770050256378,-0.0613287203832108,-0.142301893366345,0.0532855657543047,-0.275181617204222,0.423960567435921,0.0686320333863366,-0.0376138701871609,0.0164649120729224,-0.0677070972588146,0.0101639189210405,-0.220923127030785
"EIF1B-AS1","EIF1B-AS1","blue","blue",-0.00774465545866926,0.0864783203650268,0.0122115970399271,0.0843448297509559,0.068360202532975,-0.0536650252857815,-0.0256158763014921,0.00754777572275626,0.0181442184815794,-0.013882395156166,-0.0603893205871074,-0.0355816466014627
"ID3","ID3","magenta","magenta",-0.0163286171545337,-0.126692469804542,0.116785877623445,-0.106189427577582,0.0128519892872375,-0.0658441637538753,0.171681365972589,0.0410688076470966,-0.109047933854998,0.053934056735379,0.204351774887383,0.368273816959433
"KLHL7","KLHL7","turquoise","turquoise",-0.00746303717371297,0.0283811775465278,0.128964361246516,-0.0303582115088606,0.166812340284283,-0.108020113544462,-0.0585614408929313,0.0235532434374209,0.0302574249116855,0.0542076863217074,-0.0215130536807197,0.0332449368284534
"TCAIM","TCAIM","turquoise","turquoise",-0.00471976058269163,0.0481349128119695,0.064790306595006,-0.00264934773263613,0.0993231585756865,-0.07377971612574,-0.0549799382893981,0.0184109928081922,0.0336133494804553,0.0268393981368079,-0.040863097045304,-0.0219387454804957
"MT-CO1","MT-CO1","pink","pink",0.416044176574688,0.0839723944426999,-0.255115536260324,0.193090787275165,-0.162346975174377,-0.0881520298114325,-0.171103093839266,0.115325210390898,-0.0505860250082931,-0.102711636744315,-0.342133595555621,-0.241533135823025
"DSE","DSE","brown","brown",-0.0718753492451702,-0.0357820859756204,0.116531729788625,-0.120644422598991,0.0234782055004671,0.0808070068163429,0.0214303539842581,-0.0370947474389276,0.0626499894939388,-0.00654150014340562,0.0428540450325453,0.0105744870328151
"COG6","COG6","turquoise","turquoise",0.00710216121180022,0.101007038054103,0.121433352183137,0.0387001079996848,0.233761728596081,-0.199091501844089,-0.12748888585776,0.0447774989104742,0.0178550751360061,0.0654498836906156,-0.0857735113687094,0.0181547068647712
"NPHP1","NPHP1","turquoise","turquoise",-0.0123876464577885,0.0296310908503063,0.0564830065267497,-0.00965398133440011,0.0870447813686461,-0.0597320250891384,-0.0348231453346729,-0.0113162169152493,0.0172316941551543,0.00222365999253236,-0.0289733109922005,0.00468347325355299
"LONRF2","LONRF2","brown","brown",-0.028502326746342,-0.0680651530826631,0.00692726386862374,-0.0189077853769355,-0.078756772414724,0.145390501123982,0.0530262836832783,0.00308355436766642,-0.0232076836077153,0.0536934439219744,0.113383904261115,-0.022875972949702
"PSMD5","PSMD5","turquoise","turquoise",0.0190137246864371,0.0767498538295032,0.0461418924904802,0.0813182027795375,0.1094359590663,-0.0901698142948178,-0.0978118336413982,0.0513401657604847,0.0350479122390926,0.0348897115832696,-0.0859352047628725,-0.0447923552690577
"SGO2","SGO2","blue","blue",-0.00124021057637889,0.205161636983022,0.0820059770948995,-0.00885200045302461,0.0987334820076081,-0.079835174692975,-0.0213091145038905,0.0123997657367639,0.0132657428044693,0.0267862306686405,-0.0347757457966297,-0.0324805673834491
"ABCA9-AS1","ABCA9-AS1","turquoise","turquoise",-0.0379893801732503,0.245301334081039,0.268986079665187,-0.112798999146687,0.406533385288088,-0.268110417807037,-0.0586980724326686,-0.0520715674074333,-0.0198808076920748,0.0210424891546146,0.00719450228200277,0.0512777798025622
"SEPTIN11","SEPTIN11","purple","purple",-0.0613839718614074,-0.0728646247657305,0.0539180235396492,-0.0548524631794231,-0.0351565762052132,0.133391866978694,0.153555467659708,0.00656649003018982,-0.119202457847325,0.129200383670565,0.362977090682053,0.0678121413049513
"LINC02245","LINC02245","blue","blue",-0.0201954291279256,0.410391259151325,0.0296500432122296,0.0525179447460477,0.020853368055179,-0.00250505650746911,0.0768327691405476,-0.00149654409293079,0.0314767597173829,-0.060832950037686,-0.0649665577441863,-0.0784310595941883
"LINC00159","LINC00159","blue","blue",-0.00810761677259137,0.0722097690771938,0.0156405346312562,0.0243920233622907,0.0172383149329801,-0.00369325136491478,0.0187246606042636,-0.0066406561894916,0.0040991294135632,-0.0111546496842419,-0.0041300506574485,-0.00794730615662386
"ICE2","ICE2","blue","blue",-0.0143696943781697,0.200060102118264,0.0720600520801285,0.0352456724204271,0.119302425964904,-0.0625700588021467,-0.0620483157297174,0.0264467801446069,0.0656290395142696,0.0235514524577358,-0.085472460353557,-0.0818926171063337
"PEX5","PEX5","blue","blue",-0.0223328803354178,0.175104615673191,0.0482651444729067,-0.0216963140503417,-0.00277456013401261,0.0345079925909917,0.0543836585195404,-0.0138212543861974,0.00662580329063941,-0.0300593229944179,0.00222383896080397,-0.0387131926425743
"ARHGEF6","ARHGEF6","turquoise","turquoise",-0.0118621623443172,0.151623639983001,0.16244009658635,-0.0437738532480024,0.223745388712551,-0.152956355365679,-0.0729345421496241,0.00776487296213301,0.0419249285964142,0.0666267802227875,-0.0279395988175177,0.00259297525914272
"AC090825.1","AC090825.1","blue","blue",-0.0439829565544633,0.14103323712769,0.0808986516289757,-0.00870162542294359,0.0899724457986359,-0.0190980757675411,0.0167463750847057,-0.0171799609411555,-0.0157649806320184,-0.0175467297130574,0.00611006953697859,-0.0237611167719861
"LINC00472","LINC00472","brown","brown",-0.0530061114138706,-0.0222181737305922,-0.0317961597440836,0.0586347197169711,-0.142015210083793,0.252404037334043,0.193923638341806,-0.049200685199019,-0.118225746091241,-0.0380029680513522,0.181519702121419,0.0042548013000548
"ADAMTSL2","ADAMTSL2","turquoise","turquoise",-0.0224392503144161,-0.0291702646473013,0.198327383210009,-0.0913192963669424,0.19723299927494,-0.134384197288175,0.0628715128112846,-0.0307461132625622,-0.202308358029586,0.178662843736151,0.250209587327823,0.189791109461264
"ATF3","ATF3","magenta","magenta",-0.0280278890969972,-0.00830492177368869,0.209041110295834,-0.0980779485876988,0.139068846573159,-0.198811643817215,0.21283386058686,-0.0775291304656383,-0.0313801057547462,0.019911752466087,0.1845104985167,0.629902077948053
"ACOT11","ACOT11","yellow","yellow",0.00895643966838331,-0.00405992696624246,-0.0494331104828408,0.161314580800744,-0.0146004083272426,-0.00768400885162073,-0.0467256830818716,0.0690114822981492,-0.00876420590396403,0.00819295151986188,-0.0467547764454054,-0.0205796769576349
"RASSF2","RASSF2","green","green",-0.00193392754756381,0.034182101339807,0.0502470955495609,-0.0131253322887408,0.0318803665309496,-0.044258206532559,-0.0312809803623732,0.0411497655879505,0.00856051843760891,0.147135043996436,-0.0126148152158016,0.0317430451255042
"AC090115.1","AC090115.1","blue","blue",-0.0209508184195721,0.0925363694214039,0.035354674349694,-0.0256783646820537,0.0300049051648442,0.0113717859588446,0.0583771348463752,0.0061916930466271,-0.0207052624392985,-0.0056455877947771,0.0186137378294499,-0.0181053667884896
"HIBCH","HIBCH","turquoise","turquoise",-0.0455729524769849,0.0595793256201727,0.135816891094115,-0.0341700894148598,0.184015357306188,-0.0998239687692479,0.0307756145839133,-0.0201816316081022,-0.0150836180132623,0.0262680746858578,0.0443260561904171,0.105968410462968
"LDAH","LDAH","turquoise","turquoise",0.00201453913679974,0.0202227249010915,0.0645980879871869,-0.0189881520578418,0.136411840787331,-0.113556945252114,-0.0816281671829104,-0.00162188112757911,0.0469500412596773,0.0303207104885238,-0.0605046065694472,-0.0193909202435754
"MAP2K6","MAP2K6","turquoise","turquoise",-0.0241247421551166,0.0714543098656291,0.177846941655643,-0.0600671246015006,0.284308693945776,-0.204461816078173,-0.11206626302056,-0.0125615548054457,0.0209760095752731,0.0656996058568066,-0.0389622297266589,0.0280200039731417
"RASA1","RASA1","turquoise","turquoise",0.00467760407726718,0.00978174374030952,0.129355773181512,-0.0624745335306219,0.185715876577238,-0.113066792449733,0.0032494086299611,-0.0183747131503218,-0.0114356705904733,0.0204818093856351,0.0596271543727292,0.0718116211919601
"LINC01579","LINC01579","turquoise","turquoise",-0.0184270009566212,0.0919118136567228,0.168564095458271,-0.0662796969522253,0.26317364203969,-0.170753917301821,-0.0676698985152942,-0.0370423639973969,-0.0125109941040362,0.0754275568633959,0.0265979299332007,0.0226642039298723
"ESR2","ESR2","blue","blue",-0.0114514510939921,0.0917761100703702,0.0443458516841539,-0.0136161398034122,0.0380975012285632,-0.00444028285752809,0.0318046751832865,-0.009172384844446,0.000318881499406727,-0.0346410110051064,0.00259859721557048,-0.0103953346245254
"AC005355.1","AC005355.1","blue","blue",-0.00852854070696343,0.386783140271174,0.0681635855513453,-0.00107793706998732,0.0827616615143308,-0.079501462330532,0.000257904690228814,0.00135497098418291,0.0325754260699581,0.0112156155425656,-0.0445022499224752,-0.0583131892129411
"NLRC5","NLRC5","blue","blue",-0.0151382164433816,0.267331803571639,0.0595700193517958,0.00751272501949094,0.0526023282014744,-0.0458054499351608,0.0222200795819263,-0.00844777662882173,0.0663472672751891,-0.0535278979557103,-0.0676590153841791,-0.0580090671416226
"RNF157","RNF157","blue","blue",-0.0091586529595173,0.104976997931081,0.0316042093479352,0.00214800948467424,0.0365083018727023,-0.013427216940303,0.0201584473109022,-0.00440015045532982,-0.021045617629731,-0.0131611082605686,0.006222388970246,-0.0131562911759514
"PCNX2","PCNX2","blue","blue",-0.0257595202299741,0.159045490720377,0.0890543702351958,-0.0509144837555477,0.106256907269749,-0.0629328643171712,-0.0654376927579366,0.0418665422250635,0.204893424159842,-0.00528711174750894,-0.171509114308775,-0.0842866805688577
"MSI2","MSI2","brown","brown",-0.0276898910514657,0.13054447663555,-0.0545166227183251,0.184481124851828,-0.0615114534837397,0.0854568947902436,0.0862281289599131,-0.0155126564789737,-0.00302009817847326,-0.108576636063318,-0.0758043293385392,-0.072977956773259
"SHANK2","SHANK2","yellow","yellow",0.0540521328649224,-0.0146227714462875,-0.193311217572076,0.52162061389907,-0.0930551710213739,-0.00939316170176335,-0.0715513947526692,0.11516344952049,-0.0672046113878638,-0.0388552529686245,-0.102540093170826,-0.0587860136747776
"COMMD10","COMMD10","turquoise","turquoise",-0.0355321754450216,0.116406866043737,0.125561818196434,-0.0424232209541056,0.208253524849559,-0.135427024452651,-0.010892802980662,-0.00784430137007768,0.00772090205491408,0.00807608311157033,-0.0215314202945965,0.034513315467427
"CD48","CD48","pink","pink",0.097707314365238,-0.00966250635807243,-0.026972517325211,-0.00485637740133655,-0.0171533171597473,-0.0135949008480713,-0.00196623872325593,0.00793167818889104,-0.019447891885479,-0.000470031065546786,-0.00463321865106668,-0.0026882834820451
"FLG-AS1","FLG-AS1","turquoise","turquoise",-0.0236094680328816,0.0332475748151603,0.124004183784137,-0.0533490831955467,0.170423294163544,-0.0988858519508462,0.000164454188375724,-0.00860235832104038,-0.0433269457676541,0.0681771602712401,0.0497231587181121,0.063118881133182
"AL589935.1","AL589935.1","brown","brown",-0.0301977038119883,0.0613350409345632,-0.000992107964415577,0.0515080171422145,-0.062361760359812,0.138880993938009,0.0579300671125354,-0.00731920512365017,-0.060964126325969,0.0186293332961563,0.0810529669583346,-0.0536691402281701
"SEC22A","SEC22A","turquoise","turquoise",-0.0171973599900058,0.0122595140836021,0.0932102035842622,-0.00339929909021658,0.164325259456812,-0.120996803259495,-0.0805850520506351,0.0102985808996029,0.0176996833070727,0.0365312288900587,-0.0500582375475285,-0.00818855193640366
"INTS2","INTS2","blue","blue",-0.008619088419997,0.239354567503154,0.064036891783648,0.0298040365528793,0.0921228216244178,-0.0599795263936334,-0.0136463350317719,0.0106210800862473,0.0388944064041247,-0.00819474019376987,-0.0620802271104406,-0.0468292390161861
"COPG2","COPG2","turquoise","turquoise",0.00693862809117273,0.026780776300264,0.0592987398013251,-0.0162608841591987,0.0962945339852597,-0.0713741366619265,-0.0472323899087775,0.0553404138537115,0.0334809176338561,0.02593598107184,-0.0325257040009532,0.0105015583715523
"THY1","THY1","green","green",-0.0109401023513242,-0.0457836110570287,0.00191003952281142,0.0219557061225942,-0.0373940184132863,-0.0244781814666925,-0.134623005383214,0.198949135831881,0.114915525517654,0.391281557927251,-0.0940807365799086,-0.00387088312931199
"UBE2E2","UBE2E2","brown","brown",-0.0230500493414489,-0.0499919138012119,-0.0143441733335962,0.0309715481504566,-0.030895107353805,0.119930404924967,-0.0669245394385896,0.00404613850522741,0.0458885381427531,0.104437244884014,-0.0194831589511625,-0.0482381303007829
"PHTF2","PHTF2","blue","blue",-0.0107107795296945,0.125101769634625,0.0601267863119494,0.119368153473908,0.10441858157171,-0.0562053023440647,-0.0732552361508989,0.0291639240738385,0.0123848444746357,0.0536763850778603,-0.0556521134193451,-0.0365295422793786
"AHRR","AHRR","blue","blue",-0.00038811885229656,0.2532413206668,0.0468573751506454,0.00459055221202257,0.0460717612750309,-0.0333656670643804,0.0325514613739098,0.00921824829327802,0.00610778524658737,-0.00731014411188572,-0.0192577076116593,-0.0525784698816225
"NUBPL","NUBPL","turquoise","turquoise",-0.00447090075895048,0.0638175748877153,0.094407790911597,0.0333400255786643,0.186221923709237,-0.144693564510961,-0.0475371816111072,0.0220643718359135,-0.0031261741786348,0.0265083940434363,-0.0382784351620398,0.0510344952583674
"LRATD1","LRATD1","green","green",-0.00387266369901955,-0.00924854967850178,-0.0139623590931144,0.0568485688605313,-0.00150376379556461,0.00958438451541382,-0.0279586050278803,0.0173885830607804,-0.0485833781505055,0.0955056482484626,0.0517370368391616,0.0195345579968315
"AC138627.1","AC138627.1","blue","blue",-0.00735453644469198,0.210250551305315,0.0238682646385867,0.0483278519665951,0.0232556539911232,-0.00342348610519244,0.00316816904494016,0.01676562355948,-0.00824236837795728,0.0172325408291734,-0.0277758194911984,-0.059978398003462
"AC092944.1","AC092944.1","blue","blue",-0.0180826319774245,0.225801192433592,0.0709909619196422,-0.0175969931376388,0.0548935186036673,-0.031239328854689,0.0476507779214473,-0.00974301709214082,0.00697983460850644,-0.0224508135897445,-0.00185409015318105,-0.0119893818075321
"KLHL23","KLHL23","turquoise","turquoise",-0.0257809872868991,0.0695672316502958,0.142008905503314,-0.0518206851697711,0.205881241980738,-0.123690023497556,-0.00457105921182106,-0.0323203985156101,-0.0653313403891635,0.017262472663029,0.047740177221234,0.0633074773954072
"MDFIC","MDFIC","brown","brown",-0.0493655535124055,-0.0737160697662924,-0.024978331378621,0.038212386808846,-0.0930660806511462,0.19435664817406,0.00958552550501564,0.0213632359894125,-0.0245003912151082,0.0690434609846514,0.0654447291813837,-0.101183324168181
"TBC1D32","TBC1D32","brown","brown",-0.0389217334757189,-0.00457532705026017,0.0221126384177765,0.0300078661028034,-0.0005417762247576,0.0752289613585937,0.0238065556420281,-0.00687927907772316,-0.0199650526878547,0.0133905680981859,0.0385817788170825,-0.0146415398389242
"KCNQ1OT1","KCNQ1OT1","red","red",-0.0835544924213396,0.0445045619384999,-0.0576789477512843,0.124002739900743,-0.129273165065909,0.198712284427689,0.310202532447585,-0.0450647847136239,-0.122025043736362,-0.100515317233837,0.0930171379175652,0.0293614732914817
"AL353586.1","AL353586.1","blue","blue",-0.00293200914839748,0.276839365292989,0.00873970023639586,0.0537427504081092,0.00826684426559139,-0.0259063510494808,0.0115999699401809,0.0486026215265691,0.0577325949251298,-0.015827292293254,-0.0758270007957005,-0.0674853874446618
"GRK5","GRK5","turquoise","turquoise",-0.0778382159357348,0.0473597544968914,0.133134109159399,-0.0452431565044942,0.198018569606317,-0.0830036745584538,0.0380242691160516,-0.087151775608339,0.0993933550828102,-0.0696865858841784,0.032215126564259,0.0640506650821576
"AC027097.2","AC027097.2","turquoise","turquoise",-0.0170620761856804,0.0161379765508446,0.0747981713874418,-0.0208165156642588,0.120959388914425,-0.0792753829135882,-0.0526254528951099,0.00499460052380602,0.042354916812974,0.0263720410611758,-0.0439009286681469,0.00865485521395165
"HIST1H2BJ","HIST1H2BJ","turquoise","turquoise",0.0132686635433822,0.105563275594463,0.0820595192569459,0.0146964880074951,0.172516004842976,-0.175668680684927,-0.0983019314310308,0.00972577472882378,0.0206700991753805,0.0127866328941656,-0.0980266044903629,0.032649968003969
"CD2AP","CD2AP","turquoise","turquoise",-0.037786984064024,0.000790473267664688,0.102802831831564,0.0196465748758314,0.165508269122885,-0.0726336257699185,-0.0793216872170364,-0.011727314922756,-0.00915322448813428,0.0495251926264976,-0.0196022275182097,0.000670865489139838
"MID2","MID2","green","green",-0.0288840545912218,-0.0480046875562421,0.0193254199927862,0.0185832117224496,0.00995514192307415,0.0392529124752908,-0.0406512085347866,-0.00239231227120426,-0.0205178779155454,0.0804818336963486,0.0467060608599222,-0.0159434434632979
"SULF2","SULF2","blue","blue",-0.0182422831500094,0.0738109452722881,0.0781790004685441,0.0402613192504682,0.0645996360205166,-0.0370506828294672,0.0684110323772618,0.0536026911297628,-0.0339462757179065,0.0125324459014221,0.0578947130486219,0.0455842473024302
"C5orf56","C5orf56","blue","blue",-0.0336242888305216,0.50695133861196,0.183242019470905,-0.0638181804913832,0.201279486665789,-0.205711477249315,0.0743847212650853,-0.02740134255511,0.0167644794751608,-0.0435373690367321,-0.0508840049575998,0.063516569253778
"MT-ND3","MT-ND3","pink","pink",0.401446776379718,-0.00836040520698601,-0.0776013475054514,0.0369219870841733,0.0626353611049759,-0.377957247008987,-0.119100988636718,0.069129689204455,-0.136812181122862,-0.0742269281759959,-0.190764015978458,0.0425435291424644
"ICAM4","ICAM4","red","red",-0.0120789342045865,0.0909452467494639,0.00352437250793252,0.0185550779483554,-0.0753810355981958,0.0952794154850013,0.219392957832019,-0.0211631809657015,-0.00715217766218745,-0.10495205310365,-0.00767520939468494,0.0173403803131132
"CDON","CDON","yellow","yellow",0.00729507425011196,-0.006463955484527,-0.0458214288186059,0.336015069784121,0.0704379724052422,-0.105196565655894,-0.132080559734177,0.0939754786541061,0.014954443214054,0.0372411486995972,-0.157888669199374,-0.0377818122530185
"CDK17","CDK17","brown","brown",-0.0377044671672084,-0.128197216725368,-0.0485466305379026,-0.0680011741188419,-0.222608247446356,0.36392402814411,0.176006383125988,-0.0812613076917336,-0.0322967320928018,-0.0125142718766869,0.244912912965265,-0.0412757116964441
"EFL1","EFL1","yellow","yellow",-0.0142028950955191,-0.041259980774673,-0.0477196335504789,0.201938464808981,-0.0407490851421517,0.0611094081062572,-0.0937114116602092,0.0273545698666426,0.0260716650809959,0.0634807034552848,-0.0450134237626132,-0.0706575934636563
"RBMS1","RBMS1","brown","brown",-0.0553216403419394,-0.159862624668237,-0.0193503444968839,-0.0525135543771496,-0.0632483271474868,0.215957843040571,-0.0528850239792235,0.0291712583163405,0.159037428341687,0.0837310335468691,0.102859388902371,-0.130707281729584
"SLC43A2","SLC43A2","blue","blue",-0.00322140390105798,0.119224066968572,0.000576981896265067,0.0832288806219051,-0.0148540490869777,0.0139482865554409,0.0860055256476063,0.00866928663607437,-0.0290378540534031,-0.0407787443206546,-0.0111873026679255,0.00488706109880582
"PLEKHA8","PLEKHA8","blue","blue",-0.0299032148439112,0.216162980307224,0.148150127594988,-0.041440636812727,0.155100238957466,-0.127286677396051,0.02883519537085,-0.0155303784921306,0.0411700036304107,-0.00138082237380548,0.00129548450956262,0.0470708610659397
"C17orf58","C17orf58","brown","brown",-0.0165690852131717,-0.0325431568136915,-0.0907178519839025,0.208647579206273,-0.111050515591224,0.14401807463239,-0.098064875510218,-0.00646431936021561,0.331536749908851,-0.037543159063433,-0.156310696559552,-0.128421523097622
"CAPS2","CAPS2","turquoise","turquoise",-0.0113620426854771,0.0299866236508009,0.137876704665033,-0.0495548027760307,0.229656934264174,-0.180202905819527,-0.0969464486375375,0.00804406309626136,0.0210108601022311,0.0435802975828481,-0.050068091922689,0.0110632561132932
"MIPOL1","MIPOL1","turquoise","turquoise",-0.0458238334305992,0.0778611264576032,0.119964059253407,-0.0675985328843377,0.160326090908325,-0.0657430151137097,0.0259271340243796,-0.0500800513533337,-0.0209200286998989,-0.041728301070297,0.0214331030945537,0.0114964579559592
"CDC7","CDC7","blue","blue",-0.0228323098851089,0.155601638442062,0.0464703511997263,-0.00997854490789491,-0.00293428999455717,0.025714540214085,0.0903625203763171,-0.0119971778924291,0.0386353364249366,-0.0466291993416424,0.0282734088151485,-0.00999873368872595
"MYOF","MYOF","yellow","yellow",-0.0236248296243381,-0.0247689872610139,-0.130916446189467,0.215480513290494,-0.157591329974485,0.162451694326002,-0.0517445304301984,0.0966002620514836,0.151679417469169,0.0855355717415299,-0.106085426847703,-0.119843133428694
"CLYBL","CLYBL","turquoise","turquoise",-0.0147531285720456,0.0721018921395396,0.0744310005621757,-0.0154662698908903,0.103996586701677,-0.0747049808833413,-0.0150546102651272,-0.0109584187872955,0.0195118748486505,-0.00912441102806362,-0.0141614084275757,0.0154411177039628
"FCER1G","FCER1G","blue","blue",0.00743343406550977,0.0795587361846683,0.007984321642163,-0.0127197273638831,-0.0129648093904999,0.015643625907607,0.0396444020090851,0.00262843885391215,0.00293190767182735,-0.00675893998161541,-0.00367983847356565,-0.0180136450484282
"MGAT1","MGAT1","red","red",0.00119911202644977,0.00414577608442351,0.101733872253313,-0.0327602216266875,0.000984378349148286,0.040398393256005,0.0912241679228558,-0.0048834423176313,0.0329825053879883,0.0297704808686702,0.0569965392217483,0.0643583775611928
"TEX29","TEX29","blue","blue",-0.00524738089816174,0.0955345405187184,0.029845371455261,0.00240235855524681,0.0336891694925084,-0.00659134443267775,0.00896224912012959,-0.00474705002695046,0.00971561301196183,-0.00687298675989669,-0.0200838305088653,-0.0291190144346906
"LMNB1","LMNB1","blue","blue",-0.0174107647661132,0.141021645713025,0.045105098001878,-0.00459366399150278,0.0122713932731882,-0.00174693886873903,0.0412297245086115,-0.0014249531970931,0.0670477516546367,-0.0301119390408747,-0.0241873425526917,0.00601101356107016
"ABCB9","ABCB9","blue","blue",-0.00567192904171254,0.0853115407958722,0.0354457871091701,0.00505577566040305,0.0347711024954884,-0.0398816348089516,0.022679319332864,0.00593740408623305,-0.00413777630176693,0.0128734551203404,-0.00615560841177313,0.0215664932976472
"GALNT15","GALNT15","greenyellow","greenyellow",-0.0425570367290704,0.0891980233685946,0.0328544713635711,-0.00625706066057374,-0.0169240569770674,0.0628570370390515,-0.0577107862624279,-0.0424521329929646,0.376915221904045,-0.182091960156511,-0.206069979208835,-0.133895827696696
"KLHL8","KLHL8","blue","blue",-0.0140496246909484,0.114825791889723,0.0886031512796667,-0.000759275153510035,0.0988148372976461,-0.0603581710556236,-0.0489795829416828,0.0154032727616982,0.030583675310394,0.0274205488685007,-0.0391296426072777,-0.0292751598818614
"AR","AR","turquoise","turquoise",-0.0352771973666893,0.0464688310675138,0.195693217473136,-0.0832756757436569,0.228201400166591,-0.144292547658016,0.00335845488911012,-0.0406828498650168,-0.0287662189211888,0.0346222859019806,0.0175176750581641,0.091057984555399
"NEAT1","NEAT1","red","red",-0.0737478131110342,-0.0853618258911262,-0.157164474399905,0.0726181213362319,-0.344510947492832,0.381860795665109,0.425009213275346,-0.0835573718563779,-0.0214212084781157,-0.136751446449799,0.171123050345061,0.147077947133703
"DGKH","DGKH","brown","brown",0.0126988598371784,-0.0142669690288381,-0.0630341641890469,0.0245684457353601,-0.126618424149481,0.217927181698672,0.083941149402035,-0.000412364666671661,-0.0499802797143063,0.0280396864748116,0.0638464584298463,-0.0881478156385451
"AK9","AK9","blue","blue",-0.0132853656490296,0.0930094887029046,0.0184552755528687,0.0535159013252934,0.039143485400451,-0.0305830968595142,-0.0238967038198376,0.00588906547279295,0.0570268874831472,-0.0224943740560025,-0.0584193142020436,-0.0276962252444269
"AL109930.1","AL109930.1","black","black",-0.012940912143181,-0.0237155432340695,0.0227577812669006,0.0338506633126059,0.0315093631339376,-0.0245579927223693,-0.0436372714661604,0.172882250776106,0.0278934206780724,0.0799347092758955,-0.0341758515454697,0.00742017842352623
"IFNAR2","IFNAR2","brown","brown",-0.0384177975431571,-0.0106572965695405,-0.0241686177149578,0.0912336253771716,-0.0801091818269253,0.16031829357531,0.0417611159468854,-0.0112177949626485,0.00189080136766677,0.0135495333820246,0.0429070654469134,-0.0649825718696716
"DRAM1","DRAM1","brown","brown",-0.0484933519653645,0.0184085901538985,-0.00813160262241223,0.0481900494669213,-0.111381984691443,0.195650061368984,0.0993307340156789,-0.0265738104994897,0.112439478088103,-0.069662470569219,-0.0121597505631908,-0.0564370421443038
"STK38L","STK38L","yellow","yellow",-0.0249070592273568,-0.0535359851070379,-0.0557665923116144,0.232664249469709,-0.0800815755501688,0.108776221288699,-0.0444766668626091,0.0238943051023157,0.00871636273957962,0.0535428902309903,-0.0336053576387973,-0.0522237770485756
"AC006333.1","AC006333.1","blue","blue",-0.00780913917087909,0.303278382066571,0.0570096168766166,0.00118612984398203,0.0579754903783953,-0.0441949330634122,0.00364276316103319,0.00241272691628234,0.0346238170525664,-0.00438822659460402,-0.0305040616397503,-0.0540798080338524
"FGGY","FGGY","blue","blue",-0.029446420648468,0.115844341628234,0.0411163428259758,0.0574697520522326,0.0464153669243057,0.0147470209810969,0.0282511579360363,-0.0093330045556089,0.00999921664160277,-0.0402398193502194,-0.0257180089982828,-0.033789151762418
"FUT10","FUT10","blue","blue",-0.0258019318958569,0.146888448028895,0.119531720981803,-0.0411717865218989,0.149349266499501,-0.10694954066373,-0.018794947707189,-0.00351197608429697,0.0471288890031438,0.00356978155386079,-0.0270545054872591,0.0133366168131327
"LINC02133","LINC02133","blue","blue",-0.00279224690799165,0.348946593925243,0.0551476227789853,0.0405357613419065,0.0827595293432386,-0.0759753438262881,-0.033508904323345,0.0108280681518806,0.0653591848076088,0.00929491931626171,-0.0797476377181307,-0.0708111889200664
"KCTD1","KCTD1","blue","blue",-0.00912848049039624,0.0600296798412407,0.0370713958325367,-0.00896542621618139,0.0351474397168813,-0.0316788069525925,0.000574403049815382,0.00892883678372816,0.0125820765545722,-0.0140943917242384,-0.0536048890492976,-0.00538290913765754
"AC093801.1","AC093801.1","yellow","yellow",0.0202118313118416,-0.00921222112816489,-0.112528768365462,0.314945180912381,-0.0716428316511014,0.0202045110397024,-0.0618838322033804,0.0366990389983387,-0.0101092517980386,-0.0108928330896307,-0.0670018124619272,-0.0471936310537551
"KLHL3","KLHL3","brown","brown",-0.0228322490515103,0.0057110744207157,0.0233931232357139,-0.0213376677074593,0.00440392674293322,0.0590574066471127,0.0279180508705547,-0.00253851005229629,0.0117522947026452,0.00462825625767984,0.0404824803878318,-0.0299841161824088
"SFRP1","SFRP1","brown","brown",-0.0117556623100846,0.0373799409114345,0.0222616138751727,0.0375509004171123,-0.0681396086946715,0.0792161660824569,-0.00246742081090015,-0.0132736050523416,0.0727281024536985,-0.0676508994353476,-0.138697414438583,-0.1098965633734
"UHRF2","UHRF2","brown","brown",-0.0475834928668362,-0.0648423629357291,0.0385138580411944,-0.0168509395325029,-0.0191584199026955,0.11178911816721,-0.00969150772286786,-0.0291054029942661,0.0342788311358769,-0.0403028843883123,0.000904022112535764,-0.0445183258387375
"LINC01322","LINC01322","turquoise","turquoise",-0.0154591710315626,0.0174134903153665,0.10948029291029,-0.0498674691096628,0.178146279114418,-0.11317234753714,-0.0233751597637692,-0.0218558868690961,-0.0652028704467231,0.0263862732027306,0.0470128323283203,0.0652644977601658
"SECISBP2","SECISBP2","turquoise","turquoise",-0.0221653679542687,0.139029688479554,0.0965126218845321,0.0055519875125362,0.13958930959865,-0.117574528044404,-0.0635761674818846,0.00528378992451848,0.0447075207065413,0.00552610687677489,-0.0802776519459489,-0.0116079904110133
"CCDC30","CCDC30","turquoise","turquoise",0.0037171008249843,0.114673260840086,0.0596309762265593,0.00132040337753366,0.119287930448169,-0.0834248495160175,-0.0245684936047154,0.0295555446525489,0.0475651342851315,0.0047912382596153,-0.0520886262187281,-0.0184637091979248
"LRRC8C","LRRC8C","brown","brown",-0.0517853618127726,-0.023201252875347,-0.00800575324713388,0.0198999422437316,-0.0403038317121075,0.13178615356373,-0.0640937513566287,-0.0168850337429993,0.188078719323445,0.0829339897700309,-0.0383888635885404,-0.0843996887690193
"PKIG","PKIG","purple","purple",-0.062419116216028,-0.0167657840009958,0.099644695755463,-0.100140587601369,0.00360716094689814,0.0962560769424599,0.157004653357023,-0.0699374353290277,-0.0904679939413189,-0.0290569164471439,0.252750668973991,0.0178125629076558
"ZC2HC1B","ZC2HC1B","turquoise","turquoise",0.00229007581834931,0.000799297547453919,0.155089463196316,-0.0485733809050428,0.291916068116478,-0.186290988382998,-0.169565804180684,-0.000623389753587909,0.0380413036961195,0.214869357479578,-0.0323946359647166,-0.00374542639142866
"FMO2","FMO2","turquoise","turquoise",-0.0392224752470677,0.0053853081294848,0.257395071526502,-0.124527461618845,0.34518941731969,-0.227628309144619,-0.0314448214328867,-0.0736700059091531,-0.205416228275956,0.118776904298518,0.185647616310481,0.188781852165307
"IRAK1BP1","IRAK1BP1","turquoise","turquoise",-0.00383988544112478,0.0601910192492583,0.0736891068439139,-0.0297770963627785,0.13958850357782,-0.120376442299741,-0.061691568811559,0.0164105423576416,0.0363394312975895,0.0153941297557454,-0.0728756053199273,-0.00841845097037376
"MDC1","MDC1","blue","blue",-0.00923916724724413,0.327077072243743,0.103077123281663,-0.0141444110337495,0.109270802048433,-0.099503961267148,-0.0147607256283592,0.0112705069570656,0.0890523544512899,-0.0193893475289129,-0.0870805732290238,-0.0354341224068609
"AHCYL2","AHCYL2","brown","brown",-0.0235570800396406,-0.0155263514036289,-0.0188174879244162,0.100298494657359,-0.0229500352392513,0.0791441589749652,-0.0127992558022322,0.0988121868395274,-0.00419376321934805,0.00709536922050448,-0.0145378787340258,-0.0478562073533632
"GKAP1","GKAP1","turquoise","turquoise",-0.0113062878482785,0.0683487352922685,0.0939079946222694,-0.0318877621558274,0.108501108709841,-0.0719164342233607,0.0007677990684725,-0.00327712403609479,0.00195688684515802,-0.00661114148438144,-0.00699649478561811,0.0403238510295
"VIT","VIT","turquoise","turquoise",-0.061472241872089,0.123374598582063,0.294805551415682,-0.157694833290068,0.363542404606477,-0.232481304011271,-0.0613866578615779,-0.105037488586339,0.142659883662504,0.0165945150511957,-0.0285535196268393,0.0179309102634664
"MAP3K8","MAP3K8","yellow","yellow",-0.0454204410204507,-0.0555147971551301,-0.0839353144554461,0.170276650628352,-0.184353694484641,0.185525668227029,0.115127896298146,-0.0207361753260867,0.131147193646075,-0.0386881563299815,0.000658972683826702,0.0873568412837851
"BCL6","BCL6","blue","blue",-0.0282882851114541,0.307812477729593,0.0439091451233401,-0.0304864141273594,0.0194592238082527,0.000512558092062147,0.231924491700089,-0.0809199501757766,-0.0304829742503141,-0.201936745493288,0.0185936220115076,0.0125357501480238
"HOOK2","HOOK2","blue","blue",-0.0130183852187319,0.472063531437777,0.152613649669159,-0.0610823759870778,0.185551639157852,-0.19300179529056,0.0120510668329263,-0.00120697822759631,0.0324615963150397,-0.0405269102323965,-0.0899593310868244,-0.00613656593003993
"MAP2K5","MAP2K5","turquoise","turquoise",-0.0374601299970385,0.110993914815947,0.152160084088981,-0.038362551491815,0.264629877616925,-0.165815720583888,-0.0354075039829966,0.011332443944983,0.0427481391590524,0.0388288737952815,-0.0379890702640164,0.0446720737398342
"LINC02613","LINC02613","blue","blue",-0.00959997188281662,0.160810384245055,0.100403685726508,-0.0278155927183135,0.128434107220451,-0.0730390867482648,0.0267709913130141,-0.00347195801963669,-0.0231420595657766,0.0152512155759878,0.0122271472011917,0.00700162427640071
"PDE8A","PDE8A","yellow","yellow",0.0148439329722373,-0.0689670664881016,-0.105238344858852,0.225643412037073,-0.0714092881540702,0.0994511954458752,-0.0947396485549301,-0.013881237976456,0.0531297080076679,0.0130176611436306,-0.0741820509682067,-0.0734313539939999
"AC002480.2","AC002480.2","yellow","yellow",0.00714783173829441,-0.00196027682865975,-0.0210738241111984,0.0442199898501987,-0.012893752079371,0.00076147388818487,-0.00821537048657729,0.000381618776168674,-0.00676535706222302,-0.00528141250971478,-0.0139955597127098,-0.00559891693011949
"DDX60","DDX60","blue","blue",-0.00884165285437254,0.100438890216631,0.0760731837007626,0.0210269214011949,0.0893727126348075,-0.0488782814623308,-0.03288119790291,-0.0133921528483593,0.0506239644646383,0.00970241329830787,-0.0439301777197902,-0.033929494967423
"ITPR2","ITPR2","yellow","yellow",-0.0248727306957069,0.0755417838981015,0.0153125180092752,0.180033346788541,0.0760124599141318,-0.0206251882953167,-0.0024578704458649,-0.0106981973638079,-0.0253323801566223,-0.0258988459263736,-0.0231379263668734,-0.0163643508747341
"ENOX2","ENOX2","turquoise","turquoise",-0.0287916374305525,0.0646272400428959,0.0934708933612561,-0.0353227375518206,0.131494167913694,-0.0655589300589804,-0.038592117803277,0.0237590897542072,0.0675596428973844,-0.0056812205030878,-0.0700603891695473,-0.0241723547027928
"HCP5","HCP5","blue","blue",-0.0122261386436637,0.292920000190668,0.0898115600860384,-0.00328693248659494,0.100525047518761,-0.0717332041394868,0.0128971787614273,-0.00600398450406426,0.0285863291303375,-0.0214967311108308,-0.0505514812231937,-0.0401778786103157
"NSD3","NSD3","blue","blue",-0.0194291960417509,0.3802790053606,0.057175790113287,0.0577446671403581,0.120454958959887,-0.0817962408502199,-0.0472906296554787,0.0271933970684956,0.0464600530698841,-0.0195749285159095,-0.112828112827598,-0.0955230109649287
"MED12L","MED12L","green","green",-0.0150490724633428,0.0230960728880124,0.0353833549697458,-0.0130714278808851,0.0409825591197914,-0.0210944395609905,-0.0199059514333966,0.0501129278310308,-0.0174517614738403,0.0893301650966548,0.0244172059300887,0.015877363130267
"SIK2","SIK2","red","red",-0.0189124936948749,0.0119995621399698,-0.00411400574046392,0.0143906645519488,-0.0575284824164042,0.113970204797964,0.258179051227581,-0.0447373569095992,-0.0352222876194584,-0.0694849878505434,0.141558658384229,0.0715153235150989
"NDNF","NDNF","yellow","yellow",-0.0162570312641967,-0.0159506940818441,0.00704882408809233,0.143507691340012,-0.00237296957058807,0.00183979670682756,-0.0492176342702422,0.0209939515890972,0.00105598097144114,0.064772128774923,-0.0241404952492944,0.0225673025863604
"EHD4","EHD4","brown","brown",-0.0371995506060191,-0.0076625560298768,0.0332616403748739,0.0170702678226234,-0.0430803683562148,0.100444611907432,0.0407895360235804,-0.0229658133108273,0.0772239185761049,-0.0187525433738678,0.0196635996534665,0.00380773962845086
"SLC5A3","SLC5A3","black","black",-0.0203388451468327,-0.0545082943422923,0.0152996017802457,0.0501365704130407,-0.00516064296157596,0.029114070255029,-0.0156190194317212,0.212232593382969,0.0168427352246454,0.068190606057641,-0.00354366056208014,0.125047654286754
"AL445426.1","AL445426.1","turquoise","turquoise",-0.0432723479713559,0.0709490994207895,0.143216819277335,-0.0642922987532828,0.200931454692395,-0.0993700989344484,-0.0225636875210587,-0.0289100646757596,0.0104152518378875,0.0807692167972732,0.0343742285337356,0.0267960146731378
"LTBP2","LTBP2","turquoise","turquoise",-0.0613356146571819,0.0664672239332516,0.231284480441156,-0.163870010378593,0.217970606105851,-0.0907941282353553,0.0105866138275761,0.00294331323529548,0.0386051405421834,0.0845172128609552,0.102237245644443,0.039742453004277
"PODN","PODN","turquoise","turquoise",-0.0405046415442234,-0.000735774705660171,0.249192926065423,-0.155667952945759,0.180868513738402,-0.136720986717077,0.0263280067880546,-0.0302554011275813,-0.0809855287658331,0.143782423789246,0.100790342540148,0.128835157767216
"ABR","ABR","yellow","yellow",-0.0127766665721718,-0.0135809643308463,-0.0982016103292468,0.168545647205725,-0.11172708383113,0.126546231852472,0.0757024734829535,0.0780739179140701,0.04627711907655,-0.0793953068641342,-0.0349459981415905,-0.0780445736817553
"STON2","STON2","red","red",-0.0855396135410275,0.0821929519663203,0.100462426768532,-0.0457849401713324,0.0488675119523886,0.0709861595982451,0.1268760314674,-0.053903408777534,0.153081579783926,-0.0501183175173833,0.0729009280914677,-0.0166688302628394
"BABAM2","BABAM2","blue","blue",-0.0377785178932534,0.137540523077281,0.0281267277018205,0.0494049267010422,0.0646453846408807,0.00944035983253043,0.0518809039422443,-0.0301798081617975,0.0191139479911005,-0.0566145382083048,-0.0269288733401711,-0.0336823459135001
"ALG1L9P","ALG1L9P","blue","blue",-0.0138189958375851,0.0999357379292772,0.0261069859063306,0.0108085846707015,0.0112014724997774,0.0196823439577925,0.0431627907270915,-0.00473023148473114,-0.00279364908521936,-0.042960200635664,-0.0189816027782998,-0.0263843362567068
"AC078785.1","AC078785.1","blue","blue",-0.00610819620854105,0.152854154275112,0.0259046971225273,0.0332733315095906,0.0180041135218986,-0.00212561929705833,0.0112375452531441,0.00258912584117938,0.0146353432079154,-0.0143645552301472,-0.0157534694738986,-0.0443404840971212
"PDSS2","PDSS2","turquoise","turquoise",-0.0179794645815563,0.0884958779751248,0.107910482022858,-0.0204197786576028,0.201458831486726,-0.145229362233801,-0.048380799805193,0.00995379899521305,0.0438067367546324,0.0171969541477542,-0.0506657131514392,0.0153046246453979
"AP002762.2","AP002762.2","brown","brown",-0.043229856949331,-0.0364677363290553,0.000626677194201667,-0.0400860707326361,-0.100801060925147,0.19211908506795,0.0942766763516002,0.0292875719321,-0.0598348749767936,0.0483265692228337,0.128754906591137,-0.0540956814635872
"KLF5","KLF5","yellow","yellow",-0.0357317419992514,-0.0667668523444691,-0.0272635838316571,0.144383661551856,-0.0942600025292299,0.0999942455473399,0.0388857401397152,0.00968475804549445,-0.0797169775677367,0.0361340796929002,0.054723496821001,0.049855470185951
"DDIT4","DDIT4","turquoise","turquoise",-0.00261335691458663,0.00759630601763818,0.11187903921131,-0.0374193359290483,0.118538352565114,-0.123226527151099,-0.0471252258086253,0.0417986214797611,-0.0146947325582985,0.0667900375927956,-0.00453496275842245,0.12373714244727
"LARP1B","LARP1B","brown","brown",-0.0456093332635671,-0.050100433253687,-0.0431914193913448,0.0627867798315927,-0.126658918742358,0.193019753468089,0.0269175646387466,0.0103761229784347,0.0503092994222726,0.0180713093095863,0.0400721136591074,-0.0630994030235126
"AKAP13","AKAP13","purple","purple",-0.0509961052160794,-0.0528651386870922,0.00273206939171139,-0.0399095558107934,-0.0605225817436206,0.145335248576168,0.176924628904599,0.00167641521187342,-0.0858090640634892,0.070853109451013,0.38334316477577,0.00768901985974358
"USP2","USP2","yellow","yellow",-0.00543458122543189,-0.0307040567644223,-0.0634004985462595,0.122697100893927,-0.0711028117632472,0.0670067102269586,-0.0149212128982721,0.0117253646934437,0.0633406291418713,-0.0195436103231854,-0.0417875170044906,-0.0394394439989709
"AP002954.1","AP002954.1","blue","blue",-0.0220067646549395,0.321049392712752,0.0160441660181134,0.00541260397692753,-0.0106239709154908,0.0559068242184839,0.0905215008674169,-0.00734713429482993,-0.00370919797528963,-0.0378211319061971,-0.0248786425394179,-0.0954670887266316
"ATF6","ATF6","red","red",-0.0586272202912326,-0.0683446769440241,-0.071853092783231,0.064062228519597,-0.208407409980328,0.277206652664504,0.382568485968699,-0.0763089001085845,-0.125607340612986,-0.13219717318109,0.253449620248031,0.0972801451229032
"FBXW7","FBXW7","brown","brown",-0.0100820818451323,-0.129887346282825,-0.0447715642453899,0.0282492352454638,-0.117749157432048,0.182357308994705,0.035183748253504,-0.0121504006427692,0.00053374381822388,0.0245406467020472,0.0618391354102527,-0.012230444526651
"NDUFAF6","NDUFAF6","blue","blue",-0.021806614446711,0.148597273038631,0.0973629200595198,-0.0295039599218276,0.112882117239075,-0.0864816086369916,0.0197813318384944,-0.00477567560816433,-0.028438038654442,-0.0195420009781921,0.00409972196295923,0.0425338945448008
"ZBTB16","ZBTB16","turquoise","turquoise",0.0333118498404013,0.124156653635071,0.19501984721707,-0.153899816028808,0.323715208360606,-0.292906677090051,-0.165014609920028,0.00233968129416525,0.0630559955115526,0.0207349322449498,-0.0511785209592803,0.0852551343337706
"GEN1","GEN1","brown","brown",-0.0332240774079556,-0.0393119669236531,0.031641532246386,-0.0127391386541856,-0.0239096254854247,0.0753951919235746,0.0147005481376322,-0.00240796605006739,0.0412519429052236,0.0820191182681778,0.0471753097061318,-0.00674709060240053
"RAP1GDS1","RAP1GDS1","green","green",-0.034758822176164,-0.0186485557444617,0.0605540174679819,-0.00220362980795943,0.065326533050243,0.0131616667214853,-0.0503062920953136,-0.00112249116741735,0.00895010681039774,0.0858284419252216,0.0201765213300019,-0.00930807589252516
"GALNT7","GALNT7","green","green",-0.0590694379377325,-0.0532674992527074,0.0786021031836218,0.0173082079610053,0.0903388433572599,0.0431230452863942,-0.0868955750830801,-0.0114523332738789,-0.0317479033320208,0.145684567719737,0.0726090486607915,-0.0221566763481836
"LINC02054","LINC02054","blue","blue",-0.0205470927702152,0.160457118532242,0.0307376640972979,-0.0295805615553644,-0.00151226295485859,0.013928654955081,0.126223193179909,-0.010278456540544,-0.00976673343696392,-0.0431133164930446,0.0215687859394627,0.00206816802631308
"EFCAB13","EFCAB13","blue","blue",-0.0401863644312599,0.184742603343664,-0.00236345677338535,0.0339146703898655,-0.0667633755787321,0.156177433959277,0.0549242013001301,-0.0417348896401451,0.168385266115875,-0.127327950832678,-0.1044347846465,-0.132133320840574
"C9orf85","C9orf85","turquoise","turquoise",-0.0202872402252013,0.0311380881188985,0.0994932513998658,-0.015652692724467,0.144870540879247,-0.0936332838283172,-0.0554898535379386,0.00944415326088973,0.014875186599477,0.0269534931783849,-0.0255220133805766,-0.0128042419329899
"CFAP70","CFAP70","blue","blue",-0.0157697652463361,0.345667158085321,0.0670368978500351,0.0650462559274274,0.0858038548150901,-0.054280070757568,0.00123193591447215,0.000278661000410572,0.0709976331701492,-0.0400531095260772,-0.0796895373261069,-0.0801368360765676
"METTL15","METTL15","turquoise","turquoise",-0.0130119813242458,0.0814348377554753,0.152274553555374,-0.0134095675205243,0.291902204647631,-0.227770919569393,-0.0970893791379409,0.0429699771767602,0.00315559231359358,0.0798162610931013,-0.0403875593624816,0.0629940419335548
"AC096564.1","AC096564.1","brown","brown",-0.0279058380316369,-0.0248758746781324,0.0117260533715458,0.0147332635193948,-0.0895142209538795,0.137531996195132,0.0438040019331174,-0.00117724500753326,0.00981361672331547,-0.00983275493652901,0.0568718484286468,-0.0478186620879042
"ITSN2","ITSN2","turquoise","turquoise",0.0010453493078657,0.0053762563289457,0.116750487350489,-0.0520440950263589,0.16670805450708,-0.0881273882200117,-0.00207988194945137,-0.0390811612583888,0.105589522345784,-0.0456002036312035,-0.02473041769668,0.0462563902245457
"ANKRD26","ANKRD26","blue","blue",-0.0221314170478345,0.207116482052864,0.11996302213564,0.0115879599366321,0.199457832361042,-0.143979515808974,-0.0581565238485561,0.0161030493097585,0.0295588142885485,0.0178672941617963,-0.0769236691088102,-0.0133100423357848
"RGS3","RGS3","yellow","yellow",0.00935742812342492,0.0255539235152532,0.00332576934469315,0.0765922972975697,0.0219978120261228,-0.0321388754123961,-0.0173318782908168,0.00815838226841957,-0.0200609937979489,-0.00115050187445256,-0.0168721092411937,0.0143399687943735
"TEAD1","TEAD1","red","red",0.00533870114499568,-0.00340784157361762,0.00284401100390396,0.0591030147458133,0.0157602839455855,0.0415957878423182,0.100323250709781,-0.0594866660388134,0.0264306836277345,-0.118850884637433,0.0335866417469653,0.0327990036756348
"ZDBF2","ZDBF2","yellow","yellow",-0.0231831887323278,-0.0495049996405121,-0.0334122583035044,0.129972547017767,-0.0407202146921222,0.0904990374749376,-0.00407083307977112,0.0273507236666211,-0.0447026711532703,0.0280377588390942,0.00514131642530458,-0.0553320732972437
"SLC22A15","SLC22A15","turquoise","turquoise",-0.0127930703256718,0.0216492070620216,0.121242144944184,-0.0474061351502442,0.210415784278882,-0.160089391269063,-0.101990558102156,-0.00930258696693075,0.0232962054814685,0.0699783330058383,-0.0402999253907441,0.0255588579734322
"ZSWIM4","ZSWIM4","turquoise","turquoise",-0.023281426034185,0.166567126953205,0.102596378175473,-0.0288125133464343,0.121532582384545,-0.080020177950128,0.0388266983490699,-0.00397007832403116,-0.0384147567408081,-0.0116063192176648,0.0224078678544469,0.101909314017612
"RHOBTB3","RHOBTB3","turquoise","turquoise",-0.0480482332893743,0.0315346266908565,0.189201501263976,-0.133064193216924,0.256329448401943,-0.139958455143938,-0.0186992925668722,-0.0341368469824218,-0.0688880976823105,0.0269939591632057,0.0851184156708865,0.0563398856970539
"RPS6KA5","RPS6KA5","magenta","magenta",-0.0722249168036208,0.0244186073540493,0.15977447846885,-0.11760825160503,0.143080901494657,-0.114984451379434,0.106219203643048,-0.0275441976369555,-0.0509223877301914,0.0104693114692613,0.148010632591452,0.281773505429988
"SLC38A9","SLC38A9","turquoise","turquoise",-0.00844028095737298,0.0460351600595233,0.112365023746939,-0.0296567084936615,0.187724639664948,-0.137582021526704,-0.0782074903692184,0.0204114764621593,0.0486368751033641,0.0306309183532225,-0.0582145878623487,0.00172277412232337
"ANO10","ANO10","turquoise","turquoise",-0.0277023731112501,0.05690087516309,0.108871076301395,-0.0164932370517797,0.131207604346912,-0.0779027264102919,-0.00379004770079803,-0.013216290996758,0.0390788062060483,0.0236636989235499,-0.00140593732496688,0.0232781051473466
"ADAM22","ADAM22","turquoise","turquoise",-0.0367852018617678,0.12292412239707,0.158790410999514,-0.054069896745577,0.194447296689225,-0.0994176935507817,0.00780098219300986,-0.00861031567329591,8.47003253448892e-05,0.0454533949761899,-0.00650101490792547,0.0296957549835822
"BDNF","BDNF","yellow","yellow",-4.14290759076379e-05,-0.0116451079987655,-0.0440360441042597,0.110270591080383,-0.0541245463637,0.0490316662532098,0.00124925432133585,0.0451245476729783,-0.00747754773783405,0.0307530042621015,-0.022006813789815,-0.0104818959536506
"CATSPERE","CATSPERE","brown","brown",-0.011098463316802,0.0466515940074409,0.0164863577596311,0.0261908751363167,0.00219740030318731,0.0500526670097734,0.00761694601439394,0.000179541274359935,0.0537653712150134,0.00760248997675544,-0.0329066529406098,-0.0371967542130177
"LINC01500","LINC01500","blue","blue",-0.000233870527928767,0.199187615880439,0.0442611690739176,-0.0201018737379699,0.0492228634121342,-0.0685733760058942,-0.00228255565533529,0.0470053913401919,-0.0224791012980911,0.0656511552790089,-0.0241306742067275,-0.00628643039537297
"DISC1","DISC1","blue","blue",-0.0399579693163157,0.160048900721773,0.0964816328690768,-0.0363276925393308,0.133546189275544,-0.0324583469270834,0.0234031204281435,-0.0306303365401373,0.150038931409445,-0.0782058894879218,-0.0476388066059085,-0.0261284173608885
"AC018362.1","AC018362.1","turquoise","turquoise",0.00246209404320642,0.00143075939482707,0.106398221341467,-0.0428370104391469,0.154261629093383,-0.11078362780089,-0.0115557798590583,0.01218820980265,-0.00972552198272199,0.0340076838013782,0.0159684059498654,0.115872644421224
"XG","XG","blue","blue",-0.00644723564017387,0.23417934980556,0.141437553521217,-0.0650065936127879,0.160996278594325,-0.0998892124453263,-0.0167462012448404,0.104667809259092,0.0753624268935894,0.0881005538245754,-0.0306193320243993,-0.0221991621479128
"AATK","AATK","yellow","yellow",-0.0122977814534101,0.0579941584645209,-0.0246740716981016,0.102924250965453,-0.0403610899602805,0.0257263509118971,0.083918990948974,0.00490093707071965,-0.0682249477213277,-0.0155051459836996,0.0367918897014894,0.0314973107893374
"SNHG5","SNHG5","turquoise","turquoise",-0.0156752065312714,0.120370446054531,0.132328228627089,-0.0637399476610388,0.208184410545445,-0.259695449931154,-0.0554148048103938,-0.0114091532556802,0.0101781487914625,-0.0201785157671644,-0.0693370968686823,0.221091735857298
"PEX14","PEX14","turquoise","turquoise",-0.0216406070876716,0.0668392343827659,0.0947886325689679,-0.00276414869497373,0.133005003365971,-0.0891220879817899,-0.0238491289226815,0.00489817231032401,0.0212494931108414,0.0177775213996104,-0.0229289290043087,0.024656363459376
"NFIA","NFIA","turquoise","turquoise",-0.0208734349439059,0.198381171061715,0.333778950392499,-0.223672301517502,0.563213909436845,-0.490856783565665,-0.0860670364273536,-0.0158543837378218,-0.0283631829695148,0.102630058256629,-0.00934337474631371,0.21539752132273
"AC127029.2","AC127029.2","yellow","yellow",0.0316808249395992,0.0317625357652782,-0.038481540064233,0.136151250418742,-0.0203753075217195,0.00403307622724728,-0.0233930779439137,0.0164535335666954,-0.0160755403002102,-0.00513259312886937,-0.0285791963153117,-0.0230382561800745
"GNG12","GNG12","brown","brown",-0.0767572989842297,-0.0228098459545079,-0.0132209831185134,0.0203418835175129,-0.101968850171591,0.219375197830105,0.0342749074446579,-0.0173807696216571,0.0671689300530258,0.0221344825555259,0.0360424840474818,-0.104978137881467
"CTDSPL","CTDSPL","turquoise","turquoise",-0.00496788559192203,-0.00890299943088736,0.182539023493803,-0.0775291586683531,0.345135528894109,-0.257366237590684,-0.144205676117535,0.0862439593749632,-0.0784321803777912,0.163077562352221,-0.0036887661371895,0.110110017997585
"CCDC171","CCDC171","turquoise","turquoise",-0.0259740780567607,0.0900389905931622,0.0979944530002241,0.0157078285911566,0.143356931840706,-0.0705594382732251,-0.014576657692263,0.00537223008571601,-0.0142266710793633,0.0301650049707878,-0.000603013095899049,0.0133209389442388
"SLC35E3","SLC35E3","blue","blue",-0.0153950020473339,0.231527279065605,0.103230715425058,-0.0028184523896199,0.13743155906038,-0.102773608353368,-0.0107747713275381,0.0157216687885422,0.0664256074779617,-0.00730059070262373,-0.0578331519978858,-0.0229467014674916
"DHRS3","DHRS3","blue","blue",-0.00847326611710278,0.0923420113686613,0.110207458180223,-0.075548018528939,0.0769939374577345,-0.0627482436190254,0.0552492106120415,-0.00553897759919276,-0.00394941360184409,-0.0391829186503031,-0.0315791309396322,0.0166004354820522
"SSH2","SSH2","turquoise","turquoise",-0.0456759100483877,-0.00285048963897619,0.151377620694893,-0.0841225587767943,0.300033659813926,-0.210681958457802,-0.131772084183268,-0.0370701993090801,0.0424365329522902,0.0340010930732153,-0.0600094617914039,0.0380392315965048
"GAB3","GAB3","turquoise","turquoise",-0.0219006761576945,-0.0130880656565754,0.114502167399427,-0.0266214693414043,0.197166986786191,-0.117226107452018,-0.104145870134343,0.0824251248341907,0.00319488914679358,0.128616718677206,-0.0136808749446526,0.0336339853649488
"EPB41L1","EPB41L1","yellow","yellow",0.00771229247861606,-0.0067809385779694,-0.0512405457413769,0.292139591744146,0.0111501352942545,-0.0379943506944231,-0.0696721198360277,0.0773189377591749,-0.0363578747442281,0.0495842483102738,-0.0625303539195173,0.00118312869717957
"SMURF2","SMURF2","greenyellow","greenyellow",-0.0280886179792894,-0.0862311511119118,-0.0102236488759929,-0.044412561205743,-0.091716578100367,0.150508430956104,0.0602341957304102,-0.0672951554555146,0.32060786751284,-0.103066768701166,-0.010646677091417,0.0491358791768432
"ENTPD7","ENTPD7","yellow","yellow",-0.0144479805517804,-0.0357180176546652,-0.0214775646926089,0.119963822673211,-0.0356526811167155,0.0560350694061491,-0.000594163798456424,0.0243471656694893,0.000179238520251546,0.029405163776007,0.00850668627941715,-0.0411885677568948
"IMMP1L","IMMP1L","turquoise","turquoise",0.00714251656553289,-0.00193176958788685,0.0849782046214577,-0.0212378234152182,0.126464604522756,-0.0996720532528491,-0.0704418891663638,0.00951954238979261,-0.00324923432749135,0.053226328456841,-0.0279684999405004,0.00877246261685013
"ARHGAP32","ARHGAP32","green","green",-0.0590408856319829,-0.0119933312240046,0.0934230524324989,-0.020114186763612,0.104133419193295,-0.00219851131968667,-0.045100429033434,0.012281696640845,-0.0317786360424418,0.121787031747722,0.053288868539625,0.0249765098324627
"AL392172.1","AL392172.1","yellow","yellow",-0.00463170958633765,-0.0173954711442062,-0.0213771300198565,0.134373600880163,-0.00298342963991425,0.0198059242321391,-0.0590502559484996,0.0636441410384732,-0.00687807078632157,0.0576527596691423,-0.0258171137861391,-0.027594018322565
"ZNF516","ZNF516","green","green",-0.0569007710727532,-0.000404770980444901,0.0914383068299345,-0.0527155028856363,0.0848874647022067,0.0216611537118078,0.0272150278729144,0.0179290326153403,-0.027788552993294,0.0892467080234344,0.0653832591778009,0.0225951798434879
"IGFBP2","IGFBP2","black","black",0.0922490779901633,-0.00541746134328101,-0.067604790746889,0.0483547764164217,0.00755337959693217,-0.062157433982774,-0.0945008025863443,0.50574423760887,-0.0404638245389766,0.0838784616858333,-0.0715090513530886,-0.0267766554891804
"SCMH1","SCMH1","turquoise","turquoise",-0.0340941731080353,-0.018749990830899,0.0979020299877273,-0.0419391161915568,0.169601495309626,-0.0747519141325917,-0.070075246161907,0.0296382748727275,-0.0361287595654345,0.0535431517897897,0.023568953344238,0.0117409565514398
"SIK3","SIK3","red","red",-0.0460320927404302,-0.194885294762773,-0.164521594260518,0.0560954447230568,-0.327820703778936,0.372565649507509,0.320988049578894,-0.00594387370348244,-0.0909374609026535,-0.105519830325295,0.183684564332462,0.0756245161129756
"RFWD3","RFWD3","brown","brown",-0.0290933407584647,-0.0345418421092436,0.0244480826790201,-0.0193511409948585,-0.0254008307662401,0.10090812650735,-0.000715358323044936,-0.0140299389675184,0.0245193793400192,-0.0298835040366138,-0.0110462323379746,-0.0645660705508575
"RREB1","RREB1","turquoise","turquoise",-0.0224706262979391,0.0558481090337086,0.141246682652659,-0.0228329779324893,0.209204097376026,-0.14547212441484,-0.0752862344586,0.0537589602280818,0.0441529237693906,0.0753191550495887,-0.0514574055996579,0.0519815744004944
"C1orf21","C1orf21","turquoise","turquoise",-0.0438781568783078,-0.0212925646630319,0.142387272635393,-0.1762028799752,0.176342054167318,-0.0213074825875825,0.00199447588823494,-0.0421394464961354,0.0678445504993766,0.0369770375018306,0.0880402759940882,0.044031779755992
"ZNF345","ZNF345","turquoise","turquoise",-0.00845945912274386,0.0891920852779036,0.088554444386488,-0.00534194920647523,0.122788020572802,-0.0932354293398741,-0.0275978910464261,-0.00727262916318977,0.016015729203227,0.0127070743581145,-0.0275317000102439,-0.0111687297082126
"ANAPC10","ANAPC10","turquoise","turquoise",-0.0231070406484173,0.0850451726608943,0.092254266044434,-0.00210948563098884,0.140836329274446,-0.0728529433967198,-0.0476337161085472,0.00584014135836244,0.0272234045141244,0.0315437962298709,-0.0287156475860975,-0.00926605917306305
"TUBA1A","TUBA1A","magenta","magenta",-0.015312577910581,-0.0327473588013584,0.156621902383765,-0.0739739777648856,0.142249381988815,-0.198868199035988,-0.0959181855223307,0.039243023394864,0.138025880109207,0.0968914112971146,-0.039155620486671,0.253091947939021
"BMT2","BMT2","turquoise","turquoise",-0.0193590839168417,0.00532816177461978,0.125557043679437,-0.0374954347674769,0.209940975465233,-0.145476873008647,-0.101978066278999,0.039930117763994,0.00989209257847858,0.0900394476432209,-0.0358565921859803,0.0432358384836297
"MTA3","MTA3","turquoise","turquoise",-0.0230542375880274,0.0369346141054079,0.152926253445071,-0.0585547361049451,0.242543741796328,-0.163283154159627,-0.0654850731935982,0.0430406056917203,0.00592075736084063,0.0777740500047498,-0.0238313282272198,0.0485291421569525
"AC022217.3","AC022217.3","turquoise","turquoise",-0.000254127187818946,0.0278748818439612,0.103590459088997,-0.0114614179337507,0.142066613619674,-0.187305704211441,-0.059981534511086,0.042317585735516,-0.0079401740003218,0.047073638604019,-0.00985429380048397,0.230504259515562
"OAF","OAF","brown","brown",-0.0514948488620068,-0.100616459691488,0.0188791977290871,-0.0755408735816089,-0.0914672381007503,0.200867128515436,-0.000983697038849067,0.04050380303199,0.0549737818243095,0.0828019692942868,0.0438518482825549,-0.0836489471958171
"IFRD1","IFRD1","magenta","magenta",-0.0302712031465589,-0.0737862731234255,0.0548827638401467,-0.0406546018015791,0.0161274920740046,-0.0573175126487958,0.150284820712596,0.00342701667707074,-0.0830789657491423,-0.000322605794350267,0.128139337846945,0.412154393161487
"MAPKAP1","MAPKAP1","turquoise","turquoise",-0.0200494651660819,0.0567486950395358,0.123020497799904,-0.0116966285135389,0.196445376474557,-0.120158632509489,-0.0782272578503742,0.0291219608036731,0.0439376546182829,0.0423216080766392,-0.0568754375068237,-0.0088015453019388
"HIF3A","HIF3A","blue","blue",-0.00889565940617356,0.0756425806481521,0.0767112599679868,-0.0491865330851689,0.0864567013856522,-0.0763123393607411,0.00826781518929731,-0.0420960086752841,0.0662040171571475,-0.0763668089263875,-0.0501604930759141,0.00288151534340634
"KLF6","KLF6","green","green",0.0235980019679451,-0.0662067354226769,-0.0386151273414905,0.0392428617321193,-0.0846252549759665,0.0824361364675854,-0.102903906712555,0.0933280277473235,0.0640570200280716,0.201550039945389,0.0263898650874022,0.0555204137428497
"GMCL1","GMCL1","turquoise","turquoise",-0.0170583349566153,0.10175544301341,0.118780760877232,-0.0151710797319033,0.205414565144193,-0.159155396451395,-0.103837813035679,0.0597665080386449,0.0699934448091396,0.0379648213119822,-0.0769952307205688,0.00737588448848611
"MTBP","MTBP","blue","blue",-0.00711969101335916,0.176594179843172,0.0356675448408357,0.0942901077824151,0.0864646466966413,-0.0742127106738408,-0.0599650162454695,0.0281149467739998,0.0538650684763731,0.0225186281982379,-0.0761805709340333,-0.032311327438777
"TMEFF1","TMEFF1","blue","blue",-0.00789479606983676,0.142697495288503,-0.0294870077848425,0.0613062075606175,-0.0446308232894608,0.0516407489607014,-0.0139698847201935,0.0287740827868856,0.0141813423747567,0.0259051307801016,-0.0432886932668435,-0.07318345556153
"SPOPL","SPOPL","turquoise","turquoise",-0.0321862444551182,-0.0229464614450008,0.12098274165332,-0.0424629658571655,0.155386127467974,-0.0937296894697567,-0.0783369876642204,0.0276240922748528,0.0301020694240015,0.0742285924136316,-0.0101127085757262,0.0568142122318877
"ZNF341-AS1","ZNF341-AS1","red","red",-0.0276972157133461,0.0466217530173896,-0.02516942126089,0.0324115910309482,-0.107782709946819,0.146678168976713,0.167199925795751,-0.0218828004753147,-0.0255680418209695,-0.0670370259989958,0.0500261869281257,-0.0232564982124212
"ZNF670","ZNF670","brown","brown",-0.0413033220160561,-0.0219451823921374,0.0039261535953674,-0.0201275489616217,-0.101482995086855,0.191270822279437,0.118056499091186,-0.0339833998124296,0.00616153643075525,-0.0576034971890261,0.0326525222523155,-0.0371468616315275
"ZNF33B","ZNF33B","turquoise","turquoise",0.000463092135470496,0.00337078449712687,0.0598711549460687,-0.0233557115315001,0.0843763782694537,-0.0646834303500355,-0.0416133365075015,0.00603578374416508,0.00348707544531048,0.00344272458100713,-0.0285868927874483,-0.00619251330255082
"FNDC1","FNDC1","greenyellow","greenyellow",-0.0331290507000659,0.0169305600730155,0.101219722770021,-0.0777724280296597,0.0464185203343535,0.0233986418459165,-0.0399647171799528,0.176567856699414,0.322373183977968,0.154734256736134,-0.0637821448529145,-0.0391152044902261
"L2HGDH","L2HGDH","blue","blue",-0.0192424201928525,0.142973612756208,0.0451047986800048,0.0124499568106268,0.0336638290251118,-0.00747012633310137,-0.0202487632251758,-0.00485953733118197,0.0517995811257332,-0.00642238218104891,-0.0566811222405025,-0.0514518929311884
"MAN2A1","MAN2A1","purple","purple",-0.103214048310761,-0.0804821380520707,0.0978589054967655,-0.0944716127468277,0.0445661009757371,0.0930453774754162,0.126190438299343,-0.0241093380000054,-0.0400154602327885,0.0759377139078088,0.327561322622108,0.109916877050675
"LINC01588","LINC01588","blue","blue",-0.0173916858212389,0.300228418566352,0.0157975838999893,0.0536036649807057,-0.027645286813263,0.0831885936274811,0.0689639840979351,-0.0118043745838816,0.0456489679264657,-0.0483741891264137,-0.0407922865527746,-0.119322948116306
"BDNF-AS","BDNF-AS","turquoise","turquoise",-0.00343219006066035,0.0550684425636879,0.0643405163776846,-0.00602089782222307,0.119970353054171,-0.101228357314528,-0.0318286224101983,0.00438595013562346,0.00971749562690783,0.00753168420844004,-0.0373955390099481,0.0170965194956641
"RHOQ","RHOQ","magenta","magenta",-0.0747972003955177,0.0109407400788324,0.0756735899739261,-0.00248588913172313,0.0278198346737777,-0.00105561547615186,0.16405241769979,-0.0292271267112191,0.0211907010575727,-0.0225973146221596,0.132597734163053,0.187189436667873
"ARID5B","ARID5B","brown","brown",-0.0824996453898189,-0.140233675865068,-0.127427709573483,0.0206288821111998,-0.395946909652548,0.504042121849394,0.280424257647926,-0.101067226359954,-0.117792706935288,-0.104203173324733,0.287285525026187,-0.0714335827411434
"IFT80","IFT80","turquoise","turquoise",-0.00991029961115644,0.0224686591638105,0.057364733055426,0.0352830453365968,0.147939204597561,-0.120671479369771,-0.11514987847875,0.0520536099397995,0.00445889238398953,0.0988842888413148,-0.0665542118561378,-0.0124749772583396
"TNS3","TNS3","blue","blue",-0.0378548102353932,0.153118106966253,0.119709680664258,-0.0724156630410779,0.152008253044868,-0.0557053355643992,0.0505601926743358,0.0573499694719803,0.0129503941234575,0.0430202124844898,0.0729887639645025,0.0230718372854457
"AC006994.2","AC006994.2","turquoise","turquoise",-0.00953199266956981,0.0395350647887705,0.0705581619385866,-0.0340875152644106,0.105242951692743,-0.102666996981592,-0.0363311434301479,-0.0160758793103017,-0.00391243314875755,-0.0174976114799519,-0.0347433104181363,0.0315785236088948
"PBX1","PBX1","turquoise","turquoise",-0.0587104968429473,0.066567908265576,0.185382415102673,-0.0906471441946489,0.26890675909038,-0.189660299627127,-0.0184395865887316,0.0128673381298319,-0.00463070175574487,0.0893610037993787,0.0273557011494885,0.0995410370331528
"PARD3","PARD3","blue","blue",-0.0681361794323274,0.116573810250409,0.102924659283196,-0.129722335168613,0.0851842031443198,0.0577940031772224,0.160362112120254,-0.0242095714963369,-0.119614039092125,-0.0209504687274561,0.126925004162715,0.0217801544768441
"PTEN","PTEN","turquoise","turquoise",-0.0264560033707944,0.0483647933762749,0.180280664679004,-0.054444611440563,0.371954047972279,-0.275555387765059,-0.205355568689906,0.00905777382136616,-0.0063781437089544,0.0690146350515871,-0.108610190423735,0.0202613439620255
"WDPCP","WDPCP","blue","blue",-0.0229522019906245,0.116951145870278,0.0140228884121244,0.116739250131191,0.0978573221581185,-0.0659600258728074,-0.0506812864596226,0.0197678330127969,0.0135063977461305,-0.013838527265371,-0.0787487270888922,-0.0366747033813909
"MT1E","MT1E","turquoise","turquoise",0.00118072271569611,0.000121546742104745,0.0565084949894788,0.0524537321530913,0.0765155401298329,-0.092464067628221,-0.051678299883049,0.0932972294703234,-0.0170405485301231,0.0666542096360536,-0.036293963015353,0.0866861657608184
"GCNT4","GCNT4","brown","brown",-0.0464535624554435,-0.0643079619445999,-0.0279463534164938,0.00324396658326372,-0.133330939469534,0.24256239869538,0.0489715876525735,-0.0211382265988969,0.023178790787575,0.0786536265902904,0.0784617875113552,-0.0837810974377656
"TAPT1-AS1","TAPT1-AS1","turquoise","turquoise",-0.0171369316134053,0.0877982893157365,0.100718309027815,-0.00760805333112807,0.164666632677839,-0.104036669048273,-0.012534235955384,-0.00411495941200914,0.00589037656685701,0.00772406525270094,-0.0193815581345871,0.0109918510058772
"TNFAIP2","TNFAIP2","red","red",-0.0711377128994376,-0.158180296832774,0.021314940037524,-0.0354162381011226,-0.142133103640527,0.203028148291819,0.348025318078972,-0.111824620846554,0.0993930038585984,-0.139526853195632,0.0915141735546471,0.146273168736234
"SFMBT1","SFMBT1","brown","brown",-0.0325785673747465,-0.0251590637603921,0.0305007644654309,0.00238495791895435,-0.00799788757897711,0.0662333062447685,-0.0427163184376413,0.0253956990842917,0.0601510864542922,0.0223769958772082,-0.023106332888084,-0.0355120073666668
"KL","KL","turquoise","turquoise",-0.0123182667876002,0.0557612001961023,0.102548888005988,-0.0177064060254754,0.140219902595431,-0.0845118691332017,-0.0606256086479761,0.00275766292195365,0.0309970108487841,0.0604309103981642,-0.0166176358897979,-0.0160100977167147
"NNT-AS1","NNT-AS1","turquoise","turquoise",-0.0216921754329084,0.0537413277563514,0.102812353428984,-0.0271333101541103,0.136920630317045,-0.0843220256922999,-0.0492777896407251,0.00662871289214289,0.035569492117095,0.0372569539830496,-0.0214645112572544,0.00514845313932135
"ANKDD1A","ANKDD1A","red","red",-0.0409529433107188,0.078212063845649,0.0175728870039321,-0.0105586061697949,-0.0585730440294616,0.10892350083947,0.20727814072474,-0.0328805106134894,-0.0663142541650896,-0.0827453085695663,0.0671712206913198,-0.00316597121293743
"KIF20B","KIF20B","turquoise","turquoise",-0.013193870564542,0.033222220483346,0.0723701899302803,-0.0246348681949795,0.0798793535357642,-0.0561669033042612,-0.024480763213823,-0.00136704382824213,0.0211264877510433,0.00271997859650753,-0.0199705278557538,0.0124943192802443
"ADAMTS17","ADAMTS17","brown","brown",-0.0491698569751467,0.0343125115797642,-0.108816588366291,0.223419019773312,-0.153884115618238,0.22739695666685,0.134850546448763,0.0177708453369587,-0.0523362532651408,-0.0545108168315119,0.0555378095609335,-0.0622183093462628
"FGR","FGR","pink","pink",0.120273613528441,-0.00829699834188987,-0.0334916689550194,0.0121674208057955,-0.0160981392055963,-0.0188568999402685,-0.0184279165706376,0.040071296732735,-0.0157132902519028,0.0117749600220667,-0.00719372770210152,-0.00356546172547268
"OGFRL1","OGFRL1","brown","brown",-0.0567181701287801,-0.0668403313453268,0.0822120014009873,-0.082843269153431,0.00168205000059904,0.129717714630108,0.0501057305984989,-0.0139951181733891,-0.0471689845232329,0.104595222268302,0.132416225257449,0.00765736929154003
"SPECC1","SPECC1","turquoise","turquoise",-0.0198135697158576,0.0340628315663337,0.13620900687211,0.0140490459426071,0.236065887961844,-0.154777380762115,-0.0382051935523536,0.0595267975960127,-0.0737420329865289,0.0952859719481643,0.0393527501997612,0.0838110638462153
"CYP4X1","CYP4X1","turquoise","turquoise",-0.0614950082884657,0.0920192099737823,0.198888745815011,-0.0961165615225923,0.222561489399215,-0.0867004189267004,0.0029982660508432,-0.0661693238049475,0.0567001494578628,-0.0115671437748098,0.0680014212903989,0.0336434543888657
"PRMT3","PRMT3","brown","brown",-0.0278541414858794,0.0188411018925594,-0.0568122729720892,0.13603384249328,-0.0480420083727527,0.136034079833965,-0.0736951772455053,0.00965618741936891,0.0490440085919315,-0.0169110097075135,-0.0964893630960886,-0.137943021394985
"GASAL1","GASAL1","red","red",-0.021652655114363,0.0850420601894835,0.0868000751956694,-0.0478810939377351,0.039533700189872,-0.0526245566896844,0.201191697669392,-0.0213277537392116,-0.0513794013659619,-0.0327744301189134,0.111295936549696,0.114357025233269
"WIPF1","WIPF1","turquoise","turquoise",-0.00572733674975033,0.0914035136164366,0.141494616351041,-0.0486099498630054,0.228710993254675,-0.164692210804297,-0.077201474965625,0.106288142017856,0.0334699433742006,0.104366711979269,-0.0240384136882498,0.00388849621075046
"ABCC5","ABCC5","turquoise","turquoise",-0.0342862384993356,0.0056037040713994,0.117770396996784,-0.0155009451133738,0.137050425130081,-0.0674908383588201,-0.016372212765525,-0.0108069772380915,0.0218644657574347,0.0225668513500503,0.00473329035148597,0.0683597316551638
"ACADL","ACADL","turquoise","turquoise",-0.00829461080992065,0.017948139024562,0.093145210714916,-0.0554646184696142,0.149139957819608,-0.116258383212322,-0.0239815872553223,-0.036515598977986,-0.0228488147616982,-0.0460317388807601,-0.0319436274772735,0.0148572852880643
"CENPO","CENPO","blue","blue",-0.019681552706728,0.146175817926806,0.0735132837495334,-0.0221597664605209,0.0861799197395803,-0.0546057107042162,-0.0118548408953615,-0.00449699669608406,0.0130119948755179,-0.000582769330810309,-0.0165983509980535,0.000983875417049704
"DENND3","DENND3","yellow","yellow",-0.00667097799143007,0.0178560461538546,-0.00765842056877044,0.125546589907873,0.00351678351361519,0.00118991607921739,-0.0145876900118688,0.00545053404329658,0.00906199254562993,0.00259193286666514,-0.0192562100120112,-0.0170809188407944
"SLC7A5","SLC7A5","brown","brown",-0.0267057862603405,-0.0794328576876798,-0.13409352752233,0.198364522369898,-0.201276389999797,0.240700383686444,0.0271689286072347,0.0257653805691479,0.00986618708439287,-0.0386814163555884,-0.0425911460425114,-0.0782039621086077
"NVL","NVL","turquoise","turquoise",0.0154180388608325,0.0482381052503552,0.0856617025036494,-0.0131433935844722,0.172919298521948,-0.123482338708454,-0.0862837286825014,0.0396138378792407,0.00961095604405425,0.0222336548968426,-0.0679481719035585,-0.026577258914414
"VPS50","VPS50","turquoise","turquoise",-0.0263494743611405,0.0304105981824554,0.148515248202137,-0.0479644219525163,0.242386639593669,-0.187373029740316,-0.10263121319633,0.026291020705113,0.0280825835092548,0.0517606673493381,-0.0532523891001594,0.0436167478212692
"HLX-AS1","HLX-AS1","turquoise","turquoise",0.00145711009694986,0.0703953837991983,0.0676078320346449,-0.00276745606367698,0.103805298100016,-0.0739784075006757,-0.0279610058126018,-0.00200071790187238,0.0164037666214191,-0.0132173569249021,-0.0456727250466689,-0.0172170556244996
"AC090617.5","AC090617.5","brown","brown",-0.0180135972185327,-0.0176923451186448,-0.0617305708271912,0.0707603817524287,-0.109258332488423,0.144079004622143,0.119310204245677,0.00867650534956406,-0.0432379611748134,-0.0302576275978255,0.0322993361350112,-0.0369863606186421
"TES","TES","brown","brown",-0.0326264533584153,-0.0543507698846809,-0.0726719693206086,0.161833295762659,-0.117396986602839,0.164273287659366,-0.0435252464172284,0.0217604262483556,0.120564064069889,0.00358138149437946,-0.0500736247094409,-0.0815235126361617
"PRX","PRX","blue","blue",-0.0176298851773641,0.330400667692117,0.0889613505936135,-0.0323748976701183,0.0737648033941788,-0.0678601631084025,0.173810129362188,-0.0203249598709357,-0.030953338139021,-0.0799007407911858,-0.0193318164747071,0.0325549421920796
"TMEM144","TMEM144","turquoise","turquoise",-0.0229769068728064,0.0350729005861348,0.133733387672666,-0.0420532941900922,0.217248452857176,-0.0900917077557026,-0.024605096877941,-0.014052972158318,-0.0594096794033996,0.138438597744203,0.0869311181510921,0.0368577945146007
"LDLRAD3","LDLRAD3","turquoise","turquoise",-0.0616074816114456,-0.0309295110694245,0.0562665200250336,-0.0021416199211374,0.0720526857417279,0.0571213564959733,0.020535853993322,0.0231559069199823,-0.10010340995665,0.0738636547520893,0.12033298179859,0.00163930160717534
"EPB41L2","EPB41L2","magenta","magenta",-0.0591909734762402,-0.0243886459242931,0.100502615740473,-0.0384263338083785,0.0935675167763862,-0.0426152585691108,0.228159227170507,0.0286314553607917,-0.0857289464548467,0.0518345171508446,0.21945366970371,0.228884240205658
"ATP1A1","ATP1A1","brown","brown",-0.0113867757927905,-0.0981899643035854,0.0101260061350418,-0.0290333853099906,-0.103713380235568,0.121541157675618,0.0473391570040142,-0.0341454344605832,-0.0476060089203099,-0.0109696205278786,0.0952865480269632,0.0564332114134975
"STK32A","STK32A","blue","blue",-0.0102188244510757,0.154915728714037,0.0962581249994831,-0.0419745830818082,0.136206034509783,-0.112119327553298,-0.00965972766622102,-0.00167164972849069,0.00645378390742817,0.0022178675120148,-0.0216490913451052,-0.00385152257626931
"GLIPR1","GLIPR1","brown","brown",-0.00539736410560753,0.00418442215949527,-0.00134381966459048,0.0680657848239165,-0.073100657361069,0.113131534413211,0.0155939568032758,0.0490217245894929,0.0297038200613584,-0.0081566284783858,-0.0239148138563327,-0.0562054248419387
"SRGAP3","SRGAP3","blue","blue",0.00191617685788563,0.144625070647763,0.00321085063967845,0.0417926053539283,0.0151347269392551,-0.0195294458956318,-0.00578872908315751,0.133685937101333,0.0148911312768101,0.00736338342224599,-0.0368982873282093,-0.0269101275905472
"LRCH1","LRCH1","brown","brown",-0.00787999899461684,-0.112255444745909,-0.171356359546388,0.143522012375275,-0.279340501991791,0.392684401369147,0.0351053975497555,-0.0129340778600609,0.0193426773093802,0.0619797097915444,0.0469050083213271,-0.149433729852674
"PLEKHM3","PLEKHM3","turquoise","turquoise",-0.0209484403752207,0.0720979038598781,0.129666142577052,-0.0333157591858579,0.195054617546554,-0.126300771772479,-0.0467267318470484,0.0168507441862136,0.045915961915267,0.0309625178386419,-0.0311469168381787,0.0254807951097754
"HIF1A","HIF1A","yellow","yellow",4.88008780985297e-05,-0.0880777459057065,-0.0734989105982278,0.253008194263,-0.0854475067761583,0.0782653084232462,-0.0579708530030208,0.0137892725984646,-0.0500248972445483,0.0749978629421412,0.0422412789472581,-0.0184404888972373
"LINC02615","LINC02615","blue","blue",-0.00896660122936785,0.0870915968797156,0.0437314227774993,0.0326142250402854,0.0776082423318495,-0.0527742317763355,-0.0142010568533351,0.00488982982601085,0.00719683692752196,0.0252789950640162,-0.0146854011624047,-0.0174089861567396
"PHLDB3","PHLDB3","red","red",-0.0278844448530215,0.065666286081614,0.030864759265434,-0.034769361342917,-0.011352066482028,0.0304629355706772,0.140702174389217,-0.0204071994892533,-0.0368705968139893,-0.0269928247821457,0.0520002454469956,0.0178326880479173
"TSC22D1","TSC22D1","turquoise","turquoise",-0.0265777915216316,0.0522542453085825,0.11652126633202,-0.0269543207436422,0.129533955968171,-0.117584397248706,-0.0168096788648775,0.0384773766820831,0.000416328382650419,0.0618040427072804,0.00078889706023362,0.11019166970435
"PDE6D","PDE6D","purple","purple",-0.0341066020461955,0.00553682409573036,0.0759518518742507,-0.0205673730844948,0.0453469636698363,-0.00822286562282797,0.102323377882087,-0.0248586871553463,-0.0255885139992236,-0.0161403999893803,0.0852688819230744,0.0898107961846083
"AC046134.2","AC046134.2","turquoise","turquoise",-0.0292895659940424,0.122602439722049,0.0929925459276049,-0.0118934858103589,0.15392844963656,-0.0993272673669954,0.00181317257421644,0.00477667947289787,-0.00706012414992244,0.0122370090901436,0.0116906062437824,0.0247605324568335
"RTKN2","RTKN2","blue","blue",-0.00228160345935086,0.109811606961052,0.0223245763360968,0.010051554044305,0.00365558416058876,3.48246092374972e-06,0.00832859102396728,0.0286393048453308,-0.00189927387466601,0.0223971207580978,0.0253434745243104,0.00608142275616004
"AC008691.1","AC008691.1","yellow","yellow",0.0194146941156511,0.0564103944411723,-0.0684467241609359,0.255207824311684,-0.00487784324684222,-0.0304022446407011,-0.0405523488009542,0.016495604002322,-0.000695865513019706,-0.0220205005977421,-0.0620488208486995,-0.0293726573821762
"TMEM67","TMEM67","turquoise","turquoise",-0.00250211154449813,0.0183144023513448,0.0721401962012166,-0.00767137618037932,0.101140446318375,-0.0786263575425418,-0.0595675463983214,0.0171101739234778,0.0146679382833588,0.0164575877978499,-0.0365317491576399,-0.0104309048118848
"TSHZ3","TSHZ3","purple","purple",-0.057549461806346,-0.0159268888036954,0.0787349995789675,-0.0781417044381955,0.0113222650409322,0.0675692704848052,0.101019576981378,-0.0198347819287799,-0.0340273635164567,0.0580577490021519,0.197391762389797,0.0450245957165205
"TULP2","TULP2","blue","blue",-0.0175540938657943,0.409779798815918,0.096666722825844,-0.00459209665337817,0.105162441606054,-0.103104917219814,0.0328759056899642,-0.00249696210025922,0.0614145763916914,-0.0383707872107579,-0.0942505383683697,0.0344090842786666
"VKORC1L1","VKORC1L1","brown","brown",-0.0516588596021448,-0.0547589019159953,0.0130300085582532,-0.016966211775324,-0.0764358169646814,0.177642268442045,0.0296171865317029,-0.0134023104810053,0.0316138045576551,-0.00473409493036849,0.0208268936700791,-0.0709506240434903
"CMC1","CMC1","turquoise","turquoise",-0.0186077833409044,0.0382735185161514,0.126864871878628,-0.0302792586158189,0.222526751057563,-0.163728484539118,-0.108899817113393,0.0265031238814704,0.0241176607634711,0.0661218767342628,-0.042785274383087,0.0157364357653815
"PRPSAP1","PRPSAP1","red","red",-0.0533551015933414,0.178915008521156,-0.00293845753457819,-0.0738115345930108,-0.127842135255723,0.228021960446468,0.354583198381142,-0.0538038788226945,-0.110599120616904,-0.0622123372904019,0.175223579390488,-0.0624007278537872
"OSBPL8","OSBPL8","yellow","yellow",-0.0159247534956178,-0.0487252560102789,-0.0633635307547384,0.149416365172463,-0.0969001486462325,0.128723122782937,0.0747862648701083,0.019488974694045,0.00378717487994922,-0.072875031728358,-0.0139635564865588,0.0295523982107658
"RAB4B","RAB4B","blue","blue",-0.0250909365339137,0.199320407575698,0.037040733456526,-0.0342908976451958,-0.0240532256700137,0.0602254289749513,0.134757104557653,-0.019549383134317,0.0049174728041587,-0.0553806586673233,0.0083882272536275,-0.0372591176680913
"MTMR8","MTMR8","turquoise","turquoise",-0.0305524533195849,0.0198089530894256,0.144744204431437,-0.0712516184985227,0.225592424107711,-0.149125046360073,0.00403695140306077,-0.017172766333785,-0.0454486856762546,0.00764577252478973,0.040468896824067,0.0921034840906527
"MAOA","MAOA","blue","blue",-0.006957688024823,0.0536283937695978,0.0567319545781403,-0.0123303738941764,0.0380113006722388,-0.0293849993049535,-0.0358793668633519,-0.0230994933993651,0.0763221653966271,-0.0590389338784396,-0.081146786856402,-0.0171899462011972
"AC010168.1","AC010168.1","blue","blue",-0.0143460614452957,0.187486198474752,0.0499853643666435,0.0156553927195168,0.0501587537859656,-0.039753150747498,0.00729447247844347,-0.0059355370963992,0.0193031723789227,-0.0234564513466594,-0.0313036333453503,-0.017077209449484
"STARD4-AS1","STARD4-AS1","green","green",0.0119100437576883,0.00786374731986414,0.0448170117054515,-0.0179500074271266,0.0587076109258757,-0.0518114760315222,-0.0726462198331243,0.178507910937204,-0.0550544298524465,0.203514988821522,0.0369951721774729,0.0107031284967317
"TBC1D8","TBC1D8","blue","blue",-0.0547331620677079,0.164981279439964,0.0225069843130708,-0.0105242602512592,-0.03143896081818,0.124211632143535,0.0612981047361244,-0.026702422052662,0.0649906410818597,-0.0470016601876309,-0.0150971310046974,-0.0671422767472331
"RABGEF1","RABGEF1","brown","brown",-0.0417030901489165,-0.250125369470535,-0.259566450570673,0.22414213402682,-0.419669094733453,0.516634294751573,0.0608177501777246,-0.00424419296257977,0.0423869563766282,0.00513354060768765,0.0822395487022527,-0.185511683811672
"ZNF33A","ZNF33A","turquoise","turquoise",0.00435594732016958,-0.00459645746053848,0.0869858884653052,-0.0194272342938469,0.142491115826489,-0.110806824262485,-0.089028519579815,0.0380492598876631,0.0174331039287883,0.029258418763762,-0.0492879861233902,0.015346754305343
"CLIP1","CLIP1","brown","brown",-0.0706729003296591,0.0648968680336409,-0.129224199178029,-0.0123302039828978,-0.326740027921645,0.461931823931982,0.288329710824618,-0.0893674621154667,0.0831092415143113,-0.169509761757165,0.1262447321919,-0.186828123656571
"SCAI","SCAI","turquoise","turquoise",-0.0144863238170171,0.0524211129586703,0.102760022935404,-0.0278339988465514,0.165084743139609,-0.123578982898632,-0.043289350663188,0.0492737933142169,0.0173776378289996,0.0255018564040012,-0.0191055713529118,0.0387591215070943
"CCDC88C","CCDC88C","blue","blue",0.00622899473120769,0.102539415498448,0.0357811772777307,-0.00992994357040417,0.0221119262357164,-0.0135822248824427,-0.0052290554545375,0.000629327988753721,0.0101896580106444,-0.00396382910685163,-0.00947245101599848,-0.0249300911091009
"MYEF2","MYEF2","blue","blue",-0.0115230609796064,0.178555670014971,0.0170854566806788,-0.00145571153806647,0.0168866211639222,-0.00423308828537813,-0.0160690211478272,-0.0037231731277887,0.0988910365683243,-0.0211901735972486,-0.0463846329931895,-0.0594179247251791
"MERTK","MERTK","blue","blue",0.00616527130861903,0.09424694333756,0.0407179888441047,-0.00186284072633008,0.0419181536073699,-0.0558250129179142,0.0399611203568174,0.0237428726065243,-0.0359539642095308,-0.015743680804589,0.0126937677177371,0.0314350416690448
"RTN4RL1","RTN4RL1","blue","blue",0.011049929365535,0.168502034428322,0.0195547308937107,0.0168613089674868,0.0268875008604531,-0.0378687774890479,0.00107048208452159,0.00934686513388618,0.02174915587888,-0.00913471504532938,-0.0435869212112946,-0.0258296445462347
"SETBP1","SETBP1","brown","brown",-0.0694828909417494,0.0695826485323764,0.0244579582328443,-0.0516862911399895,-0.0234000306186203,0.120386118954006,0.107425537829512,-0.00254342440191111,-0.0410919107163733,-0.0440225708524201,-0.0108768263872773,-0.0664734553429946
"MBNL2","MBNL2","turquoise","turquoise",0.0150122678759496,0.0313262980796721,0.135413598600497,-0.0590509786004507,0.216058371281739,-0.142495586374981,-0.0515411924778902,0.0419864212960237,0.0536696515711768,0.0525150957733301,-0.0232090974885563,0.0605281671566451
"CCDC18","CCDC18","brown","brown",-0.0488099365042161,0.0251772831651071,0.0155555261204306,6.56452575301494e-05,-0.0565571793206314,0.157680634788192,0.0405918773804331,-0.0153931829225247,0.0275719123311186,-0.0217806919106233,0.0237765569061804,-0.0632025902768006
"GLI3","GLI3","turquoise","turquoise",-0.0698699719822534,0.118352456322076,0.128196268968783,-0.00746477048258209,0.180197387693484,-0.0576893143552682,-0.0407173637313201,0.00750590581112534,0.118322409123427,0.0502771428273707,-0.0223977508213393,0.00406206940728768
"DLEU1","DLEU1","turquoise","turquoise",-0.0193770849179338,0.0298231407027024,0.100168763782759,-0.0323305985997864,0.113410143734472,-0.0849883919099647,0.0344683543217645,0.104277325726366,-0.0237064932786442,0.0637608230048151,0.0522707659288277,0.143359688599085
"DUSP10","DUSP10","yellow","yellow",-0.0206024417331239,-0.023388027077427,-0.0172820674277006,0.18397097085699,0.0105973265611889,0.0114791460261803,-0.0540048425765693,0.0165579792339502,-0.0216002581420947,0.0168565457251226,-0.00862766426427171,0.0347273076021456
"NR4A1","NR4A1","magenta","magenta",-0.0106137786173488,-0.0413208482063258,0.0853380936899573,-0.127339922653282,0.0271983118520189,-0.0576159525191965,0.362510512331598,-0.0268210123689314,-0.14468374463374,-0.0274990588292864,0.251370817665665,0.516163355203202
"HDAC8","HDAC8","turquoise","turquoise",-0.0399082977486224,0.10974413967306,0.114522060400866,-0.0198749568948377,0.180129821852525,-0.109463133756216,0.00670259686154735,-0.00621468798083515,0.0212595277903922,0.00237672794279969,-0.00580649573705959,0.0297555965051473
"C1QTNF1","C1QTNF1","brown","brown",-0.0413646969253476,0.00230247801745677,0.0148377532318867,0.0924022441479548,-0.0619942106894236,0.142839407527588,0.0860446261673091,-0.0213948828609084,0.0642986540905787,0.0251789681934157,0.0274587676998329,-0.0275731787843602
"HIPK4","HIPK4","blue","blue",-0.0138647009071323,0.249196052728314,0.0684868070184519,-0.0233437039414582,0.0894111360921606,-0.0980547500065594,0.0826046051653344,-0.00557084631487023,-0.0167965390431086,-0.0435187794959718,-0.0262168882368054,0.0306328526826323
"AGPS","AGPS","turquoise","turquoise",-0.00761010230528105,0.0806544391633708,0.174871286378651,-0.0250461488464493,0.292957618520057,-0.21636279925317,-0.147674133940807,0.0305345456537064,0.0720208908742687,0.0723651208567511,-0.103234366691346,0.0254316722027595
"ACVR2A","ACVR2A","green","green",-0.0314417895819541,-0.0261549569683544,0.0601968703769418,-0.0145536112771221,0.0479738989561641,0.0131301265890402,-0.0464115898032945,0.00300909765136943,0.0115304498770463,0.0520907870581001,-0.0283275308983169,-0.016817392788435
"ATXN1","ATXN1","yellow","yellow",0.0264820582778037,0.0109171137731432,-0.153553175700048,0.32915738217919,-0.0775160454734366,0.0947611312568142,-0.0802010431561497,0.0999480818585685,0.0309526241229265,0.029087461423845,-0.0818190931472694,-0.0885990500256974
"C9orf72","C9orf72","brown","brown",-0.0290640583509653,0.0200091927719602,0.0015465932636305,-0.0502026647036137,-0.112772412458112,0.215067055850599,0.175164663845207,-0.0359980375909695,-0.012657693223867,-0.0971856863536426,0.0481628068440873,-0.0439575809656923
"UCK2","UCK2","brown","brown",-0.078433783003572,-0.112989859255599,-0.0937704436536056,-0.0197443045049333,-0.281395240407924,0.437622104896688,0.054979657210935,-0.0439897085206651,0.047639208306576,-0.0354066844227637,0.0640915283634588,-0.203134635137382
"MAPK8","MAPK8","brown","brown",-0.0920447271482623,-0.117073529996036,-0.000779700949272098,0.00550938725874164,-0.0977784032919263,0.21449888583908,0.0707733841954105,-0.032717671679697,-0.0411741197137146,0.0474538428582508,0.178976567022376,0.0173301239744681
"ABHD18","ABHD18","turquoise","turquoise",-0.00501328567769776,0.000453810570099725,0.0901177610128058,-0.0293137200154846,0.152166019502943,-0.121758941673439,-0.0455201580444681,0.0161147703336343,0.0115118387503273,0.0231573412170325,-0.020947227089079,0.028267174323854
"MAN1A1","MAN1A1","red","red",-0.0728290222840065,0.0117580170231384,0.0368986819648836,0.0870154642559485,-0.0473301144940337,0.0763555043958258,0.211364392427023,-0.0476426042232221,-0.0629121190866059,-0.0262020589697639,0.145909456683871,0.149341655212933
"APAF1","APAF1","turquoise","turquoise",-0.0281239068003084,0.0418419835645013,0.10810500538533,-0.0251466950566846,0.144242146378717,-0.095918475386081,-0.0658217574865008,0.00228709979908433,0.0527482112867504,0.0337574284034904,-0.0343961510868711,0.0236555434340242
"GPCPD1","GPCPD1","brown","brown",-0.0594377377438046,-0.0880610173756788,-0.0136854378283331,-0.0177501347471101,-0.104702252493085,0.173402983725286,0.193161103567439,-0.0190321782056758,0.0469616034954543,-0.0228658961747241,0.122598295316244,0.072672121316155
"SHPRH","SHPRH","turquoise","turquoise",-0.0309619942649984,0.0683269916652881,0.122096079268101,0.0272721830406885,0.226318993469949,-0.143242204067257,-0.0862614091946239,-0.00872020798083018,0.0068890112418754,0.0341495637463243,-0.0466438101156258,-0.00108201654179428
"FAM198B-AS1","FAM198B-AS1","turquoise","turquoise",-0.0191250822860807,-0.025058516219136,0.133484643736365,-0.0541817075420879,0.224775679913855,-0.114004048221482,-0.0467010175186062,-0.0177879367671456,-0.0591867924141048,0.135813996974566,0.0863027906972525,0.0355200032812757
"DDHD1","DDHD1","brown","brown",-0.0738605784641682,-0.0282629900890527,0.0753109046786756,-0.0359025475101184,0.0375161186604904,0.0841925915524951,-0.019520908463113,-0.0322641285293875,0.0984335345438532,0.0613571375799885,0.0293278683837373,-0.00927284401825704
"TBCK","TBCK","turquoise","turquoise",-0.0296357713978575,0.0877214803241818,0.141301202937435,-0.024869438960462,0.2822711814023,-0.182868767496924,-0.0977315233576116,0.00690276478768014,0.03086431203077,0.0363915997061459,-0.0513315773272385,0.0105788581824167
"SPATA6","SPATA6","turquoise","turquoise",-0.0495778108725653,0.121627881941173,0.256568741795249,-0.120983782332432,0.443812248661571,-0.29472762705086,-0.0780897339994603,-0.038364958023187,-0.0536585189152032,0.0715116167812677,0.038587396743829,0.111885996050617
"GPSM2","GPSM2","turquoise","turquoise",-0.0544945602990688,-0.0376414891771482,0.167733610868079,-0.0467720815538669,0.217534772502094,-0.119980674509398,-0.134599451614564,-0.0259288282426974,0.0853540021840535,0.135634344116354,0.0397527486351121,0.037601942224843
"PARD3B","PARD3B","greenyellow","greenyellow",-0.051756777218761,0.121750681665643,0.0571302317646301,-0.0034709721399149,0.0989810209971834,0.00607967154086346,-0.0480838758530739,0.00143894895560135,0.24605649802923,0.0367877485851916,-0.0874928852887438,-0.0560167422839236
"KLF3","KLF3","brown","brown",-0.0583601252735262,-0.0945744482466095,0.0676067731685399,-0.0559850088155009,-0.0307584754954241,0.105619375943488,-0.0198704429784599,-0.00473117742352296,0.10451215211663,0.089283013369159,0.113519636462757,-0.0101037630557229
"EFCAB2","EFCAB2","blue","blue",-0.0471355780551481,0.113701248587476,0.0866742856162397,-0.0613416758056333,0.07124890924392,-0.00243867885247491,0.1056721701718,-0.0157626995136899,-0.0288969167343194,-0.0376681655272542,0.0563470681349986,0.0264739693520759
"PAQR3","PAQR3","brown","brown",-0.0552311941498523,-0.0552573521878641,0.048874422756359,-0.0526559799215823,-0.0321413026356226,0.111279134525578,0.00638510120970462,-0.000431493864755632,0.124568666888594,0.071735016236179,0.040373203746485,0.0584051181661208
"PROS1","PROS1","purple","purple",-0.0558354436790905,-0.0067614351164478,0.102924074161434,0.000104727536087929,0.0374543277895416,-0.00410438739423798,0.176753040743238,-0.0428468629648883,0.00479119325656804,-0.0118538940393304,0.172852881370016,0.113544357774082
"CARD8","CARD8","turquoise","turquoise",-0.0115960870696947,0.0420006492193384,0.0840248976901551,-0.019691148012969,0.119644902713029,-0.0745951934510385,-0.0262214522141354,-0.00854111492089251,0.013129800321278,0.0095331867062312,-0.0194805983498215,0.00143360220138573
"EHBP1","EHBP1","turquoise","turquoise",-0.0610317098564918,0.129287291975172,0.126574815534634,-0.0783585736093844,0.208175757278658,-0.110813837444512,-0.054050319322443,-0.0179333987798793,0.294834665526947,-0.0505934338544022,-0.152165985908286,-0.0378125426830541
"MAMDC2-AS1","MAMDC2-AS1","turquoise","turquoise",-0.0122299318431837,0.0351180366857038,0.10634035165397,0.00878359095363783,0.204244566460524,-0.139918209801944,-0.0867330601447183,-0.00042555851973668,-0.0148599666742612,0.0486468170976038,-0.0287845547689778,0.0344000040410008
"SNX14","SNX14","blue","blue",-0.0291444709500129,0.317365121252028,0.0892583721246834,0.0282215476837184,0.126636912407807,-0.0932240211804077,-0.00865164550004551,0.00959586889474895,0.0981224278222384,-0.0218120572705741,-0.114546175083971,-0.0425256250822762
"VASP","VASP","blue","blue",-0.00426079242504082,0.272429975082703,0.111109071613772,-0.026611905222335,0.156112961823134,-0.139711663565238,-0.0470578212878535,0.0167043022970329,0.0146260626064782,0.0129071793204904,-0.0625766409614469,-0.0118738174674123
"SUMF1","SUMF1","turquoise","turquoise",-0.0351577747549264,0.0989395341664503,0.0950791170594326,-0.0263287452703157,0.154449748766187,-0.0855491079156244,0.022252001303217,-0.00391811785570817,0.0143145024268688,-0.050348094466248,-0.0316311628255926,0.0280310246665718
"WASF3","WASF3","turquoise","turquoise",-0.0397842687225193,0.0153678624909827,0.135626181945441,-0.0728345152429053,0.146083511063839,-0.0378177969406414,-0.0543541631433462,0.00120028670440364,-0.0245255206356778,0.0541524332521753,0.0218181278764676,-0.00514726712108563
"KIF13A","KIF13A","turquoise","turquoise",0.0149768482115952,-0.0442056357737408,0.0773467520639108,-0.012599661456544,0.170204713198743,-0.106927214118172,-0.122382729002631,0.0344845394407437,0.0424173869047783,0.0736970330795531,-0.0308180564786715,0.0332190273087164
"IDH1","IDH1","turquoise","turquoise",-0.00712962153937104,0.0124526963136983,0.0881987902910066,-0.0313782891428986,0.0946050511212568,-0.0882221622755086,-0.021435877324495,-0.000801411486871919,0.0199658286482956,0.0158477655974897,-0.0177783230162883,0.0759814123622006
"LRRC28","LRRC28","turquoise","turquoise",-0.0210416537840312,0.0475977158305059,0.0897872257578488,0.0077406245105732,0.159338341201627,-0.111566789076802,-0.0671525892850237,0.0191086300735171,0.035567595983377,0.0398401661838239,-0.0434131484707144,-0.002061955286321
"ARMC2","ARMC2","turquoise","turquoise",-0.00351253231624367,0.0956140004785434,0.0779569223747492,0.0298472599587004,0.150724349632431,-0.114122971093782,-0.0725404838316387,0.0284028097993294,0.016253490391732,0.0623025049845724,-0.0414565690120838,-0.0169537295299742
"AFG1L","AFG1L","turquoise","turquoise",-0.00596162204119051,0.0508638560990253,0.0800210472141466,-0.012611629788583,0.144422005286385,-0.108131315408597,-0.0421880220723178,0.0495871464869665,0.0242910778837061,0.0334397641019576,-0.0242395321122125,0.0273731935055506
"MNAT1","MNAT1","turquoise","turquoise",-0.0432743164276763,0.0490077183263278,0.175822040131655,-0.0379079533605579,0.299475128996251,-0.225876665159605,-0.103004775329701,0.0322726140844067,0.0330400619991494,0.0701190035057071,-0.0336176196043224,0.0679649633345654
"RFX3-AS1","RFX3-AS1","blue","blue",-0.026900957044702,0.147501311004762,0.0639737301887985,0.0567140283060759,0.111337935307465,-0.0597631227081933,-0.00696601405329743,-0.0278908857291568,0.024459648455994,-0.0424132264128264,-0.068734519089559,-0.03943192096975
"PGR-AS1","PGR-AS1","turquoise","turquoise",-0.0257609761641996,0.0623764966518606,0.127103640855998,-0.046456208042625,0.152936456907035,-0.0855799721399506,0.00408348272847236,-0.0184584671852654,-0.00641780263488727,0.0307896269963685,0.00332317908643637,0.0428983675083023
"PTPN9","PTPN9","turquoise","turquoise",-0.0266803229398508,0.0669126120494854,0.128345545062549,-0.0416649681885824,0.199818872610381,-0.129410843047505,-0.052883837358528,0.0455018407692302,-0.00927580047825785,0.0646686521800378,-0.0114920094042955,0.0170868201206413
"SDCBP2-AS1","SDCBP2-AS1","blue","blue",-0.0249383038613154,0.0759234515916293,0.0630759390950503,-0.00507981410244227,0.0493462756426231,0.00566128180161594,0.00372445762390442,-0.0120174759891587,0.0311344862889891,-0.00458298250471297,-0.00414642366590663,-0.0228975102618665
"MLF1","MLF1","magenta","magenta",-0.0503252776440462,-0.0190634881649969,0.0862008598777084,-0.00189595273909257,0.0724992041608682,-0.0546947561585828,0.0306699925444778,-0.0136730844868483,-0.0609959036893272,0.0371660367738137,0.104671684815977,0.199427600193515
"AL137009.1","AL137009.1","turquoise","turquoise",-0.0294034447948767,0.145464998763654,0.14232176857493,-0.0435787441495145,0.178452011952235,-0.120460614231655,0.0124713539537469,-0.0171891718651056,-0.0143790458177758,-0.00835093850349162,0.0191934087078136,0.0571697187688116
"FGL2","FGL2","turquoise","turquoise",-0.0522241234483605,-0.0649212529190851,0.227655118434434,-0.0837930918707901,0.18433019705395,-0.0991465379461241,-0.0205385942920523,-0.035738138882803,-0.131865210689834,0.33924307389071,0.278526760486142,0.148462574320057
"MVB12B","MVB12B","turquoise","turquoise",-0.0164166460638679,0.0501687589147402,0.108794698774512,-0.0395760391576018,0.159797536103492,-0.107477529513634,-0.0219152735027278,0.00748936829769729,0.00659426454833824,0.0411442376766116,0.01023456040913,0.048759945051909
"AC095032.1","AC095032.1","blue","blue",-0.0194993332373525,0.111481604200365,0.0571915532861601,-0.0151362433760634,0.0621801374948139,-0.0313968194761564,-0.000378125620918247,-0.00320253809195798,0.0176252974695271,0.00320258105892941,-0.0177859895218841,-0.0170099755050836
"AP002812.2","AP002812.2","red","red",-0.0201491546928356,0.147552662308478,-0.0101035757448626,0.0839979866564853,-0.0278741557396752,0.0411523202815141,0.120446193571971,-0.0202183328658392,-0.0135276357514382,-0.0992864862981618,-0.0231294541064647,-0.0352154307756673
"PTCH2","PTCH2","red","red",-0.0277398190892362,0.113580262009548,0.0581874780896832,-0.0304391126461903,0.00498434241114338,0.00557133680246654,0.142627597036816,-0.00192691835980877,-0.0669130954733804,0.0272099389603767,0.0410296152422934,0.0255148202055413
"QKI","QKI","red","red",-0.0611196811207829,0.041213855161114,0.0902055245674327,-0.11758727758784,0.034400809644459,0.0180654135415408,0.232085617233488,-0.0662611662704901,0.0132162613106154,-0.094097227957835,0.127515570891724,0.171557014407066
"C20orf194","C20orf194","turquoise","turquoise",-0.020222654595289,0.0620384402403292,0.193267385341005,-0.0742243271430804,0.316405140657082,-0.21858976708963,-0.105549615294235,0.028394706833209,0.0254493399989946,0.112547898452318,-0.00820672707671468,0.0331231121555461
"SNX24","SNX24","turquoise","turquoise",-0.0145402882654292,0.122645964160736,0.088273441647011,0.0421176673349403,0.133839899562123,-0.0851322751757271,-0.0828025409468209,0.0353631627348964,0.105962319588451,0.0649305355812152,-0.0751625189630521,-0.0435813670124068
"OPHN1","OPHN1","turquoise","turquoise",-0.0774886387330703,0.123708587622787,0.260790253699485,-0.179723095679576,0.418659518675015,-0.273934793392767,-0.0668509796124838,-0.0743221151217819,0.0620151722934054,0.0341427347024215,0.0143368319089875,0.103532739880619
"SCFD2","SCFD2","brown","brown",-0.0480504642776156,0.00994606130516434,0.00629519170514911,0.0232904849066809,-0.00907826432284307,0.0943175828340663,0.000253919565075452,-0.0249236964126995,0.0244772199451565,-0.0584442228257292,-0.0264724517777124,-0.0820625558096685
"TCF7L1","TCF7L1","turquoise","turquoise",-0.0479645692091336,0.067406384915467,0.178167798324056,-0.0846136122651848,0.269101915916894,-0.184504383445479,-0.0276985439813667,-0.00991491290134983,0.0381940977968896,0.0519303145467569,-0.0094581435683959,0.107386053213053
"ECSCR","ECSCR","blue","blue",-0.00958524790735657,0.213552402989473,0.0533944343029802,-0.0140242702158103,0.0348995218174631,-0.0179733693434253,0.0702884611798479,-0.00875166533665694,0.0208346189231239,-0.028391037556626,-0.0173957701259438,-0.0174970390998183
"ANGPTL1","ANGPTL1","green","green",-0.0331744621342312,-0.075139111026105,0.221126601743832,-0.119602541287496,0.198347934964672,-0.109752212720656,-0.0526402319746411,0.0322390202136367,-0.162005414505134,0.491340922355896,0.264030152687511,0.130163823998229
"GTF3C3","GTF3C3","turquoise","turquoise",-0.0177940153084646,0.0296491880557521,0.10418141625513,-0.0155576198657684,0.139959232812918,-0.0879190028817629,-0.0564382268140589,-0.00505008579174845,0.0399752881128498,0.0426311797673395,-0.0389373165956521,0.012829999685275
"NAV1","NAV1","turquoise","turquoise",-0.0523338007458925,0.116197016018105,0.118634638432137,0.0165425032141319,0.229362226154816,-0.139468007816749,-0.0863285632464416,-0.0520378705787999,0.136527068803067,-0.0134248632520506,-0.12361819710654,-0.0220310073935462
"L3MBTL1","L3MBTL1","blue","blue",-0.00184899677476946,0.31829072371703,0.117742780025995,-0.0145027748493932,0.161140877099753,-0.149871581462953,-0.0427898098172071,0.0127959826825903,0.0183392931869583,0.0188274465447332,-0.0586629608918832,-0.00454118952481348
"SH3BP4","SH3BP4","brown","brown",-0.0344297928285203,-0.00369234603608614,0.0472849658145917,-0.0297867585049456,-0.0448026114948696,0.098118257879924,0.0313607669830269,-0.00791012592709051,0.0582556896546547,0.048369069994516,0.0363083541981081,-0.0182071185595668
"ARMC9","ARMC9","blue","blue",0.00759834427498731,0.127241491953216,0.0428378805046809,0.0359786447208158,0.0878295130102572,-0.0848870753041101,-0.0218651319817978,0.053958327903825,0.0162887987678444,0.0352648806535265,-0.0515695451876294,-0.0113883802646272
"CDK8","CDK8","brown","brown",-0.0666197985830302,-0.134766282932214,0.0453745241788539,-0.0364624027203681,0.030390007838256,0.141424301581029,-0.0107482324475429,-0.0197452170467685,-0.0770497898590751,0.112742169380054,0.123496629424671,0.00299345016593829
"TMEM87B","TMEM87B","turquoise","turquoise",-0.0163627257511338,0.0692028293311524,0.112356044251102,0.0409799195298868,0.149982460631945,-0.112084436900102,-0.049599652740468,0.0867618279814845,0.0129167526284303,0.0999816184223279,-0.0149960246096801,0.0409449355296146
"BRAF","BRAF","red","red",-0.044466986090468,-0.133061505754171,-0.0914668219020215,-0.00695490497573089,-0.209546886362519,0.295586865156064,0.331555219541108,-0.0590852760752286,-0.0791395469773585,-0.129673031926351,0.177794125260627,0.0322220533995557
"AC083870.1","AC083870.1","turquoise","turquoise",-0.0227293299138255,0.0382252820656833,0.0868539611918994,0.0202144370006598,0.135071758109314,-0.080234071581415,-0.0614483308525538,0.0125571917361948,0.0315369598673653,0.0514734759324351,-0.033403861813096,0.00418974136418017
"APLF","APLF","turquoise","turquoise",-0.0280878383121496,0.0574444840052563,0.108024257262658,-0.000681166555574986,0.170922423605483,-0.0902098424777289,-0.0381019173603779,0.00186222014662607,-0.0113439262823457,0.0466841542900594,-0.00388432210128442,0.00226650841110812
"ACACB","ACACB","turquoise","turquoise",-0.0340180387025002,0.133059764981528,0.160525446663485,-0.0473601556812602,0.206628077365845,-0.147148576395582,0.0128257019747307,-0.0223153899103317,0.0283402100744606,-0.00254722795481873,-0.00794090752874952,0.0747747480382673
"CTBP2","CTBP2","brown","brown",0.0253545069454386,-0.0209822979414715,-0.0348912718397858,-0.0454622366863106,-0.0963687191620854,0.135966707371822,0.0850409219393139,-0.0436392079352297,0.0391597183196475,-0.101711238606873,0.00808770690051627,-0.0180505623739249
"AC027018.1","AC027018.1","turquoise","turquoise",-0.0123313085178966,0.0318439521517774,0.0848779695813749,-0.026413731803553,0.118575406046339,-0.0778341977292532,-0.031919290769757,-0.0123177190744022,0.0113360487717497,0.0239901097521882,0.00471123298838059,0.0245636312300807
"TSPAN13","TSPAN13","brown","brown",-0.0141722348424604,0.0462341427999942,-0.000754698603122065,0.0191864112739634,-0.0428115780599033,0.0831589705045781,0.0622688311149836,-0.0158422210715389,-0.000620577261012215,-0.03085640467204,0.0213271087838426,-0.0124676454138262
"ZNF423","ZNF423","turquoise","turquoise",-0.0231033129464772,0.0568970015672552,0.0935142069196412,-0.0053259535225715,0.108648524532138,-0.0660620770032894,0.00956560294678708,-0.0134986014392548,0.0668064600325578,0.00266737559591427,-0.0373958953640234,0.0217146100799437
"NMNAT3","NMNAT3","turquoise","turquoise",-0.018740199633489,0.0191391633011935,0.111670626397717,-0.0410217825689935,0.166493289671967,-0.0993304416595064,-0.0122762370531975,0.00517273284566058,-0.0351703296226365,0.0389592578851483,0.0390276348722847,0.0718006655249139
"GPHN","GPHN","red","red",-0.0767352653651972,0.0336257158986283,0.0682190978498976,-0.0919346039535211,0.0151102215346454,0.151674442799952,0.298964594280339,-0.15442217351088,-0.175114185367219,-0.18562042936346,0.21616702496336,0.0668511626129335
"SCN4B","SCN4B","green","green",-0.00764144024037243,-0.00413543193641129,0.00731570378557977,-0.00414437905916429,0.000184444149714193,0.0131037978207841,-0.00140185088757965,0.0053631784374981,-0.0133442249520957,0.0471998931194979,0.0200459374826361,0.00210543784692935
"ICA1L","ICA1L","turquoise","turquoise",-0.0235499772899994,0.0451116372634985,0.108965746285689,-0.0500133513007466,0.148070623418726,-0.102948545514164,-0.0213340071645067,-0.00739968077972527,-0.00741920096983457,0.0239415166791541,-0.00327683267456739,0.0281713259874856
"CRTC1","CRTC1","red","red",-0.0262004084733762,0.101593952947345,0.068892514867908,-0.0454364662795195,0.0294445332339005,0.0297691592438655,0.213714413212983,-0.0210967756107486,0.00427332612292438,-0.0656274250141998,0.0596676817040429,0.0440800341987988
"LRRC69","LRRC69","turquoise","turquoise",-0.00970359961473534,0.07882650884446,0.0793321130143794,-0.00327251276921868,0.111674105500617,-0.0681768710490865,-0.00406357215340173,-0.00530446996858446,0.015873690056727,0.0022885915754961,-0.0209005465451665,0.0153504339095617
"ETS1","ETS1","brown","brown",-0.0461638067693594,-0.146594530468486,-0.152995952818747,-0.0411353622062377,-0.373774747163696,0.551630344765995,0.121042572686663,-0.0918389295708475,0.00956445571856284,-0.0518422697908158,0.161337792602226,-0.227526331392023
"RHBDL2","RHBDL2","brown","brown",-0.0359724475630682,0.0142522988510713,0.0240539696180128,-0.0344714843478613,-0.0792123867513482,0.14746831831742,0.150333196954047,-0.0318653889355471,-0.0057617496241258,-0.0507571825730657,0.0712454855168052,-0.0233938401257058
"RBL1","RBL1","turquoise","turquoise",-0.0176118569396414,0.0547516783819974,0.0915539059471969,-0.0327346490770766,0.152785256165438,-0.10225922518357,-0.0573854538011415,-0.0051211389895049,0.023944420713355,0.0179253979159599,-0.0389611611038609,0.000114959704140143
"KLHDC10","KLHDC10","turquoise","turquoise",-0.00761225328810724,-0.0212787435169532,0.0902715228422668,-0.000452771119349061,0.133067707364497,-0.101192449501084,-0.0994259838052667,0.0631205203003847,0.0417280642954244,0.0750222058003741,-0.0567063506844588,-0.00323069957878767
"LINC00894","LINC00894","blue","blue",-0.0362099188652755,0.148026088095915,0.0691448223851639,0.0266148346851991,0.0984780748729276,-0.0388437248865646,0.0213448704502816,-0.00271193609527621,0.0181616244718122,-0.00216165918525108,-0.0114760551392753,-0.0117989384595908
"TRIM2","TRIM2","turquoise","turquoise",-0.026218382512978,0.0313541834318298,0.123630884734567,0.0129353892927776,0.179967821217415,-0.0858795358603267,-0.065525086785955,0.0110342354357194,-0.00292917906364894,0.063650910823158,-0.0115358695267761,-0.00420026206402054
"ITGA7","ITGA7","blue","blue",-0.00931568068897763,0.40118562012426,0.0796589874128792,-0.00523662458243451,0.0697368383100538,-0.0745912020824167,0.0311963371940739,-0.0031993392564267,0.0491358224491587,-0.0314008687023903,-0.0492185424130865,-0.0438098204028862
"SMARCA2","SMARCA2","magenta","magenta",-0.06235992449673,0.0646516625209504,0.110943383320939,0.00307512464758479,0.128466869454664,-0.0930687715924406,0.116724972920162,-0.0416359326064348,-0.0036832067250666,-0.02504440061793,0.0617516747917033,0.18379312973455
"BOC","BOC","turquoise","turquoise",-0.0438254901505725,0.0145611879171764,0.250402365381711,-0.153961457727378,0.239737951963256,-0.141891731159944,0.042933049135672,-0.0173819592436532,-0.0780305940304031,0.194049355320667,0.140274767891561,0.118844577340381
"RBMS2","RBMS2","turquoise","turquoise",-0.0206019059149828,0.0610331490201807,0.150273654759424,-0.0390198763168902,0.198189680751268,-0.141254859020897,-0.0337456541893956,-0.0219954676863822,0.0299500784892587,0.0276397749407931,-0.012188062010144,0.0427720168977996
"AC104365.1","AC104365.1","green","green",-0.0139229874621284,-0.0476960622645178,0.0435334990926492,-0.0112126115848241,0.0150298028089231,0.0088380222679577,-0.0113184882376225,0.013841701230728,-0.0313515387117896,0.0557684002135382,0.0416314002951707,0.0376509313036096
"ANTXR1","ANTXR1","turquoise","turquoise",-0.0315910727312907,0.0943183707388884,0.125414976600671,-0.0725096339071582,0.174980603701376,-0.112710278885372,-0.0577966467166762,0.123381749213337,0.111234553757733,0.151784386726204,-0.0506456735368032,0.01422588651711
"NUP107","NUP107","blue","blue",-0.0250066144536789,0.239961190734609,0.11658410080546,-0.0425124621138897,0.125822074683824,-0.0806238435618452,0.0204831200830593,-0.00512364412157233,0.0642512153704391,-0.0349550269637515,-0.044637362918969,-0.0457821410576098
"TNFRSF10B","TNFRSF10B","brown","brown",-0.0766986365830827,-0.0705469964742026,-0.0609991790898891,-0.00828020853009497,-0.228056161829545,0.336923294142212,0.270738856321596,-0.0823430048561124,-0.0387115593769188,-0.113889026605153,0.126248026933128,-0.000311570862544211
"AC064875.1","AC064875.1","black","black",0.0159149594910239,0.0134020517558574,-0.00623187434605611,0.0111497890498811,0.0190697160514092,-0.0309458336587871,-0.038915663385273,0.169536037701286,-0.0102919283888851,0.0622963766093546,-0.0273803687649807,-0.0205826294491642
"ZNF487","ZNF487","turquoise","turquoise",-0.0137091400004822,0.115838477451457,0.0760971631859463,-0.0394354720348145,0.0916993553743638,-0.0843258011630325,0.0336017358948704,0.00206496659984959,-0.0153817326141819,0.00313581063253448,0.0198990018147698,0.0543138358913636
"SLC13A3","SLC13A3","blue","blue",-0.0175792195189775,0.189458815113259,0.0462938260262193,0.011210250532794,0.0172334118885366,0.0233491386583987,0.0560543803730587,-0.00397359633539885,0.00320445889659719,-0.0178024004404632,-0.00615280273090896,-0.0419330126944915
"GBP1","GBP1","brown","brown",-0.0307228677371212,-0.0378691048237264,-0.0249913837947977,0.0461672791828722,-0.13993349783069,0.202136543391599,0.16276379388431,-0.0370743099598313,-0.0205878047160255,-0.071930692685677,0.0524718214129342,-0.0553564403248568
"LINC01006","LINC01006","blue","blue",9.30584733898874e-05,0.163291222193812,0.0145014508073108,0.0992466998444916,0.0438083170532989,-0.0421242710493684,-0.0163999976231008,0.0104319589333396,-0.006883777761247,0.00975898561911851,-0.0405261435392692,-0.0479930636191128
"HSD17B7","HSD17B7","blue","blue",-0.00871417465412188,0.44010740840264,0.0171314827708426,0.0754422018632094,0.0291604225455166,-0.0304601760719996,-0.0106111306452526,0.0119182952732049,0.107247773080288,-0.0539268116879678,-0.116981680965425,-0.101130170896106
"DDIT3","DDIT3","magenta","magenta",-0.010895521118757,-0.0054692913559042,0.125368440566932,-0.0401080289078068,0.103459143591808,-0.101595197925367,0.061480232965413,0.0151087846701812,0.00305101306124052,0.058340926337672,0.0696622701033727,0.205100502278708
"MTHFD2L","MTHFD2L","brown","brown",-0.0489943382748552,0.0212333366813015,-0.0610236508783406,0.0310767709510944,-0.172641244327434,0.290583565574032,0.0789327462021136,-0.0422250815956105,0.00785489690212269,-0.0815489571316842,0.00135255854343704,-0.146648954007921
"AP002381.2","AP002381.2","blue","blue",-0.021383132900227,0.108250761173513,0.052570556275641,-0.00207470409095687,0.0138844687345696,0.0245308126141253,0.102377115681424,-0.0172139715526983,-0.0100485190515407,-0.0480205895890524,0.0230946991304301,0.0175400596627229
"TIGAR","TIGAR","blue","blue",-0.0199733024409548,0.218460559003018,0.0667410351147942,-0.0225732917361203,0.0493263247239936,-0.0282310772307424,0.0163024650430021,-0.0070138462815942,0.0184827829968093,-0.0200903293365114,-0.0310611903551416,-0.0356886086110989
"TGFB3","TGFB3","red","red",-0.0467620998834144,0.0159889800006689,0.114131535418029,-0.0596268982809178,0.0194998693999528,0.0144971397986208,0.220603209696858,-0.00865206766979617,-0.0113251220755228,0.0409859496819192,0.128217668448868,0.134663892797125
"FBLIM1","FBLIM1","blue","blue",0.0128812994638405,0.134446823768215,0.0521096556315029,-0.0100417133176844,0.0322826777780148,-0.0213414167967697,0.0163320508422346,0.00809695282985443,0.0222864711095057,-0.00441014975463256,-0.022867350846432,-0.0203888852607207
"LYRM4","LYRM4","brown","brown",-0.0312786802963937,0.00138999444015842,0.00348547577814354,0.0626410391489134,-0.0383537338602219,0.10845676243672,-0.0147522134253514,-0.0123135716872199,0.0455285093848221,-0.00558562463944689,-0.019805116558095,-0.0629517004731028
"ANKAR","ANKAR","turquoise","turquoise",-0.0172471308750145,0.0687402159049005,0.16289209333636,-0.054904912837478,0.296469736013345,-0.210609655981464,-0.123021150789169,0.00790910682834444,0.0402238931532559,0.0381999136444854,-0.0763686846668203,-0.00353936099262918
"SLC7A1","SLC7A1","brown","brown",-0.0459542078678305,-0.0891948331358579,-0.0535039496976642,0.0349719548880308,-0.174181659702231,0.236585356037613,0.02639763999864,-0.0031616803383662,0.0811934193054111,-0.0188880001532146,0.00857918371739525,-0.0767838636937876
"MTMR2","MTMR2","yellow","yellow",-0.0192011658903189,-0.00124756492598831,-0.00348567546500303,0.10196912025635,0.00193034479592346,0.0403756741308972,-0.0603042415777761,0.0685543151138358,0.0212066849585688,0.0629811556863831,-0.0399060991494142,-0.0438449180772378
"DNAJC3-DT","DNAJC3-DT","turquoise","turquoise",-0.0100878320078102,0.0490942530145804,0.0644009495359135,-0.014471412196845,0.0959581932839635,-0.0837144886849324,0.0333469766587832,-0.0166341900632566,-0.0175627154383134,-0.0086238815769816,-0.000320269147502266,0.0803390189813041
"C11orf49","C11orf49","turquoise","turquoise",-0.0189602981408751,0.0908494454286429,0.115035476377947,-0.030812979794956,0.162638093113698,-0.119830520751759,-0.0111795061428124,0.0409015222686954,0.0325300398751177,0.0454576739199458,-0.0126791590786357,0.0431064082460053
"LINC02150","LINC02150","blue","blue",-0.00182500858272393,0.245342257622,-0.0116130731234543,0.0864461505765433,0.000369257912140006,-0.00508490849393024,0.0238981397946959,0.00635582210914546,0.0137420595428105,-0.0624610180582318,-0.0709488251306908,-0.0569509052034922
"PRDM16","PRDM16","brown","brown",-0.00924163035452919,0.0370032775733953,-0.00992728099640768,-0.00395599385489411,-0.0437524228564932,0.0551029052115895,0.0246641649034849,-0.00189009596114116,0.0442573892414045,-0.0345353414956642,-0.0312133609996012,-0.0303334954389909
"TTC13","TTC13","turquoise","turquoise",-0.011904748215203,0.0217460711902212,0.0902148488097074,-0.0289320556202863,0.135345655298683,-0.0950949332860181,-0.0618496398282769,0.0184162622122863,0.0169006086994993,0.0653512905444866,-0.0138202567929565,0.0131797312744746
"TOGARAM1","TOGARAM1","turquoise","turquoise",-7.95802635430505e-05,0.0162233094884419,0.0978669141988355,-9.16845165769506e-06,0.185209384999022,-0.127096228184231,-0.107674794734749,0.0374167887435281,0.0352568705014218,0.0140264381425384,-0.0885376189118009,-0.0224531923287338
"AL109824.1","AL109824.1","blue","blue",-0.00180414700754316,0.120163013617223,0.0281419454028605,0.0243158057996373,0.0206213111653271,-0.00246702396783248,-0.00354901254419453,0.0240441163129636,0.0144880031020395,0.0291083804794622,-0.0192028637760258,-0.0380542000414733
"CD82","CD82","yellow","yellow",0.0245740087938588,-0.00411963835465293,-0.0926065528908615,0.348415876095809,-0.0632866086121612,0.0255257272246939,-0.0362616934732886,0.038598087833401,-0.064054901615035,0.0193100884620157,-0.0301166722479626,-0.0376112124499671
"GRAMD2B","GRAMD2B","turquoise","turquoise",-0.0145974823523755,0.0169287693334912,0.110531520644892,-0.0389824223117572,0.177443948764054,-0.121728282480794,-0.0791891499886688,0.0831620646051448,0.0103323216579646,0.0445624182467561,-0.0554242986510454,-0.00110518097167467
"VPS13A","VPS13A","yellow","yellow",-0.0341935258664916,0.0324606334337541,0.0178730399300763,0.181065522973929,0.0709315899016063,-0.0191783204474231,-0.0634251595787717,-0.0138199413293838,0.0619005263468423,-0.00749404240716073,-0.0605489633220455,-0.039904520876044
"KIF2A","KIF2A","red","red",-0.0615633740669387,0.0383743027544547,0.0877858206301295,-0.0509851912695435,0.000392023343669299,0.0457688962309307,0.136480291616596,-0.0266766865064002,0.00879699132918814,0.000487968294410969,0.0765036049463819,0.0682931238600702
"CEP126","CEP126","turquoise","turquoise",-0.0187474695647612,0.0823770121218448,0.198209881776791,-0.0600402657864317,0.351545694455242,-0.259480466612918,-0.134529462623288,0.0812166317771429,0.0314596266058929,0.0807161586876432,-0.0784406831713043,0.0335711025382444
"C2CD6","C2CD6","blue","blue",-0.0193927945102657,0.162955765074976,0.0969418715380293,-0.0325518062057317,0.144064832702027,-0.116366317946747,-0.0264578987336151,-0.0042989944804715,0.0171821984094068,0.0203543179212148,-0.0277171163528601,0.00725642757292486
"AC008393.1","AC008393.1","blue","blue",-0.0074476456746382,0.355223463443552,0.0525353387348942,-0.00295210877253886,0.0408010996491431,-0.0438108638330913,0.0770705609366476,-0.00524991821968348,0.0283089948783091,-0.0456140614676154,-0.0556792145045518,-0.000591001028959665
"AL606807.1","AL606807.1","blue","blue",-0.0129310427006901,0.132641554237176,0.0676844627832618,-0.0150481196139175,0.0882092096207811,-0.0606271132915881,-0.0194905601329944,-0.000311566943618718,0.00753689007370012,0.00935891030001622,-0.0173552194871174,-0.0151811349589195
"ENTPD3-AS1","ENTPD3-AS1","turquoise","turquoise",-0.0174263068079424,0.116423628114376,0.0793163542838407,0.00757125564047979,0.126136609609756,-0.103799695046568,-0.0291158671699737,0.0099769758733136,0.0242875215975344,0.00935413755561638,-0.0387331283003413,0.0165202303821049
"PLCE1","PLCE1","brown","brown",-0.0340856756357119,0.0118391403014513,0.00356571112623981,0.0110939483109038,-0.0277016859646726,0.087111577100252,0.0111109566804733,0.030096005077366,0.049150019710524,0.0222819462687721,-0.00551986691978161,-0.0463786051768448
"KIF16B","KIF16B","turquoise","turquoise",-0.0392360700477591,0.0785078618611732,0.141951830885378,-0.0401227134083351,0.195551542265353,-0.0903388979372472,-0.0320088800757616,-0.0049401073836133,0.0304973298420714,0.0429885792456214,0.0055531528324927,0.0188628039421614
"FBXL4","FBXL4","turquoise","turquoise",-0.00946754539297441,0.0245214190548798,0.166373990750783,-0.0437018923332248,0.290775655498199,-0.209339146496528,-0.148295884026239,0.0210398651873789,0.0456742500406486,0.0709592719954451,-0.0747061231653656,0.0075588511563767
"ELK3","ELK3","brown","brown",-0.0610610258591959,0.0468811533547461,0.0206227481496644,-0.0399115433856923,-0.0841812953515824,0.189656135249736,0.111897921948845,-0.0493640044634228,0.0271757784504087,-0.0417176602837209,0.104168627912437,-0.0760469049994677
"NIM1K","NIM1K","blue","blue",-0.0119378607179493,0.196264143335615,0.0582419476557214,0.00946966765212146,0.0624948857904464,-0.046314720116821,0.00897973443906272,0.00893653531553571,0.00329001165547061,0.00357566593793762,-0.0186629738751075,-0.00151483085316138
"LRP12","LRP12","brown","brown",-0.0330715673181674,-0.0673039610223693,-0.0142464133501055,-0.00260772662893825,-0.0877051124565837,0.181290564335358,-0.0400728667421623,0.0479140233532977,0.052299711458647,0.182740737369695,0.0560919464334695,-0.0667812296125384
"FBXL17","FBXL17","turquoise","turquoise",-0.0686326049980753,0.103478634050278,0.112683716578999,0.0103080316080035,0.185000912217458,-0.0840015658066903,0.00137160821687458,-0.0207338081973832,0.0287007411590281,0.0299841166774145,-0.00388387688745596,0.0404114970303329
"CCNYL1","CCNYL1","magenta","magenta",-0.0667533406922004,0.00763199973944756,0.0872871203293458,-0.0301265342892512,0.0194700761209548,0.0171376488364333,0.168934037794761,-0.03171420842106,-0.0320681939173173,-0.0242460589649284,0.127835454049869,0.214490501463319
"HIST1H2AC","HIST1H2AC","magenta","magenta",-0.0226695913043774,0.0383264075799788,0.109141367891366,0.000465823888158072,0.11695515570328,-0.135524861758525,0.0277179611873614,0.00623067565205764,-0.0316790335828497,0.0227856574725484,0.0244750235313062,0.218057018165769
"CSNK1G3","CSNK1G3","turquoise","turquoise",-0.0311962648260389,-0.0112994880183092,0.111346260118413,-0.0104906830920348,0.144898256923319,-0.0787011823605819,-0.118092557764353,0.0470880915670467,0.0894944454930311,0.129297666132942,-0.0539474753870823,0.0210368793856224
"TEX2","TEX2","brown","brown",-0.0240770933708439,-0.00947542909797368,0.0313029547100277,-0.0100843313525321,-0.00795483297446271,0.0637519176010337,0.00138966227577078,-0.00379908169117211,0.00477413444075563,-0.00102114615326333,0.0165560308285008,-0.0331326257504531
"PCGF5","PCGF5","brown","brown",-0.0666703050159563,-0.103772861549572,-0.0602523229813458,-0.00371599597697747,-0.180578669449253,0.296595201327991,0.027238197081422,-0.0310135876905365,-0.0309746168319702,-0.0186771730303638,0.0838920713326828,-0.141430919119109
"LINC01138","LINC01138","blue","blue",-0.0343722699787458,0.217339969168052,0.103626571644303,0.00192993907687647,0.125749064271979,-0.0649374001177142,0.0369191076670515,-0.00797101906666732,0.0347913690502547,-0.0138353078134259,-0.0314812347544219,-0.0222529991596952
"TMEM241","TMEM241","turquoise","turquoise",-0.0242263386408534,0.140237396959756,0.0950112644545338,0.0497849701937084,0.173217078001594,-0.118760107464605,-0.0528252086240312,0.0305645847316331,0.082212076688723,0.0359356980530185,-0.0579744610848994,0.0150471821629087
"PIGN","PIGN","turquoise","turquoise",-0.0149199090247357,0.0771053270150945,0.126012064335444,-0.0242822317612828,0.227204756544787,-0.167037385854054,-0.0751715688457095,0.0263215080005033,0.013705748884204,0.0429670191835792,-0.0412814418900483,0.026498672535745
"CHIC2","CHIC2","brown","brown",-0.0618930791056729,-0.0622925179554419,0.00357597162929703,0.0258714606954432,-0.0497554650344614,0.138195871073659,-0.0346378845393593,-0.0086429704318624,0.075744483126803,0.0686087320984956,0.0328416858198257,-0.0318602260568135
"AC073167.1","AC073167.1","turquoise","turquoise",-0.00540973206086632,0.0612223717080685,0.091836407229369,-0.0208314156366442,0.139353320618318,-0.0941958928830035,-0.0503635919446553,0.0331365700887722,0.0061133162521364,0.0310930807693701,-0.02251830483798,0.0237726505109257
"CCDC69","CCDC69","blue","blue",-0.00509821434965801,0.0628517651047263,0.0388753706232322,-0.00361189836731363,0.0147412735310276,-0.00244060205656471,0.00911648646000655,-0.00847139472139825,0.0549823205867773,-0.0359405443147457,-0.0295824421776299,-0.00372579860100233
"DIPK1A","DIPK1A","brown","brown",-0.0476652538154193,-0.0196639134895995,0.0351530264308595,-0.0230388817708367,-0.0423045762327439,0.132442196207188,0.010534846659254,-0.0329168585163804,0.11814861025939,-0.0333527711089902,-0.00798881865515189,-0.0683779550007463
"FBXO10","FBXO10","brown","brown",-0.026351933372563,0.0674334104941197,-0.00755695711186988,0.0264111804315524,-0.0659609524441896,0.145521488494376,0.0465325597111771,-0.00263120521617714,0.0225601761879854,-0.0413465528138993,-0.0155383801285793,-0.101982699444465
"S1PR3","S1PR3","brown","brown",-0.0277344201539037,-0.0630432999527842,-0.0898999123076966,0.194818890577813,-0.154244979639395,0.190324347082762,0.0551603224732621,-0.00418149688920985,-0.00406129913972509,-0.0174125338162529,0.0157629072388108,-0.0569793561704522
"CHST3","CHST3","turquoise","turquoise",-0.0179558282691708,0.0127471866395686,0.0602949736638689,0.0377982161448365,0.0859499923631178,-0.0494091871003867,-0.0257345643148748,-0.00201962976974347,0.022776114229412,0.0281658819088874,-0.0103167402724994,0.0392562212543387
"HCLS1","HCLS1","blue","blue",0.0021009035148302,0.202929040596321,0.058826242188837,0.00451411043165136,0.0801006003032662,-0.0659855804854935,-0.00686543319626931,0.00744368611073448,0.0192649093991888,-0.0126590506133522,-0.0484305483882196,-0.0413959996561879
"SESTD1","SESTD1","turquoise","turquoise",-0.0660501625252398,0.0420011045258767,0.151756271175628,-0.11301894839159,0.200949640701825,-0.0941524716389671,-0.113023040568711,-0.0268304967376526,0.179523505945142,0.0250633132145282,-0.0873362882894346,0.00123663165288086
"MT-CO2","MT-CO2","pink","pink",0.428560175085535,0.0424740164631364,-0.228255549736352,0.13362522302416,-0.145931443621675,-0.142577171296964,-0.15481196471475,0.0852540688915916,-0.0448065440254759,-0.0938479906579773,-0.321566825625953,-0.142394663780074
"NSUN3","NSUN3","turquoise","turquoise",-0.00606897000815743,0.121094946414178,0.104643322526251,-0.017404877154603,0.165743794788372,-0.111787623260583,-0.0617070776693888,0.0235268665180804,0.0503376077713925,0.0338127356856178,-0.0580536792210008,-0.0264181318833044
"FKTN","FKTN","blue","blue",-0.00993459757964789,0.156635239058208,0.0850205066587865,0.00489585904374196,0.113592202064834,-0.063990587286632,-0.0840615011896972,0.00755485329201096,0.0629313840572061,0.0402576040205867,-0.0693905205792992,-0.0717678837349537
"ANKS1A","ANKS1A","turquoise","turquoise",-0.0397506626506979,0.123343411333986,0.159546150463169,-0.0681005015492037,0.229383245985807,-0.154559138116414,0.0188724975691892,-0.00176760299138969,-0.000829599202978221,0.0147019955151774,0.0137046120689261,0.0767642729072173
"ITGA3","ITGA3","blue","blue",-0.00923829912444606,0.192549730649984,0.0379261617380507,0.0227809788881584,0.043129075614242,-0.0370746058066894,0.00388540002673155,0.00188504612055557,0.00047783556401166,-0.010596372729953,-0.0228090120936082,-0.0126449298253301
"AL034417.3","AL034417.3","blue","blue",-0.0152785550611324,0.154388422962808,0.0529676918117915,0.0360444600199068,0.058807293624572,-0.0604038926099054,0.0382035468921765,0.00257392077277076,0.000869798005593099,-0.00962334985692192,0.00297842089641846,0.0691292704218643
"BST2","BST2","yellow","yellow",-0.00300160680521904,0.0249925104591397,-0.0437690200981282,0.196265808924187,-0.0826488463095651,0.0723829176978703,0.0197037041493559,-0.00869848624722801,-0.0110037074974004,-0.0707440575751616,-0.0389228264212808,-0.0513983758761924
"OGN","OGN","green","green",0.00142524005381947,-0.0580034190979949,0.0671013087327634,-0.0049737633168975,0.048309223866475,-0.0727880745868192,-0.154583675354667,0.147364166372558,0.0591097033140471,0.384083631266235,-0.0445845110124245,0.0176071222619785
"ZNF75D","ZNF75D","turquoise","turquoise",-0.0273902396531275,0.00198272939237753,0.0914224918218782,-0.0148183924079431,0.131832614700585,-0.0769812491076844,-0.0391264130534445,-0.00357259820425556,0.0283343183185952,0.0394594940134251,-0.0101329163138592,0.0252868152287931
"GSTO2","GSTO2","blue","blue",-0.016314328441356,0.16109242462967,0.00900189128921365,0.0223663530681635,-0.00289635066427063,0.049652434956549,0.00985683015953473,0.00254246753699513,0.0142323767655482,0.0148969234353575,-0.0184200310562344,-0.058958655491277
"PPARA","PPARA","blue","blue",-0.03500058881192,0.373769959879367,0.109177180569713,-0.0575816412901825,0.0947292902732003,-0.0486043328137859,0.165413908116061,-0.00122818560334573,0.0138075770906936,-0.0850521633477719,-0.0275334387112503,-0.0275027144294856
"MSH4","MSH4","blue","blue",-0.00981743101343412,0.169547161243991,0.0620372521105374,-0.0121804899153899,0.0748656570753032,-0.0464918412039458,-0.0173524226183189,-0.00547859110313009,0.0316693022586586,-0.0058487505037107,-0.0446229893688695,-0.0492187870905599
"PDE8B","PDE8B","blue","blue",-0.00857420270141835,0.120820396419576,0.0354918348469524,-0.00270637212219338,0.0513625621015391,-0.0397008295610415,-0.0209211232274254,0.0243932046436826,0.0251887953930367,0.0406587448407004,-0.017161806383373,-0.0235672693076418
"DMGDH","DMGDH","turquoise","turquoise",-0.0103509551953535,0.044000008527924,0.0975228699777347,-0.0229393125386147,0.142120724540589,-0.107010483444206,-0.040100306888842,-0.0148330798237975,-0.000268074477511442,-0.000369445354196719,-0.029254002407226,0.014765824720216
"LINC01004","LINC01004","blue","blue",-0.0405313010897869,0.419684127826456,0.123443353157099,0.0104299689228909,0.197969587929043,-0.186132646366061,0.112786887323747,-0.0146560234547224,-0.0196047949012975,-0.063545454135966,-0.0295926757645041,0.0892964408083157
"AC108519.1","AC108519.1","blue","blue",-0.0142903291999559,0.0790261439349275,0.0475707012718442,-0.034236424384205,0.045937277181568,-0.00874056640465403,0.0615494167505311,-0.0163967837866265,-0.0623334296019613,-0.0457939904310474,0.0280333250839601,-0.00876298472549833
"KIAA0408","KIAA0408","yellow","yellow",-0.00824107050972885,0.0177304166712065,-0.000398472478474425,0.146429134422977,0.00857767537360342,0.00139947650697454,-0.0186786521077503,0.000535331395611399,-0.0360841241611289,-0.00719274120599539,-0.0240509022335002,-0.0242166425027902
"AC053527.2","AC053527.2","turquoise","turquoise",-0.0124950788508337,0.0855967820644109,0.0724978915312126,0.00602238383214671,0.117159830230619,-0.0802259426022367,-0.00931748531692359,-0.0143784742266962,-0.00194837297523047,-0.010857780633206,-0.0340792238733138,-0.00495264146434265
"TBCEL","TBCEL","turquoise","turquoise",-0.0141549896349362,0.00984157625072552,0.0769977547426212,-0.0133648491962083,0.117394268701251,-0.0768395797083978,-0.0695561101579085,-0.00385162162234857,0.0178616419309701,0.0279995898658419,-0.0367259947337654,-0.0341228767521305
"ARHGAP12","ARHGAP12","turquoise","turquoise",-0.0323473369957762,0.0592949720760044,0.220545227060616,-0.0601885764310562,0.368422984142346,-0.282496066207208,-0.170210570477378,0.0268297252924429,0.132431569916915,0.0844515656942225,-0.106113092544768,0.0679256421436586
"AC026254.2","AC026254.2","blue","blue",-0.0147832602054243,0.411383733147015,0.106157275739994,-0.0325370389437628,0.120880014648914,-0.108265456934467,0.0466433928096987,-0.00175286317831401,0.0195954915352235,-0.0265721080775605,-0.0429458750728356,-0.000145340570091429
"AC124852.1","AC124852.1","turquoise","turquoise",-0.000330266990631435,0.0302358456725235,0.0871460088348453,-0.0261884773089807,0.118019713718043,-0.1002687683634,-0.00950098756180491,-0.0137708336920587,-0.0460280975356354,0.0293797026203512,0.0118482083484305,0.0389381081824945
"TMEM260","TMEM260","yellow","yellow",0.0203657894282687,-0.000703948649785251,-0.105753542028176,0.433911283668009,0.0173185558430134,-0.0351466641566928,-0.144089344680381,0.0565248237199794,-0.0410018538536943,0.0191637342373584,-0.141565526177304,-0.084916743563141
"RGMA","RGMA","turquoise","turquoise",-0.0352675072497871,0.0980842553446,0.269358426153347,-0.123613286991839,0.380940206948184,-0.29814703476371,-0.0538610673422455,-0.0435475950323271,-0.0271419554648177,0.105538616371034,0.0367485642009049,0.132027810360614
"ZFP64","ZFP64","turquoise","turquoise",-0.00359790535479515,0.0850040968139428,0.101895828853627,-0.0269830842794086,0.184681184554735,-0.149293063390598,-0.076649340191452,0.0435944232138498,0.0241538373971935,0.0562494702618439,-0.0530145891378571,-0.0125779910159438
"CFLAR","CFLAR","brown","brown",0.049612979225649,0.00756903799081688,0.00684434285094684,0.0017833197766732,0.0198343199235353,0.0663677529160725,-0.0358615131914497,-0.0402745103130877,0.0443713860428425,0.0180148123086889,-0.0246753849463658,-0.107003823079822
"UBE2D3-AS1","UBE2D3-AS1","blue","blue",-0.0274912122306586,0.19341849296784,0.0982591086855841,-0.0221135597516821,0.0810907889004896,-0.0470660748246727,0.0688616522204199,-0.0159236568015208,0.00751208658944108,-0.0246782017906759,0.00127816397982579,0.0507064971881257
"ADD3","ADD3","turquoise","turquoise",-0.0562754037031748,0.0331430465310533,0.241938539020844,-0.10841332363011,0.351111800920667,-0.266541077415272,-0.173659667302096,0.0289178440728108,0.156086679184847,0.193036727730516,-0.0653742432327526,0.0861810713177039
"AC023509.6","AC023509.6","blue","blue",-0.0179498927636607,0.344708085130546,0.0882447595829803,-0.0230010891080048,0.0823002234846929,-0.0752895831826175,0.0107847025937697,-0.00379943086033018,0.0199478537676472,-0.0254234328050629,-0.0378756920223049,-0.0494172017106779
"JAM2","JAM2","green","green",-0.0269345270657641,0.00361678149090653,0.0940829178013259,-0.0326671990416998,0.0674715545424549,-0.0163262607075703,-0.0168911693114879,0.00643833661204919,-0.0254788430750503,0.130738420613658,0.0451381214650544,0.0190044570932317
"FAM227B","FAM227B","blue","blue",-0.00768597807517003,0.156973667123504,0.0999734528878681,-0.0117745881363136,0.110430305432042,-0.0922258380251021,-0.0230167352316361,0.00640961932469764,0.02708931150204,0.00814411485006203,-0.0428947062855886,-0.0124827064370472
"ZNF235","ZNF235","turquoise","turquoise",-0.0163684281349289,0.141243344042697,0.145313305138125,-0.0437035357000079,0.186958602984781,-0.125699267242678,0.00680803001305638,-0.00105492673030285,0.00482869637767504,0.0368188701791849,0.0292343232857174,0.057241363671913
"C9orf153","C9orf153","blue","blue",-0.0247732953083694,0.167299864799668,0.0555748337265335,0.015203476097026,0.0411892630175899,0.0186749710242049,0.0258818227195491,0.0058348447860696,0.0187668072457989,0.0320314046362924,0.0158094993705655,-0.0199707212150843
"EEF1AKMT1","EEF1AKMT1","blue","blue",0.00102115983836055,0.128064366296828,0.07253801456824,0.0107994750841005,0.105763871115092,-0.0830284866250349,-0.0699006960522041,0.0371638797634888,0.0475059447778147,0.0183301464772798,-0.0715038054061546,-0.0403940151542387
"IQCH-AS1","IQCH-AS1","blue","blue",-0.0282972983444659,0.199886876216342,0.0911866115207798,-0.0535377219565537,0.113569470805396,-0.0556111458990558,0.0383175349942501,-0.0200072441634908,0.0222984911297315,-0.0600866443788291,-0.0342475553073264,-0.0198347157015576
"PCNX1","PCNX1","brown","brown",-0.0608307248841642,-0.0538427157459099,-0.0240346508437321,0.0637778226746469,-0.0595245473571701,0.146772304899837,0.0672294730157482,-0.00455847961064727,-0.0388797045640031,0.0383631213674992,0.0831775956835096,-0.0165249954758084
"CEP170","CEP170","turquoise","turquoise",-0.0359903112534369,0.0373276771308002,0.149841061177502,-0.0614914668716624,0.201211601302868,-0.145355196565691,-0.0110296233760614,0.0241159394321527,0.032746253135908,0.101832788580148,0.0516898288281061,0.0869951643031616
"ERO1A","ERO1A","brown","brown",-0.0595284598786673,-0.0660190540658467,0.058644665211808,-0.0497781608750916,-0.0525031518263991,0.128436176326344,0.11086480882099,-0.0465335485072225,0.0341400756556939,-0.00635716246756749,0.109091993503424,0.0421987087490897
"UEVLD","UEVLD","blue","blue",-0.00709868154024717,0.227463956120172,0.0879524193262052,-0.00622896319027662,0.11082385257711,-0.0796963906294548,-0.0678434284523123,0.0280361295710138,0.0727199801917688,0.0044843026656328,-0.0815143181770718,-0.0693918712632928
"GLCE","GLCE","turquoise","turquoise",-0.0171045291736979,-0.0018467379785723,0.164707312829493,-0.0549890912831879,0.208066289635067,-0.134084308868096,-0.0478110573352917,0.0620943159643783,-0.0501918492069316,0.144812891237767,0.0556887616808227,0.0737195071675682
"SUSD1","SUSD1","purple","purple",-0.0418971363843681,0.054553181523238,0.147665122329382,-0.0832986677156385,0.141100805612768,-0.0150898542806942,0.079887798066902,-0.0479386389134964,-0.125681364924566,0.0493215838555681,0.208442830955295,0.0292693311314461
"ZBTB38","ZBTB38","yellow","yellow",-0.0336038795420129,-0.00981254857702629,0.0289629415016546,0.105137496150386,0.0288456907880458,0.0168162181769695,-0.0206854245241722,-0.0104396004780147,0.0203166238881687,0.0305868915457598,0.0107098920991167,-0.0359177031025842
"KIAA1328","KIAA1328","turquoise","turquoise",-0.0536638041590354,0.154840363091396,0.121397414071872,-0.0666475902358252,0.155904937038626,-0.0836294973610434,0.052470117623374,-0.0183090245066343,0.0249806423089523,-0.0356869777054637,0.000583548949778043,0.0252346620045962
"SYCP2","SYCP2","blue","blue",-0.00990254779129233,0.138842135801939,0.0524519945029861,0.0181865828323719,0.0617087825147787,-0.0383154258949606,0.00501661331605376,-0.00680082608352349,0.010392231498077,-0.00951467019856632,-0.0202087937831641,-0.0187682414365681
"SLC20A2","SLC20A2","brown","brown",-0.0702777736844959,-0.014105802939816,-0.0362623809375192,0.0327851552555262,-0.113437872232901,0.245612170480432,0.0680498754035356,-0.0255284485961092,-0.0309340325105545,0.0207004763232759,0.113328246753089,-0.109888540476794
"RNF144A","RNF144A","turquoise","turquoise",-0.039635325719554,0.160171888441649,0.224681327060252,-0.132849645871921,0.358262487540661,-0.199239214802866,-0.0232417962601851,0.0120775511817941,-0.0804386852771143,0.0459764046141496,0.0623068063960795,0.0449965234611489
"CCDC88A","CCDC88A","turquoise","turquoise",-0.0071548381875603,-0.0170072566609239,0.0697637399071797,-0.00112225787925785,0.12588084763382,-0.0833980948507341,-0.064154456900542,0.140791062396981,0.0249445785994438,0.0764218137287955,-0.0269448858986967,0.0276857670902695
"PTPRG-AS1","PTPRG-AS1","blue","blue",-0.0301831177503824,0.106413013719475,0.0933626580664889,-0.0211015340713545,0.0677992642513823,-0.0157048872920194,0.0028993444908911,-0.0343041767144536,0.0384096726572373,-0.0305579169936637,0.012904774508048,-0.00132629402491509
"HIST1H2BN","HIST1H2BN","blue","blue",-0.00791289697872639,0.120016052269587,0.0371864287642727,0.0183909881403925,0.0507428068680002,-0.0640632472905439,-0.015136102742119,0.00610627175146685,0.0103768793762859,-0.00631940247896742,-0.0345841715525043,0.00694760307778725
"NECTIN3","NECTIN3","green","green",-0.0653373980930376,-0.0178389037537348,0.129637168321784,-0.0894878237666777,0.11703080196412,-0.0121516582846366,-0.00431866789851328,0.0108164162687464,-0.00160649984515323,0.158888573275533,0.102258908441687,0.0565237798429509
"NEK11","NEK11","turquoise","turquoise",-0.00583341104496433,0.161327391911223,0.115064748823499,0.00157396390923902,0.156380501984445,-0.108624775872988,-0.0350520885125568,0.0402058845332163,0.0500705779644769,0.0537442249931042,-0.025837401399954,-1.71430735259693e-05
"AUTS2","AUTS2","yellow","yellow",-0.0547270625360253,0.0330631547112256,-0.0615944799893617,0.171680569089376,0.0236259339089373,0.0423008753984503,-0.0562230009651549,0.0595186782850771,0.163850514756675,-0.0118449938753108,-0.108071943004779,-0.0524936467284667
"C2orf88","C2orf88","blue","blue",-0.00606968755858146,0.216418594562994,0.0966499281872852,-0.023698957069541,0.108405125618816,-0.0600866146896029,-0.00271354456302865,0.0091956251852057,0.0265692031896874,0.0302641733091988,-0.010983250590659,-0.0220668001594716
"STX6","STX6","brown","brown",-0.0250337438244039,-0.0324807983215147,0.0389941335838337,0.00945293980890524,-0.0192226114362762,0.079956159740769,0.0182832565453921,-0.000540515645970758,-0.00767606334484591,0.0123801111586361,0.0250304454610887,0.00285650485095667
"RASSF5","RASSF5","greenyellow","greenyellow",-0.0347388894815675,0.134772735353004,0.0340381057096718,-0.0106802106304961,-0.0373318120545042,0.0649519701749565,0.0656223578217669,0.0189500048634141,0.238968826522285,-0.0393526961121041,-0.0871024637845967,-0.0210281387013336
"NDRG3","NDRG3","turquoise","turquoise",-0.00844075413913356,0.108904607160041,0.104743426789766,-0.0321156934905252,0.131023561400002,-0.104258625970278,-0.0467600710363246,0.0144339160912464,0.0113497611856554,0.044004970875947,-0.0337224236110083,0.00668884487884496
"POLR3B","POLR3B","blue","blue",-0.0203542616897273,0.152675900200694,0.115816300128248,-0.0203468033292414,0.167130433407348,-0.11159860946635,-0.052793141436253,0.00351083529067252,0.044845313050461,0.0286603221588251,-0.0497902051548783,0.00323422982784281
"ST3GAL5","ST3GAL5","turquoise","turquoise",-0.0273628427487334,0.0514800336947898,0.143703892873269,-0.054442362937872,0.213797897205894,-0.159251810987461,-0.0889306075040759,0.00541253697708444,0.119860742353654,-0.00286593658878028,-0.0978597931581152,0.0107630465254838
"OTULINL","OTULINL","brown","brown",-0.0119805471782929,-0.00127058852273997,0.0332771425356957,-0.0099200121661807,-0.0193041057595158,0.0438882565161882,0.00959936576091807,-0.00414801939597024,0.0222744752319974,0.00265749909298891,0.0136479317184652,-0.0158828411389569
"COLGALT1","COLGALT1","green","green",-0.0414377903281869,-0.0209927831585876,0.122446826562039,-0.0366465959672495,0.0603022165014367,0.0185429908034753,-0.00187046517903039,-0.0135926752657889,0.018186503401788,0.109939325135565,0.0525736914518288,0.0308153638867856
"STXBP5","STXBP5","turquoise","turquoise",-0.0379692543705355,0.0524608018167592,0.123103206424661,-0.00997864673492389,0.22498484481021,-0.142816554053714,-0.0336650210411123,0.0392680994278862,0.0125732588949845,0.0461906946555399,-0.00402732433658712,0.0422209197475908
"MSANTD3","MSANTD3","brown","brown",-0.0206257387963381,0.0235238757859518,-0.0697179191399987,0.109066920751902,-0.153638905886437,0.196536724998638,0.108398373860792,0.00677453293685258,-0.0342062990676894,-0.0322263749473195,0.0302478732365068,-0.0948998432214004
"CYLD","CYLD","yellow","yellow",-0.0569908720591284,-0.0682755027734211,-0.0550251656938098,0.153482594356058,-0.114507725935893,0.171108575906846,0.101954985353763,-0.0127890703653933,-0.0442937164922981,-0.0190270253014453,0.0583526790922523,0.0244031119677872
"CCDC125","CCDC125","turquoise","turquoise",0.00674347187445135,0.0926011915699738,0.0848800978312832,-0.0268966244677846,0.12616075217325,-0.105992837855006,-0.0561423960946292,0.0115828345968509,0.0451556354183207,0.0318340891706922,-0.0445951879052759,-0.00129859025445283
"SLX4IP","SLX4IP","turquoise","turquoise",-0.0168747393711311,0.0573709164906499,0.087094217495205,0.020031511622853,0.144825110944726,-0.0987559380680109,-0.0575634890798708,0.0205277755716176,0.0404779184085381,0.056450400843267,-0.0220112585722843,0.0268123622955665
"ZFY","ZFY","brown","brown",-0.0272291391506671,-0.036736373931942,0.0277205674684245,0.00808430020721356,-0.0323593751571899,0.107547049791039,-0.000948538661383049,0.000224827404835355,0.0377335983921606,0.0277355412839124,0.0197963920539445,-0.0433796281533869
"MBD5","MBD5","turquoise","turquoise",-0.00879939404877459,0.0877587313466822,0.0954270745307496,-0.0222909540794292,0.219144480324691,-0.146712966062987,0.0149842064892547,-0.00538399309612812,-0.0342491610436903,-0.0169398261872722,0.00800481609807245,0.0568452251284116
"C12orf60","C12orf60","blue","blue",-0.00433463744097332,0.117518409240086,0.0427812841538679,0.0160770411235841,0.0687563676400627,-0.0719387898797113,-0.063618867913304,0.00680825252422887,0.00733596805831505,0.029560675902078,-0.0575319355237034,-0.0174064962701417
"LINC01278","LINC01278","turquoise","turquoise",-0.0197579232487332,0.0428170746965008,0.0973931604732305,0.0265632073981172,0.191469686275667,-0.121439183352774,-0.0871759379128967,0.0344954925295261,0.0581272541379742,0.0716933102769309,-0.0546317684429225,-0.00868115019920725
"YAP1","YAP1","red","red",-0.0662642519801729,0.0936706565764654,0.0865206915949477,-0.0195515918548925,0.0646017119330866,-0.0073066002309538,0.132532253751265,0.0218435974485426,-0.0351205738963458,0.0236936874976493,0.105474214481894,0.0587908851300108
"ATXN7L1","ATXN7L1","blue","blue",-0.0395729052597397,0.110537473613255,0.0697813195877316,-0.0140455994833656,0.0900216885622591,-0.000553528233505702,0.0761138618997956,-0.0229848593227139,0.00847319231739687,-0.0402074320472505,0.00761518142001833,-0.0129331572008578
"NUDT4","NUDT4","magenta","magenta",-0.0556578256624358,-0.0439884536144608,0.0649207327796414,-0.0325954218443026,0.00507640515542157,0.01118058631798,0.111852365206236,0.00891846374895996,-0.0772722687124131,0.0176248666100828,0.141097369699244,0.278345376319714
"AL592295.3","AL592295.3","red","red",-0.0278900989049166,0.0415541416500497,0.0506460228032633,-0.0386624818340419,0.00283205797943395,0.00924650996337753,0.145578441156061,-0.0245536624540315,-0.0180300282268959,-0.0292275864613542,0.0553523460418783,0.058142346937927
"ITGA11","ITGA11","turquoise","turquoise",-0.0488132318512049,0.102739951529964,0.219653789606426,-0.115615542802616,0.261104639566608,-0.169678758505327,-0.0713802194928085,-0.0523198695441984,0.235836286155278,0.0582768972559267,-0.0788175587585895,0.0101938856940074
"AL117190.2","AL117190.2","purple","purple",-0.0591157231922428,-0.103390612022961,0.0403642411501375,-0.0385242152167091,-0.0503166141869083,0.109233718481303,0.116793358000143,-0.0113268539909309,-0.0164851256618407,0.00887128371168586,0.219840715581998,0.0917357197387883
"LZTFL1","LZTFL1","blue","blue",0.00385338864418559,0.159778989716975,0.0882333491690835,-0.00520703004729922,0.109475858411085,-0.0790784340861989,-0.0363054238531434,0.0279443607834833,0.0386238975888097,0.0365937732709825,-0.0328477661810994,-0.00975643011779265
"AC104806.2","AC104806.2","turquoise","turquoise",-0.0245942846855697,0.136545379379196,0.128908369211914,-0.0115715158380435,0.175059810275026,-0.0981542971526551,0.0159253616922046,-0.00128596573840473,-0.00763088453641844,0.0381649386083974,0.0359464407707717,0.0177912055171147
"RNF214","RNF214","blue","blue",-0.0186071231244561,0.230085299075626,0.107554047363916,-0.0237534562161587,0.108088146406081,-0.0743581329951411,-0.0096085403747,-0.00172933141112257,0.0503325822228161,-0.0210086271618355,-0.0542171301481472,-0.046709898397295
"FOXC1","FOXC1","yellow","yellow",-0.00296759846379626,-0.0318158755610634,-0.116830658176518,0.351167087405226,-0.144909988346107,0.121829620849925,-0.00420227086560814,0.0184126872554902,0.0302143659289095,-0.0373465036047037,-0.0689638218617476,-0.0449486993361742
"FSIP1","FSIP1","brown","brown",-0.0235273440723727,0.0187676234556005,0.0239910044122958,-0.0145429666804857,-0.0312343469366116,0.0614377821184652,0.0252868000280578,-0.00497536864516884,0.0389238585422467,-0.00918431599100981,0.010107420855331,-0.00672261924775363
"ACYP2","ACYP2","turquoise","turquoise",-0.0512495939005489,0.125341789097864,0.0964684793436054,0.00900428253458799,0.16866540653661,-0.0728016440697703,0.00309023842076487,-0.00918696745950332,0.0164597593810127,0.0169406902109446,-0.00640102741188781,0.00551098730159346
"RHBDL3","RHBDL3","brown","brown",-0.0335501415959131,-0.0143386904410177,0.0106320673944763,-0.0236301869201346,-0.0529444817157987,0.0877617408458306,0.0953905322448732,-0.0121061672033446,-0.0362613579349683,-0.00956736396716775,0.0860166042541403,-0.000890479517344139
"GALC","GALC","turquoise","turquoise",-0.0157252825901631,0.0683516186222831,0.141465362302051,-0.0222479698950359,0.162567011108394,-0.091501713080102,-0.0586402044691896,-0.00130624432691403,0.054204473357562,0.0644538605915587,-0.0232641423560211,0.00260662144750095
"AC020611.2","AC020611.2","brown","brown",-0.0262655658983509,0.0146063193261295,0.0433016780033537,-0.0346917036710149,-0.0130719581877308,0.104448912846258,-0.00323965412024881,-0.0283719365736116,0.0179156077693863,0.0102291943815886,0.0330708951468599,-0.0614257668243394
"USP49","USP49","blue","blue",-0.0212468482638593,0.18883428976891,0.071795202737668,-0.0133202647272646,0.0641211281355694,-0.0186696113026499,0.0692558165755176,-0.00365842232352989,-0.0192184824959563,-0.0294635171438724,-0.00587834176961653,-0.0345909654770605
"AC097460.1","AC097460.1","blue","blue",-0.0084693869711835,0.0785231898089363,0.027873567587158,0.0420298210099797,0.0530491837508661,-0.036180825938012,0.00341188587644429,-0.00717342031946833,0.0219955579501607,-0.0172951492470764,-0.0262430805055622,0.00451978831350645
"NID1","NID1","turquoise","turquoise",-0.084579736403359,0.0567222351814888,0.249762762257396,-0.163568626823742,0.249963526761499,-0.126912463529068,0.0266377825832105,-0.0395057387799985,0.0489697749394478,0.15744795469723,0.136864238697377,0.154052896173496
"TNFRSF19","TNFRSF19","turquoise","turquoise",-0.00840740670340288,0.00807168028970053,0.106981425807052,-0.0189694554840044,0.206123233618557,-0.137417653586659,-0.105388848723998,0.130973486918553,-0.00863414372474099,0.100590300161194,-0.0110757952737098,0.0111996513537446
"ST3GAL3","ST3GAL3","blue","blue",-0.0230277128412464,0.179689985483155,0.0646042449087775,0.0370042267216799,0.104795436721677,-0.0513349331254574,-0.021483485160558,-0.00521112044472795,0.0355942743025511,-0.0131808525061557,-0.0597346899399465,-0.0481250081569432
"IFI16","IFI16","red","red",-0.0794528607337961,0.17847012531005,0.0824905641752005,-0.161607328757147,-0.125597071106323,0.156909160958704,0.42651095489029,-0.11014154718869,-0.0513428682466743,-0.115444556251756,0.27159683315168,0.0737597468284251
"AC243964.3","AC243964.3","blue","blue",-0.00323716300435489,0.0927470663997766,0.0372255314516137,-0.0149315021667032,-0.0120807267601497,0.026720265576411,0.0800401889382832,-0.0123802380789128,0.0172401544538764,-0.0435611704935683,0.00626070505085958,-0.00299308065302793
"MIPEP","MIPEP","turquoise","turquoise",-0.0111211670220475,0.0343971875324845,0.0783376118890657,0.0130030827450001,0.137631243394977,-0.0844690391285533,-0.0769559897066305,0.0204501137670724,0.0221701513798145,0.0572761134128024,-0.0395203270006578,0.0025351049679846
"ADAMTSL4-AS1","ADAMTSL4-AS1","magenta","magenta",0.012402436369026,0.185496675538058,0.0617328625571512,-0.0479154555979505,0.0885519232043423,-0.146592392698723,0.176814784466143,-0.0163188636465904,-0.0549289060786937,-0.061446659984235,0.050030723384092,0.294201302903281
"PTGIR","PTGIR","brown","brown",-0.0219971071709512,-0.0448509345048795,0.032410401338264,-0.0456653546180837,-0.0501989351019778,0.112557406273394,0.0868068763591274,-0.0277556438214519,-0.0627166795201872,-0.0248492892704767,0.0962878830672414,-0.0224311503591255
"HSPA12A","HSPA12A","brown","brown",-0.0762961738470958,-0.0435927974233391,0.04059210758961,-0.00479580420106363,-0.0529349896682193,0.149381385340509,0.115009054612916,-0.0391943757690635,0.0309802946990463,0.0194510706944391,0.117074268008811,0.0264536123414559
"ORC5","ORC5","turquoise","turquoise",-0.00484697515454081,0.00274739259549996,0.0998920282637094,-0.025837353113195,0.208826688429272,-0.155464492483704,-0.122263256340605,0.0104929356677398,0.0297331695105995,0.0518561747866952,-0.0751200402195004,-0.00428094757860528
"CHST7","CHST7","brown","brown",-0.0349550919862072,-0.0525192802514465,-0.0183997500988427,-0.0217681370764108,-0.142261103466338,0.238748003417721,0.0147083863523347,-0.0453896463955199,0.0682981401271028,-0.0458166301756408,0.0227820441415078,-0.116415107798759
"AC012063.1","AC012063.1","blue","blue",-0.0163659536427478,0.0984716006741349,0.0418865609293545,-0.0124058111527263,0.0441309790583649,-0.0190779395826851,0.0116916129032637,-0.00907805482461072,0.0253673901250924,-0.0153855417750258,-0.0123580509838863,-0.0179470987293461
"KIF1BP","KIF1BP","blue","blue",-0.0350414365230856,0.252253214974254,0.0597807955589735,0.0106072731762454,0.0230407661853682,0.0183408787167498,0.0846631721632502,-0.0227292098463937,0.0344722190261189,-0.0513711489045592,-0.0234374759597102,-0.0346127548834464
"ARID4A","ARID4A","turquoise","turquoise",-0.0189667304411663,0.0379708420147649,0.132165497535111,-0.0332508659840576,0.17457624049978,-0.154005002885101,-0.0397378869203183,0.0242497853000652,0.019302452527724,0.0109386679940881,-0.0432990619751482,0.119953555785897
"AC005759.1","AC005759.1","blue","blue",-0.0191846941692675,0.277626543077476,0.0658928295801104,-0.031696809823231,0.0373522037321199,-0.00571009548932852,0.153340375330181,-0.0120882169677026,-0.0626803206523837,-0.0504594358364437,0.0291110194752408,-0.00976465849876481
"RFLNB","RFLNB","black","black",0.0156448200076656,0.0185417034666764,0.0151212693152202,-0.0174031446653151,0.0206189573603077,-0.0294473258585316,-0.0430350028641043,0.372196709991683,-0.0286270845571538,0.102545743294212,-0.00883665124461434,-0.00830142501851051
"PTPN6","PTPN6","blue","blue",-0.00771773293352317,0.299949770797246,0.0505377201436833,-0.00664817333374103,0.0677430180908486,-0.0701647424388003,0.0810561166141675,-0.00129062838430627,-0.0140563484637661,-0.057432224031543,-0.051660561986699,-0.0177259509112373
"LAMB1","LAMB1","green","green",-0.0757454836659408,0.03127604540031,0.192105481549985,-0.0906670931749109,0.164882100586451,0.0226826486657635,0.0318373254284813,-0.00280370734864999,-0.121332937531826,0.355124822520899,0.248621156247211,0.0134775251379747
"AP002518.2","AP002518.2","blue","blue",-0.0442765148224656,0.294792609512641,0.155120554282318,-0.0915463314663571,0.101455683928953,-0.0914726533397618,0.231738118212023,-0.00704266581505025,0.0018873212989984,-0.084955696498782,0.0729931318131981,0.142797769680914
"PTPN4","PTPN4","turquoise","turquoise",-0.0243108496925824,0.0454770224246799,0.0997639133802877,0.0119468401769623,0.178342329707217,-0.105393550333139,-0.0583106544210058,0.0150679045792983,0.0330112748391699,0.0131674070867754,-0.0550487353712038,0.0268430384919732
"LCOR","LCOR","turquoise","turquoise",-0.0461679100473542,0.103442106475645,0.145779947176674,-0.0678064971866661,0.201328133677476,-0.136321885784444,0.0107893629048037,0.0170746203752577,0.0293747673571908,0.0245704908587746,0.00221611604592425,0.0881590314378091
"BMP2","BMP2","brown","brown",-0.0693282729404726,-0.0746636030473747,-0.000973455827898336,-0.00144669142072083,-0.150239917819211,0.290817440932485,0.176321279804049,-0.0400887752739934,-0.0975683351675751,0.00816763571242768,0.222376145195232,-0.00767403350566658
"IFT88","IFT88","turquoise","turquoise",-0.00225334113247461,0.0456471349070912,0.096415051926986,-0.0265758416224312,0.187118491698896,-0.156074921636184,-0.0981293780839491,0.0400685562227498,0.00719989274837553,0.0358570633412983,-0.0625032284458336,-0.000551630598019536
"AFAP1L2","AFAP1L2","blue","blue",-0.0168418324361565,0.224766895600091,0.0685095084083821,-0.0115585141472535,0.060664711826209,-0.0423732260532425,-0.0515860946631862,0.00837723231956964,0.145421786267343,0.0162945951076361,-0.0700403087848341,-0.0541807706719526
"CBR4","CBR4","turquoise","turquoise",-0.0256606591687511,0.142955072735775,0.138497815794895,-0.00724093745026694,0.226554939367856,-0.156142565933514,-0.0674979878999694,0.0295183719546496,0.0192306507556704,0.0454670430371362,-0.0352661375265383,0.00242759158259147
"SNAPC1","SNAPC1","yellow","yellow",0.0320937273124096,0.0165198312564218,-0.00739856716624779,0.189424713651568,0.00521460913736703,-0.0107576680712055,-0.0515397561427661,0.0353958776623652,0.012310641016969,0.00533582857063715,-0.0607461067231201,-0.025968945746347
"DOCK11","DOCK11","turquoise","turquoise",-0.0221697801751612,0.0306693196461546,0.13083431488347,-0.0677933440339629,0.187384103080105,-0.120077726720189,-0.0826894027996775,0.08523074845579,0.0904120425866234,0.07912290884706,-0.0263973310659061,0.0345348914355035
"KLHL20","KLHL20","turquoise","turquoise",-0.0200709405636378,0.098987139847897,0.118866629515343,-0.0223848738835291,0.137388429473283,-0.0830981356274699,-0.0129397040785642,-0.00168450632304558,0.039647899600395,0.0272057161460971,-0.0212736681783417,0.00667148164188346
"VRK1","VRK1","turquoise","turquoise",-0.0142131832838683,0.0171907205033197,0.0662573045298859,-0.00401338892615522,0.0960139063686072,-0.0592034316963967,-0.034861969190566,0.0143169363782514,0.00392204183676133,0.0314924266267967,-0.019142862512171,0.00625870256326845
"TBL1XR1","TBL1XR1","turquoise","turquoise",-0.0170749353855877,0.10758842345329,0.119861590518688,0.00818744763963751,0.26898770530159,-0.209477846936648,-0.107754661530773,0.0349977635235911,0.0269068332606747,0.00154141848294415,-0.107047077918494,0.0310472259771008
"NIPSNAP2","NIPSNAP2","turquoise","turquoise",-0.0204831542545196,0.023524760636479,0.123535407198429,-0.0266510392699556,0.167958499239526,-0.114139492830196,-0.0972251584039033,0.0143539067781881,0.0480405793231072,0.0550712749918515,-0.0507788218410865,-0.0143531627866972
"AC015971.1","AC015971.1","turquoise","turquoise",-0.0322178963365317,0.0401054739740893,0.126739705201318,-0.0490177726434206,0.125803643863234,-0.0968396527537002,-0.00372660245952723,-0.00584756847016852,0.00225473354166485,0.019838489071915,0.034030199623621,0.129531984589423
"FOLR2","FOLR2","pink","pink",0.0682309912707613,-0.000915327121489777,-0.0140015903116864,-0.00442534897904744,-0.00957502969999118,0.0146038553160732,0.00608344653823227,0.0220200113974938,-0.00169573659158721,-0.0149955975211177,-0.00130802436524867,-0.00363451644372653
"RP2","RP2","brown","brown",-0.0383573163584712,-0.046335214383018,0.0646365077371866,-0.0292716807898656,-0.0115970513232327,0.0746861970478547,0.00792669485738175,-0.00723981992194653,0.0167253153239037,0.100066144690686,0.0814187004595007,0.0407431140650309
"ADAM32","ADAM32","blue","blue",-0.0206162665593383,0.220950325758486,0.0589125517040852,0.0845570850500602,0.0913366308700916,-0.0541595760956418,-0.00612258539161037,0.0124532639698562,0.0671915862920507,-0.010981450787882,-0.082497529225587,-0.0451278906915216
"DCLK3","DCLK3","green","green",-0.0168865872977401,0.104480470902757,0.00377176949083026,-0.000378622142028725,-0.00149673569419959,0.0202747131448815,-0.0159080530610188,0.0045632329870428,0.00589188936397396,0.0678593850665779,0.00416549422891683,-0.0461019555564464
"BCL2L11","BCL2L11","yellow","yellow",-0.0204809693272343,-0.0147669892110098,0.0200372112758624,0.111842247895348,-0.0135317258915142,0.046674686871459,0.0488794292720897,-0.003610808438392,-0.0232525586579532,-0.037096078112959,0.0312182982590369,0.0494040410891482
"ZRANB2-AS2","ZRANB2-AS2","blue","blue",-0.0387961809642184,0.162029133892433,0.104956930723241,-0.0337671569201547,0.0713746904322872,0.000684222961537587,0.0425077118582579,-0.0200435287173,0.0427836400316297,-0.0170252819835102,0.00684101360146427,-0.00574003063661177
"LYPLAL1","LYPLAL1","turquoise","turquoise",-0.0148712774767585,0.0490775053275024,0.150209960021233,-0.0449555010059771,0.27285776989899,-0.209771730753835,-0.150358752246342,0.0423947741277799,0.0312482070635762,0.0859165549118346,-0.0771422926132974,0.00152317479356283
"TFCP2","TFCP2","turquoise","turquoise",-0.0267572949384589,0.0247994331113246,0.0893184412677281,-0.0129813219136026,0.1272987766945,-0.0608822521930036,-0.0158416552344889,0.0057885850760952,0.0133094225128615,0.00392157121452596,-0.0215326157440087,0.00351243954095532
"AP002518.1","AP002518.1","blue","blue",-0.0148602465565763,0.382020025617442,0.0654924498475427,-0.0288465456787268,0.0343192198289824,-0.0283637654424306,0.0546181925091466,-0.00364994257965739,0.0176775560487622,-0.055686734590218,-0.0333069994655171,-0.0667271609764598
"ITFG1","ITFG1","turquoise","turquoise",-0.0355921357577958,0.0818587149794864,0.156496812684531,-0.0369838594156733,0.257298925690963,-0.177446500632485,-0.0579202152065412,0.0160142129891638,0.0427059156807993,0.0678365655378152,-0.00977114654970104,0.0534095177972832
"AC093675.1","AC093675.1","blue","blue",-0.0110473346774295,0.284535449952834,0.0984655670929433,-0.0274285136174497,0.110458429442575,-0.0973599912405124,0.0186038919182736,-6.90033998952286e-05,0.0182105018077166,0.00113272769464226,-0.0306447033995951,-0.0261061330480438
"SCARF1","SCARF1","blue","blue",-0.000699658131092004,0.0592995632731096,0.0304506119627095,-0.0125490899740029,0.0212378057502281,0.000973649578791181,0.0306819995196697,-0.00586609202457492,0.00742108656050628,-0.0118544849555289,-0.0101400992328789,-0.0108127775006499
"MCPH1","MCPH1","blue","blue",-0.0407144556555218,0.140598511703811,0.0978728054496938,-0.0183559428156925,0.130349076775996,-0.0696498191056885,0.00619403051945794,-0.0238781066331894,0.0352815204961349,-0.0393990540422514,-0.0357609562938907,-0.0125329390177898
"RUSC2","RUSC2","brown","brown",-0.0517277294782706,-0.0608913469109641,0.0548175945924106,-0.0452922528641901,-0.00681364450525482,0.0955598268603597,-0.00862510981385236,-0.023155110843639,0.0521217478344606,0.0202431989503564,0.0263952642549787,-0.0302245461963418
"TCP11L2","TCP11L2","turquoise","turquoise",-0.0345576806285147,0.0731270414633038,0.152498644028276,-0.040740492575473,0.217776367550882,-0.134818665122309,-0.0363549902061717,-0.0169162092969771,0.0244926504470722,0.00719896286185779,-0.00909788838037868,0.0779250676042542
"SPTBN1","SPTBN1","turquoise","turquoise",-0.0538315957188576,0.04354661102489,0.258508934942136,-0.216561550949579,0.32577904125212,-0.231597550189209,-0.106193535840816,-0.0637146409958426,0.143070717852199,0.104208580917947,-0.0380797937328976,0.0654922432520559
"RILPL1","RILPL1","turquoise","turquoise",-0.0230546488958479,0.00851087044683351,0.101586698640158,-0.0191124183295158,0.107118203715239,-0.0424557372650716,-0.0411614081941793,0.00107138165441765,0.0304326491533738,0.0437965220169474,-0.0098359397502322,0.00652814116378233
"SPATA7","SPATA7","turquoise","turquoise",-0.00601451158952959,0.0523064313180857,0.127044980816392,-0.0169454583550477,0.232769045608256,-0.184013386137211,-0.122079752535698,0.0416261762995756,0.0410306882860535,0.0699784501413776,-0.0731756620598107,3.39283434836216e-05
"SCML2","SCML2","brown","brown",-0.0269052425885562,-0.0559067243812185,0.00754123364836673,-0.0305851991411962,-0.0627727384380715,0.121013666152644,0.0236289161857659,-0.00292147983505174,-0.0104449687686112,-0.000389987378042915,0.0453219158296359,-0.0423472045787547
"AUH","AUH","blue","blue",-0.0190417515338403,0.390372279537387,0.139342649762928,-0.00727413964291008,0.228878116887486,-0.192058522000207,-0.0728367624496026,0.0106455635295603,0.0142919039183673,-0.0267451352621837,-0.117785685754024,-0.0505472339901159
"ADAMTS2","ADAMTS2","yellow","yellow",-0.0133215972169622,0.0548738752429228,-0.0279941073103203,0.153204101063547,-0.0319187734278282,0.0609010951139261,-0.0423162791503057,0.131914754750002,0.207942760462658,0.085714614190657,-0.0918889718460304,-0.0498495690702766
"AL138720.1","AL138720.1","brown","brown",-0.0351507468694621,-0.0338273342949422,-0.0209195074292379,0.0119250326886718,-0.143189821302453,0.223230351123794,0.1108608816615,-0.0324113480642968,-0.0104876467439792,-0.0538598859919647,0.0830180779814074,-0.0555979009786831
"CHSY1","CHSY1","brown","brown",-0.0641253363617302,-0.0366043563840244,-0.0693761655233344,0.0502855520961732,-0.200338302384229,0.318099703340161,0.20310542427383,-0.045906422046686,0.0463744903941436,-0.0810577540076116,0.0820972158148778,-0.0389980377789595
"MICU1","MICU1","turquoise","turquoise",-0.0239225564345301,-0.0219148576513188,0.117975614309696,-0.0617046722428622,0.162883261616515,-0.0850907165722458,-0.0472110225496473,0.0831156915667762,-0.0229786014369707,0.119556219498762,0.0541076089134608,0.0587581203884913
"ARIH1","ARIH1","magenta","magenta",-0.0610074139889521,0.0301434955402643,0.0694141589427659,-0.0288573581591987,0.0347898744730608,-0.0449466454906232,0.347397561098795,-0.0582774333842842,-0.111216015384732,-0.101227915428912,0.213138733027673,0.410810575840678
"TMEM38B","TMEM38B","brown","brown",-0.0516922581530721,-0.0481919526152408,-0.0265284203676891,-0.0202135994013975,-0.167455425787557,0.275036042651359,0.0560505003361639,-0.03569360681799,-0.00561084005023323,0.0228669946527621,0.0759075483913128,-0.100565132786861
"TNIP1","TNIP1","blue","blue",-0.0304756349661887,0.234915886975975,0.123440588282509,-0.0204773845745819,0.119469885556919,-0.0621894240773237,0.0522802675562484,-0.0228211092135528,-0.0138351341480695,-0.016354682086262,0.0100527917236214,-0.00174041996551248
"BMP2K","BMP2K","green","green",-0.0675573119845187,-0.0296135290121866,0.0600197798123892,-0.0430482976941017,0.0190053528429191,0.066349931507615,0.0580352763217506,0.0229183033866968,0.0580644481950649,0.0961980453688636,0.119327715906659,0.0388325322247874
"MRPL18","MRPL18","turquoise","turquoise",-0.0255971265809245,0.0234317605576905,0.142018993033624,-0.0198050827289144,0.140121626937158,-0.12103379928816,-0.0385447252801946,0.0176159882666435,0.0146999787935057,0.0974007664988799,0.00217540711239569,0.205674148978839
"CDKL1","CDKL1","brown","brown",-0.0577100192335996,0.0835833446260961,-0.0256929134606691,0.0175096063442623,-0.110146835144833,0.233904457217718,0.0177253304933377,0.00320604663782777,0.0281201801198618,0.0738216971167685,0.0400285299643115,-0.142802808890145
"LNCSRLR","LNCSRLR","brown","brown",-0.0234550577227058,0.0437072539514853,-0.00233484635112605,0.0815230909546864,-0.0525288896012841,0.0956426952633917,0.044749468412138,0.000271361008820913,-0.0137945074097275,-0.00393488306041279,0.0386331361498377,-0.0197644459646757
"DHX32","DHX32","turquoise","turquoise",-0.0110303485856715,0.0204776066524798,0.0715536860478914,-0.0045946944704481,0.097240075358199,-0.0310674921703007,-0.0553370011113588,0.0248227204374104,0.036984645105074,0.0400650362610289,-0.0356921743488893,-0.0302452489880454
"ARMCX5-GPRASP2","ARMCX5-GPRASP2","turquoise","turquoise",-0.0261206357654129,0.0472540926832252,0.0942226226164605,0.00560830503596627,0.139238526546472,-0.0980262983337714,-0.030029791354861,0.0217593255646826,-0.0280499141200258,0.0333302492973046,-0.0109140489224259,0.0482130407140134
"HERC3","HERC3","turquoise","turquoise",-0.023715966889416,0.0285233074813688,0.108874717111058,-0.0210213192136145,0.165589239846732,-0.112086828585664,-0.0982897538084173,0.0279983661876614,0.0672955395278417,0.0530311340398398,-0.0587507647123705,0.0295620139459364
"YAF2","YAF2","brown","brown",-0.0758956447552947,-0.0934177202777569,0.0283551120727962,-0.0579720743152145,-0.0647748362908045,0.198530082418241,0.0982169091853373,-0.050976353130689,-0.0159798114524898,-0.0351651369074402,0.0875793647025903,-0.00910081300121965
"DYNC2H1","DYNC2H1","turquoise","turquoise",-0.0254057072355737,0.15618415514564,0.100950610038462,0.0593076912618501,0.223771042090972,-0.130029231236164,-0.0308291022193501,-0.00396210572747002,0.000621856547149944,-0.0568442471355065,-0.0814096599654335,-0.0131343870495452
"RTN4","RTN4","purple","purple",-0.0649113124802626,-0.103719687146041,0.0896730972436014,-0.148045198787761,-0.083355705240673,0.0954972452039359,0.111180561736483,-0.0146063920872619,0.0559011542887914,0.113650934377474,0.286337725670863,0.206996857605848
"MPZL1","MPZL1","brown","brown",-0.0679930190637171,-0.0694019243785891,0.0512854899274904,-0.100231538573592,-0.0929513015933507,0.220740553243633,0.114589113397001,-0.0148846302606073,-0.0162820201763614,0.0192465119929547,0.107195693552832,-0.0931283861780313
"HIST1H4C","HIST1H4C","turquoise","turquoise",0.00182597465843963,-0.00637590741646166,0.126691411802876,-0.0399447870643913,0.132992721296747,-0.115119392612712,-0.0516056614291564,0.0314970411639105,0.0083829356680025,0.0667598529214313,0.00263639859506757,0.109151800758157
"AHI1","AHI1","brown","brown",-0.0519434403686755,0.00683564924541438,-0.0265269560476298,0.0882140428711895,-0.0449139604856776,0.125905130244611,0.0926280859973265,-0.0255102159696182,-0.055182661917007,-0.0175191797667765,0.0894692331275251,-0.0446275294025035
"AC011997.1","AC011997.1","brown","brown",-0.0441947821318398,-0.00795326263410288,-0.0370999008243256,-0.00186922631512825,-0.163218291129246,0.27469077945529,0.120978609741535,-0.0357955435199031,-0.0045536375136627,-0.102216550663144,0.0162730907049577,-0.120574433355154
"ZNF208","ZNF208","turquoise","turquoise",-0.00882633207346365,0.0186307103449937,0.0641365806993458,0.0151801146703931,0.112966884503794,-0.0622402565099969,-0.0168978541968747,-0.00075942539247977,0.00315423228284936,0.049982869938023,-0.00478039061530786,0.0161056712917876
"AC020916.1","AC020916.1","magenta","magenta",0.00489286305224605,-0.0740230193689281,0.11841458939856,-0.0983027004785619,0.152233029680594,-0.212513446498242,0.2008262003239,-0.0130417588959909,-0.136575695162066,-0.00856481657001433,0.200164864846714,0.569369210134582
"BID","BID","brown","brown",-0.0225084852277995,-0.0434030306871491,-0.0345513194907437,0.0838348478714586,-0.100243513212924,0.158606409957761,0.0223766841884319,-0.00715601496938178,-0.00153510240422192,-0.0182064910783536,0.0224041834434462,-0.0703541840509554
"FAM185A","FAM185A","turquoise","turquoise",-0.0129527746804137,0.00807416570589211,0.0759983300236314,0.000250611130411734,0.131367670620834,-0.0914844287189153,-0.0639191077141295,0.0165211755836659,0.0025258696942809,0.0286851553871877,-0.0215321625153849,0.00444970373357834
"KDM7A","KDM7A","brown","brown",-0.0577004682426962,-0.11387474805508,-0.0393699152202861,0.0193490762244315,-0.148112864054181,0.215882496030611,-0.000321413539529865,0.0375039840434173,0.0544600021223722,0.0810925608898598,0.0329194742364129,-0.0404698867126674
"ACE","ACE","greenyellow","greenyellow",-0.0206085211088733,0.02250701304701,0.0355531707178957,-0.00606198909169971,-0.0137983649545138,0.0305506505087577,-0.0639471724088991,-0.0105052565983963,0.327453577773997,0.00523463888059621,-0.100772427902461,-0.0601740663799596
"CDH23","CDH23","yellow","yellow",0.0195129387030243,0.0441343643868052,-0.0922971498236548,0.318730251922341,-0.0578012178043519,0.0103700086753242,-0.0304816190592496,0.038525680721241,-0.0164476930232937,-0.025635428944964,-0.088144294972168,-0.0294184850476878
"LINC01762","LINC01762","blue","blue",-0.0174303658533247,0.253147000464416,0.0719266724099056,0.00242140266846171,0.0878641546211541,-0.0595940953767028,0.0111931989900816,-0.0058131240996681,0.0322922436748819,0.00137403033174656,-0.0324242966920468,-0.0388197940372116
"PRKD2","PRKD2","blue","blue",-0.0182239416597951,0.246467636170871,0.0987962100735221,-0.0381040773768235,0.0983856917858917,-0.0838497039962634,0.0402004666910731,-0.000830953023141091,0.00923085602597283,-0.0262225963391071,-0.0238075732649101,0.0103228269913359
"LINC00632","LINC00632","turquoise","turquoise",-0.00614866333244391,0.0305675594097896,0.0546989516474624,0.0200159316020363,0.117194939028044,-0.0877208739471204,-0.0633467121037523,0.026928199660267,0.0292808867402533,0.0163792931295464,-0.0815981263533785,-0.0242768495919496
"AK4","AK4","red","red",-0.037969322817945,0.0129939977313312,0.0569529131527618,-0.0348304405207569,-0.0223361047405585,0.0687157797548268,0.126619315446096,-0.00645825848311913,-0.0527929549548775,0.00872069336582455,0.117802384151008,0.0304111521517259
"ZNRF3","ZNRF3","brown","brown",-0.049787129863231,-0.0101633185261232,0.0198508444791504,-0.000509964540363008,-0.0655005673116115,0.158925342295853,0.0665536560875213,-0.0275683368999615,0.0128829056286674,-0.0399937909878183,0.0254358762310743,-0.0448305550161164
"MTCL1","MTCL1","greenyellow","greenyellow",-0.0156892123468879,-0.0185929544334781,0.000533306525320158,0.0120986684337618,-0.054512178024098,0.0758779927965549,-0.0201813427784933,0.0133512069059184,0.111426833275809,0.0304251186526905,-0.0318882422943969,-0.0332605041919004
"FBXO11","FBXO11","red","red",-0.037377159492591,0.0159264664741605,0.0112409920596724,-0.0767159563598598,-0.0820413747273391,0.0995222482754587,0.266129697660004,-0.00918597493868401,-0.0288168159010058,-0.0269534082911724,0.156965274200022,0.190487948843809
"MFSD6","MFSD6","turquoise","turquoise",-0.0115086294469203,0.01031426259538,0.0940841247232682,-0.00807074187462355,0.12591529923188,-0.0615224480371547,-0.0421871622624505,-0.00196129256623445,-0.000598464595989031,0.0773854596571933,0.00593981289323951,0.0095187735311622
"MYO5C","MYO5C","turquoise","turquoise",-0.00475906325530871,0.104044531219725,0.0538159608115634,0.00736880089318043,0.0821479631299516,-0.0633029438847793,-0.0137133466943537,0.00078591165528233,-0.00765411551896054,0.00402764003231096,-0.0119639046207141,0.00437931258468272
"KIF14","KIF14","blue","blue",-0.0103302349577317,0.185341175203229,0.045121162010733,-0.00802929705696635,0.0528015331106957,-0.0422371857425712,0.011231549531539,0.0113612474931054,0.0172096992980153,-0.00550187228432438,-0.0209721954365586,-0.0188177239092128
"CNNM4","CNNM4","red","red",-0.0296424522197784,-0.0151648568477195,0.0493716593912546,-0.00556848977079863,0.0119598466143145,-0.000939291022269104,0.0910469066330072,-0.020934585792477,-0.0247268347089868,-0.0369841418407852,0.0448982988251206,0.0996270516406069
"PDK3","PDK3","turquoise","turquoise",-0.00393591220368057,0.0340491230661491,0.11877271216677,-0.0583207829658109,0.167649192762631,-0.123505129892778,-0.0652665813326198,0.114368618052806,0.0228856061499156,0.0764050875741049,-0.0228621024622007,0.0328311418533012
"TDRD3","TDRD3","turquoise","turquoise",-0.015469145435017,0.0180251932841647,0.11573944621415,-0.0148403369105805,0.221644232545009,-0.152476560432367,-0.116823248429799,0.0101215530637674,0.0292513788174637,0.0528495149105155,-0.0577138355452829,-0.00554438832270422
"ADRA1B","ADRA1B","turquoise","turquoise",-0.0254904218719919,-0.01041016796607,0.0940051764775355,-0.0418633399974712,0.11406243127264,-0.0457793462217644,-0.0733174236805259,-0.0239810177780436,0.1043323685863,0.0687070158996707,0.0144361035375491,0.00152763919009459
"PTER","PTER","turquoise","turquoise",-0.017350640034443,0.0502799347288306,0.0699298811325264,0.0107269682058824,0.0928487415052282,-0.0502526216219767,0.0138941713574192,0.00725808007412409,0.00630893508369856,0.0199096849785373,-0.00886909389600813,0.0230451647225708
"CORO1C","CORO1C","brown","brown",-0.0360270096331341,-0.0407758338939646,-0.0302097720900521,0.0106163999048256,-0.125141766190632,0.201113281820349,-0.00838806072576818,0.0366299552914499,0.118679230635134,-0.0217108844565863,-0.0127287679541746,-0.0843939437343732
"TJP1","TJP1","brown","brown",0.0106565382317976,-0.0614695576015541,-0.00343978599249041,-0.0243431695179728,-0.113961578600177,0.165746042373752,0.117312760392741,-0.0478360257752452,0.0292330284112075,0.012532866475673,0.147259222584424,0.0541460209829461
"SNTB2","SNTB2","blue","blue",-0.0563871627010668,0.171556827084589,0.122662881579158,-0.0854401427048691,0.0620433337113769,0.0108046752817363,0.164747645110603,0.00780593175162117,0.0417409256199156,0.0109540195535876,0.0833440674460043,0.0266982823539975
"TTLL5","TTLL5","turquoise","turquoise",-0.0234391308072505,0.0851303571159207,0.0927340107424394,-0.00700454461228173,0.123230627162585,-0.0844335603531303,0.0201725617932457,-6.1157289832731e-05,0.0218296328459512,0.00223628192577898,-0.00512463364698851,0.0595389224031841
"DNAJC1","DNAJC1","turquoise","turquoise",-0.069732247262163,-0.013260949207033,0.100838143020669,-0.0454819139339713,0.111121916946108,-0.0246163172600343,0.0388543709978536,-0.0347294197897604,0.0217087440802533,0.0181587342383383,0.0783028709658306,0.0841084023066611
"SLC40A1","SLC40A1","turquoise","turquoise",-0.0108659152534962,0.0190479334981495,0.135385238353472,-0.0523597028487751,0.161119610448536,-0.115502518733687,0.00123101053918684,0.0333767855338411,-0.0585530694665169,0.0428431799013388,0.0193685403566763,0.0911889888410244
"NPY1R","NPY1R","green","green",-0.00573516142707646,-0.0061707826802132,0.0105210501956136,-0.00414492730317591,0.0079597932612195,-0.0238317145261033,-0.0350129122690493,0.0309709168096732,-0.0157411898548066,0.130988371556501,-0.0137078327683629,0.007667088423329
"FSD1L","FSD1L","green","green",-0.0231493306175916,0.117690885436954,0.0799036506004125,-0.021967690999608,0.0747691681151816,0.000585862247999291,-0.0971381954983024,0.0403925860434278,0.0324744532014514,0.153614219160486,0.00953986003077341,-0.074754610461235
"INSR","INSR","turquoise","turquoise",-0.0479200065406516,-0.0044400907584926,0.128588010111312,-0.0732304485578303,0.128326672744535,-0.0415869882349109,0.0560262744710583,-0.034332369696514,-0.0163928996738494,-0.0175797428925129,0.0527316882456017,0.0657337142627289
"CACNA1D","CACNA1D","black","black",0.00438714142512737,-0.00271318797777226,-0.0192895119256018,0.0664155356929739,-0.00283641361712657,-0.0267126459211765,-0.0382914801413318,0.228907188209558,-0.0145363712122044,0.0773064884124875,-0.0253365624207842,0.00255390430280749
"LINC01358","LINC01358","blue","blue",-0.0125141754536417,0.116307340013685,0.0435932084496894,0.00189964366991957,0.04129768443626,-0.0332459838129038,-0.0436649631328962,-0.0148881588891578,0.192899820351121,-0.0277720598247328,-0.0811985931274956,-0.0373074972648624
"ITGB1-DT","ITGB1-DT","blue","blue",-0.0183226441862604,0.147690893140442,0.0338090019558392,-0.000556466694483827,0.0184164579971673,0.0218929443119411,0.0366186704032317,-0.00274185866104533,0.00369586707046265,-0.0225048780335864,0.0112818346899821,-0.0228342498165127
"PILRA","PILRA","blue","blue",-0.0133188063518497,0.138411627528255,0.0859105516668983,-0.0219017928830729,0.096908172894606,-0.0684747720792986,0.0328998758486604,0.00405467021870802,-0.00634237648324064,-0.00980704562369944,-0.0114898282397391,0.00987745592802902
"FBXO34","FBXO34","brown","brown",-0.0482623198869229,-0.0848178320765848,-0.013107851586058,0.0190002795316865,-0.0816911548620456,0.157076757914218,0.107458136775687,-0.015814112186351,-0.0413546727120325,-0.0174438951292361,0.104785750518726,0.0243867803633314
"DCAF5","DCAF5","turquoise","turquoise",-0.0306034540272421,0.0544895796422748,0.15277546532641,-0.0505912825959528,0.195357005522901,-0.152246440731811,-0.0258607505036149,0.0285550609060271,0.0477835469206825,0.0517958399922345,-0.0193291092614917,0.0823731954450083
"LRRC8B","LRRC8B","brown","brown",-0.0603387911819071,-0.0703235608608096,0.000146469311088304,-0.0289326378317302,-0.127114916859275,0.234903935447241,0.172072628485846,-0.0522743330078597,-0.0301623527775622,-0.0293047318329514,0.127530888925866,0.0053246070748828
"FAM171A1","FAM171A1","brown","brown",-0.0574309287865336,-0.056684121598309,0.0631309574745354,-0.0244964979856293,0.0263879642520576,0.0864683544729246,0.0287238527857219,-0.0250252104942571,-0.00106250895743497,0.105998338922984,0.106217799223838,0.0100959716303167
"RRM2B","RRM2B","turquoise","turquoise",-0.0184591114346276,0.159536188653656,0.133969091938059,-0.0185403382575849,0.153508815504051,-0.0990690764953058,-0.0163901785750238,0.00956989888156747,0.0271079611609059,0.0242881286335568,-0.0187275040348545,0.0286292711441489
"KDM5B","KDM5B","green","green",-0.0444281839235372,-0.0447373479086176,0.100866974970135,-0.0337998116185729,0.0761684104249144,-0.027999485892882,-0.0353387192761078,0.0422755046275065,0.00842670559862201,0.116783176423393,0.0474394690987397,0.0633089457769861
"SRSF12","SRSF12","blue","blue",-0.0187686131329164,0.264980714914558,0.135537399508254,-0.0580645243429935,0.116510825504567,-0.126652694341978,0.0566353944737637,-0.00828173395533603,-0.00401760722351172,-0.00769791584263102,0.0231169577292409,0.124738245546198
"KCTD3","KCTD3","turquoise","turquoise",-0.0199781038791753,-0.0116843247584103,0.114600259705584,-0.0260744383027068,0.173709355628666,-0.0953997186774451,-0.0943348070759546,0.0738858615074238,0.00796087076010717,0.0765539913311957,-0.0201968640886446,-0.00238294202879391
"BTRC","BTRC","turquoise","turquoise",-0.026088580972647,0.0223336808030446,0.133182374442591,0.00331827308639929,0.240578486659781,-0.17450758083103,-0.0690343091602517,0.0210390919972385,-0.00710621028404582,0.0520175934926528,-0.0288919994673765,0.0630687915365357
"FDFT1","FDFT1","turquoise","turquoise",-0.00277128958701618,0.057325335876974,0.11322399814112,-0.0257308926597063,0.115696021222764,-0.0974594135379196,-0.0314528295237175,0.0076789434986506,-0.0024771980527696,0.0470811126365584,-0.00296394546566567,0.0471531134191821
"TAB3","TAB3","green","green",-0.0211060962929692,-0.0265346546132057,0.0303760834053498,0.0217498368378302,0.0178370093312035,0.0214174384578397,-0.0355857541067977,-0.00242600659218118,0.0206267835010922,0.0616820500377991,0.00512529234741169,-0.0171324953880958
"ELOVL5","ELOVL5","purple","purple",-0.0703754061523292,-0.0904585554375709,-0.0031534677354595,-0.0197800315770524,-0.141685527079145,0.20527785734801,0.356475964602867,-0.0637916230696239,-0.163547576893841,0.00476652394507115,0.398084835754543,0.269538378562997
"FAM13C","FAM13C","turquoise","turquoise",-0.0121832873518956,0.0423975613427686,0.109057586955905,0.000161083701345183,0.198540169719659,-0.139899212969024,-0.0838785071789365,-0.00943262584445602,-0.0248351098039423,0.0496727602395574,-0.0188496948363721,0.0343593840353219
"CKMT2-AS1","CKMT2-AS1","blue","blue",-0.0149651657600963,0.213830785557312,0.0660895600405042,0.0155016074554903,0.0934222933039111,-0.0657120407216066,-0.0109477630754086,-0.000439762251342828,0.020157641615362,-0.0287537020371198,-0.0619494115361734,-0.036705412488051
"FBXO5","FBXO5","blue","blue",-0.0292709445145809,0.08574558002313,0.0526788668754965,-0.0133438452958816,0.0136146705543377,0.00696082766345775,0.0527810257536593,-0.0103002720604785,0.0161041596083724,-0.00931832726103193,0.0215777487337637,0.0217337568675572
"FOCAD","FOCAD","turquoise","turquoise",-0.0495145094899607,0.064929177000015,0.146938085943476,0.00887060311889077,0.257454598536327,-0.131761430358031,-0.0774263853856288,-0.00846068330523654,0.00341511037762835,0.0782729021183497,0.00605665172185914,0.032301218206165
"TLN2","TLN2","turquoise","turquoise",-0.0760740161747465,0.118706788131815,0.145179296132053,-0.0639279258089475,0.234662239893545,-0.0877813546506009,-0.032727482760958,-0.0614892650402958,0.0361017828050656,0.0144022348103352,-0.0131985856008282,0.0181995206377038
"TRAF3","TRAF3","brown","brown",-0.0750732527124222,-0.0883954191520113,-0.0852262245907528,-0.0169928045188427,-0.254496424487878,0.385408002838401,0.188177060748414,-0.0263589751357862,-0.00264574157732762,-0.0759220014156143,0.0940049711178723,-0.0906043785219211
"SETDB2","SETDB2","turquoise","turquoise",0.00656456028910249,0.02839440341942,0.0916916779019786,-0.0142979641718113,0.13458762139373,-0.0952531202110598,-0.0471237965061767,0.0291129222724607,-0.0139583050798165,0.0339175768115863,-0.000925077478608916,0.0194566356121658
"ABAT","ABAT","blue","blue",-0.0201174953238515,0.119503830774776,0.0500060457117932,0.00447192139716233,0.0521236435655099,-0.026466170255178,0.0311013765372766,0.00626939594710883,0.00236635573389435,-0.00446307467788895,-0.00671286668016769,-0.0125644234730913
"SPTLC2","SPTLC2","yellow","yellow",-0.0138464995564989,0.00199401027460213,0.0380008074334593,0.0909848433147243,0.048197770133786,-0.0206407819167424,-0.0620780751349598,0.0111492985629212,0.0565662717602169,0.0579326191555851,-0.0410251964883898,-0.00488206217137612
"AL136038.5","AL136038.5","brown","brown",-0.0249210706867147,0.0054783370149195,-0.0136636974537169,-0.00549169110124095,-0.0598694763003081,0.105915355226389,0.0636010438470041,-0.0216373279040083,-0.0136721570410364,-0.068428088496189,0.0113909991622102,-0.0400629380089959
"CNOT10","CNOT10","turquoise","turquoise",-0.0253133992506168,0.00459076430789137,0.110461942658508,-0.0321900126718031,0.145298103443812,-0.0871637777429433,-0.0556352635204597,-0.0157189842771019,0.0259920890367162,0.0256234509504512,-0.0256966066024092,0.0133684867835066
"PTBP3","PTBP3","turquoise","turquoise",-0.0505493225038387,-0.0141874598256976,0.115556161204029,-0.0194618920780344,0.15640861506914,-0.0820450157269957,0.00225445721705951,-0.0269194518423586,-0.0825988307992263,0.0659276954723394,0.0983173493554536,0.0881742838073154
"TRPC1","TRPC1","turquoise","turquoise",-0.0450078316063668,0.0866013633027637,0.157723581174303,-0.0877395820580022,0.184197594631195,-0.0744629620911725,0.0517519564145419,-0.0277216603263434,-0.0338505047829043,0.0903633016601807,0.113613712633129,0.0520734912437709
"LMX1A","LMX1A","turquoise","turquoise",-0.0307051958768734,0.049122293260162,0.142326305204368,-0.0540868488317856,0.203604905404606,-0.136354972707204,-0.0574808384398666,-0.0365692737885312,0.142013832877324,0.0186269534272409,-0.0329405733720798,0.0476506596960089
"SUFU","SUFU","turquoise","turquoise",-0.00776239094698588,0.0409616996163733,0.0811363410019841,-0.0241452378672704,0.111905048917028,-0.0727213784218134,-0.00991398974044523,0.0216667534803159,0.0326970982587921,0.00898146472335661,-0.0458739360062147,0.0273798823514765
"ELP1","ELP1","blue","blue",-0.0198744437695177,0.105953153477114,0.0773049407248473,0.0446502443319302,0.0938200188946501,-0.0652755644333476,-0.0443126992676657,0.0142376031123753,0.0340637061959697,0.0321028258002672,-0.0426349006905881,-0.0122649232211637
"AC002463.1","AC002463.1","turquoise","turquoise",-0.0110340093447296,0.0929493735243261,0.0953207519845295,-0.0329365480755126,0.114194319761187,-0.0701658641950897,-0.0569005644191547,0.0161317150256435,0.00172061454558595,0.05119431569829,-0.0176743782290712,0.00134605525794094
"ZNF280D","ZNF280D","turquoise","turquoise",-0.00695266487939044,0.10141274255693,0.19114426676011,-0.039507710238569,0.363977841694071,-0.285735468604108,-0.151998198360262,0.0362328175316138,0.0279961566096452,0.0688070109071592,-0.100737484035165,0.0214970755091431
"LINC01476","LINC01476","blue","blue",-0.0164172414341319,0.132659379112628,0.0265479372252008,0.00281688285848293,0.00418624448597311,0.0192042074430415,0.0300673470014734,-0.00994397583274166,0.0167889728800496,-0.0158034365465687,-0.00657572423764216,-0.0230724037998236
"PIK3C2A","PIK3C2A","turquoise","turquoise",-0.0354891884649041,-0.00222486418266653,0.123518084320433,-0.0227679788577235,0.197925724177408,-0.120269816925213,-0.0661644599940419,-0.0317608917466925,0.0270147609896746,0.0301527629713029,-0.0198421736952897,0.0257185763042095
"SLC22A4","SLC22A4","blue","blue",-0.0155224018321951,0.236355994733527,0.0702050587948455,-0.0146620394027179,0.021080831488102,-0.0186829945424514,0.0697502147340018,-0.00966377280274014,0.0120817070735823,-0.0281016537024969,-0.0187307367735964,-0.0220405571502445
"FBXL20","FBXL20","turquoise","turquoise",-0.0295395713859843,0.0350315709502547,0.106725734696039,-0.00557518992304581,0.196116832612208,-0.127932958329735,-0.0674380545306824,0.0320902173286175,0.0541270341812774,0.0463936628314747,-0.0355035662356793,0.0508713454526597
"XXYLT1","XXYLT1","blue","blue",-0.0133893687554742,0.0957521651502576,0.0616063658344289,0.00402020480304446,0.0628054099161466,-0.036383259275397,-0.0116501444846499,0.0770680165969545,0.0345758076938644,0.0550708978618734,-0.0286573406643083,-0.0115649544531585
"AKAP7","AKAP7","turquoise","turquoise",-0.0231943187374097,0.0466003727069457,0.0838352500162053,-0.0221422121814986,0.147878158040147,-0.108408007408539,-0.0410187115377809,0.0360086998402512,-0.00134916827219638,0.0312527467299653,-0.0335106265558836,0.0261546634482805
"CGNL1","CGNL1","brown","brown",-0.0270340273171473,0.0653965416557105,0.0293627736907332,0.0499144838662929,-0.0157618313727892,0.0731738787553221,0.0705937583377716,-0.00804182325578385,0.0347805498051474,-0.0411321346182574,-0.0303589776001818,-0.0270217154302297
"LINC01509","LINC01509","blue","blue",-0.000348318603944436,0.158027454254669,0.0920553321204084,-0.0214011820173632,0.17129893301673,-0.149523870241087,-0.10255749233107,0.00257241831487725,0.0558190751930425,0.00219486909308669,-0.102336024952441,-0.0530177304803503
"BAZ2B","BAZ2B","turquoise","turquoise",-0.0146482452995841,0.0661551330483837,0.141427222916478,-0.0886445890426114,0.235188475259077,-0.144837742956099,0.0169172921295172,0.00966968286851209,0.0221238970184363,0.00631068066528874,0.00845473155085987,0.0915661459702342
"ZNF248","ZNF248","turquoise","turquoise",-0.0170152163984129,0.0443977897683822,0.127308254730879,-0.0211762709558861,0.220873473133202,-0.152013379199391,-0.0777341984684863,-0.000914857057038212,0.00932354343436312,0.0605197928746002,-0.0335542103538159,0.00989406466129974
"TMEM223","TMEM223","turquoise","turquoise",-0.0114000163141899,0.135990946519338,0.124413377727194,-0.0252423522864441,0.161572367102813,-0.153121111510812,-0.0678015933852662,0.0105472562185003,0.0480649165094175,0.0494998026173045,-0.0538277924765315,0.0383968672719293
"ZNF519","ZNF519","turquoise","turquoise",-0.0131578148480575,0.0320885097318919,0.118928041534622,-0.0396355317772151,0.200437683997687,-0.133024236565846,-0.0539042818436553,0.00759936789604406,-0.00701673409511817,0.0607671596416948,-0.0120682058050799,0.0199371893068345
"FBLN5","FBLN5","turquoise","turquoise",-0.0571654483720616,0.0789160884509564,0.297179371084189,-0.174970913318148,0.228636393547968,-0.120538531842815,0.0533233459909584,-0.0665246654133192,0.0144321430710757,0.0713807906881652,0.10525534614588,0.0761203209900401
"KLF12","KLF12","turquoise","turquoise",-0.0160217647091344,0.131223138341965,0.0818982948708705,0.0509452968748715,0.175508002016611,-0.0957675706841043,-0.0231645113105529,-0.00677729272034544,0.0565379901877408,0.0252158555797099,-0.0131030956003147,0.00596806260285837
"ABHD5","ABHD5","red","red",-0.0762791734491557,0.062793930972992,0.0717034315676884,-0.0152547091453612,-0.0255630786310171,0.0488829457923984,0.226925020036207,-0.0690939543036363,-0.00308737976459204,-0.0821107414936644,0.129197450269359,0.185477909304251
"GUCY1B1","GUCY1B1","green","green",-0.0402711907065223,0.0147616203471622,0.109568252818941,-0.0455227642589782,0.0669952380774128,0.0200096367266336,0.0269481720116228,-0.0252992741554116,-0.0260201425900749,0.0995200302568341,0.112177770927659,0.00627152525076538
"ATR","ATR","turquoise","turquoise",-0.0152262165432351,0.0192377067047072,0.0877369566847849,-0.00329620726417643,0.135812097146614,-0.0743510922066717,-0.0635255274728244,0.00580173718936633,0.0364759060190022,0.0472391497432672,-0.0336002663509686,-0.00534535385307902
"PRTFDC1","PRTFDC1","turquoise","turquoise",-0.0262600038399967,0.114086922016387,0.112631491930552,-0.0479535360187327,0.122448243995116,-0.0585114557370021,0.0143083927526892,-0.0118141047853261,-0.03078737930038,0.0506361851530108,0.0471279963859249,0.0102781345912401
"ALDH18A1","ALDH18A1","brown","brown",-0.0212710009293726,-0.024242435985104,0.0370374755968043,0.0121937034820045,0.00401098420167223,0.0406908564856373,-0.0502397515805806,0.0100994391191552,0.0256428966663105,0.0296526948349711,-0.00893984160894444,-0.0588051880492284
"GPR1","GPR1","yellow","yellow",-0.0116380535161215,0.0502886209686412,0.0272041627125492,0.201458749510459,0.102303020747305,-0.0875324174161992,-0.0621851069991773,-0.00276361607842959,0.0881585662019401,-0.0151119496864636,-0.0772494338899598,-0.0078629627703753
"TPST2","TPST2","yellow","yellow",-0.00635783122797218,0.00678054820626514,-0.0219504429640477,0.142251249940533,-0.029413787110064,0.0318620400346542,0.00760805404455376,0.00559401754939369,0.000663747235981201,-0.00171790684945124,-0.00514880302611789,-0.0132449219069374
"FAM126A","FAM126A","brown","brown",-0.105943800844593,-0.0553691591343139,0.00747686283198802,0.0593944587458804,-0.0802993118619729,0.180211903212588,0.0971739476626733,-0.0494810276496036,0.0800908754255531,0.0300608532944737,0.0969523272860032,0.0825496123541277
"RTN2","RTN2","turquoise","turquoise",-0.0208219609461046,0.105216572376458,0.130184543460246,-0.0294340646793097,0.136868576198688,-0.0941515570155892,-0.0311271095097483,-0.00535349285106383,0.000304175787868692,0.0336574044407472,-0.000392486614241119,0.0503238234037749
"IL34","IL34","blue","blue",0.0112615245564438,0.182945377749099,0.0801983224619176,-0.0219597846682244,0.0960108810229928,-0.0923982291749239,-0.0369692004711443,0.0260099136434027,-0.0171066227321521,0.099996376594768,-0.0254712543418146,-0.0206807088575589
"FADS3","FADS3","red","red",-0.0401468837119694,0.0985541263958806,0.110729047283852,-0.0634005174558442,0.068510356949929,-0.0721950243234138,0.169194738454514,-0.0474907042011327,-0.0182251779638077,-0.0624169809260459,0.0823180244014815,0.12570024192773
"MAK","MAK","turquoise","turquoise",-0.0209901533060953,0.0210643213924538,0.0941221893258298,-0.0427305674280955,0.123884388647099,-0.0976295457097623,0.0162227775991966,0.0093120688106952,-0.0255898714170326,0.0218457536575209,0.0382937366493611,0.0867046159894603
"LINC02456","LINC02456","turquoise","turquoise",0.0035101026554528,-0.00908364633043439,0.0682727908965629,-0.0309090253944046,0.146419911750027,-0.108734633069603,-0.0787606770051504,-0.00333379973325042,-0.0399898253036509,0.0636508161149583,-0.0184270033435859,0.00797410205945894
"SLC6A16","SLC6A16","red","red",-0.0349901558691571,0.156693077130392,0.0664766733734451,-0.0553890352486253,-0.00422554168814194,0.0555677651939257,0.22019831919878,-0.0313258309207704,-0.0823240548874102,-0.0446997667045005,0.123317644025708,0.00647597216126605
"AL645465.1","AL645465.1","brown","brown",-0.0162789931610992,0.0527505529694599,-0.0327227849402656,0.121090039843892,-0.0830372108104297,0.129629340633028,0.0281769133617776,0.00538846711764483,0.0265953182116269,-0.0259272827044557,-0.0163847410888018,-0.0676520082896907
"PAPSS1","PAPSS1","turquoise","turquoise",-0.0113592067225553,0.0219351973395525,0.0831591335471435,0.0400030846730336,0.113891815611805,-0.0948168655684683,-0.0794347348786058,0.0602806191488508,0.0502443338863157,0.0646669065224914,-0.0525146980680458,0.0220160750513494
"TET1","TET1","turquoise","turquoise",-0.0124857795516135,0.0703829952923626,0.159794091162134,-0.0611928054202862,0.266711445821903,-0.197912004147506,-0.105202692606977,0.0874793366593121,0.0573511170123966,0.0806816373982078,-0.0559348578555841,0.0369640222124759
"AL591043.2","AL591043.2","blue","blue",-0.00990678796246238,0.161753349580493,0.0619727158417874,0.00672139968587358,0.0820481022509548,-0.0718508921433446,-0.0198758540913057,0.00110984284017694,0.0440420438660371,0.00494578462955293,-0.0457125309072236,-0.0203350991714065
"GALK2","GALK2","turquoise","turquoise",-0.0139034942290131,0.148195717808068,0.156009527361811,0.00493324624531911,0.259892494976762,-0.200674203440805,-0.0616876012729014,0.0467892554343042,0.0313405217986772,0.0414149086475425,-0.0720110686691693,0.034703283368857
"LINC00551","LINC00551","blue","blue",-0.0196234076958755,0.0855440993016878,0.0473232155525874,-0.0197217697002455,0.0150141782561157,-0.00887284195989712,0.059974820305561,-0.01815858601634,0.0308901057567476,-0.0144237937464517,0.0224002285675725,0.0347012115539119
"STAU2","STAU2","turquoise","turquoise",-0.0512145286081539,0.149912264543659,0.138946023079135,-0.0386619399478689,0.205465993028998,-0.110757110143461,0.0235092332055352,-0.0385364739561863,0.0369567801429939,-0.00433919077611082,0.00745312560645982,0.0266005167380185
"DARS2","DARS2","blue","blue",-0.015021531256622,0.115716191077938,0.0801368427892827,-0.0107227912782091,0.0700424758727302,-0.0572512723983083,0.0102810228732548,-0.00532974194244416,0.025463060830982,-0.00600815596193135,-0.0127109271172387,0.0181776326609427
"PLA2R1","PLA2R1","turquoise","turquoise",-0.0242076454309565,0.0384515555976521,0.130157383984763,-0.0382004510730697,0.167265320446794,-0.0981182442143453,-0.0528281379561639,0.0416031236319401,0.0143244154779935,0.0784432199298362,-0.0105372528342165,0.00728768002334316
"HELLPAR","HELLPAR","green","green",-0.0307770531103973,0.0500605132386347,0.185732551594307,-0.0679967615860108,0.166020738818541,-0.0990685212226147,-0.0296360649111691,0.0148510038454243,-0.101649583919114,0.255553209904574,0.133059053421204,0.0608506255866063
"VSTM4","VSTM4","brown","brown",-0.0441569547504067,0.00253494656597272,0.0164068221484196,0.079708510849034,-0.0337799900773978,0.130416806815769,0.0590620491019148,-0.0106501840501102,2.87723305340694e-06,0.0379695203066188,0.0386213356137778,-0.0298283762033662
"PML","PML","blue","blue",-0.0234201908573625,0.094035280822563,0.0970001134807494,-0.0334625836651211,0.0754400243941177,-0.0489484274788382,0.0784832591786616,-0.0126323852470412,0.0146424327163858,-0.00643875826423445,0.0195848072172617,0.0414830975885908
"ERCC8","ERCC8","brown","brown",-0.0224862700844281,-0.0564726195095952,0.00256694882979472,-0.00372887046081666,-0.0389509816374303,0.117244813461789,-0.00889653546657156,-0.0199646429312224,0.0235533092917146,-0.01006118079246,-0.0155812724149383,-0.0722834254489906
"FBXO39","FBXO39","blue","blue",-0.00828232742786496,0.0633634677104846,0.0347613127358368,0.00543197669021542,0.0326942000078742,-0.0153002356678896,0.0307639201543293,-0.0059578963122334,0.00302601856046981,-0.00815503758166112,-3.94331209146287e-05,-0.00171070201492762
"SHQ1","SHQ1","brown","brown",-0.034426585177164,-0.0561071413413778,-0.00142121475799341,0.0225596237565289,-0.0651311890458,0.152746578168409,-0.0249069343437613,-0.0111628701458433,0.0469353877474304,0.00849012492385776,-0.0110993781193264,-0.0941294187902545
"AL592295.5","AL592295.5","red","red",-0.0252769168794458,0.0544320054822375,0.0746664723867447,-0.0406604078855036,0.0208499167017068,-0.0182698738994773,0.171418927463761,-0.0214826367838439,-0.014825674469244,-0.0424611945274512,0.0608759708397952,0.0926489107216662
"ORC4","ORC4","turquoise","turquoise",-0.0186508477322218,0.0287766634262118,0.144668537881169,-0.026749657925243,0.226446992784559,-0.164325828240396,-0.101261634225099,0.02297138309925,0.0331681556756497,0.0443464557401838,-0.0552888985341301,0.0272201860911184
"AGK","AGK","turquoise","turquoise",-0.00942038633590579,0.0513741258274314,0.0916207677446018,-0.0251591978414246,0.152652702097324,-0.111124526577391,-0.0554751583836454,0.038862611553978,0.013993930097243,0.0531329787365181,-0.034798377623386,0.0172861114597886
"VEGFA","VEGFA","brown","brown",-0.038682124787134,-0.0797706221566017,-0.0056318223751979,-0.0393740014568297,-0.13694551396748,0.219489757464122,0.0832542947516038,-0.0197224337087964,0.0428035524425593,0.0315028791868681,0.0631364967201841,0.00095408831163435
"AC017101.1","AC017101.1","brown","brown",-0.0403505531087572,-0.0936365047688668,-0.0404272327746758,0.0801788697695191,-0.141761042492252,0.226876936090354,-0.0115087013635433,-0.00525505594213802,-0.00209762486133592,0.0848739974496619,0.0707144149038505,-0.0732384813693296
"GARNL3","GARNL3","turquoise","turquoise",-0.021616370623452,0.104998085243574,0.140479873160401,-0.060918270128518,0.188449918667316,-0.127971868310075,-0.0255006281632653,0.000378533619528208,0.00511456797303488,0.00970289674846211,-0.0266985313613763,0.0245548251031686
"MTAP","MTAP","turquoise","turquoise",-0.0175575704522276,0.0650122139077466,0.112356284488701,0.0214247436465132,0.205930251446358,-0.139853533383961,-0.0978701945036715,0.00857383882338776,0.0547162112219091,0.0293721989332289,-0.0790233850172832,-0.00338704019615663
"CTNNAL1","CTNNAL1","brown","brown",-0.072992259431497,-0.108783756661245,-0.090168239117851,0.0837067931373714,-0.238233652908251,0.3171822100959,0.0579727409133597,-0.0108582680555581,-0.00115013620256855,0.0241383139307971,0.0999903252598377,-0.0559315834523711
"LIFR","LIFR","turquoise","turquoise",-0.059974637454122,0.00659646149297236,0.185665781367148,-0.103506110030109,0.250569951524994,-0.117045081571415,-0.0241993612284308,-0.0465341798641328,-0.127562775149088,0.110074987299324,0.160939587150289,0.0378499527503934
"TSGA10","TSGA10","blue","blue",-0.00793781133815552,0.123390844790838,0.0366565737029899,0.015436956049638,0.0459757204533007,-0.0209547401271211,0.00813028568865406,0.0180507935506837,0.00508870118358512,-0.0191179243158098,-0.034285564714861,-0.0234492743964912
"AF117829.1","AF117829.1","brown","brown",-0.0642485052651606,0.0567532135326867,0.00550338044374647,0.126646480113949,0.0155510565040256,0.128096535873969,0.0654977941578845,-0.000842467941291255,0.00693193435492444,0.0338057291074118,0.00524989349114331,-0.0589767032975519
"JAG1","JAG1","brown","brown",-0.0601562292896478,-0.0155659941526747,0.0273687967359334,0.0175813868712839,-0.0617873088597674,0.137204296353753,0.0333911882155122,-0.0502178773152242,0.147004790006086,-0.0214619597047464,0.041434429522958,-0.0464971393625721
"ASS1","ASS1","blue","blue",-0.0194663328047414,0.365929072394339,0.0812076383735259,0.0344201784437563,0.0885995332964331,-0.0552135755397656,0.127082547020337,-0.0125308403849226,-0.0396402834975877,-0.060359385878559,-0.000460971488203988,-0.0367525577667447
"AL357153.2","AL357153.2","blue","blue",-0.0250947059864205,0.114144416989086,0.0700345201010845,0.010924607934822,0.0859262822250287,-0.0368298891255036,0.0152296975058093,-0.00582741842413754,0.0117116910571925,0.000385992266760005,-0.0105559111350098,0.00785130484469142
"SCUBE2","SCUBE2","brown","brown",-0.0364092053275942,0.158712299818359,0.0131314540545243,0.0457230171544429,-0.0491563609163355,0.147338573249587,0.0719048568485871,0.00423753636791817,-0.0141010203397127,0.0170388820066657,0.0249123610305081,-0.0862803302898281
"USP6NL","USP6NL","brown","brown",-0.0509639582884703,-0.0293391950822535,0.00174716203492686,0.0538618138916967,-0.0744573965393855,0.121298952559925,0.121979685974831,-0.00220439800144558,0.00338971630826947,0.0209816629249524,0.113365521391238,0.0398100921547664
"HDAC1","HDAC1","blue","blue",0.00144115986323388,0.131394688595574,0.0609928591949722,0.012606309588287,0.0671642837484908,-0.0629394321985979,0.00230703692732922,-0.00472829546666975,-0.0226827551998238,-0.0155318602896242,-0.0250026561640363,0.0102089704558159
"UBE2F","UBE2F","brown","brown",-0.0276093281809761,-0.0476410061639641,0.0207907954114986,-0.012629370901781,-0.0247900836907198,0.0774473211389389,-0.0234076088318352,0.0435865220219877,0.00210207153664814,0.0303374709479941,0.00845057090404514,-0.0428076631259675
"SPAAR","SPAAR","turquoise","turquoise",-0.0171081120702442,0.0314960126800972,0.164459575671754,-0.0619209364750458,0.236103348893443,-0.143370780330366,-0.0180580211812342,-0.0307734995472121,-0.0893313182910497,0.0647649504899188,0.0956317207661768,0.084322595426412
"PPP1R21","PPP1R21","turquoise","turquoise",-0.0105235415048281,0.00516912585401521,0.11477296142773,-0.0408019350277211,0.185870675681718,-0.131700921621824,-0.0894733221921862,0.0223046581996478,0.0385247301884115,0.0511303754427621,-0.0416849114009608,0.0171986665145766
"ERBIN","ERBIN","red","red",-0.0382702091697211,-0.0491561779675036,0.0198858928404823,-0.099363968718063,-0.0584308415563576,0.149929156925582,0.187525246878819,-0.0342408307813901,0.0222218950166456,-0.0298902898768771,0.12785791120787,0.0613677089028352
"AC026347.1","AC026347.1","turquoise","turquoise",-0.0134396423206287,0.0861401528785367,0.0900457215968111,-0.0314967754786672,0.127932470345668,-0.0995439482511075,-0.036409576808044,0.000935939322592518,0.000996513589578,0.0330972498186275,0.00386077554191011,0.0349910978520549
"FAM107A","FAM107A","blue","blue",-0.0132459594545275,0.101829444722307,0.0684235937152044,-0.0250906839969409,0.0379908825543863,-0.0180069187677806,0.0528659926447974,-0.0136704903333137,-0.00258439899726331,-0.0299880480202242,-0.0103457754993738,0.00228402608038785
"AL732509.1","AL732509.1","turquoise","turquoise",-0.00505141712403991,0.0152539256107798,0.0693762835960738,-0.0169726763109788,0.105393211500819,-0.068315953815589,-0.0167712203748239,0.0022000925840122,0.0307802111604016,0.0275263418553847,-0.00358153577062445,0.0235212742471054
"SLC44A1","SLC44A1","turquoise","turquoise",-0.0325002671420722,0.0424066517537995,0.22712834323273,-0.0973218555552084,0.35132586719038,-0.229957123819908,-0.0872955826226371,0.0436739930132677,-0.0358893989196904,0.155037787567641,0.0446876809704843,0.0739182215374758
"CASD1","CASD1","turquoise","turquoise",-0.0130902173284527,0.0538714943710892,0.143033997210453,-0.0302931677516227,0.232965353186241,-0.166468297498598,-0.101715360923657,0.00803778230661415,0.00304834999531493,0.0602559851635244,-0.0385806534807136,0.0077338169504591
"AC090517.5","AC090517.5","blue","blue",-0.0389185806997754,0.181804608422989,0.113089657241795,-0.0522068056711365,0.113810795807769,-0.0518953214022146,0.0814020690426208,-0.023669740917847,0.00767285197319295,-0.0407930116478023,0.0105691835944392,0.02612675030532
"GCNA","GCNA","brown","brown",-0.0226048183747911,0.028116025159996,-0.0275320602632654,0.101429970201869,-0.0607726865978108,0.126795266873241,0.0303101811362856,0.00536845194055486,0.00385887881935671,-0.0134053955023127,-0.0195689402706579,-0.0861974017524063
"AC016831.1","AC016831.1","brown","brown",-0.0420870550064421,-0.0195131728603435,-0.0599377579370785,0.0203495343749266,-0.175652810446644,0.29850497616823,0.124407956211305,-0.0136608588374115,-0.0130454756477567,-0.0403605502409444,0.083445711621902,-0.106880253833555
"DTD1","DTD1","turquoise","turquoise",-0.0228009760500182,0.0647666748383694,0.112716470592524,-0.0265332482479896,0.123303703207529,-0.0916386196052068,-0.031092692544378,0.00683577180357248,0.0384001483947847,0.0371781708695053,-0.0233854701057785,0.0307196788943186
"C3orf52","C3orf52","brown","brown",-0.0385715937656071,-0.0485530548477818,-0.0543432209147525,0.0315901722333532,-0.166184095468308,0.24648210502731,0.0707498206568347,-0.0207589024625187,-0.00958843042087414,-0.00684401984658637,0.0494179678651719,-0.0837855244142297
"USP48","USP48","blue","blue",-0.0216029562800601,0.352735089317485,0.196719729798331,-0.0553551503974629,0.284761492656727,-0.225828177625101,-0.0432559168460483,0.0236972029595606,0.0189455970401725,0.0521279181464418,-0.0398023008133933,0.00228751419451231
"SDCCAG8","SDCCAG8","turquoise","turquoise",-0.0286369054047163,0.154511317543365,0.190074241291096,-0.0430843470274775,0.349692592327988,-0.25954522106535,-0.088607515773752,0.00649522036721076,0.0152240337400144,0.0458775752651841,-0.0269425444983798,0.0435838820126967
"TLR4","TLR4","turquoise","turquoise",-0.0124143525045201,0.0450066175398185,0.114048261833916,-0.0343388477987547,0.115297335921772,-0.0569955909642028,0.00366328636997845,-0.0140233748824591,0.0510539014230259,0.0130697680818164,0.00489915309559623,0.0437807157467068
"IQCN","IQCN","red","red",-0.0560684780374201,0.190124824309033,0.0439853832691327,-0.0236656022237957,0.0325787581983358,0.0228539522128795,0.310010313236691,-0.0456067256407436,-0.108727963289465,-0.135145298935874,0.0959585571407147,0.0983052171045486
"ITPRIP","ITPRIP","brown","brown",-0.0489803810832826,-0.0973233646949789,-0.0797909118061083,0.0416636715855525,-0.207385155707786,0.310962802125703,0.0959311598456287,0.00544445864969467,-0.0111325065889302,-0.041186158905042,0.0575433810827126,-0.102411051031444
"MINDY3","MINDY3","turquoise","turquoise",-0.0157454934050122,0.00822820201969421,0.126531803062647,-0.036212409805334,0.233859200331009,-0.155639036934008,-0.144278681413948,0.040757573608414,0.0545434830248668,0.0776387205674372,-0.0893422926316792,-0.0236355097264186
"ACSL3","ACSL3","brown","brown",-0.0787111731769551,-0.109876993145125,0.0355629097048869,-0.0779917741971146,-0.0972445059788773,0.231235135140752,0.0908654280740068,-0.0305671948504275,0.0560846509535584,0.0938527956630963,0.178561314076819,0.030921336438537
"REXO5","REXO5","blue","blue",-0.0310444791542874,0.284120196412738,0.0839781590644508,-0.0348981317481067,0.0279010577652674,0.00262164929133268,0.16819245556681,-0.020135212598149,0.0399671591079547,-0.0394862635925887,0.0450940185829227,0.0149797350097731
"HAUS6","HAUS6","blue","blue",-0.0268585612959697,0.114046340809615,0.0572168168604857,-0.0142123295601778,0.0429417257451731,0.016621094956577,-0.0278656498385264,-0.0151507950521116,0.116248903781023,-0.0225032196300617,-0.0690250028553833,-0.0552440812794612
"LHFPL2","LHFPL2","brown","brown",-0.0845176767940241,-0.0738144595153694,-0.125586087366689,0.0945720114586498,-0.245188346799666,0.352595652019556,0.0553632286097471,0.0388253926143656,0.00433472799253205,0.102948108741392,0.155438853482064,-0.117495386679276
"PPP1R13L","PPP1R13L","blue","blue",-0.019527455014812,0.124725527973953,0.0220152847004872,-0.0109387597947654,-0.00884193493618862,0.0358149755967156,0.0508595559765178,-0.00807146490369647,-0.0160849268670345,2.56760185343973e-05,0.0179866696321444,-0.0293473286169712
"LINC00630","LINC00630","turquoise","turquoise",0.00367888322241728,0.0365981221326653,0.0595274077138602,0.0496826932484725,0.123006050851174,-0.0908510414666682,-0.0641372243821116,0.0418103977128316,-0.00998343310099133,0.0359570026039807,-0.0416756884144651,-0.000263494224256822
"EEF2K","EEF2K","turquoise","turquoise",-0.0311319761543284,0.0783280611689427,0.170051182167439,-0.0550867114385922,0.237985716954995,-0.147571010105405,-0.0842582513680216,-0.00869601019311333,0.157937199662484,0.0330641310066918,-0.0901375048997036,0.0210070824760751
"TRMT11","TRMT11","turquoise","turquoise",-0.0276805232014863,0.125884346091439,0.107002163125073,0.0106332669132836,0.189709740847367,-0.129554480561517,-0.0442736715643207,0.0115244104127366,0.0277098651183966,0.00465817024179227,-0.0692381315918506,-0.0205078231036875
"CHIC1","CHIC1","turquoise","turquoise",-0.0262701679682748,0.0135205638160736,0.127194884461898,-0.0349763615334853,0.175881044621505,-0.116464906890613,-0.0437177715197707,0.0235042743981321,0.0224172896176985,0.0588484144469256,-0.000269963151690365,0.0685621972484312
"MSRA","MSRA","brown","brown",-0.0447556646408892,0.0304098551768158,0.0219203925167001,-0.0131908165183604,-0.0398882638738377,0.113882302762788,0.0779654738372852,-0.0309653926944456,0.00673592083088672,-0.0182728508681751,0.0590544571576172,-0.0223036771170131
"GPNMB","GPNMB","greenyellow","greenyellow",-0.0577558971185795,0.0190881478327381,0.169630064283994,-0.0670107687777921,0.0556601456088059,-0.0336782992721867,-0.119992425357936,0.00111277901037181,0.329446897685256,0.201196979972197,-0.0880974929151362,-0.00568402331900637
"SLC25A44","SLC25A44","red","red",-0.0476554884251543,0.0433422623120574,-0.0236800204096358,-0.0231084316278182,-0.147139955611201,0.20655086785275,0.404863845956589,-0.0460471652302135,-0.133439627965329,-0.105530039942171,0.153326713240618,0.0219054695833227
"USP3-AS1","USP3-AS1","blue","blue",-0.031595797544819,0.137473568111095,0.0694503524233895,-0.021454028341586,0.0220743343654245,0.0439859375323945,0.0379047016087043,-0.0122571090802881,0.0240919036149553,-0.0206696786083675,0.014289488561219,-0.0386114763415486
"STX8","STX8","turquoise","turquoise",-0.0302865082826608,0.091158464495538,0.118930918800692,-0.042582499325886,0.156577471807205,-0.0851090147687512,0.036504337656997,0.0162344712028785,0.0395165522845592,0.00318970374607504,0.00975818932822336,0.0485329023092157
"ETV3","ETV3","brown","brown",-0.0299156271593256,-0.064601826119176,0.0211715418397971,-0.0375017710283941,-0.0801108446348674,0.149975400166179,0.109740701241711,0.00770112460313057,-0.02095546080742,0.0157289632146674,0.105173632961729,0.00476781233599478
"FPGT","FPGT","turquoise","turquoise",-0.00645664556741103,0.0311985519644832,0.130142435377086,-0.0286184570169145,0.210724422321683,-0.159357661017906,-0.0829771099990343,0.0141959458569061,-0.00332385105353843,0.0714814782822705,-0.0284988657193735,0.0302243132527076
"MARCH8","MARCH8","turquoise","turquoise",0.00164921853381444,0.0909955501389709,0.123058673093845,-0.0180463842871919,0.185571752016829,-0.133957147386014,-0.082818382786195,0.0271784629172519,0.0332716216465823,0.0480201131717154,-0.0549840329120364,0.0239335766072063
"ELOVL2","ELOVL2","green","green",-0.0292469439256851,-0.016921224211598,0.0769092507857847,-0.0371642988704178,0.0692231533125365,-0.034454188928466,-0.0208506544154124,-0.014905905254944,-0.0300211379662063,0.0936191831607734,0.0396655585265889,0.0290785142386578
"IQCH","IQCH","blue","blue",-0.010781095522715,0.184987786216449,0.0713705330235086,0.00687570028520024,0.099825419040983,-0.0761724121222814,-0.0117691343070563,0.00152902251078572,0.0342283509838514,-0.0259562651148554,-0.0508754195255945,-0.0173352996751446
"DNAJC9","DNAJC9","blue","blue",-0.0196357578986973,0.239184745816554,0.0912843469003723,0.00916136519188422,0.118476073453373,-0.0854213549234733,-0.038556724830506,0.0143268760436877,0.047117340573952,-0.00867243546626887,-0.0771686682401567,-0.0499270461375917
"KLF4","KLF4","magenta","magenta",-0.0500307908760885,-0.107177947131557,0.0776692909411647,0.0428948596155392,-0.00666533242944424,-0.00750271094393544,0.0633048271178798,-0.0627267714248213,0.020894705444636,0.0416759397795473,0.144911161499683,0.377279727644966
"CLDN11","CLDN11","blue","blue",-0.024559851489476,0.185295556670324,0.0571972301840452,-0.028525406305618,0.0201017984082018,0.00412222336685633,-0.0136881213067158,-0.0112939578568995,0.225927320242118,-0.0777292527661023,-0.128973302527295,-0.0688141953468617
"IPO8","IPO8","turquoise","turquoise",-0.0220762916310894,0.0683152098306505,0.103332191602101,-0.0288355388753988,0.14101910188945,-0.0914159482373162,-0.0655945307788858,0.0127855747161747,0.0374796095422861,0.0258258143160433,-0.0417315266041729,-0.00543496842604681
"RFFL","RFFL","blue","blue",-0.0157905724613355,0.101461716318672,0.0656266693460509,-0.0177422778586336,0.0522498769521624,-0.00885450708420039,0.0200619934156274,0.0427208089775422,0.0393114909092904,-0.0112093839466827,-0.0267194886275513,-0.0226525661184729
"LRIG3","LRIG3","turquoise","turquoise",-0.0193209184194351,0.0551187248802732,0.136132617412164,-0.0297111139222156,0.153067682475038,-0.0913196824095434,-0.0662850882610804,0.0200420522863491,0.0814997370160987,0.0603228200419637,-0.0558244952146336,0.00315591641531583
"MIR29B2CHG","MIR29B2CHG","turquoise","turquoise",-0.0341212975016676,0.0622295926950135,0.142093566776909,-0.0396110811846112,0.211622417027944,-0.128729855879865,0.0023470082052529,-0.02705870764472,0.0348686105403484,-0.00452962323054279,-0.0201810105079311,0.0513707349627787
"PARN","PARN","turquoise","turquoise",-0.0164025804880706,0.0768396839406169,0.132206643753945,-0.0219116565543894,0.193433223464025,-0.130737370502735,-0.0369216145606646,0.00444154984908186,0.00801395944312984,0.0185001410135004,-0.0356143811460176,0.0258131778584057
"CEP135","CEP135","blue","blue",-0.00945911317884155,0.0874584399226153,0.0626524821782146,-0.0063382982071484,0.0780562428064311,-0.04982927935746,-0.0510995390719785,0.0398293014537961,0.0397417457316147,0.027739011174426,-0.039735714649435,-0.0292469577751103
"SLC17A5","SLC17A5","green","green",-0.0411863703491025,-0.023995321782971,0.100123460325513,-0.0386672214601098,0.0695254266745832,-0.0236489314791586,-0.0462838694082043,0.0564489288270097,0.050899257562859,0.125577294672075,0.0421890411364773,0.014865273531954
"AC093157.1","AC093157.1","blue","blue",-0.00513309597100167,0.100030143017425,0.014555445620135,0.0379450479360505,0.0214563481575617,0.00921902396070492,-0.0072767799068026,0.00715151688678524,0.0103955138419601,0.00772246671445523,-0.0212184960925371,-0.0541820853210718
"IL4R","IL4R","brown","brown",-0.0364685411753298,-0.0306881220076379,-0.0130974910025821,0.0276559418380757,-0.107143561072301,0.185843817450878,0.105612874527996,-0.0173921752366761,0.0398969040446317,-0.0117456368576419,0.0379839916819756,-0.0563845519313958
"NT5DC3","NT5DC3","brown","brown",-0.0319381053124765,-0.0459089232580647,-0.0201878933649569,0.0305535983153586,-0.0778032571766478,0.122314937301584,-0.0363018592645006,0.00811119324343492,0.0596362838135594,0.0182546479750517,-0.0261858176020613,-0.0677916372172727
"SNX32","SNX32","blue","blue",-0.022317259791977,0.27987370990063,0.0748438007604812,-0.0398201053974914,0.0516465736305706,-0.026944053595431,0.134025203658826,-0.0244473678998069,-0.0229446932164568,-0.0784952744324284,-0.00132561407624142,0.0164470103940046
"EPHA2","EPHA2","brown","brown",-0.00460353681221269,-0.00317743516471372,0.0050281430537861,0.00416043606364877,-0.0334630577604062,0.0583082210662744,0.0317339116040059,-0.0140907523428956,0.0389731779460297,-0.0469503936986917,-0.0236847643385386,-0.0171763953995873
"ACTR3B","ACTR3B","brown","brown",-0.0158971602815411,0.00195976536835055,0.00993726818335607,0.0409528166979847,-0.00165369729813915,0.0525024109446149,-0.034784056107158,0.000989166602011241,0.0164234588058323,-0.00448014367803102,-0.022480845277702,-0.0596224683443407
"NFXL1","NFXL1","turquoise","turquoise",-0.018375977525672,-0.00128958354487652,0.0836622726937253,8.23650805196212e-05,0.141816122454654,-0.0899056266125101,-0.0681998853160132,0.0344162108501208,0.0189991281751795,0.0509338111079344,-0.024543140459798,0.016695002401582
"AC006230.1","AC006230.1","blue","blue",-0.0356981581039289,0.211407704890407,0.109129786034059,-0.0586835856716658,0.111813379787182,-0.0337521466277235,0.115004951607985,-0.0380310054194282,-0.0600615328910884,-0.0550872380064623,0.0801281711386787,0.0124252746908407
"DENND6A","DENND6A","turquoise","turquoise",-0.00595674693728332,0.0293240510738127,0.137263376126101,-0.047043285017042,0.240429778466663,-0.178785407788759,-0.141399549771752,0.0613921874559616,0.0397900913379133,0.0806358446044526,-0.0738598777633365,0.00334494671115299
"SGMS1-AS1","SGMS1-AS1","brown","brown",-0.0246551246008946,0.0871462993318159,0.0146923163223493,0.000618227546894863,-0.0442084194856459,0.0914226066503868,0.107598728523532,-0.0216696642893128,-0.000124289568391578,-0.0610761151757598,0.0216819416089281,-0.0414558592629136
"C2orf66","C2orf66","brown","brown",-0.0165081611198206,0.027693283591849,0.000112902136922996,-0.00983531091126148,-0.031054251383587,0.0678091819798656,0.0579215151894497,-0.00492938124264869,-0.00978063972061973,-0.00837393371725806,0.0194810605814144,-0.0240671656705302
"FER","FER","brown","brown",-0.0654646173225438,-0.0273066939790522,-0.0895373700572173,0.0408849308665952,-0.168659393384079,0.342382606096119,0.026708716520756,-0.0535484951658989,0.0751442938981702,-0.0426761065063453,-0.0041988923648102,-0.213491707675627
"PHLDA1","PHLDA1","yellow","yellow",0.0022990096122743,0.0404948813504107,-0.142169804473439,0.418985404555243,-0.144566833372121,0.126674633500784,-0.0144955182903583,0.0282622521393607,-0.00923813202680161,-0.00491230792574697,-0.0700267032323078,-0.044948742676291
"MCM9","MCM9","turquoise","turquoise",-0.0393110924271729,0.0389144532363997,0.0969681097273493,-0.0238211120538524,0.134860372378467,-0.0491880986244912,-0.0427335726325701,0.00826983837915106,0.0228963907064875,0.0223219457058568,-0.0127154847645161,0.00022372057531708
"SAP130","SAP130","turquoise","turquoise",-0.0254558812406895,0.0101415641719441,0.083978133541924,-0.0395278909243994,0.0995727035699087,-0.0760171417331317,-0.0288300903307757,0.0171003902987464,0.0298795712480909,0.0534414558896621,-0.0143089970158493,0.0612126845922393
"SYNPO","SYNPO","blue","blue",0.00819423316229815,0.114703985166383,-0.000406108060610436,0.0510412054257865,-0.0102032190073558,-0.0081262160093531,0.0286541260737751,0.00210987642661414,-0.00424638688346794,-0.0227551784171494,-0.0271715554979835,-0.013272432892931
"SMAP1","SMAP1","turquoise","turquoise",-0.0281698215841359,0.0096405083158045,0.109647165913115,-0.0385964984337775,0.137904803769879,-0.0659153635391993,-0.0227815951153182,-0.00428420864911204,0.0216137392640192,0.0324379549072108,0.00417996941121255,0.0316766756563614
"SPAST","SPAST","turquoise","turquoise",-0.0216646850456717,0.00625115490942512,0.0999901382831226,-0.028728609729172,0.115393923179712,-0.0663430085140202,-0.0400527396791005,0.0310517346018454,0.0326015622316912,0.0337887825517076,-0.00613276339504448,0.025720211532699
"STARD4","STARD4","green","green",-0.00639280974873465,-0.0276899387030994,0.0151712722860141,0.0154725722641396,0.0222669960630122,-0.00417897815495733,-0.0376228069087953,-0.00197413035670467,-0.0235547854510835,0.0997810141426682,0.0436586159218056,0.0213634035267917
"NDUFS2","NDUFS2","red","red",-0.026900552357762,0.0402983389755519,0.0826140045881393,-0.0314909317566935,0.0267754795283231,0.0139094045108697,0.118775034419373,-0.0250047197215162,0.00808898167316328,-0.0169135244974049,0.053852585085919,0.0417382369472913
"WNT5A","WNT5A","turquoise","turquoise",-0.0335684965993552,0.0953191622810935,0.223921048270499,-0.0966464772516801,0.195315997153324,-0.112219865132153,0.0143604214107991,-0.0530330088206962,0.0196489822371398,0.052174010662956,0.0385377375162589,0.0311780282627218
"ME2","ME2","brown","brown",-0.0193272456472656,-0.0497447722529003,0.0494247990656972,-0.0314369723596901,-0.00386977266079332,0.0734495233405464,-0.00618719266954716,0.00796753966697861,0.0257705046574033,0.0398455900794879,0.0283316110058176,-0.0260876433790348
"URI1","URI1","brown","brown",-0.0510881948229472,-0.0963159476506628,0.0591383292728355,-0.0190272827609604,0.0263544260836665,0.0715933146142685,-0.11752221409591,-0.0132604647173016,0.0300332096336352,0.0498417970116947,-0.0152405258046699,-0.108070489178441
"UTRN","UTRN","turquoise","turquoise",-0.0434372271342921,0.132444143181916,0.133965074452371,-0.105625377914279,0.222248742178344,-0.0835781796908852,0.0102867875295915,-0.0812182790925706,0.11583376600319,-0.0319307718885524,-0.0178473648941123,0.0175197220680991
"RMND1","RMND1","blue","blue",-0.0224366450368809,0.121978921388467,0.0698974035756862,-0.0125535772203732,0.0933884370284181,-0.0463954324044355,-0.0211120994372093,-0.00764764340025807,0.0339002239670999,0.00431441154120796,-0.0347264599093049,-0.0365105630086525
"CNTLN","CNTLN","turquoise","turquoise",-0.0483478644136495,0.123008035486025,0.162669899166929,-0.0542466728661749,0.254194989881398,-0.14515160933999,-0.0342960390580037,0.0156621054751781,0.0470945790007931,0.0330821747364142,-0.0202917661842452,0.0143108885926888
"RAB8B","RAB8B","brown","brown",-0.0735888621065799,-0.0746648760422203,0.0421243199265593,-0.046537461917095,-0.0594542808007259,0.154569714539827,0.0117084979726335,-0.0262651622346212,0.0666207353543094,0.0628428825250216,0.0479619774515013,-0.0107451704798909
"SH3BP5","SH3BP5","greenyellow","greenyellow",-0.0282563806849422,-0.00857056193534542,0.0663558278031805,-0.00288799014977902,0.0281858440173852,0.0336416453835188,-0.0564581629868372,0.0879470642194793,0.139503339380767,0.074663990510495,-0.0465914249403045,-0.0173484070090362
"HEATR5B","HEATR5B","turquoise","turquoise",0.00109603062600175,0.123348399446873,0.145642742899711,-0.032580040931032,0.238318573607627,-0.167203587881133,-0.091444876121039,0.0187410491711157,0.0391069565119248,0.0410729779218936,-0.0799159873940701,-0.0266411681781784
"SLC38A6","SLC38A6","turquoise","turquoise",-0.00922194497310836,0.0953182778411385,0.0829060210271882,0.0521562878533431,0.140612775482059,-0.104544149707986,-0.0895588648608373,0.0740990488202138,0.0375245324622808,0.0769547340647148,-0.0694057295647449,-0.00938630149408926
"BTD","BTD","green","green",-0.00399681375609047,0.0121261799777824,0.0496585564446717,0.0530755723818665,0.0537684392157106,-0.0182523677309666,-0.0675320345673497,0.0480917453225481,-0.00348081442140476,0.0993845180375763,0.0106689608972151,-0.00303847531954205
"PPA2","PPA2","turquoise","turquoise",-0.0145043061037747,0.0581672055131033,0.131978598202221,-0.0616962618020013,0.186781485575823,-0.102801048110466,-0.0251396405917346,-0.00889139011435468,0.0134970216936678,-0.000618039865419106,-0.0282463193921222,-0.00905972359290405
"TMEM255B","TMEM255B","blue","blue",-0.00269750111320252,0.0838607038857768,0.0295738083208175,-0.00795766851684192,0.0217949842581085,-0.0128480648208801,0.032574984941296,-0.00332720732952847,-0.0104400871272718,-0.0169044338195612,-0.00505239328634331,0.00118566827832002
"AC097376.3","AC097376.3","blue","blue",-0.0339075661401616,0.137105331871062,0.0692698744404564,-0.0132480966822308,0.0270599646914459,0.0445777815960206,0.0886833825813937,-0.0174741634210219,0.000181305187750697,-0.0485074882034021,0.0101587815256547,-0.029148769519104
"ASCC1","ASCC1","turquoise","turquoise",-0.0145116565779746,0.00751992816955877,0.088753905615756,-0.0117893725122248,0.165290740013339,-0.117215658998564,-0.0893977533401894,0.0336907697042328,0.0221211763485764,0.0468230209699908,-0.0516287438013314,0.0166995802162236
"PTPN12","PTPN12","turquoise","turquoise",0.0142628786294292,-0.0529248092726794,0.0883144940290062,-0.0446492248482477,0.172725567279509,-0.116654300945081,-0.0486534458705811,-0.0234683025776676,0.0323987322065645,0.062122063082352,0.0241378030932771,0.0806804233880546
"SH3D19","SH3D19","turquoise","turquoise",-0.0543779465317692,0.091030045821402,0.178177802961299,-0.0687302404419178,0.369205635568485,-0.265273712179208,-0.154266371221106,-0.0219189378151616,0.0821752850814381,0.0639408431394363,-0.0565478386552045,0.0352467691968644
"HS1BP3","HS1BP3","blue","blue",-0.0255252078003417,0.154625599124144,0.0975480121821325,-0.0224653325549408,0.0798367602216519,-0.0350714522255179,0.0275809622904072,-0.0119591343023866,0.0657725782428013,-0.0138593838993081,-0.0300328799376712,-0.00407084547307771
"LRRC17","LRRC17","green","green",-0.00134351864262627,0.0265689826950542,0.0416293289023827,0.020050156287968,0.0532465038413138,-0.0548350911372046,-0.097424246842045,0.0709733052997878,0.10219691819915,0.197736573432744,-0.0401505712652048,-0.00271686289238852
"GSK3B","GSK3B","yellow","yellow",0.0474347918399553,0.0214537789571696,-0.0617832393131911,0.354482613926064,0.0532199175391162,-0.0634164856419104,-0.0760232902929736,0.0107976367825085,-0.0201787351205397,0.0243236823973112,-0.0498068473624013,0.0250822853047597
"YIPF7","YIPF7","blue","blue",-0.0207499740198851,0.0930695134113879,0.0362120733842229,-0.00191691793885321,0.0314055543480146,0.0080019812176572,0.0265081116146712,-0.00571063931811649,0.0181492877290631,0.0016600925483124,0.00295981584556994,-0.0159157322167589
"AFAP1","AFAP1","brown","brown",-0.0386824908675744,-0.0403672497764504,0.0119638533991665,0.0370546984769023,-0.0403518534852485,0.115955203847305,-0.0106544360288235,0.0490369666649702,0.087999268015068,0.0856030292729013,-0.000483238077711555,-0.0517144399051432
"DEPDC5","DEPDC5","turquoise","turquoise",-0.0154750639791106,0.0489754725842352,0.107796930778783,-0.0283887979584449,0.153523842434063,-0.0967412793443897,-0.0321200656056777,0.00880252898619488,0.0209025906539281,0.0189800395071302,-0.0173562802336929,0.0181115752014798
"MCUB","MCUB","brown","brown",-0.0937967145477346,-0.0216024029686376,0.0765036197417421,-0.107942644302499,-0.0510856242917457,0.168350207915247,0.122592330717702,-0.0493713837913596,0.0361783218089613,0.0791134477470256,0.179235410408431,0.0187818932176629
"ST7","ST7","brown","brown",-0.0450200132818985,0.00141136938195331,0.0115972344752751,-0.00102733552312423,-0.0081196898056471,0.088498026104088,-0.0589853512727694,0.0120410346897231,0.0954982945928206,0.0972573054603433,-0.0477360264225749,-0.0677848919818217
"AVEN","AVEN","brown","brown",-0.0605680413114856,-0.0700014161895948,-0.0131637771243951,-0.0207247201384387,-0.135068661136917,0.25131549883702,0.0723893067897704,-0.0403643612065461,0.0147746281787743,-0.0369432263927928,0.0586497199494295,-0.0819854615676418
"TBPL1","TBPL1","turquoise","turquoise",-0.0267223156974586,0.035590440193568,0.0767524369199713,0.0161793016621282,0.0844334960422685,-0.0708075668424525,-0.0204646324318146,0.0125510779476353,0.00778947584052349,0.0169004950795708,-0.00460079645883383,0.0954995705963634
"AC022217.2","AC022217.2","turquoise","turquoise",0.00672850717888741,0.129773313926785,0.0712136366925969,-0.0201400481587745,0.126572833346053,-0.136077244500235,-0.0689548159196609,0.00969145833754098,0.0146949930265809,0.0160687822752837,-0.0654512027643001,0.0275064591102925
"INTS9","INTS9","turquoise","turquoise",-0.0184624104749114,0.0277950166927628,0.109833621247528,-0.0351640214335091,0.141905609798208,-0.0800951159695876,-0.0296673217784753,0.00117091769794965,0.0154087919067063,0.0387390666522021,0.00113769927851391,0.0350643654627693
"CFI","CFI","yellow","yellow",0.052431217765694,-0.00808211587583518,-0.254431926078773,0.677837499489595,-0.13851055809114,0.0256238669791197,-0.119224603323565,0.0693707240213259,-0.0621797629969224,-0.0327932714133304,-0.161589365232122,-0.103634572572818
"KANSL1L","KANSL1L","blue","blue",-0.0673754921680811,0.146759994422268,0.0407387459608832,0.00815473891735422,-0.00663532570968417,0.0339713193819124,0.176797843056097,-0.0443392897885464,0.00147520591974935,-0.115318214384211,0.0372820887084907,0.0896427471404383
"OGDH","OGDH","greenyellow","greenyellow",-0.0269430818635555,0.0298388673204407,0.0108547322445258,0.0574571633356163,-0.0134467245439042,0.0550311352350937,-0.00354445589446102,0.0161617413559731,0.17867070653239,-0.00874072968553016,-0.0516715511524222,-0.0222045858028714
"ITGA5","ITGA5","red","red",-0.0590043889968147,-0.048850063427672,0.087499621193409,-0.0690593693853672,0.00439368931499046,0.0126235416860173,0.093316804885835,-0.0351938011157676,0.0526315110866999,-0.00971255981851105,0.089878446305071,0.125041485582825
"AC009495.1","AC009495.1","blue","blue",-0.0192894096189373,0.183253740762557,0.0476697078914741,0.014134278968996,0.0227976567893835,0.0211525597505479,0.0683770133724904,-0.0131733872034343,-0.0104572209512623,-0.0354953265020175,-0.00161556105106314,-0.0500887585301095
"PPL","PPL","turquoise","turquoise",-0.0390271898271988,0.0574949889365349,0.192443504857016,-0.0817855254852396,0.207539397738767,-0.187323680964412,-0.0625441224724667,-0.0180659902834545,0.0989926679820835,0.0432027116598871,-0.0631266669227546,0.0766473803049634
"AC011603.2","AC011603.2","turquoise","turquoise",-0.00622297036282584,0.035967147550507,0.0676418797680257,-0.0250755877472958,0.110693624457975,-0.0761452937095483,-0.0461232866147661,0.0131291412160435,0.0119755696115146,0.0065861867670125,-0.0277254727040869,0.00923004986063874
"RNF149","RNF149","brown","brown",-0.0888778332735329,-0.217510369458189,-0.117256239088698,-0.0264203387120858,-0.307755323051464,0.479397239071602,0.0419660304839644,-0.0381186940065199,-0.0170185432566534,0.0725186522659396,0.16863438947555,-0.191644800101861
"OXNAD1","OXNAD1","blue","blue",-0.0102697045015843,0.254645103462995,0.0836552202793685,-0.00354366358128778,0.108135576291766,-0.0843107610452823,-0.0460281584838727,-0.00529100650916464,0.106293597887537,-0.0530659241722629,-0.107227257074763,-0.0662216539918873
"SH3PXD2A","SH3PXD2A","red","red",-0.0540143269717088,0.0496778291235147,0.0106636701300819,0.0768400219027622,0.00123414370196653,0.0611391304469872,0.160187507065145,-0.0189428700221792,-0.0553636685725319,0.0349364626916013,0.13620066022902,0.040984534422574
"AC008875.3","AC008875.3","blue","blue",-0.0224599246223831,0.144311547036454,0.057039769761161,-0.00992270259439714,0.0232170671063443,-0.0112094825055576,0.0598359743672626,-0.0175724003375114,0.0284972493490356,-0.0506597508349685,-0.00870867098943031,0.0154850480176701
"STAT1","STAT1","blue","blue",-0.0362390812494271,0.180259360196755,0.0617318914438141,0.0658457906834693,0.0313728407744101,0.00120850348492108,0.058060535772518,-0.00619462020090818,0.0508659879282979,-0.0197116204799792,-0.0237417016810948,-0.0187497994768072
"NECTIN2","NECTIN2","red","red",-0.0449909448078573,-0.00318857962290343,0.104216586017602,-0.0700942161926939,0.0298570308468939,0.000494924365817037,0.18264994069539,-0.0415546102794166,-0.022335588611352,-0.00571361412261378,0.130639895278245,0.166402962251867
"FAM78B","FAM78B","turquoise","turquoise",-0.0144706188823258,0.0575887793052427,0.0840551569250128,-0.0344913283629663,0.136442328228988,-0.0947104043188233,-0.0458988588290812,0.0170988815224939,0.0804429003930375,0.0096337632110187,-0.0494166587518875,0.00202334894869826
"MIA2","MIA2","turquoise","turquoise",-0.0199598089862159,0.0217013388003291,0.102887393519917,-0.00775303828051414,0.136519404776789,-0.0736474416702848,-0.0737457707392971,0.0400376901554181,0.0561044058898606,0.0615438735136208,-0.0440205157936502,-0.0045807151595061
"GNB5","GNB5","turquoise","turquoise",-0.00984419940198962,0.0596448068585487,0.114188357027375,-0.0377042076546771,0.12035453608445,-0.0839800567144979,0.0193177177893276,0.0094073426524667,-0.0362151557559795,0.0491446546521961,0.0484210421374863,0.0702620915908708
"MGMT","MGMT","turquoise","turquoise",-0.0429699423517484,0.0774128031601138,0.130776813674439,-0.0390696733579432,0.148441364454334,-0.0900696379552701,-0.000951918354958111,-0.000862687779934764,0.0413873781905662,0.0291762196609534,-0.0129230423434148,0.0433893512408716
"SNX25","SNX25","brown","brown",-0.052336617872994,-0.069014595406991,-0.0110011846785277,0.0229066063333258,-0.104656918071767,0.171743795456246,0.0464399533176598,-0.00685213932626795,-0.00332115930778923,0.0191716779106433,0.0748324393710468,-0.0250851491234748
"GPX3","GPX3","red","red",-0.0518940264769898,0.0440163265464016,0.0689513990884695,0.0307036740171789,-0.124448515077029,0.149027901766341,0.237654592390834,-0.0877331295424776,0.0710072288836009,-0.204309630968678,0.0450417239474139,0.0293315600604307
"PHACTR4","PHACTR4","turquoise","turquoise",-0.00183806538391662,0.0315231917977618,0.101535262343104,0.0137947357907457,0.180232130356085,-0.149225460996488,-0.0577261805773783,0.0344082397359688,0.0113750587964534,0.0306875579978276,-0.0478343349253792,0.024491952436949
"VMP1","VMP1","brown","brown",-0.0317439561791611,-0.130692523316624,-0.189319612838636,0.0490811162474593,-0.389555289202035,0.504088333896253,0.11730699313923,-0.00634697497327095,0.00326570992728777,-0.0690924117573277,0.0577132540768814,-0.221977522249426
"NOD1","NOD1","blue","blue",-0.0136746952246378,0.13179727686291,0.0500287461292518,0.0595655275835495,0.058923314267053,-0.0405387392106574,-0.0306369507351168,0.0206779898472303,0.0903236612280301,0.0153119232829107,-0.0570089073942411,-0.0319394946992678
"LVRN","LVRN","turquoise","turquoise",-0.0211167968221223,0.0922715032488214,0.17233844365336,-0.0497079488806067,0.267395277360245,-0.151591917888751,-0.0692400508463886,-0.0346377711846062,0.0902073599086041,0.0575635380399244,-0.00393354649731727,0.0452330593778896
"SPEF2","SPEF2","turquoise","turquoise",-0.0111972937369733,0.0940435594157223,0.113402486127767,-0.0349547390308145,0.174939206967499,-0.116848057176894,-0.053473460514286,-0.00596481271626781,0.0287272995755423,0.0360788096591053,-0.0459999904328173,-0.0228672927423832
"ZFYVE9","ZFYVE9","turquoise","turquoise",-0.0284266143669617,0.0721242072659754,0.138972677275827,-0.0441680368383845,0.195804039072196,-0.111255381818568,-0.0463300930635888,0.0184018657664193,0.0164930017800463,0.0330812568069398,-0.0347592893687398,0.0295310017655594
"CDADC1","CDADC1","turquoise","turquoise",-0.0109389672367408,0.130745241728378,0.101482175193196,-0.0288427038789917,0.148011847031964,-0.114944143325997,-0.0219092394756442,0.0149120594614348,0.0141410446367314,0.0346100974270036,-0.0190725014206989,0.0334422588321001
"CGAS","CGAS","turquoise","turquoise",-0.0424085671712559,0.0672881905041295,0.113311460437048,-0.0339499395284275,0.0968837094835537,-0.0449422441210575,0.0888381172987428,-0.0167056280604457,0.0212084073257375,0.00940313282998528,0.0508193970276295,0.131143671811781
"KIAA0040","KIAA0040","red","red",-0.0741345134164225,0.0504211550659071,0.0974539774016718,-0.122788640649531,-0.0264504415140544,0.0979203621755048,0.367897807535623,-0.0933835061744359,-0.123892438759529,-0.0768372898286339,0.316183599237516,0.0894158523996195
"KCTD20","KCTD20","brown","brown",-0.0362763037747616,-0.0159531911445851,0.0656591554429437,-0.0385983857784643,-0.00181977401935288,0.076997163121911,0.0918204731525392,-0.0110835314539733,0.016560987359624,-0.00458309796752172,0.0490756134994223,-0.0129002830608781
"RHOT1","RHOT1","turquoise","turquoise",-0.00396932576070572,0.0384765030242068,0.117975869460562,-0.0380326525840138,0.188859836164735,-0.144099065971591,-0.0742169119719471,0.017036707344256,0.0347329896736263,0.0443640783164233,-0.0584415526069384,0.013571467200921
"ZNF407","ZNF407","turquoise","turquoise",-0.0586143747972262,0.0348483484635662,0.0811664204190365,-0.017319865649881,0.117555567150161,-0.0323723111376848,0.00348370180418519,-0.0163788004946978,-0.0125668056576827,0.0103933815372678,0.0305616755168191,0.0357797589042983
"TECR","TECR","turquoise","turquoise",-0.024293917325997,-0.0437962361454812,0.134093017848499,-0.0294732569138473,0.170513371024613,-0.193721706761319,-0.0764624284390125,-0.00337779088040849,-0.0192818163702201,0.0450792076493053,-0.0363962425220347,0.235186666072587
"CCM2","CCM2","turquoise","turquoise",-0.00812216361684843,0.0090596288095156,0.101572712319001,-0.0255474895273492,0.110038353757244,-0.0621041457532309,-0.0664840088314571,0.042430494296941,0.0274659628545345,0.0787212387646696,-0.0159799477667214,0.00644707946424452
"WDR61","WDR61","turquoise","turquoise",-0.031698429643357,-0.00191661978288615,0.155163944393881,-0.0418149979303583,0.162320934443253,-0.109568780172047,-0.0438039964792568,0.000502104363112266,-0.00224029854197683,0.0786406487567002,0.0246487594948268,0.163201574856644
"PRH1","PRH1","blue","blue",-0.0351058511194922,0.110889925288651,0.0740957178152344,0.0173874355165127,0.083938097072731,-0.0249104240593096,0.0352557773097003,0.00390504210863423,-0.0022026656842244,0.0136903721950145,0.0122680645467112,-0.0272061556658738
"YEATS2","YEATS2","turquoise","turquoise",-0.01080860495654,0.0376484480200845,0.131045169906857,-0.0251721288988853,0.199273353362443,-0.140134183516516,-0.0898445860191859,0.0237937338945561,0.0260951132896859,0.0673098118181667,-0.0354970543024895,0.0184350626468661
"LAPTM4B","LAPTM4B","brown","brown",-0.0314477659062594,-0.0182047279462631,0.0649588765148343,-0.00695487709166908,-0.0202996024750362,0.0763145863391501,0.0280820182258911,-0.0178125905273336,0.0144832475247101,0.0290981753808527,0.0395865619535425,-0.00739421166796961
"IER5","IER5","magenta","magenta",-0.011736292333633,0.0140618753679309,0.131026502906606,-0.0675843645894435,0.0657356830827002,-0.0489714389301009,0.109385473360018,0.0242509018278973,-0.0520007603715963,0.00483071016649807,0.0603816960868254,0.26074903042637
"LMNA","LMNA","red","red",0.000426264791707048,-0.227897257935606,-0.0100629999437876,-0.0382486851705461,-0.132641782804425,0.0278181172118323,0.186890947773223,0.0478179151174683,-0.105468971316845,0.137940140850328,0.226312444069212,0.297132504203742
"RELCH","RELCH","turquoise","turquoise",-0.0213146734412089,0.070522363361471,0.160175082918512,-0.0476083024225025,0.303636656052789,-0.217648377038898,-0.147735065365606,0.0332806590948385,0.0623997014653452,0.0663711165743692,-0.0943890302888417,0.00803633437188668
"LRGUK","LRGUK","blue","blue",-0.00944630418128833,0.205448755468102,-0.021515969599949,0.103582198976608,-0.0474855291254758,0.0778715440861377,0.0547348825359202,0.00744371729109391,-0.00583425720829317,-0.0368506952864245,-0.0275769491330189,-0.0944188118203155
"SLC7A8","SLC7A8","yellow","yellow",0.0485089132300214,-0.0145412502265895,-0.192995490486298,0.514540031715996,-0.103584498861573,-0.00031155963515637,-0.0902806671229054,0.0763230474921998,-0.0550285959504321,-0.00870313970339052,-0.119234483810162,-0.0590262863938832
"AAGAB","AAGAB","blue","blue",-0.0183499052492583,0.132882696766317,0.0518902763506691,0.0102787121288188,0.0430899225558554,-0.0170932299746061,-0.000820105984061392,0.0196107016342613,0.0562954743771361,-0.0184547229225017,-0.0464078438947424,-0.0472726385791041
"SPIN3","SPIN3","turquoise","turquoise",-0.0142281538373216,0.103092333898243,0.08926923313867,-0.0173261052154961,0.11345518908753,-0.0731605835966993,-0.0141489882225431,0.0070344683071371,0.00112918417151722,0.0223012377495029,-0.0245897094704444,-0.00961010557539496
"LIMD1","LIMD1","green","green",-0.0182723142413818,0.0186891910166065,0.0713806402584741,0.0370465509851287,0.122280063995049,-0.0383635650790374,-0.105488833780689,0.012777130541293,-0.000733726784372176,0.18359071752565,0.0235997482264586,-0.0295524449196727
"COX10","COX10","brown","brown",-0.0298799925920442,-0.0386409621218657,-0.0136394099284521,0.0194267928405791,-0.0590301360524591,0.148207779448164,-0.0165763838341513,-0.0172076408683551,0.0228841105368409,-0.0333862811191956,-0.0318670653471405,-0.103452543987423
"JCAD","JCAD","black","black",0.030118909696226,-0.0270595078250908,-0.0383491098306881,0.0501593424788963,-0.0126757883236375,-0.0201379621260953,-0.0698848579978975,0.430530529116063,-0.0288364294473389,0.121077696107539,-0.0303641581888426,-0.0252412858726276
"STX7","STX7","turquoise","turquoise",-0.00340486267970851,0.0577622826501654,0.146753872331214,-0.0512893548868033,0.234443565353959,-0.175547077495865,-0.119379080518578,0.0518868162323631,0.0449503889378893,0.100472283128266,-0.0522661310264207,-0.0037880505235287
"ZRANB3","ZRANB3","blue","blue",-0.0225414632872602,0.118081724291466,0.0787145376383875,0.0113198903224734,0.0983163349342836,-0.0418263629021567,0.0182693881602779,-0.0167892229353396,0.00380006323093579,-0.023915976254231,-0.0140595593713236,-0.0173550098060001
"MSH3","MSH3","turquoise","turquoise",-0.0138974533841019,0.072421217514765,0.121653965673996,0.000575209272822674,0.198243359890996,-0.145328359297932,-0.0537418650703294,0.025250205933067,0.00303577570613957,0.0259869921169215,-0.0367372383843771,0.0234678158440799
"OLA1","OLA1","brown","brown",-0.0436810002002563,-0.0341228203011532,0.000499349858496926,0.0216610838926456,-0.0670757357873501,0.150259973604547,0.0474967799908787,-0.0290703590318198,-0.0161965812023421,-0.0405373242218847,0.0401257574392019,-0.0511862908167596
"PAX1","PAX1","red","red",-0.0371853163584197,-0.0226789081829939,0.0456087002779776,-0.0474293962379201,-0.0247724682718466,0.0680144716174877,0.230606044439323,-0.0284164353571882,-0.109543328865199,0.00754387921746184,0.22118737079967,0.0560407063659059
"WDR19","WDR19","blue","blue",-0.0182734761888539,0.0750309993611095,0.0769579301665043,0.0194893752285358,0.0823192108804623,-0.0442910864523055,-0.0211061307430634,-0.00157627506372093,0.0380993267491627,-0.000801811500960939,-0.0361416535735814,-0.0149828268857512
"TANGO6","TANGO6","turquoise","turquoise",-0.0297230793361731,0.0403354564156301,0.0784837665753406,-0.0419273211742276,0.105407318562789,-0.0367218888937297,-0.00220544386526252,-0.0267135715573417,0.0369337537073427,-0.0294270119902803,-0.021498705271418,-0.0160964948152932
"LINC02542","LINC02542","blue","blue",-0.00226673923405963,0.100312204749779,0.0268462718292306,0.0556930540311849,0.0521628529567092,-0.0343567822590157,-0.0298162242286717,0.0461016139045089,0.0054103722300789,0.0022679221079254,-0.0269557713939653,-0.0301292972942498
"OSMR-AS1","OSMR-AS1","brown","brown",-0.0573230204254466,0.120975894256186,-0.0466676765152331,0.0887857045553291,-0.133911845713068,0.21102595941466,0.19642724092481,-0.0381602394871505,-0.00334422271131207,-0.109288566482716,0.0517961632681337,-0.0991881883146604
"RCOR3","RCOR3","turquoise","turquoise",-0.0173937439737089,0.0261578639595004,0.172046282708454,-0.0604611434993343,0.269394676093309,-0.212500083879233,-0.105452132286948,0.0254545599298181,0.0360462334500592,0.0557189899056167,-0.0636495385395065,0.0718091470324126
"S100PBP","S100PBP","turquoise","turquoise",-0.0261845431243235,0.105438516778684,0.127451854399339,-0.058070895297,0.163427673899407,-0.118452503914375,-0.00346482664705311,0.00381596216302338,0.00473298244416149,0.00926276128578648,-0.00894847250413778,0.019361699736654
"JAM3","JAM3","green","green",-0.0484159640453574,-0.0701829087374396,0.0523427745019638,0.0212504901063868,-0.000222793701264372,0.0684048695102689,-0.0238937434893686,0.0572392781499416,0.0337889309968703,0.133623817084334,0.0301498406576484,0.0468970735880165
"OXR1","OXR1","turquoise","turquoise",-0.0365275572714818,-0.0099327658838225,0.110301324081326,-0.0258870137759931,0.143920913299245,-0.0602824158539154,-0.0792401361190546,0.000426239010037342,0.00895593232245994,0.0994121723547405,0.003372878187945,0.0131723259228044
"CCDC18-AS1","CCDC18-AS1","turquoise","turquoise",-0.0237919416988354,0.0774349913967259,0.09094314921705,0.00114759333960659,0.161760260810045,-0.108505509305686,0.000506913239998875,0.000279800579527703,-0.0348053175631729,-0.000905489667599384,0.0034219203754668,0.0114883704073976
"SPACA6","SPACA6","red","red",-0.0530191927295996,0.0595417895992031,0.0624608549238639,-0.00103332056279218,0.0201239202301201,-0.01894012262469,0.222321783511414,-0.0220631747112032,0.00713492260324153,-0.0388194468810072,0.0834496735219905,0.146796422464478
"MAST2","MAST2","brown","brown",-0.0688984969399608,-0.097373180761308,-5.43554307841528e-05,0.00468049573996365,-0.0994049758765563,0.186638115194671,0.000860877215105785,-0.0150141059524556,0.0800569054604922,0.069928031714323,0.0251647491467233,-0.0323123562753987
"ITGB3","ITGB3","brown","brown",-0.0651981963389327,0.00632241700823611,-0.0461613089287829,-0.0235513251442628,-0.219838799046882,0.344913864253733,0.145841090464611,-0.0723220834861748,0.158007949205261,-0.141748393502505,0.0182297933416559,-0.153141360042711
"IPO9-AS1","IPO9-AS1","turquoise","turquoise",-0.0309473052687017,0.0768463980892125,0.127724642973755,-0.0180209197059325,0.193438641247365,-0.095779840652352,-0.0607807768968677,-0.0175164752345184,0.0440246657481506,0.00242224831029283,-0.0576388874012195,-0.00208875118505285
"RPRD2","RPRD2","turquoise","turquoise",-0.0152958764474992,0.128622918004981,0.137024582959,-0.0419659796481718,0.190916544544322,-0.129516369659153,-0.0787020106791835,0.0149907468203122,0.0287209172620898,0.0298656086723713,-0.0703610634885937,-0.0225038087598059
"ISG20","ISG20","brown","brown",-0.0287376144688379,0.00389226030466885,0.016319658759772,-0.0328185337665472,-0.0606308780584144,0.126569808765342,0.099963997343026,-0.0273073493230079,0.00406170879878642,-0.0513617511887541,0.0473412089032619,-0.0302324278148507
"ATP2B1-AS1","ATP2B1-AS1","brown","brown",-0.0212960679950906,0.0404504273185113,-0.00877402581715515,0.0423473263394538,-0.0928164201447134,0.152214512408066,0.065534877580921,-0.0172801579597653,0.082270278467663,-0.073214941744113,-0.0429462661452258,-0.046012953016993
"RTL1","RTL1","brown","brown",-0.0640262934549827,-0.0943004908397099,0.0419573980351797,-0.0464372462055584,-0.0865191308998999,0.184968811161747,0.152077178898733,-0.0330336546651167,-0.0186703252960784,0.00945404660147068,0.20022144640913,0.0452230876890229
"AKNAD1","AKNAD1","turquoise","turquoise",-0.0299162019809146,0.0658357108517214,0.117687009193824,-0.0243749046602109,0.133179690986738,-0.0585419616324244,-0.0307767353045379,-0.0114687929802371,0.0124068095717255,0.0276309897194661,0.0107802364802358,0.0166226103063931
"DOP1B","DOP1B","blue","blue",-0.0115530891112886,0.142538814425954,0.0842485689609286,0.000103512664607501,0.108936780419685,-0.0881794002889016,-0.0195500501459485,0.00652463476073161,0.0418602817772983,0.0121769397635252,-0.0359478425540585,0.00945292645373254
"NPHP4","NPHP4","brown","brown",-0.0215756220946741,0.0167173735563643,0.0212385168282847,-0.00261553112781278,-0.0268618791448209,0.089911424001573,0.0423641894282999,0.0154091836500759,-0.000337465963733457,0.0202547612895363,0.0347952343248179,-0.0397528469146768
"SMIM8","SMIM8","turquoise","turquoise",-0.0164748363883908,0.10119075527652,0.108388613874216,-0.00914431036282366,0.166165259676388,-0.117803256142071,-0.0492495405517454,0.00774538413844599,0.0208511833302185,0.0280138900895956,-0.0294534899315982,0.00865594411712549
"EMC1-AS1","EMC1-AS1","red","red",-0.0443728206549159,-0.0402317791084747,0.0465158640389182,0.00170339861493695,-0.0116809466187168,0.044872074884768,0.135461912541556,-0.0246979340021959,-0.0178540905153099,-0.0572810876635591,0.0460184433602168,0.090305965492529
"CTTNBP2","CTTNBP2","yellow","yellow",0.00917168648989449,0.0270815224533212,-0.0407604823002716,0.256688391690434,0.0215125120809702,-0.0191219829834239,-0.0580967635044004,0.0101365770782157,0.0153736489729469,-0.0592967452877674,-0.125036900955291,-0.0489976245201533
"AL606489.1","AL606489.1","red","red",-0.0521468453072466,0.0834129255339273,0.0480946484225701,0.0177625272996788,-0.0392087822892699,0.0931196376900547,0.237034750618659,-0.0394291433451496,-0.0399872847737932,-0.0787315397522316,0.0871061102863634,0.0841919778164303
"ITGA10","ITGA10","black","black",0.0305378675614391,0.133540919487319,-0.00282899562169618,-0.00878322465020423,0.0770265595522431,-0.116665013873424,-0.0690660857351417,0.513865235896721,-0.022723673722606,0.0710289515653562,-0.0667871155890503,-0.0331187676737033
"CEBPD","CEBPD","purple","purple",-0.0492743849109434,-0.117397121596036,0.116245080835302,-0.181088113628626,-0.140904580123431,0.141240063927202,0.325546555412599,-0.0779484138763024,-0.0339423064820865,-0.04052990170415,0.332590919345342,0.303262603325656
"TSTD3","TSTD3","turquoise","turquoise",-0.0220610924711058,0.0447460098693558,0.117272470956898,-0.0111212400616618,0.161743801293647,-0.0969833665440913,-0.0418604655626028,0.00128654950614909,0.00863412074509584,0.0330898809349955,-0.0200306077498375,0.00398464357837502
"ALPK1","ALPK1","blue","blue",-0.0305354411354163,0.216728240055447,0.100881786701249,-0.0253608575570154,0.106070092715385,-0.0300974413832335,0.0702770134698012,-0.0354223530229851,0.0314537654708615,-0.0637360636160611,-0.021387819663434,-0.0353067388123965
"Z99289.3","Z99289.3","brown","brown",-0.0290233877939155,-0.0298473391737203,0.0119955274848281,0.0195329391706894,-0.03698659421321,0.083832987641319,0.0796406660023521,-0.0112041126506078,-0.040677148432983,-0.00614398444021225,0.0810804747692476,-0.030026154187927
"DST","DST","greenyellow","greenyellow",-0.0310649071209822,0.0850281382423862,-0.069091372767278,0.15788330314484,0.038111647482712,0.00113619122285798,-0.185316306070894,0.0986556819168991,0.399092702395511,0.0076579023840336,-0.238695952424648,-0.155956817844044
"KIF3A","KIF3A","turquoise","turquoise",-0.0111178050530818,0.0652815436595867,0.0969514615044543,-0.0238266521908513,0.135366806676844,-0.114401897881205,-0.073948682598354,0.01856423703809,0.0256208454762262,0.053540435468917,-0.0488678728287892,-0.00435010461592437
"ITFG2","ITFG2","turquoise","turquoise",-0.00919102648772581,0.0450081153271443,0.0916183312584351,-0.0177696824959945,0.154472812350651,-0.121463635472635,-0.041549012929325,0.0238098287013891,0.0129409122310122,0.0222316989621166,-0.0181470116141932,0.0600151062445649
"ORC2","ORC2","turquoise","turquoise",0.0076628321313548,0.10085973980443,0.131534396122347,-0.017643198647078,0.230185862281663,-0.182108231418535,-0.100954325270817,0.0106434930007467,0.0404908881506787,0.0356013457832241,-0.0679897258363396,0.0186295528252243
"SLC39A11","SLC39A11","blue","blue",-0.0265855660811417,0.0765527573630636,0.0606810069985525,0.0416869276667288,0.0734672705780773,-0.0135855422282892,0.000387291167924165,0.0034840765955369,0.0469172276123579,0.0264311145811456,-0.0166402033124392,-0.00883301356001545
"KIAA0586","KIAA0586","blue","blue",-0.0267185195551228,0.172529562851762,0.110927302094777,-0.00639657228776549,0.136396924960324,-0.0768931242100937,-0.0047378013024254,0.0116623150355983,0.0404542704187071,-0.00127402177119345,-0.0423392845215542,-0.0181415445634049
"FAM124A","FAM124A","blue","blue",-0.0145021804202943,0.171118631195637,0.0112906789983679,0.0150884154851201,-0.0507479191286313,0.0685107749493921,0.0849054261734173,-0.0177797337693811,-0.0217331197881341,-0.0449168971532442,0.0177529385362089,-0.0556403313403164
"RAB28","RAB28","green","green",-0.0496039938674837,0.022033933353139,0.0680800705370079,-0.0251914157386953,0.0398588075273155,0.0426725752833276,-0.032751019535763,-0.0166713455369796,0.0721263835015617,0.0657405737349968,0.00878034995986163,-0.0335285805391971
"SGMS1","SGMS1","brown","brown",-0.0538645744876008,0.0348008757592926,-0.00710960190637755,0.0397462212530925,-0.0378045727208569,0.118588124494338,0.0371827583634186,0.0292605710720052,0.0159010836527715,0.00900998824205621,0.0130798007003544,-0.0658427421971641
"FANCL","FANCL","turquoise","turquoise",-0.0119006746250807,0.0402002103766107,0.10692204439557,-0.0164900977402592,0.1828586717418,-0.13787569437921,-0.0916721625144735,0.0244092130036904,0.020635054880866,0.0204039056437301,-0.0548628552214835,0.00110956432209394
"PM20D2","PM20D2","blue","blue",-0.0196240703902363,0.288583915729103,0.0958097190300258,-0.0420451737107818,0.0349886686700328,-0.0344704951508008,0.0651595101509967,0.00205855359331032,-0.000123261281567965,-0.00173326385274989,0.034063379721571,0.0248396241197551
"UGCG","UGCG","brown","brown",0.0210747124783283,-0.0737735331839173,-0.0212006842801654,-0.00767046464712937,-0.121148441270487,0.139952579404779,0.144564759933483,-0.0147869477909812,0.0148703454621356,0.0248900420474622,0.133594739615302,0.068609673194934
"GNPTAB","GNPTAB","turquoise","turquoise",-0.0230504701490314,0.0251645049043501,0.110134478328847,-0.0366210348455191,0.123749052688206,-0.0681572473544549,-0.0623336505025158,0.0213700076444681,0.0538788930491211,0.0542767023112745,-0.0302669591397577,-0.00535525206069285
"ZSWIM3","ZSWIM3","blue","blue",-0.00991636629831545,0.166548075120806,0.0670349970669214,-0.00478324091039784,0.0772248613034702,-0.0632149035011957,0.0313866454391492,-0.0150497496462131,0.018206515316862,-0.0295466156300502,-0.0411454110171843,-0.00372817074512373
"N4BP2L1","N4BP2L1","red","red",-0.0569176945287454,0.0907666911160629,0.0240786398796527,0.00934003095708636,-0.033022702268863,0.107934613243297,0.228193956281612,-0.0441806094653894,-0.0649339043008438,-0.0944724346735508,0.111922626214953,-0.00863029535938151
"CHAF1B","CHAF1B","blue","blue",-0.0129452225441559,0.145725402881605,0.0523081936994094,-0.00591763481811344,0.0658446929396377,-0.0315950097380683,0.038157835269678,-0.0161582126381695,0.0213612636953174,-0.025987767925475,-0.00244272205082317,-0.0161158291424755
"AP000317.1","AP000317.1","blue","blue",-0.00792055653355006,0.129137460966866,0.0194345060698672,0.0128456972498948,0.0295692481387268,-0.0118169732901285,0.0373541240485089,0.0425734618823448,-0.0338844148758462,0.00211100033392939,0.00194123579731857,-0.0174577774902936
"ATXN10","ATXN10","blue","blue",-0.0331966053060145,0.11204874766064,0.0287071106975376,0.024824371786542,0.0321880657765055,0.0372224804730164,-0.0621482397147316,0.0600279617428331,0.00876924650755411,0.0469775936717062,-0.0582309204251711,-0.110177777383932
"NOVA2","NOVA2","greenyellow","greenyellow",-0.00516420324275776,0.0119756715174742,0.00895640268204414,0.00346427808491614,-0.000135741411941022,-0.00134015377494755,-0.0150379602458119,-0.000966282960978557,0.12222637858873,0.0014097931486187,-0.0418264743615273,-0.0110269182594083
"CD4","CD4","blue","blue",0.012568560801969,0.276482650955411,0.0913600698393119,-0.0179278176131499,0.131963038183526,-0.124757924603047,-0.0345121797300235,0.00782865220458177,-0.00122666574075786,0.0099478507895945,-0.060592980583912,-0.0243358259473999
"IQCB1","IQCB1","brown","brown",-0.0673582240841112,-0.111953825595153,-0.0224959494650997,-0.0346900279531705,-0.133349674302493,0.266048206189924,0.0651819304831479,-0.0411885055138541,-0.00582384810298879,-0.0793869935002251,0.0483772840906205,-0.116721836626203
"EFHD1","EFHD1","turquoise","turquoise",-0.056446307369575,-0.0293378274187773,0.208110346196225,-0.116173296777396,0.208666851761206,-0.118484395924441,-0.039978836354059,-0.0806343714653771,0.072400004101486,0.0496163295993356,0.0726290965752158,0.101423078502221
"MPP5","MPP5","red","red",-0.0585078902995415,0.0272721061570223,0.044361536077,-0.0114747688222039,-0.0222577659965422,0.112504843757188,0.166394790840053,-0.0313379594965891,-0.0268315763152567,-0.0201867380554681,0.0797398515538664,0.0460167083031819
"GCLM","GCLM","brown","brown",-0.083310344773839,-0.0983948645702404,-0.00259162812937071,-0.0693651405456998,-0.200902882854488,0.318095774678142,0.180905865613895,-0.0578557443642724,-0.00842261673007352,0.0127336853776366,0.196798351558663,-0.0535020750675305
"ARHGAP23","ARHGAP23","brown","brown",-0.0202724084219814,-0.0091041192305854,0.0423060085646045,-0.0106685730108941,-0.0123217147075276,0.056953562732917,0.036688909691875,-0.0181298820739599,0.0479277722513959,-0.0238337465055278,0.000633437875427505,0.00696433244318566
"GBP3","GBP3","brown","brown",-0.0122711372076223,0.0388963914735158,0.00337002035798101,0.0652873008384145,-0.0256521626265448,0.051356639981387,-0.0079987777531829,-0.000150579139766566,0.0219210742157703,-0.0125861333303415,-0.0312998908996519,-0.0642007014869347
"DAB2","DAB2","brown","brown",-0.104798011574966,0.00666179911324936,0.0393072022815485,-0.0894493962241616,-0.141384776611462,0.271153805102716,0.209763544980635,-0.0779531123437281,-0.026598389343963,-0.018887718937106,0.222056194538282,-0.0506463693761026
"RSU1","RSU1","turquoise","turquoise",-0.0282299458108261,0.0974796119304947,0.106038059004446,0.0132620857585951,0.126735456739598,-0.0813110297395749,-0.0437391292826147,0.0140046330771543,0.0772848630482715,0.0289148054178601,-0.0617160927009365,-0.000846217512176871
"TMEM62","TMEM62","turquoise","turquoise",-0.0132236786959008,-0.00591016814043089,0.0831783821831074,-0.0225035409106432,0.134451569496119,-0.084935244527056,-0.059384539254158,0.0173338788470902,0.0225105909981153,0.0489698281073102,-0.0225050603217084,-0.010737342605587
"PXDN","PXDN","green","green",-0.0586706131925172,-0.0145361784919802,0.0736703990960155,-0.0636683114385756,0.0535111490923857,0.0560195082933878,0.0532069185306143,0.0691579958442161,0.0620224482166061,0.159970296468398,0.118257521838583,0.0233896859813497
"GALNT2","GALNT2","brown","brown",-0.0962414811262961,0.038151007674218,-0.084054788377047,0.0360928402964849,-0.233626771631977,0.38444894036849,0.240656281432187,-0.0594689374832426,0.0384505565048846,-0.121322530559841,0.106580727980931,-0.161702311983636
"PIK3IP1-AS1","PIK3IP1-AS1","blue","blue",-0.0145984947405667,0.109191011155601,0.0347637014238213,-0.00665161276648748,0.0434044777595866,-0.0175347847394879,0.00110226704603483,-0.00071151482346859,0.0164568065537423,0.00996500517510143,-0.00968294052122541,-0.0191137450433867
"PLSCR1","PLSCR1","red","red",-0.101815655207707,0.146527497785268,0.107975165572836,-0.108401610154856,-0.00832828632586633,0.0845858486408316,0.406501034642602,-0.0902683848263809,-0.059188138880995,-0.125974438176064,0.257706448009453,0.112639755437579
"NAALAD2","NAALAD2","turquoise","turquoise",-0.0321939895223764,0.00844728182761803,0.174250681448829,-0.0710248431275754,0.261412952237439,-0.182554598715729,-0.0555299854801804,0.0410156966999749,-0.0427994670993189,0.12088425641639,0.0433869482914072,0.151928372814725
"SLC39A10","SLC39A10","turquoise","turquoise",-0.0157537329427861,0.0943304206070435,0.10503081456738,0.0139857096623635,0.119164878844818,-0.0692862553470324,-0.0594609300529406,0.0653058268610044,0.028397820866798,0.0654583561036031,-0.0456672681294151,-0.00952108940352909
"IRS1","IRS1","turquoise","turquoise",-0.0325571153520558,0.0148630657701021,0.13980251222249,-0.0372727272777719,0.153791588759643,-0.0494719482245899,-0.0368836533745407,0.00460150440977854,-0.0178475024341103,0.118900610531998,0.066661945055293,0.0357194204124246
"LINC01031","LINC01031","blue","blue",-0.00840712588781576,0.239068422346401,0.0430918719551638,0.0495295954254866,0.0591862295858236,-0.0447676338416321,0.00728249779834051,0.00786448372193777,0.0365009456233816,0.0110767364501383,-0.0344962422324145,-0.0247759638630946
"RHOU","RHOU","red","red",-0.0384372786638773,-0.0074919928640312,0.0742592836729843,-0.0475074959821283,-0.0204801624468966,0.057385210777523,0.122222702392273,0.0742894541796896,0.0255171557307617,0.0291731806411028,0.0618248561179802,0.0423651279519638
"CYB5R4","CYB5R4","turquoise","turquoise",-0.0196864662450223,0.0127104951157567,0.103863086867596,0.00368316539643465,0.159854565608451,-0.0908142391560088,-0.0643450141151808,0.0109574062826909,0.0362416490051165,0.0190262875224472,-0.0256576567212512,0.0301328443548994
"LINC00174","LINC00174","blue","blue",-0.00507264453470269,0.137260357251025,0.0654463332139668,0.0357125144846767,0.0876154200013346,-0.0472498527477188,0.00859758827484047,0.0148569167946512,0.000637634931217799,-0.000562147045385495,-0.0387310721797152,-0.0222870167011727
"MTM1","MTM1","turquoise","turquoise",-0.0174018752968172,-0.0118350307286385,0.0826922038499451,-0.00717397443058494,0.116285472540767,-0.0597768301496465,-0.0755973215665721,0.0706689597267811,0.00396797067762223,0.0884982999890543,-0.00833875133076495,-0.00346494595010186
"MTFR2","MTFR2","blue","blue",-0.0142117917643444,0.287027357910873,0.132380390110426,-0.0298904023107057,0.177642454913971,-0.16061566819875,0.012836583863847,0.0223901997427602,0.0104035286699707,0.00513472028218284,-0.0392170449587223,0.060747178108934
"SNAPC3","SNAPC3","turquoise","turquoise",-0.0182444448112465,0.0431837493903691,0.110362429837592,-0.0138379104128753,0.124559529521417,-0.0690981514280584,-0.0548233376306727,-0.00198400502233341,0.0461858556906488,0.0420247951456527,-0.0328802582529774,-0.0060512914491309
"GTF2F2","GTF2F2","brown","brown",-0.0392208118277903,-0.0617251398025541,-0.0387891482998193,0.0367959735216402,-0.109109274302659,0.203996310762933,-0.0103568585640304,-0.0111005735276505,0.0490187230737102,-0.0518774548515345,-0.0480165110213436,-0.131265935514486
"SPAG1","SPAG1","blue","blue",-0.0235256288951149,0.232173860892759,0.134735184303723,-0.0468807079241523,0.109093264987283,-0.0708305527123426,0.0794862463185759,-0.00499724247378563,-0.00557541979225755,-0.00689926347678733,0.044932152575523,0.0215343988580579
"CEP162","CEP162","turquoise","turquoise",-0.012441936473829,0.0236994158630418,0.103547379701292,-0.0184493003490995,0.174875359154766,-0.136479080574696,-0.0673148869545573,0.0543759897435551,0.040385689823338,0.042032166445951,-0.0439764882031418,0.026012041895906
"CEP192","CEP192","turquoise","turquoise",-0.0300117447495098,0.0925472552455813,0.121319899187127,-0.00531571155007528,0.170267465641568,-0.0856849926289842,-0.0702078052748117,0.0311625709626745,0.0490351029894495,0.0208377049949544,-0.0720589067637736,-0.0308659392878805
"SGPP1","SGPP1","green","green",-0.0333719775048868,-0.0575017206176402,0.0846833054353308,-0.0166512223200107,0.0444807016682137,0.0319099778364521,-0.0151056428987109,-0.00561774272628297,0.0110775275320832,0.0829004235086934,0.058017801681933,0.0213660138783238
"LINC02062","LINC02062","brown","brown",-0.0567553662062354,0.0946298598684355,-0.0127183672392134,-0.0178734896965997,-0.136285062877172,0.254226719958455,0.149986916502082,-0.0494136503273971,-0.0219424505783041,-0.0746405812890805,0.067119361996299,-0.109886802646623
"DIXDC1","DIXDC1","turquoise","turquoise",-0.00795479788037735,0.0967401810667507,0.135898007555381,-0.0221345332171045,0.189004281318713,-0.15378933901538,-0.0602326847832878,0.0441728943814405,0.049543869082869,0.0202114104839323,-0.0819390506086081,0.0227953842126217
"TMEM161B","TMEM161B","turquoise","turquoise",-0.0119472083749287,-0.00590321236214437,0.0806189341899608,-0.0207105434675553,0.126513901010211,-0.080783438706469,-0.0716583331906034,0.012092424727754,0.011864393580609,0.0270033420090948,-0.0295376483339573,-0.006483458157363
"CCSER2","CCSER2","brown","brown",-0.024089546560599,-0.0892021198365859,0.0112748372319171,0.0443957091461333,0.032475625782341,0.0633476611178069,-0.158437441465134,0.0333520516279639,0.0704389536346114,0.153356717267307,-0.0324971387690545,-0.105391686481993
"FAM228B","FAM228B","turquoise","turquoise",-0.00636695868805986,0.0880374541430728,0.0910521071786335,-0.0255283595011382,0.145425689053489,-0.129084112046899,-0.0493725156756513,0.00615769451193513,0.00465029500514314,0.014439152420558,-0.0340986382915871,0.00464826469756021
"SRPK1","SRPK1","brown","brown",-0.0311022919532181,-0.0466421466142188,0.0343574313904824,-0.0181694860291249,-0.0209915237495986,0.10198648960276,0.0135143383079353,-0.0265387703203488,0.00935269064942408,-0.0163972376671499,0.0123284207067957,-0.0474908237782546
"FABP3","FABP3","greenyellow","greenyellow",-0.0163457375178004,-0.00222572585409477,-0.00231999914508758,0.0480162721491791,-0.0230801959518658,0.0173866592662321,-0.0625127046937138,0.00129692874067794,0.234519850679625,0.0150809641040144,-0.077081235120884,-0.0147816322576434
"CCDC152","CCDC152","blue","blue",-0.00102785273025741,0.160896620838057,0.162840348775491,-0.0561198111995743,0.124973430687096,-0.0999807044307945,0.0230346276285686,-0.00398544618425931,-0.022657307828388,0.0439849674386001,0.0395961440252754,0.0398883033477774
"STIM1","STIM1","turquoise","turquoise",-0.0438342278471166,0.0980237997995007,0.155673792223135,-0.0850855248607676,0.19374668155405,-0.098282712226012,0.00972100452243049,-0.0381831047305367,0.075717250813885,0.0164674716575462,0.00183327879459374,0.0134641014053968
"CEP120","CEP120","turquoise","turquoise",-0.0167578219816053,0.0386874904323551,0.117903344658111,-0.0209165404648501,0.170930638337124,-0.117876738957008,-0.0854048073872568,0.022543066990408,0.0495799958217962,0.034533269992417,-0.0641608835545786,-0.0159851529027463
"C21orf62-AS1","C21orf62-AS1","turquoise","turquoise",-0.0160191779436436,0.0512506203557439,0.0685883385802065,-0.0160238035965377,0.0913374151168111,-0.0473922866222884,0.00346675776882434,0.00349348105910629,-0.00302955645138367,0.00909918765329767,-0.00570189328196424,0.000600536614828665
"SOX9","SOX9","red","red",-0.0151170604513553,0.0254163884219808,0.0474781118524795,0.0364322848169163,0.00201958084089452,-0.0139126146246461,0.0703676901071245,0.0153042431167184,-0.0487168261000635,-0.00578773152929851,0.0296197628024595,0.0842711990223888
"ITPR1","ITPR1","yellow","yellow",-0.0414025336475678,0.0975884068985716,-0.00818181363792121,0.116812308125718,-0.024108887785795,0.0772556200333566,0.10369202158102,-0.00625187814344963,-0.0570518655087262,-0.0444052093851101,0.055361582026439,0.00370093226006371
"MFSD11","MFSD11","turquoise","turquoise",-0.00500464120426126,0.0311574061421072,0.098958207109264,-0.0158397687963829,0.120918128714492,-0.0771468885648132,-0.0372343398735924,0.00764805255357276,0.0312607723703802,0.0749149492858201,-0.0138594945406003,0.031356370645252
"KIAA1841","KIAA1841","turquoise","turquoise",-0.0147257985855073,0.0966833083616722,0.123719763091868,-0.00605903613632628,0.192989206885448,-0.155558523795703,-0.0843843318800869,0.043501390712907,0.0546240157987455,0.0615109777729908,-0.0621743840762304,0.00758581523279244
"LINC02018","LINC02018","yellow","yellow",-0.00473756917716816,0.0402727310318016,-0.00889358237553837,0.0954659881586045,0.0187943544188808,-0.0136109220738981,-0.00481486066376963,0.00415574102371693,-0.0172853971682607,-0.0245624756339618,-0.0230540195805107,-0.0135889819982074
"PLGRKT","PLGRKT","yellow","yellow",0.00384038747909857,0.0378543519792303,0.0332161542125793,0.0697808205752431,0.0431012063906086,-0.0156245266572545,-0.0316996679297094,0.0109916304855119,0.0145727517550333,0.0309031108354692,-0.013755055067957,-0.0152146375461088
"EBF3","EBF3","turquoise","turquoise",-0.03292422989678,0.0617774364849868,0.216467428784384,-0.0527771551232252,0.366476719415605,-0.274022065806206,-0.124905862507608,0.0130069722210158,0.0412952323753984,0.0899778473922649,-0.0660456907539372,0.112168633268789
"WDR73","WDR73","turquoise","turquoise",-0.0112813037263354,0.101188079570408,0.0960749156314771,-0.0113896196605916,0.132539985188426,-0.112358304051883,-0.0426112965943617,0.0357081236298967,0.0320070928161533,0.0271221727333933,-0.0463005760899248,0.0177062440628148
"VDR","VDR","red","red",-0.0364520859114792,-0.0348700799067697,0.0301998098818639,0.0122612628663417,-0.0417969078849002,0.0968737941689019,0.109224438048671,-0.00990181054009038,-0.0612557999468347,0.0367755075597152,0.102984030982627,0.0148595572599384
"ZNF652","ZNF652","turquoise","turquoise",-0.0263592703236369,0.0397273470480244,0.124817503150046,-0.0265305584045518,0.182967786397482,-0.133728223282422,-0.0837075107942593,0.095843905403219,0.0256445997330334,0.0881578303145775,-0.0494741722739008,0.0113713963422403
"LRRFIP1","LRRFIP1","brown","brown",-0.0522345737465594,-0.123034529041225,-0.0706590910986634,-0.0379662625729328,-0.248660348750076,0.334949228799718,0.221658683692133,-0.0460183457375695,-0.0449272062456384,0.0406146183869774,0.292334299803803,0.0263442697415643
"RALGPS1","RALGPS1","blue","blue",-0.0356660058776925,0.236214508853857,0.167070808191781,-0.0517329648312839,0.189159018848265,-0.152496275317577,0.0219975622944112,0.0309963732500149,0.038340226377046,0.0478316725687255,0.0337188688771452,0.0875272825855089
"MXD1","MXD1","turquoise","turquoise",-0.0415528539994673,0.0515375332770721,0.115254606277575,-0.0407873697821802,0.0919089855078737,-0.0736996738908062,0.0495918258006266,0.0279840542883497,0.00932821417806379,0.0154268827907003,0.0232115186970513,0.190451875810499
"AL078600.1","AL078600.1","turquoise","turquoise",-0.00542799274335935,0.09840436957534,0.0703015661194989,0.0481816844706629,0.119160991466914,-0.0806117307618011,-0.0399509661315603,0.00975450782912335,-0.0080231289251622,0.00543770822566481,-0.0502215092236925,-0.0219843446218718
"PPIL6","PPIL6","blue","blue",-0.015941945292154,0.0954507789831499,0.0471228488342112,0.019973798315628,0.0589250262459646,-0.0334642133357885,-0.0197699193411743,0.0140125298875231,0.0119441669188321,-0.00102650172172915,-0.0247805024913553,-0.0229738572027665
"LIFR-AS1","LIFR-AS1","turquoise","turquoise",-0.0138922142463626,0.0923942139154222,0.0885676163580368,-0.0289232672181134,0.137097663495207,-0.0939806174832699,-0.0248369963476721,-0.00483069660263137,-0.0140116632132642,0.00840362336475542,-0.0032848527576765,0.00338519478914294
"INPP5B","INPP5B","turquoise","turquoise",-0.0141221908268797,0.108403387365703,0.108446700871128,-0.0230797949993761,0.169830585015115,-0.115966076459918,-0.0647197615278493,0.021343865289695,0.04543837610047,0.0469287641374987,-0.0422806001605553,0.003685998094601
"FANCM","FANCM","turquoise","turquoise",-0.00995744149838014,0.0597094775512143,0.112691769468714,-0.0284423052150602,0.15625389640818,-0.116823614076267,-0.0625447185478035,0.00367622436028968,0.0171876196305499,0.0320544872910922,-0.0357396339272457,0.00537124196479617
"MIRLET7BHG","MIRLET7BHG","turquoise","turquoise",-0.0240690696923969,0.102103629485946,0.137591661427926,-0.0703484441145557,0.229253091022279,-0.182489330898175,0.0178572330598235,0.0533466384731653,-0.00857508086623198,0.0047452615567468,-0.0288085628991261,0.0804666428725071
"C12orf73","C12orf73","turquoise","turquoise",-0.0205224758897482,0.0332492870701532,0.122615630974358,-0.0436387851533468,0.13104560263861,-0.102904630666523,0.0441245486665105,0.0117038510083744,-0.00526815001587593,0.0147720824685879,0.0463568345220194,0.130738454595214
"TTC28-AS1","TTC28-AS1","blue","blue",-0.0308645741862387,0.176317608420189,0.0644128180706972,0.0236213470091921,0.0457139615344906,0.00694683828706376,0.0577320427322694,-0.0135188380654291,0.028742194530719,-0.0406088844453827,-0.0180197388467169,-0.012525030764283
"IPO11","IPO11","turquoise","turquoise",-0.0228074628909348,0.0869763338580888,0.106072997300296,-0.0211740559330407,0.138436050531105,-0.073479813499869,-0.00998524388602515,-0.00201594308899107,0.00606419548826013,0.00149830985470579,-0.0071683665841573,0.0374412752320912
"EIF2AK3","EIF2AK3","brown","brown",-0.0602966736033815,-0.0797629767519207,-0.0339445649961608,0.0844706233337539,-0.0901128271191458,0.148086170052764,0.0547976202363041,0.00991789841590189,0.0219145770264076,0.0508863573221464,0.08347516750778,0.0309104870409195
"ALOX12-AS1","ALOX12-AS1","blue","blue",-0.032936118595147,0.133538695524298,0.0729659205582758,-0.0436879126176942,0.0460183269514892,0.0061745121193904,0.114040701403201,-0.0167909366762585,-0.0267087804179737,-0.0622462243868239,0.00849185959116495,0.00215405696267536
"TBC1D2B","TBC1D2B","turquoise","turquoise",-0.00952681183280422,0.0288393237517092,0.143780879208443,-0.0359589464958775,0.194113469834551,-0.144425938099776,-0.0843751001407599,0.0598840902370394,0.055009657720631,0.0976898535979858,-0.0356915338882633,0.0405912257109733
"DERA","DERA","turquoise","turquoise",-0.0350898107389184,0.120946580526628,0.154203222837578,-0.0303591091388583,0.247172046370173,-0.155708442496694,-0.081759898621331,-0.00294162514594623,0.052968214022102,0.0630990215230464,-0.0379340179039177,0.0375278480439176
"PLK2","PLK2","brown","brown",-0.0584236373747341,-0.0644784995923218,0.0612856358415744,-0.0444598046443771,-0.0459992968965521,0.108811722911563,0.0656013840185101,-0.0229425343970875,-0.0934723416974854,0.11255776374949,0.163620410941889,0.105855758497596
"AP000943.2","AP000943.2","turquoise","turquoise",-0.0282559398030531,0.0250494237410472,0.119625481654227,-0.0456882248739111,0.151062727294559,-0.0805799218909907,0.0236849300271336,-0.0152345363001013,-0.049537114768004,0.0466290856670871,0.0707383628757738,0.0875204168599786
"XPO7","XPO7","turquoise","turquoise",-0.0133283480591448,0.0286915329299026,0.125800870086962,-0.028136734810624,0.193962577520926,-0.133093610386462,-0.105516249990242,0.0476003873308487,0.0426193598413752,0.0662685152009869,-0.056705334717046,0.00302874960639606
"C2CD2","C2CD2","brown","brown",-0.0462567414982313,-0.0501705853729355,0.0754468781044994,-0.0560430690592781,0.0101849357020567,0.0910338178115692,0.00251005694989434,0.0128309876892585,0.0629858173050773,0.0557268480373391,0.0530945755151258,-0.0104852878944686
"DCAF10","DCAF10","brown","brown",-0.0372975760716701,-0.0391381957889447,0.022242375431229,0.00461881243340007,0.0162381404750392,0.0697957671643212,-0.057081678883285,-0.00343483092173031,0.0587172558658875,0.000776227529126465,-0.0421963614156828,-0.0971808730689213
"MTX2","MTX2","turquoise","turquoise",-0.00168606424993351,0.00292484168282181,0.116171269762677,-0.0208525026382346,0.2211178396008,-0.183507196896018,-0.145121552311782,0.107355638405805,0.0100800407022841,0.117427751787226,-0.0606985356487452,0.000429605270691824
"SAMHD1","SAMHD1","turquoise","turquoise",-0.011659363422754,0.0768288482004082,0.156500867521513,-0.075367363539955,0.160697442398697,-0.113341772418684,0.0027315441731986,-0.019555854667643,0.00558178264505677,0.0380884594444164,0.00883286230168688,0.0836259810637414
"ZGPAT","ZGPAT","red","red",-0.0295497591105619,0.0370933654197154,0.0483358777957309,-0.0230538182571788,-0.00502432887706189,0.0547999066088432,0.0877228468318089,-0.0292758455147101,0.00972216003915564,-0.0160892522912871,0.0351997516589904,-0.00376217324674083
"COTL1","COTL1","brown","brown",-0.0212761731089446,-0.0401996766643849,0.0128555092991581,-0.0122997861844395,-0.0655979023652654,0.121218988283582,0.0925104828014351,0.0637114416514998,0.0302810007238588,-0.03161207719177,0.0266528648637603,0.0352981967796075
"PARP11","PARP11","turquoise","turquoise",-0.0162332410035502,0.0304184763682855,0.0903864345918591,-0.0293528253533364,0.113709186996247,-0.0592857293828727,-0.058993135138535,0.00902939745152863,0.040584763137192,0.0489700439836706,-0.0291788352672354,-0.00378298350304686
"HERC4","HERC4","brown","brown",-0.0822590539335088,-0.0651721057331228,-0.0243893092494212,0.116176950086717,0.0123251271623792,0.116039953996048,-0.0610139473831146,-0.00617945836445172,0.110970428341573,0.0693765357671674,0.00119354175731593,-0.0798770569390383
"C3orf70","C3orf70","turquoise","turquoise",-0.00855199263642822,0.0211654023869014,0.125824283211744,-0.0420316639459375,0.185136399576161,-0.107317384557087,-0.0496329495010272,-0.00962453666037422,-0.0268979235011769,0.0834098234666528,0.0273783741747572,0.0346646710053369
"PIBF1","PIBF1","turquoise","turquoise",-0.0348669353712463,0.0164876551081747,0.0786015140171631,-0.0163259336911969,0.158892830270325,-0.0853378285725217,-0.0577967995954255,-0.0122001734703162,0.0138141187579485,-0.00425024480798316,-0.0415064660515021,-0.0236206249417143
"DUSP16","DUSP16","brown","brown",-0.0699706863354242,0.0234588939289335,0.00315480043471958,0.0343630446133312,-0.042909161619457,0.123167302765294,0.0938306916815999,-0.0440949101086,-0.036827075394434,-0.0382399402239422,0.060756652688394,0.0359429227119082
"GTF2B","GTF2B","red","red",-0.0626596109282375,0.00179229694225106,0.0726511499922738,-0.035560018518281,-0.00986954072000031,0.0557928115242094,0.204294281318858,-0.0466446013377747,-0.0351882757605231,-0.0369558758666133,0.128955565616812,0.149919125891159
"ARHGEF18","ARHGEF18","turquoise","turquoise",-0.0176605609738577,0.0207847208816278,0.0749016647446035,-0.0255508092011942,0.106928381116607,-0.06172039549667,-0.0321153117948139,0.00731473892142655,0.0294196889140663,0.0135469241963865,-0.0268276408765807,-0.0080355721332237
"SRPX2","SRPX2","brown","brown",-0.0697462081573955,0.0406106849538976,0.0658564376700698,-0.0717548066549317,-0.0470918800904847,0.174685243833905,0.121683822624248,-0.0213455384385117,0.109267895902781,-0.0405413833157528,0.100657315477278,-0.0663415397147137
"TTC28","TTC28","turquoise","turquoise",-0.0342500519028908,0.0940892925760958,0.0676584884155541,-0.00691562031958038,0.173771387192161,-0.0772652043801988,0.0272467996180967,-0.0104087522322468,0.0431111885336239,-0.0200579323864401,-0.014730869265826,0.0265876496634017
"SBF2-AS1","SBF2-AS1","blue","blue",-0.0180467862259595,0.259568061376469,0.112335358145173,-0.0356848199490346,0.121050453028927,-0.073895957696526,0.0211858499255591,-0.0243974118337144,0.0693388148797826,-0.0222707634609977,-0.00289432864716469,-0.0179643012685184
"LARS2","LARS2","turquoise","turquoise",-0.0128722898652671,0.0491507438772804,0.0559898523771319,0.00734005071029942,0.0945618514602247,-0.0521480564153553,-0.0373191762520707,0.0158993461723414,0.0199973115987915,0.00497756528455658,-0.0322808776644929,0.00137093314900033
"NIFK-AS1","NIFK-AS1","blue","blue",-0.00410977562225557,0.135613206056886,0.0626545637963044,-0.00179196429099382,0.100081460354096,-0.080778776066344,-0.0197114527365116,0.000664860868780005,0.0306137841277494,-0.0193923257669553,-0.0469757343940733,-0.0110502624399795
"CARNMT1","CARNMT1","brown","brown",-0.0317896604513766,-0.0325264850973732,0.0160341030312814,-0.00647385982473824,-0.0245241577597396,0.0997898087066488,-0.00630337376844522,-0.0161832256807057,-0.0126335505008388,0.00754092360180236,0.014016482192488,-0.0510484324507703
"APTR","APTR","red","red",-0.0423405940108223,0.158737248952674,0.115271426293725,-0.0599080483393026,0.084435770748998,-0.041252072015244,0.203375272962419,-0.0392896496041115,-0.0316549063408469,-0.0466083238026422,0.0964459954726968,0.0981875074750119
"STX18","STX18","green","green",-0.021468091419681,-0.0359953933617593,0.0536343194343716,0.00663908985803977,0.0816371099210354,-0.0102079589315139,-0.094010154672266,0.0435997555938761,0.0516416531481074,0.105357182429897,-0.0312469877769818,-0.0217903198369559
"AL078459.1","AL078459.1","brown","brown",-0.0226136521876734,-0.00309032723531992,-0.0818593011707016,0.169563729744272,-0.113846204800191,0.174074477250041,0.022334235508212,0.0208709494079088,0.00377572068197892,-0.0513761680653055,-0.0304260487867814,-0.0999805180172442
"BBS9","BBS9","turquoise","turquoise",-0.0461926653111095,0.115200812642762,0.103933164115459,-0.00536441353811349,0.226434827393192,-0.132484911029655,-0.0554522504431467,0.0489864659348188,0.0342818186862593,0.0526101498361014,-0.0407572840958268,0.00168485727945967
"SMIM4","SMIM4","red","red",-0.0446892515075576,0.000481738476203227,0.0677758684472028,-0.00723053653705848,0.012633749607457,0.054151898295368,0.150139290711757,-0.0262953345413547,-0.0417294954831583,-0.0557317353025177,0.0690746242842418,0.0954345743439771
"ASPH","ASPH","turquoise","turquoise",-0.0343807313548999,0.0537602742611621,0.120194823333465,0.089838197635342,0.222553346384925,-0.151512045527199,-0.155675671668006,0.00394317689071925,0.0576480368883227,0.0760712234803501,-0.0830479282775423,-0.048668828648376
"GALNT10","GALNT10","yellow","yellow",-0.0325964120450996,0.0556953633110646,0.0372249815609499,0.104025654905687,0.0720499245441935,0.0226167535129719,-0.0260755244095355,0.0591554458309997,0.128462813829821,0.0158234675869873,-0.0261185741007169,-0.0629319830563132
"MOB1B","MOB1B","brown","brown",-0.0348726916475288,-0.0395441611348214,0.0121376579077649,0.0299224855627249,-0.0522044325930387,0.13584162756538,0.0369843264847242,0.0125120604626295,-0.00255874780066896,0.00918674117852506,0.0538629188605225,-0.0383283705557923
"PACRGL","PACRGL","blue","blue",-0.0286469471725909,0.0877484261033032,0.0708901052702015,0.00676112492611152,0.0744090644885176,-0.00520625333302208,-0.00606370043006565,-0.00587831754482828,0.00860838700282338,-0.00447651546511656,-0.00238421025840597,-0.0427054445454163
"UBE2E1","UBE2E1","brown","brown",-0.0834079045049758,-0.0963702773945443,-0.0178251762038363,-0.0511821439093873,-0.138916094280011,0.285947950988666,0.162701464607218,-0.0588888807666241,-0.0208315080481106,-0.0558887357478283,0.15315879361898,-0.0303928981638636
"CATSPERG","CATSPERG","red","red",-0.024660136942113,0.0277003137659596,0.0494801267146063,-0.018962472069587,0.0224626582001438,-0.000664838842703484,0.12843817198938,-0.0188041065659354,-0.0388610884969492,-0.0502173402323425,0.0605659347135687,0.0659055465390107
"EGLN1","EGLN1","brown","brown",-0.0612376046285693,-0.0703756540803096,-0.0105615460615437,0.0171579643459944,-0.107674484349323,0.216568398936198,0.109225860072345,-0.0342661877044684,0.0840521069463352,-0.0567472871521872,0.0241226385378733,-0.0160346144651034
"TASP1","TASP1","turquoise","turquoise",-0.0297421203136616,0.0791128962435462,0.0792133572616808,0.0610156824551841,0.152906584926836,-0.056641853991637,-0.0777730894754385,0.00222636064950806,0.10876647111357,0.0123923069374284,-0.0726865619019615,-0.0517154405373459
"TENT2","TENT2","turquoise","turquoise",-0.0116752506476326,-0.0859704071626754,0.0796491290141905,-0.0179607377239921,0.206608279251462,-0.134799607017396,-0.168715340179913,0.0400514115507107,0.0329930231793155,0.0786808728095511,-0.0780793913261514,-0.0264304115881122
"SACM1L","SACM1L","turquoise","turquoise",-0.0117255490260567,0.0694984526576484,0.118738679238308,-0.00104539600408857,0.154220257742311,-0.0881192523441557,-0.0673564722685957,0.0298128482204608,0.0188803462607446,0.0904822335668418,-0.00968459666373316,-0.00559566560258189
"PRKAG2","PRKAG2","turquoise","turquoise",-0.0468140629968888,0.0843733887830468,0.12819433484831,0.0061813979372566,0.203391597761593,-0.12576965699058,-0.0186047072724039,-0.00898581750184522,0.0585065890947335,-0.0172678989333251,-0.0299153954403748,0.0654071612001443
"IQCK","IQCK","blue","blue",0.00310582703095031,0.103518312382216,0.0600083661445458,0.003321553846283,0.0780121041908623,-0.081432540701381,-0.0476370379534426,0.00168857444564806,0.0348284721048592,0.0167838914608941,-0.0600109941688141,-0.0308403191501484
"BHLHE41","BHLHE41","brown","brown",-0.0280734997617312,-0.0292420942949705,0.0682654821245706,-0.0486736770485844,-0.0236939472808202,0.088262992206485,-0.0291410036775302,0.0106048737261299,-0.00496935137199235,0.100944945185064,0.0469438596989969,-0.0179327145667476
"ZNF518A","ZNF518A","turquoise","turquoise",-0.0111404442021051,0.0481594727310365,0.132675070445687,-0.0493686190731354,0.234010044331695,-0.175066914044723,-0.102129075749744,0.0336031686816967,0.0409606772565404,0.069006027621914,-0.0455175911244142,0.0197424966518052
"PEAK1","PEAK1","brown","brown",-0.0777784377132202,-0.184289253487256,-0.155782774996958,0.0868245046913068,-0.334133512195808,0.454924589534762,0.181164865402713,0.0025604823145255,-0.0678517238763423,0.0429533268292557,0.184954150455689,-0.0186146021416513
"FBXO42","FBXO42","turquoise","turquoise",-0.0290600531745401,-0.019124517969324,0.0919016180165664,-0.0124377573091188,0.154977690289188,-0.0849238648496127,-0.0760500684832767,0.0386757724397007,0.0234759527373011,0.0524425189820384,-0.0334481591435015,0.00860596385303779
"AP3S2","AP3S2","turquoise","turquoise",-0.0119371966859822,0.0340760171455519,0.128422112509404,-0.00829400901962808,0.195389891233154,-0.123198223331666,-0.0643509955397574,0.0128388707832422,0.0313777049840082,0.0513881106732722,-0.036672768760181,0.0398046554458659
"TNPO3","TNPO3","turquoise","turquoise",-0.0369603263001614,0.048411998177288,0.135959987558121,-0.0398272620812287,0.159322142269816,-0.10920680138723,0.040594462905432,-0.000694176515587765,-0.00159633194530946,0.00509485027000464,0.0265924102939503,0.119320515746602
"GCFC2","GCFC2","brown","brown",-0.034630242159262,-0.0576434962537092,0.0378583741986833,-0.0152999661092793,0.0081037004021763,0.0896114695568698,-0.0655516328285603,-0.003996895279106,0.0310311658930178,0.0105048077631075,-0.0235461494516885,-0.0950093628857072
"WDFY1","WDFY1","green","green",-0.0166703485733926,0.0216584021372171,0.052945685121176,0.0263573767026027,0.0657583209273003,-0.0124501064334845,-0.102594294386048,0.0376906617027745,0.0462248684831191,0.129433282772747,-0.0447426264540075,-0.0524657555193424
"SMG6","SMG6","blue","blue",-0.0560944782401557,0.213118442907808,0.133524759653997,-0.0826726755385991,0.161390072179422,-0.0617216441025623,0.0916262322544387,-0.0324423844584749,0.0452950386418106,-0.0336615061711399,-0.00294987430672927,-0.0100089674253189
"AFTPH","AFTPH","brown","brown",-0.0287312930489769,-0.0507645640707463,0.0434852242210918,-0.0185656075640357,0.00511848592592855,0.0643716026280902,0.00400951166530169,0.0116396372153204,0.00366871812955213,0.00199566217953534,0.0035861162765145,-0.0240308685061319
"AL592183.1","AL592183.1","turquoise","turquoise",-0.0206845094717029,0.075133624285123,0.110495599348215,0.0108462626245824,0.210709607360455,-0.146809155124598,-0.0741191146056855,0.0120512824109858,0.0418468458586511,-0.0242043914512088,-0.0940672103322761,-0.0138421701614073
"TRIT1","TRIT1","brown","brown",-0.00622189536224465,-0.0550630555448914,0.00592215443637518,0.013653775761358,-0.0371976158534773,0.0890534374007776,-0.0581279302851877,-0.0120623721793564,0.0259599419193561,-0.0105851589866134,-0.0354821578639253,-0.092222791433522
"CC2D2A","CC2D2A","turquoise","turquoise",-0.0162365036496474,0.105570993268799,0.154350347355916,-0.0181772753102985,0.258407165665132,-0.195283978110403,-0.0969784792145596,0.0367910526103756,0.051887753377878,0.0580143576970333,-0.0651674798301026,0.0316127339948694
"ZNHIT6","ZNHIT6","brown","brown",-0.0237586958693881,-0.0106309989453533,0.0490288876933216,-0.0136483893178713,0.0463596335285381,0.0367910482885219,-0.0677679054522476,0.0619213182736391,0.0260200084604635,0.0155236992282612,-0.0484695314997211,-0.0861960192869295
"IFI6","IFI6","yellow","yellow",-0.00269963677109674,0.0200374880131523,0.0263896746405841,0.140154012947127,-0.0168444950112059,-0.000947327508092198,-0.0124566534634805,0.0183482385865174,0.0454778745879014,0.0600854195559131,-0.029786511120839,0.0103688313490618
"ANKIB1","ANKIB1","turquoise","turquoise",-0.0110963130356739,0.00166327705990603,0.119409668953432,-0.00666176757888431,0.245953154999406,-0.188560686104352,-0.144811580373784,0.0585322256438454,0.0242331867140476,0.09346183365517,-0.0638752179236618,0.0175444596816871
"BTBD3","BTBD3","turquoise","turquoise",-0.00191239248778612,-0.0146129653375648,0.0785464596832182,-0.0312340484576395,0.126016027662073,-0.0803276384852643,-0.0676297646457581,0.00912335119919135,-0.00343182408660416,0.0564629713699012,0.0111034267529258,0.0077948711917013
"CEP112","CEP112","turquoise","turquoise",-0.0461620640828996,0.105654904880527,0.102713205714309,0.00260937111612561,0.202107207534039,-0.0882633851236379,-0.0320350292556027,0.0555125298241322,0.00856268647173507,0.0668757116691954,-0.00367984873389051,-0.0159199847940509
"VASH2","VASH2","greenyellow","greenyellow",-0.0389266296012012,0.0203155775117454,0.0302963434903613,-0.00125681459517963,-0.012875051933278,0.0697628582480016,-0.00722153900333097,-0.0200563955055026,0.256950668682834,-0.0186111358098302,-0.0532252974555611,-0.0195145362585084
"DHX57","DHX57","turquoise","turquoise",-0.00695353496873634,0.022495837049195,0.0768694385198572,-0.0205384693649351,0.12680012226266,-0.0928422307169251,-0.0621072955940872,0.0194256684530866,0.0317512909094661,0.0221054796921599,-0.0482977407585998,0.0140616564592602
"ITGA9-AS1","ITGA9-AS1","turquoise","turquoise",-0.0158468360015765,0.0780840645588831,0.0971458623486244,-0.0325399811023223,0.142852134036716,-0.0957348585400614,-0.0462914616762251,0.019101007174947,-0.00780467739391458,0.0806785236632522,0.00475938239932783,0.010095888319189
"ERN1","ERN1","brown","brown",-0.0299354535705388,-0.0288891665628213,-0.123926501617744,0.236744133397936,-0.168609937767755,0.200225544341823,0.145742719991962,0.000872156367292603,-0.0710479863091751,-0.0912973770904203,0.0201939374711267,0.0130272205888053
"EXOC2","EXOC2","turquoise","turquoise",-0.0160280688971181,0.0529508734395917,0.135481277563801,-0.0292063069978644,0.214698599225833,-0.141838574379848,-0.0709301369409898,0.0224861077038538,0.0311173070407725,0.0684543649589664,-0.0303687773996106,0.0374652379106314
"LSMEM1","LSMEM1","blue","blue",-0.0497074549540899,0.147745504360052,0.0902556463746523,0.0124982263205905,0.0356993674530665,-0.0395410052942907,0.154579139483867,0.00485673961627317,-0.0171253092549022,-0.0444435321089195,0.0529316300478885,0.216693711636043
"C12orf65","C12orf65","turquoise","turquoise",-0.0198502197740641,0.125408179623945,0.104284638701747,-0.0113737927166347,0.125809481477331,-0.115435998667126,0.000305173489674456,-0.0115063383872442,0.016375453210378,-0.0411420168913713,-0.054970603496734,0.0549490865217977
"SWT1","SWT1","blue","blue",-0.0228869301578115,0.112039818100045,0.0883400770341277,-0.0113824927790396,0.0980005932942929,-0.0486915161015531,-0.0249866974359157,0.0262333280701679,0.0389494743373314,0.0389507754113919,-0.0197327987096823,0.00362623641494545
"ABI1","ABI1","green","green",-0.0513457343551239,-0.100711980734018,0.0475481092585186,-0.0190362098950134,0.0196584450235165,0.0511237087580121,-0.0395484577584351,0.00427733694232626,0.104914228881648,0.0889658236400788,0.035973418175234,0.0434509517802479
"CR1L","CR1L","brown","brown",-0.0130849574670659,0.020672572137279,0.000300607819350622,0.00234281807592445,-0.018172689274468,0.0480819525223455,0.0351670016699031,-0.00955118289219644,-0.0154221323861871,7.60920964593158e-05,0.0218030295183728,-0.0147641713639299
"AL035458.2","AL035458.2","blue","blue",-0.0204650828100423,0.10281520220899,0.0174593339512565,0.0235778298771603,-0.0200254521480954,0.0512340272388035,0.0992214533466218,-0.0156973980192618,-0.00747250281024184,-0.0507330810982585,0.0158630860221109,0.00332601109619566
"SLFN5","SLFN5","blue","blue",-0.0249359186834989,0.155238179077183,0.122810052773653,-0.00436908867769559,0.115950107785652,-0.0565785063464564,-0.0263974475452256,-0.0253948789914773,0.0944276458847274,-0.00473675011078158,-0.0723645791329104,-0.0301160150818625
"PLXNC1","PLXNC1","turquoise","turquoise",-0.0309626598163179,0.0634641635275386,0.172655873594947,-0.00935178824575849,0.225953985438028,-0.127529273417981,-0.0384562447634342,-0.0302010654676515,0.0163345463010117,0.03802793739201,0.0227789989041392,0.061007643247682
"YPEL1","YPEL1","blue","blue",-0.0224673508874854,0.145872365918222,0.0812424397250267,-0.0192017582122744,0.0782494493907359,-0.0492531433645138,0.0281230172504423,-0.0029496700851841,0.028634182074453,-0.010598755764443,-0.00261226165108146,0.0160923304821681
"AC023424.3","AC023424.3","brown","brown",-0.0281167530854443,-0.0792175396799745,0.0481862553518507,-0.0294628331763203,-0.049744392701915,0.0936758682236344,0.0267071116569399,-0.00502940618678059,0.00786988208333311,0.0295011147026782,0.0739388298709909,0.0284808823767423
"TNFRSF11A","TNFRSF11A","blue","blue",-0.0196604569996549,0.154938307169148,0.089970039767302,-0.0313433029477666,0.101806027218126,-0.0608397339396229,-0.00639060108576494,-0.00398235386865438,0.0161755283162185,0.060462402820116,0.0265812331831459,-0.000411086343723833
"ESCO1","ESCO1","turquoise","turquoise",-0.0214550920540947,0.0554642825158618,0.0997905576993824,-0.0202406968254381,0.138456781500973,-0.077288955005122,-0.0723656987147316,0.0398197453785595,0.0306585216027277,0.0350202211359242,-0.0338770738788652,-0.0182806517548038
"AC138512.1","AC138512.1","brown","brown",-0.0178605067223508,0.0210985295984628,-0.0390053021433844,0.028764440671804,-0.114801640026258,0.141409054567377,0.0083019891424549,0.00301328442630532,0.0606007211015158,0.00789974921772586,-0.0488951836254535,-0.0539692018129953
"GLS","GLS","brown","brown",-0.0594467839601366,-0.176590895689253,-0.0943748122962561,0.102236778378643,-0.211449346947965,0.272790406182084,0.156947123176245,-0.033434036070934,-0.0604794152592838,-0.00356459804845633,0.153537370501374,0.165971631986596
"UCHL3","UCHL3","brown","brown",-0.0450468627722323,-0.104395779601322,-0.0483398595602709,0.0739465306761703,-0.154641284033045,0.256128692512333,-0.0211224116167718,-0.0197273356240544,0.0239594246569909,0.0358338067191062,0.029783081980812,-0.126713335712398
"ZNF717","ZNF717","turquoise","turquoise",-0.0188787562364296,0.0444259250538506,0.0798646683124242,-0.00673047679484187,0.125089640354923,-0.0771846186864892,-0.020856071744728,0.00414730136778702,0.016162583875523,0.00350609864264726,-0.00592226966711273,0.0177607870960158
"UBE4B","UBE4B","turquoise","turquoise",0.00340170392394524,0.0156058007313638,0.149591552548379,-0.0455131390536391,0.280307260903654,-0.21493924997592,-0.114822601501171,0.0670766717673722,0.0255098912074637,0.0648213596368948,-0.0560144483829512,0.057249858302061
"TDP2","TDP2","blue","blue",0.00721439120405084,0.294667612543912,0.048672780928356,0.0991513241694236,0.0836136133709699,-0.0846637708670284,-0.0347788099187501,0.0474242706751741,0.067164752061706,-0.00423411247790448,-0.123315906112322,-0.0636134186842634
"PARVA","PARVA","brown","brown",-0.0763093074342607,0.0429536996427527,0.0204174438346517,-0.0472920020896564,-0.0544762027439304,0.188543331801104,0.0639321084957986,-0.00182957744343208,0.0195177222366347,0.0477512647979127,0.106012633850255,-0.0908343954345023
"AL109809.5","AL109809.5","blue","blue",-0.0244558473110119,0.164006806505102,0.0623822115880762,-0.0295020993581894,0.0363158400620305,0.0142363381919743,0.0798652221308929,-0.0280080977602868,-0.0508727114715786,-0.0268294302885168,0.0674015673299301,-0.0266764897898843
"ST3GAL1","ST3GAL1","brown","brown",-0.0875539736075325,-0.0352663524866775,-0.0971808434044477,0.0259345052147501,-0.264966600472801,0.406986301969235,0.141546083127887,-0.0670952080802022,0.0383567687059742,-0.0524550252233251,0.0985760619173415,-0.160458711296663
"KATNAL1","KATNAL1","turquoise","turquoise",0.00136088163021528,0.0287971760070002,0.1547052932701,-0.0508394484741382,0.271722993169803,-0.197715555129537,-0.140631399169893,0.0646956802299147,0.0445517239414129,0.105264914264353,-0.0687677769153291,0.0234312683400754
"VPS8","VPS8","turquoise","turquoise",-0.0217560767117095,0.0853528501719021,0.162361037849061,-0.054148502769796,0.27888948681343,-0.196581185071974,-0.0902882339954216,0.0229771573224986,0.0458900507469808,0.0621371356715913,-0.0559126562733004,0.0292833123785104
"CEPT1","CEPT1","turquoise","turquoise",-0.000638285173114973,-0.0191652703678618,0.0908028666535671,-0.010448627170367,0.135709395448926,-0.0875975426951459,-0.081892478620888,0.0189103140579732,0.0203280102827803,0.0488801965878889,-0.031638398271011,-0.0104423862000054
"TMEM184B","TMEM184B","blue","blue",-0.0199068816151716,0.35162892037,0.082559668474523,-0.0333766580744394,0.0296572442835136,-0.0199893820451058,0.105440229228699,-0.0189499858256321,0.0416021687858797,-0.0739044710865745,-0.0547360664151927,-0.0278258070051703
"SLPI","SLPI","blue","blue",-0.00630465681269422,0.0883989421792283,0.0587905192115523,-0.0237326071647274,-0.0509305492629393,0.041423642413168,0.0927333730159051,-0.0265990169580879,0.0649799678564569,-0.106685364388167,-0.069681776785526,-0.00569406566722449
"C2CD3","C2CD3","turquoise","turquoise",-0.0255563599139483,-0.000700636624638547,0.0917104691122839,-0.00988671563488853,0.103983585850633,-0.0666901665144211,0.00941576815989965,0.0190680993368908,0.000974814915478692,0.00687452283647389,0.0152922956079048,0.0798151898270817
"ZCCHC2","ZCCHC2","red","red",-0.064053645742112,-0.00666916231561035,0.0687151983145285,-0.0676293027819631,-0.0309137946510985,0.102952958705352,0.200321126221164,-0.0299691367229405,-0.0234696997097832,-0.0048905528309208,0.170783128814511,0.0869873162329358
"AC006001.2","AC006001.2","brown","brown",-0.0259329562618703,-0.0345977756592474,-0.00742806681709708,0.0952838892172067,-0.0528863675339205,0.115765054664373,0.00186386904666647,-0.00501975051273589,0.000125582376497186,0.0240562299927814,0.0372724399259076,-0.040937656870631
"NFX1","NFX1","turquoise","turquoise",-0.0194572107722916,0.0402935518542805,0.0916050087502433,0.00747985880698958,0.150787446715122,-0.0819559664843259,-0.0865611123858821,0.0227171664534541,0.0421603744137049,0.0413878233212452,-0.0498742020038035,-0.031431467348432
"HYMAI","HYMAI","purple","purple",-0.0475804683167262,-0.0633118715122181,0.0762926599858236,-0.00984599408045808,0.00190659318353462,0.0468433833382189,0.0931071405264418,0.00152063103845786,-0.0196644724759834,0.035546753652263,0.144605232165175,0.123613553181267
"ULK2","ULK2","turquoise","turquoise",-0.0228150754046809,0.0816262446255346,0.112929590910431,-0.0358259211350353,0.184192880967433,-0.11642174359112,-0.0786424012027359,0.0328184371939535,0.0187268382088283,0.0519059079233657,-0.0377032766509709,-0.00879238454362601
"ZNF618","ZNF618","turquoise","turquoise",-0.0172888677039681,0.0574370661237326,0.107749488303268,-0.011950156159246,0.160363403239537,-0.108129254004327,-0.0194832070634296,0.0322910409424861,0.0248633102069485,0.0544239019522692,-0.0132784821419827,0.0605066622011933
"FGF18","FGF18","red","red",-0.0301109834060613,0.0973857773749776,0.0993073169300179,-0.0490053553568243,0.0578008405432118,-0.0534017625910805,0.121970914311955,-0.0179021564204246,0.0284921724653474,-0.0040212542373299,0.0387136583701174,0.114956823366866
"B4GALT5","B4GALT5","red","red",-0.0138709678947483,0.00875864987926574,-0.00329899934486316,-0.0582776397810174,-0.127536290783927,0.176126337813247,0.247123489409981,-0.0223819004491275,-0.00286216801550339,-0.0879455213420748,0.112667719132444,0.0207269524115791
"GNAQ","GNAQ","brown","brown",-0.00103745943017305,-0.0230599058161028,0.044023180032394,-0.0835964223440279,-0.0164885723214602,0.0987274322355228,0.0849479987360183,-0.0427906650116743,0.0103432568454656,-0.0145149807633392,0.0980064351662115,0.0155359286594764
"TRIQK","TRIQK","turquoise","turquoise",-0.0149774916435595,0.0244337380876515,0.136947129138769,-0.015419079844707,0.209400182975796,-0.15775089544895,-0.113058318144571,0.0315132505511794,0.0380545300179225,0.103092884423344,-0.0375660080658071,0.0200893709493944
"BBX","BBX","turquoise","turquoise",-0.0645191749006971,0.0465348868020624,0.11999750087931,-0.00676935694828819,0.152754492344429,-0.058289796211565,0.0198532084673254,-0.00667982953866881,0.00436657200644978,0.00160500168311029,0.0170982626188531,0.0296774515837436
"RSRC1","RSRC1","turquoise","turquoise",-0.0496075910870851,0.103924271592073,0.14784158729974,-0.0470766448599607,0.235116803457075,-0.134672981015692,-0.00914171777635063,0.00674868252183991,0.00895525750239487,0.0195871652727189,-0.00424232381408677,0.0578308938768459
"WARS2","WARS2","brown","brown",-0.0576189265282869,-0.0590445430134391,0.0122324988218744,-0.0246073458028964,-0.0675485316415307,0.167756952793803,0.0752358481944056,-0.0454572892030715,-0.00529045818952969,-0.0514005779144774,0.0521639753140904,-0.0363323121457251
"AP001528.1","AP001528.1","turquoise","turquoise",-0.0401608937430146,0.123193886854278,0.176980611812285,-0.1016440247661,0.188483189408582,-0.130452067353656,0.0341508994014814,0.0107025528822628,-0.0179146831276868,-0.0173936174937219,-0.0402363319286595,0.0208114427852948
"SHTN1","SHTN1","turquoise","turquoise",-0.022001381659831,0.0202242757601507,0.107728339701572,-0.0274857671509749,0.154098040852737,-0.0961508129334343,-0.0494621685796133,-0.00468010832238625,-0.00497635029133205,0.0746320869321043,0.00751454352206769,0.0107136805617452
"LRP5L","LRP5L","brown","brown",-0.018299692699327,-0.0345303140251252,0.0227798237441761,-0.019745641393859,-0.0274096383886648,0.0703163086266837,0.0304070511637886,-0.0109341236943618,0.00293747295608979,-0.0100117229822877,0.0161690463421861,-0.0062851640325273
"FXN","FXN","brown","brown",-0.0262391922481998,-0.0192346844442527,0.00786628384378905,-0.011598298073123,-0.03511967292476,0.0965347771429336,-0.00174823584727497,-0.00759247123149667,0.0110074877335928,-0.00231530496673922,1.71424403370395e-05,-0.070445708021018
"ZFAND3","ZFAND3","brown","brown",-0.0634935200712618,-0.01506798477056,-0.0664420243099493,-0.0463589180193392,-0.233779332375538,0.368381167557809,0.293825471619968,-0.0479667456736183,-0.0249031757583615,-0.0815323733589065,0.185662315557973,-0.021852611128373
"STK38","STK38","turquoise","turquoise",-0.0344265918476138,0.0156211275016074,0.136784163131968,-0.0852182198645958,0.149316716237589,-0.098585030105768,-0.00423857477071916,-0.0161966619789534,0.0785639500452347,0.00216363258527067,-0.00878349491374159,0.0517214969678071
"C1GALT1","C1GALT1","yellow","yellow",-0.00686083634445123,7.63903422622523e-06,-0.0641434978225521,0.343444460141189,-0.0330497588054524,0.0435067354182704,-0.0770757829113952,0.0319511403067576,0.0676209951923391,0.00832248743016082,-0.115817524774854,-0.0886710173610041
"REPS1","REPS1","green","green",-0.0428043010600311,-0.0863934707692009,0.0614299612525796,-0.0170041437411825,0.0573774489086774,0.0354439924065114,-0.05761274702838,0.0133012364321207,-0.00113061569557122,0.103080530844639,0.0541557308666016,-0.00340888191119611
"SLC6A1","SLC6A1","turquoise","turquoise",-0.037792270036566,0.016579153457884,0.18933325051049,-0.0858418439175243,0.232139285993932,-0.138915219863827,0.0371197386826458,-0.0472283064353821,-0.109525321684918,0.0644021942656888,0.144737899167785,0.113717571843153
"TMEM181","TMEM181","brown","brown",-0.0393536704053987,0.0488120418553261,0.027951417928883,0.0093092527745124,-0.0411343162780373,0.126581224384487,0.0604328449347593,-0.0317935546120143,0.0631179758398592,-0.0486296643588604,-0.014640793967891,-0.0650659816287123
"AC079305.3","AC079305.3","blue","blue",-0.0213209686488691,0.131667340421007,0.044953871343592,0.00515301252455394,0.0380519772367897,-0.00964599793441614,0.0411329831219717,0.0074471217716457,0.0171106955860007,0.00930638537941868,0.0111516910625189,-0.00643343471541303
"SLC35E4","SLC35E4","greenyellow","greenyellow",-0.0175738594901901,-0.00273105773083007,0.0292837149170845,0.0190884433279601,-0.0084730568685781,0.0317551065119613,-0.000225516981012538,0.00791461936658962,0.103310891718307,0.00709658668976073,-0.0294863175761353,0.0128752817090222
"TFRC","TFRC","brown","brown",-0.0641218293641188,-0.0614691983202028,0.00404178919622521,-0.0154739500884581,-0.128735903259586,0.220679410813359,0.107908684265537,-0.0516738768934853,-0.0223526032948188,-0.0658065769861529,0.0779594942895876,-0.0174608594267701
"VSIG10","VSIG10","turquoise","turquoise",-0.00721248873444404,0.0976890488291345,0.114114429728103,-0.0369374043679179,0.155969488753918,-0.115666846673136,-0.0457743015700815,0.00362393048151332,0.0365203207061246,0.00697939341448482,-0.0579258427331203,-0.0132185995600373
"PAX8-AS1","PAX8-AS1","brown","brown",-0.0132056677455819,0.00231059569500804,-0.0403696044325224,0.108298981118705,-0.0423315126661738,0.108816484586486,-0.0522525631705652,-0.00922844932850075,0.128667156381466,-0.0367543046967264,-0.123529824655778,-0.117876280983731
"PTCH1","PTCH1","turquoise","turquoise",-0.0205740518438806,0.0201249077928137,0.0917393323054833,-0.0342366155287662,0.105857465783686,-0.0865953612629101,-0.0388447315998281,0.0513164395717065,0.00541105509345102,0.0759704197088303,-0.0181736837338339,0.02983209718535
"AGAP3","AGAP3","brown","brown",-0.0276778904104536,0.000716634643453207,0.0259049692071498,-0.0131636629021287,-0.0473002272110845,0.117011313657258,0.0666538792860116,0.0120232331658464,0.0644461820722669,-0.0104113606258815,-0.00519360832394096,-0.0211734697371277
"AP1AR","AP1AR","red","red",-0.0605063399063146,0.061728642666896,0.0671496330614603,-0.0566077276940077,-0.0407083218216124,0.103926252670836,0.193794593716706,-0.0192249818318827,-0.0234010945534205,0.00393957339987183,0.14430860088827,0.0717366570195223
"ATRN","ATRN","turquoise","turquoise",-0.0159330561282424,0.0210208468051285,0.116345265921067,-0.0150344349839242,0.153034159403852,-0.0824433738079338,-0.0756347905120203,0.0362616515528817,0.0589578786630668,0.063347078020626,-0.0507796485841462,0.0101903049788684
"NFATC3","NFATC3","red","red",-0.0484340350201994,0.11170293819468,0.107075039226451,-0.0666791861505203,0.0991579514350311,-0.0739201217254369,0.139410640321588,-0.0210997791770421,0.0075099122777271,-0.060047123886237,0.0113854105026115,0.100048599113124
"MRPS35","MRPS35","blue","blue",-0.0233997485863732,0.089764795068096,0.0580837408590527,-0.00397680188374112,0.0273376751731085,0.030190910260412,-0.0453049252808818,-0.00824576060227075,0.0547570928020381,0.00272974153900764,-0.0472604434622166,-0.0837149158987792
"BCL2L14","BCL2L14","turquoise","turquoise",-0.000712296954527111,0.0591711478143292,0.0935633068822073,-0.0369329061485453,0.116726940053916,-0.0848695108234602,-0.03950227258722,-0.00603106538446494,0.0161979753986464,0.00465633867761446,-0.0318204695625138,0.00564823406645813
"LMBRD1","LMBRD1","turquoise","turquoise",-0.00757888460715009,0.0429450496821066,0.158148122541852,-0.0490980612784572,0.199326630306965,-0.142635932740866,-0.0602839600747708,0.00419492334817559,0.0168701040178058,0.0380550102245264,-0.0378647614192021,0.0310340590623478
"ATP6AP1L","ATP6AP1L","blue","blue",-0.0203208826050789,0.155985662820111,0.0494554357580071,0.0242137881345668,0.058874841504823,-0.0148634992630952,0.0201246998610291,0.00714929573492369,0.030519121042587,-0.0125895930916389,-0.0337891107131921,-0.0330262817537057
"BTG2","BTG2","magenta","magenta",-0.0287610367988564,-0.168222553081484,0.136728470666082,-0.0881176134121846,-0.0025986086075024,-0.00809186463166079,0.349785990633503,-0.0627011073666502,-0.122090955140802,0.0259131942115457,0.362092746555394,0.529027799430043
"MTMR1","MTMR1","brown","brown",-0.0380092502828595,-0.078232935460555,0.0366040299148658,-0.0487885341939827,-0.0087236270339106,0.109566391528726,0.00149424732464287,-0.0222431339308419,-0.0234479828455367,0.0198376212185886,0.0603411217721518,-0.0526170743052763
"RB1","RB1","blue","blue",0.00444732453522923,0.15522098226686,0.0688075411985294,-0.02628877340516,0.0921238924326422,-0.0420537876057288,0.0154417996340039,-0.0300613590789869,0.0443468802137956,0.00505433613110179,-0.00199704877781024,-0.00992964696115224
"ZMYND8","ZMYND8","turquoise","turquoise",-0.0109016170071836,0.0791659554271982,0.146335968273597,-0.0128238332201773,0.24413673657749,-0.183328479769983,-0.117307558693373,0.0433658077949975,0.0397732207526774,0.0959308492139331,-0.0398535957946466,0.0346494413937248
"SLC16A1","SLC16A1","brown","brown",-0.0701892570075761,-0.132714244682301,-0.0380064947778937,0.000886748652625667,-0.201046030854647,0.296739213896176,0.118429874532954,-0.0447389752072821,0.0125773793690521,-0.0367595926939362,0.0786896695962323,0.00835565286594693
"GNB4","GNB4","turquoise","turquoise",-0.029550523003422,0.0565394819309204,0.13651821751821,-0.0438928597958788,0.139619509284902,-0.08942608737719,-0.0548991113513071,-0.0069237898863112,0.0422955614324589,0.0922191741607667,0.0121033980556558,0.0188712662271876
"AC018682.1","AC018682.1","purple","purple",-0.0472617475389683,-0.0265576218292381,0.0866282956966682,-0.0361833927192247,0.0104607132511312,0.0167123320299152,0.125848056322719,-0.0197938154518395,-0.0420805096871974,-0.00386351970907382,0.188236819225116,0.139090145005091
"VTI1A","VTI1A","turquoise","turquoise",-0.0431227994375877,0.0702127106959987,0.0918461552640108,-0.0411990235743253,0.173061060667198,-0.103607487265477,0.00968449623151419,-0.0157814192579001,0.0338458015116275,-0.039461148348364,-0.0269381031174867,0.0285820920180236
"AC008467.1","AC008467.1","blue","blue",-0.00146929710200569,0.171830293087246,0.0595185461410586,0.0786506949463936,0.108368104827288,-0.072230793716308,0.022379333667668,0.0268907933836244,-0.00642358692621025,0.0248248009003892,-0.0119849718936275,0.00461758680730795
"ZNF420","ZNF420","turquoise","turquoise",-0.00180430523547404,0.0469600572425281,0.0844495510580198,-0.015614866838837,0.107308048935661,-0.0675985349091724,-0.0436679459378512,0.00414639881883491,0.0218934060441251,0.0330731361138041,-0.0199624245902456,0.00517380060025857
"PCBD2","PCBD2","blue","blue",-0.0188969045970605,0.146580396979334,0.101424468292066,-0.00548394755646309,0.154145774785106,-0.115990838364676,-0.0430521078324296,0.0296835710124099,0.0344767063778072,0.0142881595394058,-0.053128200569669,-0.00182864844274397
"GPATCH2","GPATCH2","turquoise","turquoise",-0.0183529097367831,0.0422433893591935,0.0812456366816599,0.0453629697290105,0.150009509917538,-0.0759179655493982,-0.0960487716775535,0.0115971121999031,0.0158507975742457,0.070207469616639,-0.0471380145703599,-0.0140179483142152
"CPPED1","CPPED1","turquoise","turquoise",-0.00191814826772493,0.034021682447319,0.0917969160041647,-0.019786875953546,0.128850669861316,-0.0847174353678853,-0.0343653138630263,0.0314373781982139,-0.00116447246505231,0.0365846300379203,-0.0131053451895059,0.0304430820117132
"SCLY","SCLY","blue","blue",-0.0237891239146112,0.104447971671559,0.0789163036524521,-0.0256381342584537,0.0773237474677432,-0.0450672049655267,0.00389042022506288,-0.00183265511955707,0.0268694567417943,0.00448178382468713,-0.013169310622987,-0.00423942963729258
"TIPARP","TIPARP","brown","brown",-0.0568045285992038,-0.0794846663785088,-0.049714764452741,0.0718903398535037,-0.15538338705976,0.207640500410252,0.0858740485735833,-0.0137042115316403,0.00233717587209282,-0.0284281173513672,0.095468469756511,0.0877691602920411
"AC116366.1","AC116366.1","blue","blue",-0.0220303585353521,0.393899230745096,0.106283737646712,-0.0217116793863097,0.0723483534947231,-0.0626399449395678,0.181438613928888,-0.0155463808954525,0.0128716814542751,-0.0838792417774206,-0.0287146722416059,0.0778126639620244
"ALKBH1","ALKBH1","brown","brown",-0.0258778506893875,-0.0141414481128364,0.0373261194152083,-0.0115829429018761,0.00383772131419402,0.065650305833906,-0.00553812033304478,-0.0188427038045757,0.0385119360367182,-0.00360854837021102,0.00212666651268162,-0.0504980905292062
"RRAGB","RRAGB","turquoise","turquoise",-0.0227784789468485,0.018616576735615,0.0984102698241934,-0.0276408408909362,0.110810195264672,-0.0616106404860078,-0.0124272126450565,0.00244487472755612,0.0231514900141341,0.0197302637517965,0.00392798237880987,0.0325895183862627
"PTGER4","PTGER4","purple","purple",-0.068813725611621,-0.0406840704478119,0.107826363516035,-0.0919845445100816,-0.0155386873724197,0.0784868757296323,0.192891156521325,-0.0457353851501183,-0.0630886209617736,0.00857742482535491,0.298398284563532,0.139306950319804
"HELQ","HELQ","turquoise","turquoise",-0.0171811332392876,0.0252559752161568,0.0860408968895318,-0.0160469065704615,0.102398426262136,-0.0447996474834916,-0.00793548334599078,-0.00651629778034238,0.0340124499159968,-0.00603995820179372,-0.02899876664315,0.0163541184256895
"CEP295","CEP295","turquoise","turquoise",-0.0118022812726425,0.100923551389407,0.0891363881459371,-0.0147760302197489,0.145841875527551,-0.109119976364512,-0.0536250745745469,0.0280387133148041,0.0331954207116227,0.0161666248108079,-0.0364242226900803,0.00597658359046069
"SLITRK4","SLITRK4","turquoise","turquoise",-0.0266564579633602,0.026196401012946,0.168994607707734,-0.0705682980861257,0.116433421438659,-0.0668895670093202,-0.00126876066276353,-0.0412252124899297,0.0881668332462583,0.0431082434015794,-0.00278054158255087,0.0466552514222636
"ANKMY1","ANKMY1","blue","blue",-0.0103352104106766,0.130556250960954,0.0548077674062992,0.0259525065182965,0.0683041596563412,-0.0288500757140585,0.00403515146655533,0.00867601804735009,0.0331742336281869,-0.00680269393607136,-0.0313813228976165,-0.0261155521643797
"SOCS2","SOCS2","brown","brown",-0.0365696769149223,0.0583561007621762,0.0506205406752139,-0.0432525337496229,-0.0500483102131991,0.104342531236081,0.130229173652343,0.07141611865352,-0.0309029072753315,0.0273145181551137,0.0856426683835097,-0.00363395497868313
"C11orf80","C11orf80","turquoise","turquoise",0.00713952729366328,0.0313911059994054,0.0564690987537619,0.000369029633172786,0.0999158032221736,-0.0996099272778707,-0.0850021840008701,0.0894820564561356,0.0281400823184969,0.105477194070481,-0.0475351797355842,0.000437726574106757
"MAT2A","MAT2A","brown","brown",-0.0335634525355428,-0.161331092109658,-0.151203920469751,0.0507321831791686,-0.356808613083123,0.453418467730708,0.142810828481515,-0.0537898156336192,-0.00352248867784643,-0.14251175616391,0.036322710574793,-0.127039531918285
"EAPP","EAPP","turquoise","turquoise",-0.0167500915199344,0.0966296035007146,0.15191119424124,-0.0363823912120625,0.192684831759912,-0.173387977824788,-0.0943062802466214,0.0386988412010909,0.0562303985360171,0.0562457342401416,-0.0523544212990183,0.0178870153824652
"AGO4","AGO4","turquoise","turquoise",0.0120127955839089,-0.0163524428954697,0.110404390830133,-0.0397560532999249,0.185042821838502,-0.124546859796754,-0.114401648259919,0.0510670370726434,0.0352414805461967,0.106107373825141,-0.0244914450349183,0.00834203069815345
"DNMBP","DNMBP","brown","brown",-0.0703860081888618,-0.0546999901825151,0.0346402281871472,-0.0465797993645769,-0.0237562702272942,0.151720076908365,0.0177317003943519,-0.0250287482164357,0.0802367728332599,0.0475831375720533,0.0644196257140835,-0.0699992649529752
"AP1S2","AP1S2","brown","brown",-0.0294726692578058,-0.0653215362987292,-0.0086936626512247,0.0575536283477466,-0.0574243464346414,0.114608998631489,0.015800167479325,0.0136572041459578,0.0187578376197801,0.00847574430195557,0.0278051138561547,-0.03180957910128
"LINC00620","LINC00620","blue","blue",-0.0163238280215635,0.424350503271694,0.100055667810229,-0.0314520952896441,0.112276709168724,-0.0891538283358152,0.0514113209582578,-0.00812088380040566,0.0252560312532816,-0.0474607594156787,-0.0553681111473885,-0.0553412439506619
"FAM43A","FAM43A","magenta","magenta",-0.00582400505106578,0.0229385630999973,0.112975642441243,-0.0520103016755702,0.0853386367927675,-0.090489806073105,0.0635958422242393,0.0753973194108023,-0.0441973885966524,0.0248523788264253,0.0601508163672543,0.209699535848578
"ZC2HC1A","ZC2HC1A","turquoise","turquoise",-0.0202794244059097,-0.0137033324992614,0.164566585764487,-0.0708135694033769,0.2353641990532,-0.18724049557666,-0.111191915587182,0.0715410843915249,-0.00709179122369442,0.120532598192403,-0.0154563283138044,0.0632498024045305
"RNF2","RNF2","brown","brown",-0.0425029337223211,-0.0359345490564671,0.0707311690481881,-0.0337594832645045,0.0190884276566111,0.0577904729956969,0.00458191738833558,0.0154305445069499,0.0073897223594283,0.0673252338486966,0.0716658829909893,0.00842170971368404
"RCC1","RCC1","red","red",-0.0365198813914491,0.0529615160501605,0.0114431657919704,0.0492484161889704,-0.0402372513367907,0.0766385316925104,0.139211236539717,-0.0296780812588151,-0.0182658725179839,-0.0923474833639386,0.0121808144735742,0.0211463142957422
"GPC4","GPC4","turquoise","turquoise",-0.0370445991404636,0.009688669165132,0.195549340011417,-0.0886145134825135,0.156357613084365,-0.071198015244744,0.0171130766698682,-0.0407100535401545,-0.0459235809553728,0.117094367541371,0.121474820465837,0.0738097184933185
"MAP3K20","MAP3K20","brown","brown",-0.0848934389199722,-0.0690432913352901,-0.0469285214586246,0.0249469716791964,-0.144176774048881,0.285647515911135,-0.0111080157908246,-0.0755396978962189,0.0403639029351667,-0.0772808470992531,0.0170583447193566,-0.178277655338814
"SMARCAL1","SMARCAL1","turquoise","turquoise",-0.0190466470739616,0.0305747826079363,0.110601230535408,-0.0267682536002002,0.181322049369875,-0.11284630292442,-0.0636524974999684,0.0168251652302208,0.0232759966858875,0.043861669408818,-0.0341267338041458,0.02599259455785
"STRADA","STRADA","blue","blue",0.00146627836052244,0.205468529398039,0.134789945083889,-0.0305146164425379,0.193399455284128,-0.157113302193701,-0.0428814803053005,0.0120909626121838,0.0311774232470104,0.02344828300604,-0.0495806617502057,0.00887468387099486
"BCOR","BCOR","blue","blue",-0.0269890449888197,0.0710745510517262,0.0904354081682799,-0.0274632530881888,0.0471538821507223,-0.00121711888991125,0.0776866430377649,-0.0110839303494875,0.0124235347894237,-0.037224372250189,0.0137902960429583,0.0391559671568907
"MYCBP2-AS1","MYCBP2-AS1","turquoise","turquoise",-0.0250215450174223,0.113419860617687,0.140095892894607,-0.0386570152006155,0.176377786609488,-0.118015367193529,-0.057791812898719,0.00394933158962845,0.0333288129716822,0.00949719756749418,-0.0352470509376988,-0.00375185751588832
"FARS2","FARS2","blue","blue",-0.0317075808803091,0.0762369860239097,0.0486398138800923,0.0399878574995801,0.0793570494980867,-0.0241682639270455,0.0168116192824795,0.00720132082409315,0.02503518780315,-0.0277501203706696,-0.0271841763033676,-0.0122070713945986
"LINC00467","LINC00467","blue","blue",-0.00112472194500134,0.13183538663479,0.0695390058472737,0.00219252248406902,0.100162306744875,-0.0656433041071483,-0.0539889798602899,0.00580208273629349,0.0431345050161351,0.0434360896207354,-0.042423518777507,-0.0474340560224289
"APC","APC","turquoise","turquoise",-0.0302330836246462,0.0202087448922737,0.148668327524759,-0.0348903241149763,0.246262338753539,-0.152113635411564,-0.131381948666551,0.0231702859051063,0.0658968006588613,0.087626407003638,-0.0679778964644565,0.000142860416594335
"PPAT","PPAT","brown","brown",-0.0385245715689165,-0.0430435104730663,0.0113771342738036,-0.00417130037890593,-0.0851399607075829,0.160830155144579,0.0230838577389473,-0.0298080206507339,-0.00383335747243884,-0.0331688704373328,0.03001481190104,-0.0622222757868371
"SLC35G2","SLC35G2","yellow","yellow",-0.00752236635558758,0.00325491290010045,0.00984241867023295,0.0856375034880204,0.00530265924324536,0.0102778333093128,-0.0451979879121296,0.0175752589738389,0.0311842649062233,0.0703488969834461,-0.0344261767854374,-0.0365379718961348
"KDM3B","KDM3B","turquoise","turquoise",-0.0258042166415145,0.128983635261672,0.113673114617634,0.0218863853412582,0.172296462813664,-0.123148150651914,0.0177261973644845,0.00366946359452378,0.0343106892552363,-0.0106502381518399,-0.0354741979138166,0.0536077209640753
"LDLR","LDLR","purple","purple",0.00267134166897169,-0.0349016257134658,0.0460099750197539,-0.114066364412442,-0.0808910537713119,0.139197310985682,0.277918857821313,-0.0766501231280746,-0.136403043764308,-0.00202222276750057,0.370673515534013,0.116933243861778
"MPHOSPH9","MPHOSPH9","turquoise","turquoise",-0.0151728363963515,0.0808489202276084,0.0909980782797729,-0.0134417057603304,0.12338481772041,-0.101195686881476,-0.028929161657385,-0.00126199317673802,0.0216865134040488,0.00455760689557383,-0.0273495060257529,0.0196879762939915
"AL645568.1","AL645568.1","turquoise","turquoise",-0.0255169792573831,0.00577348479924276,0.0967006081377872,-0.0291122511647013,0.12327568718279,-0.0644049492101904,-0.0170522276289746,-0.0100040225181664,-0.0100497191939101,0.0208975184433074,0.0138873349970909,0.0423598919004302
"HERPUD2","HERPUD2","turquoise","turquoise",-0.0185007673768067,-0.00262969999911532,0.0944806460515127,0.00322905927970223,0.104843138649719,-0.0550513782156459,-0.0697601124855601,0.0242669335305882,0.0410992999453329,0.0630355185069355,-0.0176868353971859,0.0132184998310908
"PSMB9","PSMB9","blue","blue",-0.0144578023909403,0.168416334921171,0.099767521560052,-0.0122496950022191,0.0580502005687176,-0.0381893769773582,0.0555218910640716,-0.0159595877323377,0.0350904827995673,-0.0223097089383852,-0.00833097241678177,0.0137395207712991
"GOLPH3L","GOLPH3L","blue","blue",0.0027027897522579,0.118146615680808,0.0914443625022959,-0.0229628240477766,0.0977267998458708,-0.0751201756874691,-0.0280084641630804,0.0174008750646268,0.03409193684063,0.0379563478831169,-0.026331722050575,-0.0071542628495433
"FIG4","FIG4","turquoise","turquoise",-0.0105922747925464,0.0395087549417629,0.0858907754534947,-0.0128638416649918,0.167806408561169,-0.126062701611921,-0.0915085620206994,0.0261637967207745,0.0513968560191995,0.0384319883691012,-0.0657538181651303,-0.00331015037123211
"AC025171.2","AC025171.2","turquoise","turquoise",-0.0123578359702061,0.0491124564396784,0.061933797091735,-0.0273494622647412,0.0964023471363155,-0.0746347456218627,-0.0425258937624747,-0.00742914240459226,0.0186724152415717,0.0173367221525621,-0.028460951907164,-0.000141443179457504
"IDE","IDE","turquoise","turquoise",-0.0217680040046539,0.028932076745836,0.131104123524527,-0.0276026293768502,0.175619383151807,-0.10865980669152,-0.0712958747257933,0.00380956848141842,0.0620731936891324,0.0527200942804597,-0.044027386391274,0.0111135575930028
"PPOX","PPOX","blue","blue",-0.0141427305613419,0.151343405387963,0.0671133203955597,-0.0265683110251879,0.0349603260961621,-0.0105362651975317,0.0517003798498653,-0.00571967475136599,0.015352508243355,-0.00157444210703774,0.0170490689947485,-0.000212820482734455
"TDRD7","TDRD7","turquoise","turquoise",-0.0273635611446802,0.109155086404181,0.108651632656221,-0.0287202295738694,0.124698957250378,-0.0776172268016157,-0.0199844758040139,-0.00923370894127619,0.0456508859803873,0.0269897486474337,-0.03048640923729,-0.0067367415339607
"CFLAR-AS1","CFLAR-AS1","brown","brown",-0.000138650512449645,-0.0394645030168588,0.0273070630109859,-0.0134519350105548,0.00888363495379046,0.0544338085594302,-0.0328279652829385,-0.012118896711387,0.00956109284457503,0.0375470007757044,0.0191849820199778,-0.0457061560781276
"WWP2","WWP2","turquoise","turquoise",-0.018415901065861,0.120167332841852,0.13926745449647,-0.0384615690188341,0.207209036922035,-0.148530316243461,-0.0442483607351371,0.019720565897329,0.0154175610723076,0.0234116202174444,-0.0377475848187632,0.0184995220816789
"TRIP4","TRIP4","turquoise","turquoise",-0.0225678586768982,0.0198404622475597,0.0980920683732162,-0.0222264222530224,0.14055963267843,-0.0841370428518768,-0.0611538938623598,0.0104068726523502,0.0309976462552579,0.0465052334692802,-0.0298757537453491,0.000450200052483792
"TGIF2","TGIF2","brown","brown",-0.0190000025710562,-0.0454392980151013,-0.00174867045868444,-0.0382533079413585,-0.0966374922855231,0.168695907088383,0.0976596494333031,0.0208466303871751,-0.0721592286938678,-0.0225994549447401,0.0787796548189436,-0.0327826543095532
"PMS1","PMS1","turquoise","turquoise",-0.0113049977298992,0.101766072181502,0.131241019903426,-0.0298923868347957,0.195420549505519,-0.12673776829127,-0.075677593995779,0.0187565145217878,0.0545556904964076,0.0536836749658393,-0.0403885008728793,-0.00373681540652029
"CA13","CA13","red","red",-0.0295871894781457,0.0102301664684419,-0.00599546467702129,0.00594645776681386,-0.101725845415023,0.144846169772997,0.205654520803896,-0.0255989131640783,-0.059692198854148,-0.0596177271120484,0.0931143406278731,0.000903361002506564
"USP31","USP31","brown","brown",-0.0282529965858864,-0.0381643458627408,0.0513607005541628,-0.0100884911313506,0.000951981080984545,0.0746368935335981,-0.0332047340398833,0.00424831304082871,0.0426451258096849,0.035594438210061,-0.00565529422592468,-0.056843134261042
"CEP290","CEP290","turquoise","turquoise",-0.0263822155820533,0.0390332843022071,0.0751721895259045,-0.00448288872422259,0.114043107622835,-0.0467109427462423,-0.067310905177083,0.000298887771048611,0.045784752935332,0.0100995884401988,-0.0474847649404596,-0.035359070045628
"COMMD1","COMMD1","turquoise","turquoise",-0.020511074882693,0.0192725688279131,0.0830966516185382,-0.0214282963029451,0.12592973663284,-0.0671518736670897,-0.0258488404864495,0.00349683364520961,0.000821002615235009,0.0328228293429236,-0.0180415727541431,0.0238732442192489
"MT-CYB","MT-CYB","pink","pink",0.402827907660788,0.0716030406625861,-0.179627251525563,0.0824370688394024,-0.0872282431833085,-0.205985192201847,-0.157500546740665,0.0832431548097912,-0.0456039047196111,-0.139159505088786,-0.33795820658915,-0.130546565643231
"CYB5B","CYB5B","turquoise","turquoise",-0.00647824365818456,0.015438201057279,0.0944345475875359,-0.0202581208313066,0.0998768564912951,-0.0569324379361978,-0.0719321587572871,0.0217493120347097,0.0518856890783651,0.0480535663614345,-0.0349487640660646,-0.0132278508010517
"PINX1","PINX1","brown","brown",-0.025286924081326,-0.0369694977378595,0.0137305194913755,-0.0140815185601339,-0.0523265094504218,0.114455174208188,0.00839510683583089,-0.0243891504781663,0.0212901735656127,-0.0254264347259862,0.00247481420894687,-0.0531596514263399
"IFT74","IFT74","turquoise","turquoise",-0.012206848387582,0.0265830887093423,0.0657945325207773,0.00605802075716736,0.118928440059032,-0.076662409718205,-0.0517379736211583,0.0128488366861467,0.0435728386153695,-0.0036422233982314,-0.0511922694519319,-0.0107969070785555
"RNF115","RNF115","turquoise","turquoise",-0.0339425607369945,0.100316941965005,0.119080929050565,-0.0525189817371081,0.153403643750012,-0.0821872717542737,-0.0183448947972847,0.0456710948789188,0.023978840778446,0.0568113460394397,-0.0048813614119797,0.00501913375727123
"HMOX2","HMOX2","blue","blue",-0.0196650900141173,0.0960043077497339,0.093457704058072,-0.0134141250469277,0.0604343721956682,-0.025112537082358,0.0311104512579925,-0.00385881507072368,0.0104085383309007,0.0176359195170678,0.00996206541500086,0.0225717459515398
"AC093827.4","AC093827.4","blue","blue",-0.0253942500977334,0.109896797800095,0.0566335908710538,-0.0217389175969457,0.0117666948773045,0.0228233498532679,0.0940473603749369,-0.0265162464454902,0.0157651057536438,-0.0347540556873511,0.0438190024584165,0.0101198683775637
"KIRREL1","KIRREL1","red","red",-0.0855902789493947,0.0220707584036314,0.0266449841874759,-0.0641653676283558,-0.116754636417824,0.189147678935094,0.268153642370741,-0.0341150417588974,-0.0198993343792238,-0.0299311513620593,0.13735125850032,0.0517876205760159
"LARGE1","LARGE1","brown","brown",-0.0364555874726042,-0.054455191143472,-0.100940533442659,0.0425768675990793,-0.222374846049554,0.331462920059266,0.210734515739824,-0.0560893507210874,-0.0389761467441333,-0.0792893639479649,0.125162104182482,-0.0284107972495672
"DZIP1","DZIP1","turquoise","turquoise",-0.0371927463022433,0.0343987890733916,0.116756811804924,-0.0370720016404063,0.128478092353572,-0.0475555644833286,-0.00357367177868742,0.0456927066792745,-0.0163984596326186,0.0317451476317419,0.0116611735784301,0.0239929862279812
"LPCAT3","LPCAT3","red","red",-0.051708289125804,0.0831862813085957,0.103038134836814,-0.0552207583043088,0.0414149640869831,-0.0125563228565592,0.154600386706275,-0.0465748694775067,-0.00786603104258434,-0.0602227994986449,0.0886667855046038,0.111197946837911
"SMAD3","SMAD3","brown","brown",-0.0804929198871011,0.00190980177933002,-0.0164654065557677,-0.0433711651000093,-0.132045978505366,0.233330510884086,0.173597955196453,-0.0377781236130511,0.0761083726917145,-0.160051913202743,0.0539035194866735,-0.0498455101007665
"ZHX3","ZHX3","turquoise","turquoise",-0.0425765027585134,0.0804803085838264,0.168685570374339,-0.0893756737515063,0.248892639991693,-0.16473887679463,-0.0730752631401242,0.00441694223928237,0.0745403052857536,0.0377552952570446,-0.044933923325662,0.0122751368317037
"ASL","ASL","red","red",-0.03079429232372,-0.0189404106967802,0.0525094631003182,0.00732592146395302,0.0139545738627337,-0.0148548095421643,0.116058220757771,-0.0238381591823002,-0.045981408270976,-0.0472329912024419,0.0602818615099907,0.134761287978951
"ASCC3","ASCC3","brown","brown",-0.0692512776984727,-0.0727185203593978,-0.0224079238707274,0.0514705944067277,-0.0635610220099126,0.20501429756411,-0.0398678822651857,-0.00020535026688357,-0.0209860950630834,0.112156036624385,0.0376370611813368,-0.117648990564529
"CHD1","CHD1","brown","brown",-0.116415649190552,-0.150148317998994,-0.0581500610675253,-0.117665547511085,-0.329318026030294,0.449265352723662,0.376779149248847,-0.0954862670610652,-0.0572061231587755,-0.111248951588,0.324310376839899,0.10632318044492
"GSR","GSR","blue","blue",-0.00881711838615165,0.105334471214996,0.0452869965375232,-0.0114012466418251,0.0228878606584257,0.00280377658696587,0.0242668260464462,0.0190076882263609,0.0463869849730399,-0.0132959813845054,-0.0244318130744804,-0.0328232763471905
"AP002495.1","AP002495.1","turquoise","turquoise",-0.00265064192937473,0.0383848882334996,0.0699131208188937,-0.0107020299208142,0.106090805600863,-0.0576413126942714,-0.00728451887795484,0.00109705384001793,-0.0240826038708934,0.00525138168425052,0.0101451112550655,0.020541483350036
"PARP4","PARP4","turquoise","turquoise",-0.00570049180515163,0.0512666374032521,0.155592874207924,-0.0458791642270856,0.243548668624321,-0.176364771850366,-0.114230376615839,0.0230363310473486,0.0782859213325484,0.0495136834325771,-0.0792618745961755,0.00568775235763569
"USP12","USP12","brown","brown",-0.0814791911562527,-0.151597241147766,-0.223123090049433,0.133242736075419,-0.473491475238368,0.638988509271069,0.22015881807176,-0.0756457772126736,0.038884167700172,-0.0877787186095802,0.141681776046379,-0.187720286877223
"PKD2","PKD2","turquoise","turquoise",-0.0168376443018009,-0.0489578485526323,0.1248655026905,-0.0486222536775529,0.201939860304353,-0.14997379339655,-0.172276008354156,0.0916385056906307,0.101245677702827,0.127506972685877,-0.071048747243401,-0.000279796256706875
"AC016831.7","AC016831.7","brown","brown",-0.0715349486033883,-0.0343479459966024,-0.123208784771266,0.0651448698624181,-0.24181745794702,0.385863709104251,0.180117765334721,0.00418084564137446,-0.016985099894024,-0.079562412390935,0.0974359140638438,-0.106680889014632
"CSPP1","CSPP1","brown","brown",-0.0432353566070379,-0.0404964156519374,0.00500285536080453,0.045930300331939,-0.0245929953713397,0.095110073765316,-0.0275443466657672,-0.0149158249186518,-0.0426996358619406,0.0523372259818605,0.0524831610518037,-0.0516142205381577
"ARHGAP27","ARHGAP27","blue","blue",-0.0209965506009267,0.109048812502779,0.0412991782775295,-0.0143425251071999,0.0257263601160573,0.00812846213428325,0.0485702178075326,-0.013305613619512,0.0283280212565168,-0.0079207220449992,0.00197252644943294,-0.00857200596437261
"ACOT13","ACOT13","blue","blue",-0.005961710378426,0.214337400121251,0.0501205478696154,0.100562424753517,0.0450250755391048,-0.0460630293578679,-0.0109016132084718,0.0200401808709248,0.0474108175578756,-0.00502983258291518,-0.0818283568334547,-0.0202733404009664
"EED","EED","brown","brown",-0.0416775389180499,-0.0217092362880093,0.0657310260193156,-0.0266881202679541,-0.0124170082135011,0.0621161630554574,0.0609000853011534,-0.0261455659721945,0.0334495919812391,-0.0128928773877279,0.021418861492294,0.0416586300382722
"TBC1D12","TBC1D12","greenyellow","greenyellow",-0.0516699848643652,-0.0645030423533739,0.0494337486926836,-0.0217998454446851,0.00496257436502932,0.0785142600179251,-0.0565292360135713,-0.00616285651029516,0.252992309982312,0.0304809938661024,-0.0302131201517057,-0.00918212651549165
"AC092839.1","AC092839.1","turquoise","turquoise",-0.0285020484124081,0.0114032169608975,0.103578682568317,-0.0352891946684374,0.14604458976836,-0.0798440383206333,-0.044314125920677,-0.0187971389211405,0.0207411000556064,0.0103947563907035,-0.00529076205415696,0.038512724879534
"LYRM1","LYRM1","blue","blue",-0.0328270451117674,0.300559284619338,0.119616186407305,-0.0531062033017135,0.0795801436286098,-0.0436356591772807,0.199794081524634,-0.0200790553017634,-0.0108378305315804,-0.0649947839605013,0.052906008951688,0.0528723661801084
"DZIP3","DZIP3","turquoise","turquoise",-0.0172145975648025,0.0479520428076273,0.109539457995646,-0.0280816155813991,0.131842465414491,-0.0785121149271309,-0.016742293921339,0.00407183167269693,0.0195896123926524,0.0171707276128818,-0.0108012612030802,0.0140593533792047
"OLFML2B","OLFML2B","green","green",0.0132655576497444,-0.0365749138135313,0.0662877118516131,0.0355783456343294,0.0409571421089783,-0.049648773542876,-0.0674608298082524,0.173153475786332,-0.0753309422487643,0.283148040486197,0.0492142451490974,0.0261702220643725
"ADCY8","ADCY8","yellow","yellow",0.0294601741465296,-0.0186081848597526,-0.180290385355089,0.435125195735313,-0.101662201685946,0.0389271606114983,-0.0975327099516199,0.044527136392044,0.0112763783535653,0.010014359373063,-0.1119307846794,-0.0879360730051201
"AC023790.2","AC023790.2","blue","blue",-0.00188731966206215,0.286940597040604,-0.00736039628301334,0.038272713509575,-0.0202687779739535,0.0044650060103316,-0.022412834185325,0.0197226897699377,0.0727314402505046,-0.0106327935194075,-0.07264831654915,-0.0733053462937522
"COL22A1","COL22A1","black","black",0.0746764682221411,-0.0349241822872724,-0.191148835482972,0.380123181357789,-0.0674911464803712,-0.0473994394302701,-0.122755819657232,0.504915117865241,-0.0515950871161507,0.0383062741003068,-0.123843270518058,-0.048092622772973
"DSCAM","DSCAM","greenyellow","greenyellow",-0.0239173056734972,0.0029592962891219,0.00693582583782903,-0.00731142700384557,-0.00773981078049318,0.0280606939193415,-0.0218087989151184,-0.0124986691772013,0.196060847671306,0.00342167035467382,-0.0242402793448109,-0.0105450909932536
"LINC01405","LINC01405","green","green",-0.00929941999580479,-0.0123255834982537,0.0202215816999776,-0.00589857544528428,0.00654951749656458,0.0110534852904468,-0.0156640327514304,0.00737626382932083,-0.01329007630209,0.0879742624817229,0.0238668267056787,0.00616576903993703
"ADAMTS18","ADAMTS18","blue","blue",-0.00305951449161598,0.0681412776288932,0.0169526431725582,-0.00800737766442208,0.0185255559677797,-0.0265678618349189,-0.010605007982087,0.00618042376612385,0.00448225444799482,0.00978484064415729,-0.00345609260465093,-0.014778305892787
"STRIT1","STRIT1","green","green",-0.00655851382208808,0.0047394945419908,0.0321663120665684,-0.0114185956869089,0.0130676180286098,0.00446288400437704,0.000795956840565768,-0.00381005392761607,0.000329856552339985,0.0566093691996236,0.0229184754558994,0.0025773244344516
"AL451070.1","AL451070.1","yellow","yellow",0.00674495680298649,0.0111370983551294,-0.00613283828730079,0.0659609280409924,0.00935592403732147,-0.00632818556996548,-0.0227242100954832,0.00881823358435515,0.0793863741797972,-0.0104890904265397,-0.0456044842739233,0.00706116853789646
"SAA2","SAA2","blue","blue",-0.000736840695840292,0.0369383786770503,0.00819154373551432,-0.00188681904059178,0.00102905153046272,0.000513185672687755,0.010640544029466,-0.00392570888099489,0.0149045203162025,-0.0116057227965529,-0.0150730525013099,-0.00491902999931668
"AC106798.1","AC106798.1","brown","brown",-0.0188196638502353,0.0276126495856788,0.0117749802428042,-0.00988365632942445,-0.0125208442143669,0.0511234047750442,0.00420993740888973,-0.00881892241744791,0.0196354609032858,-0.000478580479657648,-0.00525446879485106,-0.0240054793722177
"GLRA3","GLRA3","brown","brown",-0.0135615385128324,0.101251204689961,-0.0239027504215376,0.0379177151067145,-0.0697239942702975,0.0947647272746253,0.0495641037197852,-0.0196600378927007,0.0512686769490155,-0.0946171521184774,-0.0567803137692236,-0.0552267675000324
"MYO5B","MYO5B","greenyellow","greenyellow",-0.0148658548639679,0.0740762347789836,-0.0127221548681059,0.00340813231035565,-0.0150416664786184,0.00915284212913555,-0.0598503946834587,0.00549020747431855,0.232163737998241,0.0243834083688133,-0.0821341980342214,-0.0528727315826131
"AC006299.1","AC006299.1","black","black",0.0193600007452835,0.0242862889801391,-0.0248754889512138,0.0105891716515638,0.0189508717261608,-0.0393821802280169,-0.0464789639722143,0.293253662760009,-0.0127532680999757,0.0524115430912042,-0.0432043132986373,-0.0261360780465847
"TMEM151B","TMEM151B","blue","blue",-0.00417611156357512,0.214378226771286,0.0733851438637841,-0.00248276850220111,0.139458771145953,-0.119161160670489,-0.0550649467996159,-0.00436993622982557,0.0101390061873844,0.00954191518428026,-0.0600567201044052,-0.00320651767895563
"LANCL1-AS1","LANCL1-AS1","turquoise","turquoise",-0.00952913113760113,0.02127048407986,0.0463184700902123,-0.0216430011016136,0.0914482176955414,-0.062860569017368,-0.0291048213350286,-0.0105651972518277,-0.0133094240177968,0.00634278582413062,-0.0158167299454553,0.0119016301116349
"ITGB6","ITGB6","blue","blue",0.00104349081757814,0.132840199795677,0.0367831277684424,-0.00463995346278792,0.0462151087039748,-0.0369130140544523,-0.0257953411172201,0.00880221625462771,0.0222643696609071,0.0335203034017696,-0.0121313832504173,-0.0267220289901721
"STEAP2-AS1","STEAP2-AS1","yellow","yellow",0.0199925560880515,0.0383874068897656,-0.0976337575122337,0.195732569474511,-0.0557075590887338,0.0177279503242922,-0.0100310887727146,0.0623631360265161,-0.0387339666632118,-0.0385926513664989,-0.065943400866658,-0.0536452648240631
"AC022816.1","AC022816.1","yellow","yellow",0.014571566927343,-0.00490803770901091,-0.0603943057243442,0.169076557741166,-0.0282864363883031,0.000345383530595105,-0.0236327957707339,0.00995373819649136,-0.0175464025542562,-0.0157206711287922,-0.0370833303762655,-0.0197348714607835
"HOGA1","HOGA1","blue","blue",-0.0040880393330692,0.0932930183817049,0.0270177754664682,0.0106331429766497,0.0364152878881851,-0.0294656463402241,0.00384349916826422,0.00363242032530345,-0.00573580196623864,0.0136337042759312,-0.0155603056468702,-0.0115600369977529
"AL136442.1","AL136442.1","blue","blue",-0.0142139868966885,0.0999830804933113,0.0245986554474544,0.0186994001170833,0.00103822106007713,0.022641096266855,0.0117317164528838,-0.0039746545723618,0.0298139115221057,0.0139619002729264,-0.00393943989671227,-0.0337039679823631
