sample,r,theo,border,trans,iso
1450Veh,0,0,0,0,0
1450Veh,1.83351135253906,10.5612927081648,163.752714708751,163.813767264137,163.752714708751
1450Veh,3.66702270507813,42.245170832659,545.842382362504,546.247360546459,545.842382362504
1450Veh,5.50053405761719,95.0516343734828,873.347811780007,874.238752958042,873.347811780007
1450Veh,7.33404541015625,168.980683330636,1314.22050522665,1316.02203970267,1314.22050522665
1450Veh,9.16755676269531,264.032317704119,1729.90047333348,1732.77294105598,1729.90047333348
1450Veh,11.0010681152344,380.206537493931,2263.14649302608,2267.73644569849,2263.14649302608
1450Veh,12.8345794677734,517.503342700073,2746.00706203906,2752.42533594603,2746.00706203906
1450Veh,14.6680908203125,675.922733322545,3237.26520616531,3245.83065719591,3237.26520616531
1450Veh,16.5016021728516,855.464709361345,3693.00308082123,3705.73886819441,3694.93304983849
1450Veh,18.3351135253906,1056.12927081648,4256.62769680078,4271.5041278855,4257.57058242753
1450Veh,20.1686248779297,1277.91641768794,4862.31385128627,4879.88246316472,4862.19599058292
1450Veh,22.0021362304688,1520.82614997573,5497.44308272591,5518.15423240115,5496.21291163476
1450Veh,23.8356475830078,1784.85846767984,6178.84000652208,6203.37529692881,6176.41649580957
1450Veh,25.6691589355469,2070.01337080029,6952.77231503131,6982.0626046277,6948.99340623034
1450Veh,27.5026702880859,2376.29085933707,7716.64899848772,7756.94652711611,7718.08463230957
1450Veh,29.336181640625,2703.69093329018,8443.94625739213,8485.67135797714,8440.27609205073
1450Veh,31.1696929931641,3052.21359265962,9252.94709642371,9299.64147803448,9246.44330292459
1450Veh,33.0032043457031,3421.85883744538,10163.0730403342,10224.4285479699,10166.5487838607
1450Veh,34.8367156982422,3812.62666764748,11119.5479906476,11187.9092400393,11119.6735592168
1450Veh,36.6702270507813,4224.5170832659,12122.3719473639,12203.0446845852,12125.799847102
1450Veh,38.5037384033203,4657.53008430066,13196.8261867027,13299.4529696637,13216.8426315081
1450Veh,40.3372497558594,5111.66567075174,14338.6971626275,14451.7313865797,14354.7140593561
1450Veh,42.1707611083984,5586.92384261916,15476.3545925156,15600.4841050322,15488.3866996474
1450Veh,44.0042724609375,6083.3045999029,16626.6526605136,16775.414732122,16655.5617509782
1450Veh,45.8377838134766,6600.80794260297,17869.6487413174,18040.4097345919,17905.805645848
1450Veh,47.6712951660156,7139.43387071938,19099.9337729517,19276.3988850358,19123.454037272
1450Veh,49.5048065185547,7699.18238425211,20483.1923902023,20675.1280982146,20500.6563558482
1450Veh,51.3383178710938,8280.05348320117,21739.9334509971,21951.150545702,21759.1131629167
1450Veh,53.1718292236328,8882.04716756656,23135.8438238934,23377.0723512809,23169.5374647871
1450Veh,55.0053405761719,9505.16343734828,24552.8404561989,24816.8095238525,24587.6114417155
1450Veh,56.8388519287109,10149.4022925463,25957.1853328589,26240.16402339,25985.8076980748
1450Veh,58.67236328125,10814.7637331607,27530.2202847933,27835.568059909,27551.9554566995
1450Veh,60.5058746337891,11501.2477591914,29069.5172216728,29397.7622994567,29084.5129148712
1450Veh,62.3393859863281,12208.8543706385,30656.8633584704,30998.9347688422,30657.9839909145
1450Veh,64.1728973388672,12937.5835675018,32239.7249527739,32614.2252707051,32246.6746168979
1450Veh,66.0064086914063,13687.4353497815,33903.3804183671,34286.2858054022,33884.2017639854
1450Veh,67.8399200439453,14458.4097174776,35725.8245391349,36156.7950359239,35717.3172916681
1450Veh,69.6734313964844,15250.5066705899,37692.0345534204,38156.8445470464,37674.5274920325
1450Veh,71.5069427490234,16063.7262091186,39603.2752554785,40119.518051104,39601.486747308
1450Veh,73.3404541015625,16898.0683330636,41676.8166245846,42233.7526013196,41669.1918860506
1450Veh,75.1739654541016,17753.533042425,43625.3211115557,44224.5463445784,43615.3866572272
1450Veh,77.0074768066406,18630.1203372026,45711.6321233377,46323.8124348261,45668.3404856137
1450Veh,78.8409881591797,19527.8302173966,47911.8278412552,48596.7853754288,47908.0796389571
1450Veh,80.6744995117188,20446.662683007,50181.5820177185,50918.2572507899,50180.7058461936
1450Veh,82.5080108642578,21386.6177340336,52327.4701680548,53124.6759938971,52339.9614362805
1450Veh,84.3415222167969,22347.6953704766,54443.0484012944,55298.0130646143,54464.8730953491
1450Veh,86.175033569336,23329.895592336,56622.1719345536,57542.6745229447,56659.9374419152
1450Veh,88.008544921875,24333.2183996116,58821.132687611,59814.0805027426,58878.4882904409
1450Veh,89.8420562744141,25357.6637923036,60985.9348270288,62047.2466255307,61058.8923702611
1450Veh,91.6755676269531,26403.2317704119,63334.33951476,64463.440896051,63424.2033611381
1450Veh,93.5090789794922,27469.9223339365,65567.4588814572,66773.4519761952,65685.3383585144
1450Veh,95.3425903320313,28557.7354828775,67996.9902765829,69266.989761707,68114.7959551262
1450Veh,97.1761016845703,29666.6712172348,70604.6784784759,71947.2167666506,70728.7523764898
1450Veh,99.0096130371094,30796.7295370084,73091.9324506611,74486.042324426,73195.6251311456
1450Veh,100.843124389648,31947.9104421984,75775.7735065586,77256.2602849975,75894.841471572
1450Veh,102.676635742188,33120.2139328047,78371.3398480444,79907.4792412525,78472.3674143635
1450Veh,104.510147094727,34313.6400088273,81108.5415691307,82723.83277796,81218.9351851337
1450Veh,106.343658447266,35528.1886702662,83578.2333619241,85289.8868241096,83724.8453471103
1450Veh,108.177169799805,36763.8599171215,86357.455162023,88175.4521977969,86537.2833002748
1450Veh,110.010681152344,38020.6537493931,89059.4763565636,90958.1831558334,89245.2749701041
1450Veh,111.844192504883,39298.5701670811,92045.4073280656,94042.9091284318,92257.3908158207
1450Veh,113.677703857422,40597.6091701853,94882.0115145449,96907.2725041056,95050.601319236
1450Veh,115.511215209961,41917.7707587059,97814.8642980466,99856.3634891954,97908.4708479263
1450Veh,117.3447265625,43259.0549326429,100673.762862215,102772.57523625,100725.643647844
1450Veh,119.178237915039,44621.4616919961,103459.356334995,105637.833858868,103504.524601371
1450Veh,121.011749267578,46004.9910367657,106232.013615177,108505.117254149,106281.153529764
1450Veh,122.845260620117,47409.6429669516,109287.472381471,111670.528719932,109355.803613616
1450Veh,124.678771972656,48835.4174825538,112615.843858901,115047.346923318,112619.987155067
1450Veh,126.512283325195,50282.3145835724,115742.496928615,118238.741521787,115701.921386604
1450Veh,128.345794677734,51750.3342700073,118991.750469567,121540.569559383,118885.396602444
1450Veh,130.179306030273,53239.4765418585,122093.133503902,124722.025499102,121953.519758851
1450Veh,132.012817382813,54749.7413991261,125424.088187426,128173.219571299,125290.177201779
1450Veh,133.846328735352,56281.12884181,128703.064384341,131538.485533905,128534.088176381
1450Veh,135.679840087891,57833.6388699102,132029.687527315,134957.870373244,131835.594315066
1450Veh,137.51335144043,59407.2714834268,135586.341784795,138551.158010638,135293.123786447
1450Veh,139.346862792969,61002.0266823596,139033.710056793,142120.439262173,138733.49194051
1450Veh,141.180374145508,62617.9044667089,142863.636220261,146079.556112589,142547.309709584
1450Veh,143.013885498047,64254.9048364744,146115.378297757,149450.324242835,145798.563167784
1450Veh,144.847396850586,65913.0277916563,149680.122286456,153144.456922466,149362.31032833
1450Veh,146.680908203125,67592.2733322545,153227.477280088,156841.100549958,152924.047396758
1450Veh,148.514419555664,69292.641458269,156766.137776187,160521.084105259,156470.229611992
1450Veh,150.347930908203,71014.1321696998,160389.348710413,164230.520632765,160034.342752108
1450Veh,152.181442260742,72756.745466547,164114.954522425,168103.951409214,163763.63076096
1450Veh,154.014953613281,74520.4813488105,167886.566107283,171981.902850012,167501.109531786
1450Veh,155.84846496582,76305.3398164904,171708.672120773,175989.106187468,171336.676232384
1450Veh,157.681976318359,78111.3208695866,175629.448020611,180007.251438484,175209.554733091
1450Veh,159.515487670898,79938.4245080991,179411.308974582,183975.064224626,179032.924816312
1450Veh,161.348999023438,81786.6507320279,183009.75403933,187772.209350964,182700.910715227
1450Veh,163.182510375977,83655.999541373,186918.09991656,191877.753326374,186633.385834166
1450Veh,165.016021728516,85546.4709361345,190682.947466077,195933.024415579,190532.448574266
1450Veh,166.849533081055,87458.0649163124,194667.105591503,200083.365233877,194512.65425103
1450Veh,168.683044433594,89390.7814819065,198530.307817413,204156.212942196,198436.234530299
1450Veh,170.516555786133,91344.620632917,202386.500431801,208170.712764474,202280.103302447
1450Veh,172.350067138672,93319.5823693438,206282.176247019,212297.814037682,206254.321423319
1450Veh,174.183578491211,95315.6666911869,210124.424397621,216280.448270792,210063.340205162
1450Veh,176.01708984375,97332.8735984464,214219.839695908,220462.002617556,214064.593864149
1450Veh,177.850601196289,99371.2030911222,218175.397762552,224601.08874385,218020.956684466
1450Veh,179.684112548828,101430.655169214,222295.501869348,228919.648256282,222145.291315185
1450Veh,181.517623901367,103511.229832723,226226.706741131,233055.366078941,226099.299264125
1450Veh,183.351135253906,105612.927081648,230425.656681815,237487.597914797,230347.423930335
1450Veh,185.184646606445,107735.746915989,234708.041122001,242024.672866637,234678.913609422
1450Veh,187.018157958984,109879.689335746,239211.109080203,246768.832524071,239222.688420722
1450Veh,188.851669311523,112044.75434092,243544.238220958,251345.430658955,243586.769249913
1450Veh,190.685180664063,114230.94193151,247733.582141837,255894.015674931,247952.574799292
1450Veh,192.518692016602,116438.252107516,252018.017189095,260400.571405475,252244.549889648
1450Veh,194.352203369141,118666.684868939,256520.003860514,265112.475283145,256721.733618589
1450Veh,196.18571472168,120916.240215778,260837.282944465,269736.08615643,261135.029146395
1450Veh,198.019226074219,123186.918148034,265050.141692763,274170.474192935,265364.760024732
1450Veh,199.852737426758,125478.718665706,269516.305239218,278858.574154433,269819.766378591
1450Veh,201.686248779297,127791.641768794,274224.12525196,283566.841118708,274286.87972773
1450Veh,203.519760131836,130125.687457298,278747.556668777,288265.446280082,278739.481699442
1450Veh,205.353271484375,132480.855731219,283556.5327557,293159.605129938,283413.618164843
1450Veh,207.186782836914,134857.146590556,288228.73291044,297985.348023233,288011.022512605
1450Veh,209.020294189453,137254.560035309,292876.495547241,302840.115055509,292636.095194837
1450Veh,210.853805541992,139673.096065479,297232.751358778,307460.379326982,297034.463628567
1450Veh,212.687316894531,142112.754681065,302112.857486401,312523.688418079,301825.753315659
1450Veh,214.52082824707,144573.535882067,306755.155107157,317350.942674103,306417.303418312
1450Veh,216.354339599609,147055.439668486,311500.408216129,322473.765528303,311305.85692987
1450Veh,218.187850952148,149558.466040321,316484.522804271,327675.927054554,316242.003704755
1450Veh,220.021362304688,152082.614997573,321266.031108344,332761.885683353,321087.658865241
1450Veh,221.854873657227,154627.88654024,326236.968981743,338099.281423276,326146.023041087
1450Veh,223.688385009766,157194.280668324,331018.451872672,343176.544038938,330983.502033036
1450Veh,225.521896362305,159781.797381825,336156.766282688,348529.219082183,336064.067041472
1450Veh,227.355407714844,162390.436680741,341182.744418716,353671.895578947,340924.017585242
1450Veh,229.188919067383,165020.198565074,346046.308754239,358790.123876899,345776.222967868
1450Veh,231.022430419922,167671.083034824,350737.943451503,363947.449760099,350671.868325597
1450Veh,232.855941772461,170343.090089989,355565.347241684,369130.860616735,355583.425836085
1450Veh,234.689453125,173036.219730571,360696.753688353,374638.780306482,360810.700277049
1450Veh,236.522964477539,175750.47195657,366004.343577111,380209.316111293,366083.714359168
1450Veh,238.356475830078,178485.846767984,371031.375840482,385581.75660248,371173.878131699
1450Veh,240.189987182617,181242.344164815,376410.984925044,391164.168534781,376461.788919896
1450Veh,242.023498535156,184019.964147063,381934.587648385,397008.919797815,381987.353137065
1450Veh,243.857009887695,186818.706714726,387266.936196639,402659.766361131,387336.344954394
1450Veh,245.690521240234,189638.571867806,392357.940190617,408168.636665634,392580.742152402
1450Veh,247.524032592773,192479.559606303,397589.731393645,413786.880248825,397940.194998701
1450Veh,249.357543945313,195341.669930215,402712.857689228,419335.051835471,403224.361861498
1450Veh,251.191055297852,198224.902839544,407823.143995778,425046.779831009,408607.153962529
1450Veh,253.024566650391,201129.25833429,413144.565497751,430684.483744829,413925.708292751
1450Veh,254.85807800293,204054.736414451,418422.394558448,436319.256915409,419264.764760612
1450Veh,256.691589355469,207001.337080029,424191.059434406,442202.917223163,424815.690447978
1450Veh,258.525100708008,209969.060331024,429796.437075264,448040.028803687,430328.726793724
1450Veh,260.358612060547,212957.906167434,435281.353773071,453783.728245702,435773.692441016
1450Veh,262.192123413086,215967.874589261,440522.406156412,459599.099217345,441279.867997117
1450Veh,264.025634765625,218998.965596504,446010.414119626,465464.199294631,446819.946384505
1450Veh,265.859146118164,222051.179189164,451517.514726285,471327.942710339,452339.177422895
1450Veh,267.692657470703,225124.51536724,457371.410081473,477601.517145216,458269.353706845
1450Veh,269.526168823242,228218.974130732,463049.596097407,483658.577628811,463971.918004332
1450Veh,271.359680175781,231334.555479641,468689.612374738,489630.355019003,469593.521712521
1450Veh,273.19319152832,234471.259413966,473949.171341065,495544.2051913,475188.605958139
1450Veh,275.026702880859,237629.085933707,479719.916606548,501714.003355475,480983.503281473
1450Veh,276.860214233398,240808.035038865,485379.149886225,507893.719990159,486861.412982193
1450Veh,278.693725585938,244008.106729439,490796.773863321,513806.317306018,492477.343689318
1450Veh,280.527236938477,247229.301005429,496293.40354104,519811.480226104,498090.031110523
1450Veh,282.360748291016,250471.617866835,501901.576847343,526061.058369132,503945.13220106
1450Veh,284.194259643555,253735.057313658,507436.701583216,532254.538084039,509786.327839688
1450Veh,286.027770996094,257019.619345898,513647.293090258,538461.578207519,515631.90725377
1450Veh,287.861282348633,260325.303963553,519458.435084592,544816.728582638,521645.675158959
1450Veh,289.694793701172,263652.111166625,525343.580112163,551176.86982836,527616.963163929
1450Veh,291.528305053711,267000.040955113,531239.707966201,557447.23575811,533468.579262298
1450Veh,293.36181640625,270369.093329018,537154.76919326,563869.763777864,539521.095388562
1450Veh,295.195327758789,273759.268288339,543516.882221196,570436.841323754,545658.424873361
1450Veh,297.028839111328,277170.565833076,549866.374102439,577056.689146555,551897.771205428
1450Veh,298.862350463867,280602.98596323,555785.011523446,583480.9962915,557952.738756303
1450Veh,300.695861816406,284056.528678799,561911.109018034,589898.195395365,563999.120887202
1450Veh,302.529373168945,287531.193979786,567801.389531605,596472.599315273,570193.129163431
1450Veh,304.362884521484,291026.981866188,573723.830408494,603133.812171495,576477.468984712
1450Veh,306.196395874023,294543.892338007,579518.006532411,609493.702652378,582498.270672141
1450Veh,308.029907226563,298081.925395242,585279.866452859,616204.743488743,588804.20719392
1450Veh,309.863418579102,301641.081037894,591449.293055321,622859.183229033,595059.589875306
1450Veh,311.696929931641,305221.359265962,597793.028063809,629829.407653721,601572.682205586
1450Veh,313.53044128418,308822.760079446,603285.222685503,636085.16449254,607472.22693101
1450Veh,315.363952636719,312445.283478346,609049.04437981,642442.73788561,613497.314814944
1450Veh,317.197463989258,316088.929462663,615347.418515536,649297.978543257,619976.73610205
1450Veh,319.030975341797,319753.698032396,620770.441867376,655444.817130098,625703.791740916
1450Veh,320.864486694336,323439.589187546,627017.351147966,662249.266625426,632156.063075296
1450Veh,322.697998046875,327146.602928112,633457.519907218,669063.056280291,638589.916259551
1450Veh,324.531509399414,330874.739254094,639489.539761308,675905.482276832,645032.090823923
1450Veh,326.365020751953,334623.998165492,645933.404434161,682721.392713022,651438.485064655
1450Veh,328.198532104492,338394.379662307,651906.80659079,689376.391191393,657686.190293309
1450Veh,330.032043457031,342185.883744538,658348.74897241,696281.310294172,664179.351964382
1450Veh,331.86555480957,345998.510412186,664910.438343714,703869.75579947,671319.543775066
1450Veh,333.699066162109,349832.25966525,670790.161125049,710714.558520254,677739.3615882
1450Veh,335.532577514648,353687.13150373,677203.332094051,717698.670345143,684301.657847522
1450Veh,337.366088867188,357563.125927626,683230.373250923,724595.516259009,690784.379553406
1450Veh,339.199600219727,361460.242936939,689760.492147586,731681.515781507,697421.205527764
1450Veh,341.033111572266,365378.482531668,696172.894852493,738491.359825387,703778.013881362
1450Veh,342.866622924805,369317.844711813,702596.200184789,745436.925949284,710270.812234066
1450Veh,344.700134277344,373278.329477375,709270.138732426,752608.235999446,717001.216907774
1450Veh,346.533645629883,377259.936828353,715867.007731267,759828.165220352,723784.167877868
1450Veh,348.367156982422,381262.666764748,722144.224468916,766528.956785688,730062.933045956
1450Veh,350.200668334961,385286.519286559,728782.712096489,773626.676460475,736676.723953292
1450Veh,352.0341796875,389331.494393786,735326.790094629,780729.012567484,743308.486686823
1450Veh,353.867691040039,393397.592086429,742019.935928716,787987.539868582,750089.625283675
1450Veh,355.701202392578,397484.812364489,748610.562760451,795325.550624939,756985.2229845
1450Veh,357.534713745117,401593.155227965,755896.005664612,802713.038921171,763922.271740423
1450Veh,359.368225097656,405722.620676857,762172.200900866,810104.170819841,770832.20269715
1450Veh,361.201736450195,409873.208711166,769043.989769712,817759.336125072,778008.214738538
1450Veh,363.035247802734,414044.919330891,776378.607588738,825159.879716015,784896.472274377
1450Veh,364.868759155273,418237.752536033,783108.372197285,832422.6963205,791695.213329357
1450Veh,366.702270507813,422451.70832659,790444.124495503,840093.415478606,798878.531127159
1450Veh,368.535781860352,426686.786702564,797712.967679634,847439.453363917,805722.839051291
1450Veh,370.369293212891,430942.987663955,804592.40756376,854893.197749567,812710.061429457
1450Veh,372.20280456543,435220.311210762,811466.098580665,862442.680608967,819738.059855442
1450Veh,374.036315917969,439518.757342985,818539.127644335,870093.182408084,826851.306467572
1450Veh,375.869827270508,443838.326060624,825333.743501772,877829.644655018,834095.107366789
1450Veh,377.703338623047,448179.01736368,832435.075968694,885412.919557706,841193.468281399
1450Veh,379.536849975586,452540.831252152,839878.350554758,893381.453781739,848619.901588697
1450Veh,381.370361328125,456923.76772604,846718.948900972,901178.923012207,855925.703683102
1450Veh,383.203872680664,461327.826785345,853753.514707887,908874.596065751,863118.624199383
1450Veh,385.037384033203,465753.008430066,859890.625423788,916402.394936891,870163.303112824
1450Veh,386.870895385742,470199.312660203,866366.691081286,924102.229440567,877346.222939057
1450Veh,388.704406738281,474666.739475757,873776.215209218,932115.658693612,884800.664527647
1450Veh,390.53791809082,479155.288876727,880376.254617089,939893.819998962,892034.975090951
1450Veh,392.371429443359,483664.960863113,887364.505618933,947623.342422882,899237.944906369
1450Veh,394.204940795898,488195.755434916,894030.097072402,955065.418389481,906215.543184356
1450Veh,396.038452148438,492747.672592135,901248.736798474,962951.714867666,913550.472460216
1450Veh,397.871963500977,497320.71233477,908511.303859359,970495.204236533,920604.964079623
1450Veh,399.705474853516,501914.874662822,915323.320676657,978244.477769452,927834.933790137
1450Veh,401.538986206055,506530.15957629,922658.861397793,986363.758689349,935396.36052584
1450Veh,403.372497558594,511166.567075174,930059.100423821,994279.959381963,942783.389355599
1450Veh,405.206008911133,515824.097159475,936712.87932279,1002076.25148015,950039.081158136
1450Veh,407.039520263672,520502.749829192,944740.299342779,1010144.36166227,957534.87170909
1450Veh,408.873031616211,525202.525084325,952400.628806774,1018338.14409768,965137.660407221
1450Veh,410.70654296875,529923.422924875,960496.519880971,1026406.23999529,972654.467887008
1450Veh,412.540054321289,534665.443350841,968047.247587758,1034516.66086753,980105.844612116
1450Veh,414.373565673828,539428.586362223,975306.130260255,1042730.21061744,987747.79331786
1450Veh,416.207077026367,544212.851959022,982806.71299271,1050728.78987367,995115.802149044
1450Veh,418.040588378906,549018.240141237,990336.948076843,1058761.52364518,1002581.65402566
1450Veh,419.874099731445,553844.750908868,998104.200071553,1066828.93997027,1010015.23307067
1450Veh,421.707611083984,558692.384261916,1005523.89653599,1075096.39914042,1017656.06707983
1450Veh,423.541122436524,563561.14020038,1012915.91726032,1083329.22522634,1025229.94314425
1450Veh,425.374633789063,568451.01872426,1019654.86376469,1091545.41913466,1032876.90549954
1450Veh,427.208145141602,573362.019833557,1027327.97446187,1099841.86189848,1040586.7234774
1450Veh,429.041656494141,578294.14352827,1035402.20509187,1108464.59571088,1048530.91252274
1450Veh,430.87516784668,583247.389808399,1042558.53950951,1116432.77913838,1055922.86071861
1450Veh,432.708679199219,588221.758673944,1049988.22188981,1124706.83879298,1063719.13554048
1450Veh,434.542190551758,593217.250124906,1058178.69944472,1133194.62511491,1071569.78707518
1450Veh,436.375701904297,598233.864161285,1065827.20239824,1141405.7683873,1079235.40295391
1450Veh,438.209213256836,603271.600783079,1073072.51662364,1149841.72831134,1087076.01892542
1450Veh,440.042724609375,608330.45999029,1081082.17644759,1158243.298687,1094836.87614859
1450Veh,441.876235961914,613410.441782917,1088324.03181105,1166199.81969624,1102162.27242559
1450Veh,443.709747314453,618511.546160961,1096064.77799962,1174438.65584775,1109805.60583921
1450Veh,445.543258666992,623633.773124421,1103288.94265289,1182554.13705564,1117335.8594741
1450Veh,447.376770019531,628777.122673297,1111692.948837,1191116.97162719,1125266.1476328
1450Veh,449.21028137207,633941.59480759,1118825.66835324,1199765.52252408,1133247.01755657
1450Veh,451.043792724609,639127.189527299,1126349.11503507,1208370.7711022,1141179.86985957
1450Veh,452.877304077148,644333.906832424,1134601.41011598,1217162.65434408,1149312.88375849
1450Veh,454.710815429688,649561.746722965,1143046.55028256,1225965.2505433,1157544.96585549
1450Veh,456.544326782227,654810.709198923,1150803.69352242,1234554.62969826,1165563.6431339
1450Veh,458.377838134766,660080.794260297,1159319.27508454,1243258.61718462,1173693.8229537
1450Veh,460.211349487305,665372.001907088,1167219.16486842,1252168.74544716,1181902.78883514
1450Veh,462.044860839844,670684.332139295,1175578.89908925,1261049.31788189,1190122.96356267
1450Veh,463.878372192383,676017.784956918,1183437.5618319,1269418.44994938,1197908.85943852
1450Veh,465.711883544922,681372.360359958,1192114.14771091,1278512.91955916,1206350.07270681
1450Veh,467.545394897461,686748.058348413,1199637.91008567,1287005.69525611,1214269.17153967
1450Veh,469.37890625,692144.878922286,1208438.24504508,1295725.86810491,1222316.41585204
1450Veh,471.212417602539,697562.822081574,1217904.34661421,1304650.32856881,1230578.43819873
1450Veh,473.045928955078,703001.887826279,1225732.46051795,1313209.34537585,1238541.65362484
1450Veh,474.879440307617,708462.0761564,1234184.67365047,1321498.47999122,1246191.27151646
1450Veh,476.712951660156,713943.387071938,1242808.42359565,1330452.83756025,1254467.67145502
1450Veh,478.546463012695,719445.820572892,1250753.52301943,1339138.95645814,1262518.32996066
1450Veh,480.379974365234,724969.376659262,1258736.32511446,1347959.79757195,1270717.78902647
1450Veh,482.213485717773,730514.055331048,1266499.88155938,1356135.15997759,1278316.12939189
1450Veh,484.046997070313,736079.856588251,1274649.01619295,1365004.60800636,1286562.75755062
1450Veh,485.880508422852,741666.78043087,1283107.71014422,1374036.52066017,1294887.81132926
1450Veh,487.714019775391,747274.826858906,1292448.92883677,1382993.94305945,1303128.51831512
1450Veh,489.54753112793,752903.995872357,1300470.66510898,1391562.8845913,1311024.74871937
1450Veh,491.381042480469,758554.287471226,1308852.69513699,1400449.52619876,1319228.31950372
1450Veh,493.214553833008,764225.70165551,1317249.76165328,1409298.57442051,1327359.753901
1450Veh,495.048065185547,769918.238425211,1326172.02085344,1418169.80927786,1335523.63681981
1450Veh,496.881576538086,775631.897780328,1334795.80168021,1427343.63518661,1343984.74771648
1450Veh,498.715087890625,781366.679720861,1343280.6840763,1436585.73184307,1352540.96986717
1450Veh,500.548599243164,787122.584246811,1350983.47741671,1445362.33904222,1360694.70323373
1450Veh,502.382110595703,792899.611358177,1359141.35333584,1454020.64935554,1368665.61954483
1450Veh,504.215621948242,798697.76105496,1367421.99938173,1462883.34461747,1376811.86947769
1450Veh,506.049133300781,804517.033337159,1376716.37676761,1471764.13039724,1384965.03360279
1450Veh,507.88264465332,810357.428204774,1384614.0055667,1480570.6869463,1393084.72366015
1450Veh,509.716156005859,816218.945657805,1393559.74653712,1489580.81965162,1401333.67031048
1450Veh,511.549667358398,822101.585696253,1402219.67330125,1498463.04796763,1409478.30669842
1450Veh,513.383178710938,828005.348320117,1410613.61071974,1507448.76096928,1417748.89871841
1450Veh,515.216690063477,833930.233529397,1419287.57579119,1516308.42867634,1425932.19543723
1450Veh,517.050201416016,839876.241324094,1427976.56509507,1525371.90552314,1434219.02258315
1450Veh,518.883712768555,845843.371704207,1437460.3416442,1534226.23167991,1442338.02307292
1450Veh,520.717224121094,851831.624669737,1446816.8039951,1543216.52171764,1450590.48758753
1450Veh,522.550735473633,857841.000220683,1456349.27909803,1552925.17971789,1459501.77847755
1450Veh,524.384246826172,863871.498357045,1465346.68738728,1562105.07240271,1467944.63691305
1450Veh,526.217758178711,869923.119078823,1475299.91848436,1571283.5671918,1476264.57854199
1450Veh,528.05126953125,875995.862386018,1483755.21489144,1580153.80889183,1484371.79487089
1450Veh,529.884780883789,882089.728278629,1492740.72641604,1589807.34221235,1493227.81716621
1450Veh,531.718292236328,888204.716756656,1501194.0661269,1598977.66944123,1501657.23045156
1450Veh,533.551803588867,894340.8278201,1509677.06828727,1607924.69268517,1509869.21002134
1450Veh,535.385314941406,900498.06146896,1519867.45419727,1617380.63405331,1518536.26334224
1450Veh,537.218826293945,906676.417703236,1529405.3219836,1626832.34741561,1527204.24388902
1450Veh,539.052337646484,912875.896522929,1538476.52654948,1636480.02799917,1536020.11195856
1450Veh,540.885848999024,919096.497928038,1548372.17461851,1645755.01594775,1544598.65109589
1450Veh,542.719360351563,925338.221918564,1557178.03398025,1655044.82793601,1553039.91124056
1450Veh,544.552871704102,931601.068494505,1566339.46939529,1664648.75468733,1561780.60263161
1450Veh,546.386383056641,937885.037655863,1575754.65255086,1674313.72582278,1570646.51972112
1450Veh,548.21989440918,944190.129402638,1584801.25017914,1683576.82666067,1579186.43620355
1450Veh,550.053405761719,950516.343734828,1593757.85909317,1693142.56380969,1587959.53253934
1450Veh,551.886917114258,956863.680652435,1602925.56466883,1702644.3332144,1596610.07852647
1450Veh,553.720428466797,963232.140155459,1612751.70261039,1712617.24207664,1605748.37235847
1450Veh,555.553939819336,969621.722243898,1621944.85966007,1722459.89939555,1614777.53530307
1450Veh,557.387451171875,976032.426917754,1631486.04580375,1732173.37978735,1623700.44118386
1450Veh,559.220962524414,982464.254177027,1641569.92075889,1742370.66591454,1633040.50657273
1450Veh,561.054473876953,988917.204021715,1652145.54231294,1752297.38154279,1642125.30381954
1450Veh,562.887985229492,995391.27645182,1662300.58277253,1762117.66384904,1651123.36026519
1450Veh,564.721496582031,1001886.47146734,1671353.47029567,1771528.30737258,1659739.9611228
1450Veh,566.55500793457,1008402.78906828,1681039.80222005,1781586.61892852,1668966.80036283
1450Veh,568.388519287109,1014940.22925463,1690465.10053956,1791270.88996754,1677822.20253897
1450Veh,570.222030639649,1021498.7920264,1699686.84713824,1800828.41447932,1686579.23435471
1450Veh,572.055541992188,1028078.47738359,1709486.1662342,1810676.63091223,1695602.93683339
1450Veh,573.889053344727,1034679.28532619,1719219.46925062,1820443.6706987,1704533.12359249
1450Veh,575.722564697266,1041301.21585421,1729027.71112665,1830273.59695448,1713517.08074745
1450Veh,577.556076049805,1047944.26896765,1739973.60545148,1840298.73447343,1722688.67185055
1450Veh,579.389587402344,1054608.4446665,1750073.01520364,1849991.08177138,1731467.08670841
1450Veh,581.223098754883,1061293.74295077,1760552.95713262,1859666.77860792,1740291.5942683
1450Veh,583.056610107422,1068000.16382045,1770277.86879494,1869658.05338969,1749323.21981365
1450Veh,584.890121459961,1074727.70727555,1780063.47685461,1879911.85664453,1758677.81508117
1450Veh,586.7236328125,1081476.37331607,1790220.35025994,1889784.96210051,1767760.01731211
1450Veh,588.557144165039,1088246.161942,1802475.61437662,1899486.72211659,1776538.94078248
1450Veh,590.390655517578,1095037.07315335,1812823.62855678,1909506.32713069,1785619.26088913
1450Veh,592.224166870117,1101849.10695012,1823386.80218841,1919603.31088142,1794871.94181279
1450Veh,594.057678222656,1108682.2633323,1832778.1823302,1929511.15694738,1803923.26551156
1450Veh,595.891189575195,1115536.5422999,1843110.62221621,1939619.34876489,1813069.98822936
1450Veh,597.724700927734,1122411.94385292,1854226.25963298,1950036.03659061,1822496.23256664
1450Veh,599.558212280274,1129308.46799135,1866068.20500238,1960280.05633123,1831713.65073945
1450Veh,601.391723632813,1136226.1147152,1875584.45406103,1970358.17603805,1840851.36843681
1450Veh,603.225234985352,1143164.88402446,1886175.85834184,1980458.27388477,1850137.00776583
1450Veh,605.058746337891,1150124.77591914,1899785.09738994,1991140.4527545,1859898.95068379
1450Veh,606.89225769043,1157105.79039924,1909662.12909042,2001704.15721886,1869554.01971066
1450Veh,608.725769042969,1164107.92746475,1919483.16061118,2011859.80567042,1878789.84453788
1450Veh,610.559280395508,1171131.18711568,1929930.60203714,2022307.46837218,1888262.00645698
1450Veh,612.392791748047,1178175.56935203,1940734.95128609,2032752.18896444,1897821.80574178
1450Veh,614.226303100586,1185241.07417379,1950788.54785101,2042864.66155524,1906970.10894841
1450Veh,616.059814453125,1192327.70158097,1962354.75181647,2053461.06631568,1916549.12928133
1450Veh,617.893325805664,1199435.45157356,1972926.38368443,2064086.84105769,1926146.04947859
1450Veh,619.726837158203,1206564.32415157,1984045.62927299,2074276.59302386,1935395.67743934
1450Veh,621.560348510742,1213714.319315,1994428.48694819,2084480.5220909,1944576.28672851
1450Veh,623.393859863281,1220885.43706385,2005938.48556864,2094819.05154142,1953933.43843229
1450Veh,625.22737121582,1228077.67739811,2016296.85709292,2105154.02938886,1963214.59280479
1450Veh,627.060882568359,1235291.04031778,2026645.67245584,2115412.79070182,1972491.57663663
1450Veh,628.894393920898,1242525.52582288,2038003.20518222,2125949.88692078,1982002.79656591
1450Veh,630.727905273438,1249781.13391338,2050375.89855454,2136362.07652618,1991438.26120447
1450Veh,632.561416625977,1257057.86458931,2063185.35676538,2147044.36622742,2001182.64625704
1450Veh,634.394927978516,1264355.71785065,2074151.52881659,2157743.07867048,2010877.20878275
1450Veh,636.228439331055,1271674.69369741,2084368.56292523,2168080.02655192,2020193.2725026
1450Veh,638.061950683594,1279014.79212958,2094709.73815513,2178793.47343574,2029838.18326687
1450Veh,639.895462036133,1286376.01314718,2105675.90584049,2189460.81014761,2039447.34954425
1450Veh,641.728973388672,1293758.35675018,2117292.56765481,2200332.33451008,2049348.58488273
1450Veh,643.562484741211,1301161.82293861,2127828.40422204,2211147.76962084,2059061.87717375
1450Veh,645.39599609375,1308586.41171245,2137128.06313362,2221600.91923355,2068572.99706305
1450Veh,647.229507446289,1316032.1230717,2147577.64537216,2232391.05957895,2078352.69734595
1450Veh,649.063018798828,1323498.95701637,2158353.54017262,2243675.1080707,2088601.46475903
1450Veh,650.896530151367,1330986.91354646,2168468.25204041,2254283.45178638,2098137.11610981
1450Veh,652.730041503906,1338495.99266197,2179963.47039223,2265054.0323886,2107926.56608567
1450Veh,654.563552856445,1346026.19436289,2190950.90186017,2275979.69901288,2117790.47349688
1450Veh,656.397064208984,1353577.51864923,2201179.27834156,2286664.99909571,2127510.14935263
1450Veh,658.230575561523,1361149.96552098,2211966.61872125,2297490.32406753,2137287.28491388
1450Veh,660.064086914063,1368743.53497815,2223149.60024113,2308346.24628101,2147110.98100165
1450Veh,661.897598266602,1376358.22702074,2234238.16770702,2319331.22105563,2157069.85555641
1450Veh,663.731109619141,1383994.04164874,2246547.12439058,2330409.69688188,2167130.96984778
1450Veh,665.56462097168,1391650.97886216,2257688.04296003,2341784.30342857,2177385.53192398
1450Veh,667.398132324219,1399329.038661,2267944.7281433,2352593.61331603,2187167.25304466
1450Veh,669.231643676758,1407028.22104525,2279657.20670529,2363732.56595898,2197326.35943865
1450Veh,671.065155029297,1414748.52601492,2290801.61220607,2374695.02383012,2207281.66594582
1450Veh,672.898666381836,1422489.95357,2304304.10976005,2385517.82884373,2217059.39153165
1450Veh,674.732177734375,1430252.5037105,2315286.83759483,2396134.72377274,2226720.85043328
1450Veh,676.565689086914,1438036.17643642,2325460.49221861,2406567.46911641,2236203.31823558
1450Veh,678.399200439453,1445840.97174776,2336867.54798359,2417384.67554902,2245982.00941002
1450Veh,680.232711791992,1453666.88964451,2350871.55958206,2428309.48626015,2255840.07499201
1450Veh,682.066223144531,1461513.93012667,2362277.43707179,2439418.58356291,2265887.70899476
1450Veh,683.89973449707,1469382.09319425,2372915.89565339,2450263.26836275,2275665.40356778
1450Veh,685.733245849609,1477271.37884725,2385141.19547049,2461451.11282197,2285769.88055773
1450Veh,687.566757202148,1485181.78708567,2396242.99013205,2472788.68349759,2295976.36492667
1450Veh,689.400268554688,1493113.3179095,2407874.87559986,2483979.48312298,2306099.89144193
1450Veh,691.233779907227,1501065.97131875,2418999.63881711,2495336.61939606,2316385.92807859
1450Veh,693.067291259766,1509039.74731341,2430084.2198478,2506743.22937209,2326695.53376534
1450Veh,694.900802612305,1517034.64589349,2443591.38508998,2518369.2878376,2337169.02810421
1450Veh,696.734313964844,1525050.66705899,2454234.36956259,2529603.36260166,2347376.93746008
1450Veh,698.567825317383,1533087.8108099,2467027.58299623,2541412.41567571,2358071.61546955
1450Veh,700.401336669922,1541146.07714623,2478552.08752119,2552541.00629094,2368031.82858399
1450Veh,702.234848022461,1549225.46606798,2491888.40005358,2563756.69393534,2378154.12022464
1450Veh,704.068359375,1557325.97757514,2502439.00862857,2574493.74793475,2387819.32262802
1450Veh,705.901870727539,1565447.61166772,2513424.03726843,2585681.30942969,2397914.8964793
1450Veh,707.735382080078,1573590.36834572,2526830.68415996,2596968.41024416,2408076.92125953
1450Veh,709.568893432617,1581754.24760913,2538383.03146843,2608822.98312151,2418770.5285908
1450Veh,711.402404785156,1589939.24945796,2550559.8306897,2620432.91800683,2429275.32800444
1450Veh,713.235916137695,1598145.3738922,2563078.62359186,2632540.28684322,2440260.98847545
1450Veh,715.069427490234,1606372.62091186,2573922.97958904,2643938.95229674,2450675.7253867
1450Veh,716.902938842774,1614620.99051694,2584640.315311,2655114.5533923,2460832.65531669
1450Veh,718.736450195313,1622890.48270743,2596127.7114515,2666585.08668053,2471115.07341892
1450Veh,720.569961547852,1631181.09748334,2609355.13264332,2678404.54173873,2481734.88159762
1450Veh,722.403472900391,1639492.83484466,2622897.35333817,2689735.45479502,2491935.85631499
1450Veh,724.23698425293,1647825.69479141,2634117.72924198,2701315.24797058,2502402.02415219
1450Veh,726.070495605469,1656179.67732356,2646880.56878311,2712620.13031489,2512606.91940306
1450Veh,727.904006958008,1664554.78244114,2658607.12580591,2724117.32957038,2522946.7367403
1450Veh,729.737518310547,1672951.01014413,2670028.41874413,2735890.40188799,2533455.50898689
1450Veh,731.571029663086,1681368.36043254,2682095.07634683,2747628.89479577,2543988.73442967
1450Veh,733.404541015625,1689806.83330636,2697442.78058759,2759399.4491178,2554644.22755405
1450Veh,735.238052368164,1698266.4287656,2708859.70764104,2771042.13373071,2565099.04254123
1450Veh,737.071563720703,1706747.14681026,2722414.68678499,2782847.47068205,2575815.06512748
1450Veh,738.905075073242,1715248.98744033,2734461.32298562,2794444.69772028,2586223.75376076
1450Veh,740.738586425781,1723771.95065582,2750724.10199623,2805804.24560613,2596374.21136471
1450Veh,742.57209777832,1732316.03645672,2766526.14725011,2817158.91248446,2606558.07229785
1450Veh,744.405609130859,1740881.24484305,2780017.64664798,2828641.67202081,2616942.72881086
1450Veh,746.239120483399,1749467.57581478,2793191.7022708,2840004.51053852,2627091.50660001
1450Veh,748.072631835938,1758075.02937194,2806286.90474552,2851784.9338601,2637742.41436922
1450Veh,749.906143188477,1766703.60551451,2819161.56980686,2863555.01091653,2648348.32621881
1450Veh,751.739654541016,1775353.3042425,2830568.46736239,2875439.14970507,2659088.2530828
1450Veh,753.573165893555,1784024.1255559,2844607.31480287,2887364.47322991,2669921.10256246
1450Veh,755.406677246094,1792716.06945472,2858778.09823515,2899390.92634169,2680821.33552048
1450Veh,757.240188598633,1801429.13593895,2870551.49854396,2911027.82893109,2691228.97741065
1450Veh,759.073699951172,1810163.32500861,2884050.33535196,2923112.30898884,2702035.16844163
1450Veh,760.907211303711,1818918.63666368,2898988.50187973,2935426.80788645,2712975.81429435
1450Veh,762.74072265625,1827695.07090416,2911496.13461577,2947682.08236464,2723882.32415257
1450Veh,764.574234008789,1836492.62773006,2923961.48326547,2959912.61522257,2734758.95828546
1450Veh,766.407745361328,1845311.30714138,2936891.76228316,2971896.96331188,2745454.38882464
1450Veh,768.241256713867,1854151.10913811,2948713.80907576,2983743.11512755,2756012.86381569
1450Veh,770.074768066406,1863012.03372026,2962732.88659704,2995818.84305019,2766814.54528208
1450Veh,771.908279418945,1871894.08088783,2976699.56264472,3008254.70078737,2777923.98324788
1450Veh,773.741790771484,1880797.25064081,2988665.80886585,3020492.67295264,2788920.61979724
1450Veh,775.575302124024,1889721.54297921,3000342.48044533,3032488.35231057,2799697.20089643
1450Veh,777.408813476563,1898666.95790303,3011763.64498806,3044239.40074428,2810284.21184407
1450Veh,779.242324829102,1907633.49541226,3025303.6472593,3056569.68490052,2821237.33779926
1450Veh,781.075836181641,1916621.15550691,3041150.27228895,3068998.92615785,2832433.30883995
1450Veh,782.90934753418,1925629.93818697,3054795.64074525,3081164.9395785,2843229.51933696
1450Veh,784.742858886719,1934659.84345245,3069319.58976789,3093389.16123921,2854113.9643063
1450Veh,786.576370239258,1943710.87130335,3082649.61402868,3105680.38356421,2865121.41737904
1450Veh,788.409881591797,1952783.02173966,3096842.91404924,3118123.50409266,2876374.11393293
1450Veh,790.243392944336,1961876.29476139,3111226.62502319,3130476.77718648,2887402.78491091
1450Veh,792.076904296875,1970990.69036854,3123982.98472988,3142967.4170918,2898606.04267176
1450Veh,793.910415649414,1980126.2085611,3137992.57598991,3155135.80964548,2909505.24069999
1450Veh,795.743927001953,1989282.84933908,3149661.32018045,3167335.87493523,2920519.95301471
1450Veh,797.577438354492,1998460.61270248,3161906.51430855,3179980.34451261,2931869.35114308
1450Veh,799.410949707031,2007659.49865129,3176139.01038151,3192334.92790347,2943064.45454295
1450Veh,801.24446105957,2016879.50718552,3188210.13169277,3204886.62889911,2954376.53308792
1450Veh,803.07797241211,2026120.63830516,3202814.66367485,3216994.73634865,2965144.22009275
1450Veh,804.911483764649,2035382.89201022,3216256.57262569,3230203.1504182,2976863.14157086
1450Veh,806.744995117188,2044666.2683007,3228808.23055749,3242696.3233291,2987965.12736487
1450Veh,808.578506469727,2053970.76717659,3242322.29394517,3255777.02535038,2999682.07641551
1450Veh,810.412017822266,2063296.3886379,3256231.25350808,3268506.84274321,3011105.34788561
1450Veh,812.245529174805,2072643.13268463,3268422.27049512,3280884.46935626,3022113.49367425
1450Veh,814.079040527344,2082010.99931677,3280896.38802177,3293663.65310728,3033516.81072749
1450Veh,815.912551879883,2091399.98853433,3293282.03662979,3306325.69103007,3044809.69726999
1450Veh,817.746063232422,2100810.1003373,3306637.29477427,3319133.2110094,3056236.26172827
1450Veh,819.579574584961,2110241.33472569,3321595.95701039,3331649.88446603,3067472.96602069
1450Veh,821.4130859375,2119693.6916995,3336503.37089733,3344147.87553986,3078705.40385895
1450Veh,823.246597290039,2129167.17125872,3348845.87828466,3356699.76477317,3089934.46591554
1450Veh,825.080108642578,2138661.77340336,3368664.12019131,3369808.60904843,3101590.16572252
1450Veh,826.913619995117,2148177.49813342,3384131.49812701,3383176.13848806,3113434.29052917
1450Veh,828.747131347656,2157714.34544889,3397290.89427731,3396084.27860468,3124975.82626823
1450Veh,830.580642700195,2167272.31534978,3412105.80969744,3409060.6134683,3136462.94687845
1450Veh,832.414154052735,2176851.40783609,3424473.33052327,3421826.64854443,3147851.67505476
1450Veh,834.247665405274,2186451.62290781,3443933.20164636,3434640.7297595,3159337.83098747
1450Veh,836.081176757813,2196072.96056495,3457691.08797156,3446874.30689682,3170316.73813511
1450Veh,837.914688110352,2205715.4208075,3471051.24535501,3460018.24021066,3181972.47588756
1450Veh,839.748199462891,2215379.00363547,3487559.18761751,3472938.24949167,3193448.28303674
1450Veh,841.58171081543,2225063.70904886,3503136.81067999,3485971.80632455,3205101.62834556
1450Veh,843.415222167969,2234769.53704766,3515958.91966019,3498818.81346085,3216485.58944041
1450Veh,845.248733520508,2244496.48763188,3528751.79855697,3511997.62725598,3228289.52085695
1450Veh,847.082244873047,2254244.56080152,3540980.0134793,3524622.64412879,3239636.06389358
1450Veh,848.915756225586,2264013.75655657,3553578.49986028,3537756.8828813,3251438.66781024
1450Veh,850.749267578125,2273804.07489704,3568428.19373839,3551035.60388331,3263161.69326664
1450Veh,852.582778930664,2283615.51582292,3584534.19841693,3563902.79467939,3274606.82228067
1450Veh,854.416290283203,2293448.07933423,3598617.15175969,3576914.22886441,3286214.09904395
1450Veh,856.249801635742,2303301.76543094,3613053.42494516,3590178.91518273,3298099.79343882
1450Veh,858.083312988281,2313176.57411308,3625945.85931974,3603569.35226517,3310115.87461065
1450Veh,859.91682434082,2323072.50538063,3639453.99605953,3617013.65330485,3322083.30020464
1450Veh,861.75033569336,2332989.55923359,3656963.99735703,3629916.2519574,3333555.17471222
1450Veh,863.583847045899,2342927.73567198,3676445.90394125,3643083.94402995,3345289.2026312
1450Veh,865.417358398438,2352887.03469578,3690960.73179768,3656392.7003676,3357122.49317756
1450Veh,867.250869750977,2362867.45630499,3705542.40683021,3669669.61406782,3368985.25929893
1450Veh,869.084381103516,2372869.00049962,3718387.26095465,3683149.98177702,3380984.47339611
1450Veh,870.917892456055,2382891.66727967,3734220.71267388,3696108.69350214,3392410.22306583
1450Veh,872.751403808594,2392935.45664514,3750936.67940841,3709717.89744942,3404389.8971889
1450Veh,874.584915161133,2403000.36859602,3773059.64490512,3722986.01905942,3416165.50221272
1450Veh,876.418426513672,2413086.40313232,3786989.07980381,3736268.67473134,3427990.3312293
1450Veh,878.251937866211,2423193.56025403,3800600.73639386,3749991.86954558,3440144.73685279
1450Veh,880.08544921875,2433321.83996116,3819404.47503749,3763393.27746451,3451937.62068216
1450Veh,881.918960571289,2443471.24225371,3837932.26709053,3776460.49802489,3463643.6739244
1450Veh,883.752471923828,2453641.76713167,3851894.57700151,3789857.41323677,3475544.05019975
1450Veh,885.585983276367,2463833.41459505,3867631.9009299,3803433.45281794,3487575.33999213
1450Veh,887.419494628906,2474046.18464384,3881260.35655589,3817031.81422616,3499654.1258755
1450Veh,889.253005981445,2484280.07727805,3894780.72781858,3830719.08067015,3511760.14311518
1450Veh,891.086517333984,2494535.09249768,3907691.89630636,3843802.13958959,3523365.62110635
1450Veh,892.920028686524,2504811.23030273,3920707.84024655,3857569.81245698,3535560.64786626
1450Veh,894.753540039063,2515108.49069319,3933940.90119876,3871434.04445441,3548054.90837813
1450Veh,896.587051391602,2525426.87366907,3949362.52090151,3885263.28713481,3560333.12293136
1450Veh,898.420562744141,2535766.37923036,3963422.72066711,3898942.11450764,3572470.96549679
1450Veh,900.25407409668,2546127.00737707,3985636.77113012,3912713.50587514,3584667.55528522
1450Veh,902.087585449219,2556508.75810919,3998432.19628736,3926474.72197101,3596906.70605768
1450Veh,903.921096801758,2566911.63142674,4012276.67704711,3940460.14122073,3609177.64552497
1450Veh,905.754608154297,2577335.62732969,4028986.60264353,3954605.07652816,3621693.5536276
1450Veh,907.588119506836,2587780.74581807,4042438.72740829,3967873.21729334,3633406.71963306
1450Veh,909.421630859375,2598246.98689186,4060201.89920593,3981851.34667175,3645802.34965975
1450Veh,911.255142211914,2608734.35055107,4075954.88184084,3996394.51616651,3658650.37830397
1450Veh,913.088653564453,2619242.83679569,4090867.8865754,4010721.29220791,3671358.49053703
1450Veh,914.922164916992,2629772.44562573,4104948.80914677,4025009.2730763,3683998.68586297
1450Veh,916.755676269531,2640323.17704119,4123223.53142265,4038824.98895005,3696330.44930429
1450Veh,918.58918762207,2650895.03104206,4137384.1300628,4053061.10542128,3708910.12932789
1450Veh,920.422698974609,2661488.00762835,4151544.72870295,4067540.61143986,3721849.69293945
1450Veh,922.256210327148,2672102.10680006,4165222.32356997,4081984.97787593,3734733.03241509
1450Veh,924.089721679688,2682737.32855718,4179157.51754892,4096242.37486553,3747392.18978505
1450Veh,925.923233032227,2693393.67289972,4192724.65064509,4110587.79388621,3760263.97572104
1450Veh,927.756744384766,2704071.13982767,4204931.36972452,4124994.83326997,3772987.75192305
1450Veh,929.590255737305,2714769.72934104,4230554.42749286,4139923.74783362,3786108.22947982
1450Veh,931.423767089844,2725489.44143983,4244805.4194682,4154510.82201069,3799052.131914
1450Veh,933.257278442383,2736230.27612403,4258901.73352775,4168949.92550068,3811873.957361
1450Veh,935.090789794922,2746992.23339365,4272172.69867395,4183629.28805067,3824844.33399727
1450Veh,936.924301147461,2757775.31324869,4285979.03608906,4198127.75332238,3837717.04812828
1450Veh,938.7578125,2768579.51568914,4298850.39549961,4212776.71078293,3850675.78946832
1603Veh,0,0,0,0,0
1603Veh,1.61531829833984,8.19721070003135,92.3309492849252,92.3646447835277,92.3309492849252
1603Veh,3.23063659667969,32.7888428001254,453.153725365868,452.798672601128,452.421651496133
1603Veh,4.84595489501953,73.7748963002821,841.571204250898,841.193354234896,840.211638492819
1603Veh,6.46127319335938,131.155371200502,1128.2602958089,1128.02520364616,1126.43758127609
1603Veh,8.07659149169922,204.930267500784,1627.65419723251,1627.97187989845,1625.02470741468
1603Veh,9.69190979003906,295.099585201128,2053.06381696373,2054.12715344842,2049.74707412534
1603Veh,11.3072280883789,401.663324301536,2580.20182402198,2582.53379612858,2576.03348504941
1603Veh,12.9225463867188,524.621484802006,3246.06035925346,3250.37265254791,3240.81631990087
1603Veh,14.5378646850586,663.974066702539,3754.70229588862,3760.86579493065,3748.63654096796
1603Veh,16.1531829833984,819.721070003135,4300.33637336997,4308.7431581366,4293.38914174902
1603Veh,17.7685012817383,991.862494703793,4744.24206352429,4754.78751441373,4736.57769831666
1603Veh,19.3838195800781,1180.39834080451,5530.3250565059,5545.08736513738,5521.39076723852
1603Veh,20.999137878418,1385.3286083053,6334.90411991061,6354.28344506431,6324.67002601737
1603Veh,22.6144561767578,1606.65329720614,7047.00283119983,7071.16018227549,7035.6183355113
1603Veh,24.2297744750977,1844.37240750705,7879.32600023918,7909.68928040778,7866.59687907562
1603Veh,25.8450927734375,2098.48593920802,8702.40113406698,8739.28112676087,8688.34232771146
1603Veh,27.4604110717773,2368.99389230906,9747.42911297194,9793.27123683134,9731.68205463111
1603Veh,29.0757293701172,2655.89626681016,10912.681549627,10969.2094472355,10895.0520156212
1603Veh,30.691047668457,2959.19306271132,11828.2370355703,11893.4944210642,11809.1284135419
1603Veh,32.3063659667969,3278.88428001254,12947.2492961677,13024.3290236077,12926.3328998895
1603Veh,33.9216842651367,3614.96991871382,14167.989944092,14258.3488439133,14145.1014304505
1603Veh,35.5370025634766,3967.44997881517,15268.5061342663,15371.346342497,15243.8397269411
1603Veh,37.1523208618164,4336.32446031658,16627.9673103639,16747.2258607326,16601.1046814295
1603Veh,38.7676391601563,4721.59336321806,17867.2040287114,18002.0562688559,17838.3394018475
1603Veh,40.3829574584961,5123.25668751959,19319.1455569245,19473.6369419198,19287.9353056209
1603Veh,41.9982757568359,5541.31443322119,20539.8862048488,20711.3749006925,20506.7038361819
1603Veh,43.6135940551758,5975.76660032285,21834.6111344656,22024.8273154256,21799.3371261708
1603Veh,45.2289123535156,6426.61318882457,22990.6155359092,23198.5554734674,22953.4739922324
1603Veh,46.8442306518555,6893.85419872636,24479.5492049684,24710.9512038339,24440.0022757197
1603Veh,48.4595489501953,7377.48963002821,25912.9946627584,26167.8907745784,25871.131989636
1603Veh,50.0748672485352,7877.51948273012,27650.1264113445,27936.1739593416,27606.9538361926
1603Veh,51.690185546875,8393.9437568321,29243.366526169,29554.8584797503,29195.0461638933
1603Veh,53.3055038452149,8926.76245233414,30818.0805931468,31155.5153553993,30764.6723017371
1603Veh,54.9208221435547,9475.97556923624,32531.7400189755,32898.9641875007,32472.7948635082
1603Veh,56.5361404418945,10041.5831075384,34097.1910620298,34492.5082523743,34033.1879064234
1603Veh,58.1514587402344,10623.5850672406,35912.7437510159,36342.2795464669,35842.8745124079
1603Veh,59.7667770385742,11221.9814483429,37719.0334160786,38183.3267095934,37643.328023464
1603Veh,61.3820953369141,11836.7722508453,39747.6356553029,40252.310483155,39665.3758128039
1603Veh,62.9974136352539,12467.9574747477,41600.2404399826,42142.7022315827,41511.9947985024
1603Veh,64.6127319335938,13115.5371200502,43878.9443251386,44469.4478972766,43783.3361509115
1603Veh,66.2280502319336,13779.5111867527,45963.1247079033,46598.7805073442,45860.7825098223
1603Veh,67.8433685302734,14459.8796748553,48102.8832342084,48786.0942731931,47993.6274383041
1603Veh,69.4586868286133,15156.642584358,50307.4829279772,51041.053478784,50191.1040312853
1603Veh,71.0740051269531,15869.7999152607,52437.9784303588,53221.0043654749,52314.7158648386
1603Veh,72.689323425293,16599.3516675635,54494.3697413533,55327.4837690806,54364.4629389639
1603Veh,74.3046417236328,17345.2978412663,56643.3912915818,57530.5558204697,56506.5409623742
1603Veh,75.9199600219727,18107.6384363692,58671.993530806,59610.9873569178,58528.5887517141
1603Veh,77.5352783203125,18886.3734528722,61228.588133664,62233.9635438497,61076.922951978
1603Veh,79.1505966186524,19681.5028907753,63516.5550427434,64583.666251743,63357.4973993156
1603Veh,80.7659149169922,20493.0267500784,65554.4203058911,66678.0267377343,65388.778283584
1603Veh,82.381233215332,21320.9450307815,68018.3846695151,69211.3558436707,67844.781534563
1603Veh,83.9965515136719,22165.2577328848,70615.32455352,71851.462038139,70402.3488297554
1603Veh,85.6118698120117,23025.9648563881,73148.235288392,74454.8588688482,72922.9837452339
1603Veh,87.2271881103516,23903.0664012914,75644.0337780644,77022.3192622872,75406.6862809984
1603Veh,88.8425064086914,24796.5623675948,78102.7200225373,79552.9748183854,77853.4564370489
1603Veh,90.4578247070313,25706.4527552983,80886.1384125065,82437.4889671632,80650.6320643911
1603Veh,92.0731430053711,26632.7375644018,83539.6639442772,85189.8246469007,83315.7122342397
1603Veh,93.6884613037109,27575.4167949054,86351.9272988081,88069.853019899,86095.5029437295
1603Veh,95.3037796020508,28534.4904468091,89084.1126868677,90894.4068919182,88820.1277968311
1603Veh,96.9190979003906,29509.9585201128,92067.213059545,93987.3198066189,91808.993755924
1603Veh,98.5344161987305,30501.8210148166,94622.8286436143,96650.4507212242,94380.2677679716
1603Veh,100.14973449707,31510.0779309205,97243.4962607326,99354.7900795906,96984.0005378065
1603Veh,101.76505279541,32534.7292684244,100115.078862469,102328.846570257,99848.5220985869
1603Veh,103.38037109375,33575.7750273284,103581.422909225,105938.523058438,103331.70829178
1603Veh,104.99568939209,34633.2152076324,106220.6768215,108686.741290757,105976.607745702
1603Veh,106.61100769043,35707.0498093365,108943.569061981,111532.381886812,108713.544427075
1603Veh,108.22632598877,36797.2788324407,111997.261031248,114676.839975118,111737.820984426
1603Veh,109.841644287109,37903.9022769449,115292.393212519,118102.326111932,115032.114765475
1603Veh,111.456962585449,39026.9201428492,118392.051450834,121308.758661542,118106.735376663
1603Veh,113.072280883789,40166.3324301536,121445.168274159,124468.180605606,121135.190513208
1603Veh,114.687599182129,41322.139138858,124395.893984507,127535.099791955,124074.294478265
1603Veh,116.302917480469,42494.3402689625,127479.775214609,130709.217378255,127123.217356967
1603Veh,117.918235778809,43682.935820467,130517.702274605,133817.892359568,130099.613315483
1603Veh,119.533554077148,44887.9257933716,133618.151412783,137072.521039401,133226.766721154
1603Veh,121.148872375488,46109.3101876763,136793.310168748,140387.920397013,136397.042977928
1603Veh,122.764190673828,47347.0890033811,139785.974481918,143578.663320511,139457.214323752
1603Veh,124.379508972168,48601.2622404858,142872.774697502,146948.848844558,142682.296007183
1603Veh,125.994827270508,49871.8298989907,146479.96325141,150735.950036997,146310.451799535
1603Veh,127.610145568848,51158.7919788956,149377.641486628,154069.422601438,149498.088628207
1603Veh,129.225463867188,52462.1484802006,152564.289303881,157376.362749634,152650.962654528
1603Veh,130.840782165527,53781.8994029057,156023.541211695,160985.888448518,156099.614490095
1603Veh,132.456100463867,55118.0447470108,159172.588464733,164345.234759808,159311.665067593
1603Veh,134.071418762207,56470.5845125159,162504.311276042,167987.642566537,162784.703642949
1603Veh,135.686737060547,57839.5186994212,166006.924625291,171662.427669068,166285.446821339
1603Veh,137.302055358887,59224.8473077265,169232.81797139,175192.898440068,169642.923380919
1603Veh,138.917373657227,60626.5703374318,172731.780046033,178918.841444444,173214.207535515
1603Veh,140.532691955566,62044.6877885373,176428.79657773,182851.316874375,176977.019696775
1603Veh,142.148010253906,63479.1996610427,180069.226121698,186708.966551454,180663.241417372
1603Veh,143.763328552246,64930.1059549483,183522.076816256,190463.635790359,184243.430314491
1603Veh,145.378646850586,66397.4066702539,187111.843079199,194268.515659457,187868.445656901
1603Veh,146.993965148926,67881.1018069596,190348.397898638,197987.969323427,191410.750506933
1603Veh,148.609283447266,69381.1913650653,194073.285633247,201934.257230919,195166.978520409
1603Veh,150.224601745605,70897.6753445711,197864.519968728,206028.620498442,199089.392265798
1603Veh,151.839920043945,72430.553745477,201762.878716246,210194.840764848,203055.415550738
1603Veh,153.455238342285,73979.8265677829,205407.940818496,213993.446858627,206656.065700587
1603Veh,155.070556640625,75545.4938114889,209430.512992859,218244.211873372,210689.174295178
1603Veh,156.685874938965,77127.5554765949,212899.173254472,222559.486566156,214764.557524044
1603Veh,158.301193237305,78726.011563101,216693.43487155,226580.645819682,218576.737056976
1603Veh,159.916511535645,80340.8620710072,220717.072505781,230829.161403612,222605.024929997
1603Veh,161.531829833984,81972.1070003135,224839.533294248,234934.009054237,226474.499439374
1603Veh,163.147148132324,83619.7463510198,228745.457231234,239091.072660554,230421.991784549
1603Veh,164.762466430664,85283.7801231261,232737.541255065,243350.012841506,234465.339240946
1603Veh,166.377784729004,86964.2083166325,236940.238824518,247768.390540156,238638.829670851
1603Veh,167.993103027344,88661.030931539,241085.496336075,252106.822165872,242729.232141016
1603Veh,169.608421325684,90374.2479678456,244876.540157267,256067.088912188,246455.42724315
1603Veh,171.223739624023,92103.8594255522,248782.464094253,260205.852550479,250370.974517963
1603Veh,172.839057922363,93849.8653046589,253141.130053577,264544.025133251,254469.40391065
1603Veh,174.454376220703,95612.2656051656,257389.236751574,269044.741736862,258711.526523526
1603Veh,176.069694519043,97391.0603270724,261474.323553712,273343.960669783,262752.241998925
1603Veh,177.685012817383,99186.2494703793,265087.269350272,277404.96167422,266577.897137455
1603Veh,179.300331115723,100997.833035086,268917.20623285,281854.032587881,270768.361682979
1603Veh,180.915649414063,102825.811021193,273350.648812848,286573.011077025,275223.226336517
1603Veh,182.530967712402,104670.1834287,277880.470579368,291345.374638178,279699.05892151
1603Veh,184.146286010742,106530.950257607,282015.137681149,295751.452391666,283858.277953312
1603Veh,185.761604309082,108408.111507915,286284.735644061,300240.179080365,288071.096048619
1603Veh,187.376922607422,110301.667179622,290814.557410581,304981.076135844,292506.668684351
1603Veh,188.992240905762,112211.617272729,295286.551665187,309695.216483389,296930.247200222
1603Veh,190.607559204102,114137.961787236,299613.977140012,314236.973934544,301176.006589393
1603Veh,192.222877502441,116080.700723144,304191.988499793,319099.674179255,305735.98671371
1603Veh,193.838195800781,118039.834080451,308760.818559741,323793.686036013,310131.210739322
1603Veh,195.453514099121,120015.361859159,312803.10188967,328131.95143096,314211.599173791
1603Veh,197.068832397461,122007.284059267,317140.238170787,332872.812082506,318665.781167073
1603Veh,198.684150695801,124015.600680774,321844.459369931,337844.422282753,323308.339794017
1603Veh,200.299468994141,126040.311723682,326539.158387679,342750.819739374,327864.019413346
1603Veh,201.91478729248,128081.41718799,331300.949457005,347988.674018398,332769.940677584
1603Veh,203.53010559082,130138.917073698,336054.881437495,352814.049944442,337269.716844572
1603Veh,205.14542388916,132212.811380806,340819.253443873,357870.519180591,341991.690829352
1603Veh,206.7607421875,134303.100109314,345407.167227792,362817.882405212,346615.666451378
1603Veh,208.37606048584,136409.783259222,350458.966029514,368127.19871067,351579.155630696
1603Veh,209.99137878418,138532.86083053,354966.382119168,373068.730514264,356213.653845107
1603Veh,211.60669708252,140672.332823238,359452.058586482,377914.843105448,360736.993677347
1603Veh,213.222015380859,142828.199237346,364317.38662742,382815.641581214,365316.810309998
1603Veh,214.837333679199,145000.460072854,369041.34111111,388159.369370055,370311.622648002
1603Veh,216.452651977539,147189.115329763,373955.695822331,393375.593465979,375164.204351013
1603Veh,218.067970275879,149394.165008071,378187.775935818,397912.292307584,379393.085843377
1603Veh,219.683288574219,151615.60910778,382953.810082315,402955.717440475,384085.017565402
1603Veh,221.298606872559,153853.447628888,387591.299739384,407921.015867476,388696.213117398
1603Veh,222.913925170898,156107.680571397,391977.475579965,412830.382723541,393250.026846592
1603Veh,224.529243469238,158378.307935306,396716.241815593,418114.427474246,398173.926668687
1603Veh,226.144561767578,160665.329720614,401938.653204656,423294.414531942,402953.565944869
1603Veh,227.759880065918,162968.745927323,406689.795106626,428322.05825978,407620.338334297
1603Veh,229.375198364258,165288.556555432,412318.469070403,433577.697710928,412492.506638601
1603Veh,230.990516662598,167624.761604941,417225.834854491,438746.197883359,417279.407752536
1603Veh,232.605834960938,169977.36107585,422501.500686641,443984.125974016,422151.234562678
1603Veh,234.221153259277,172346.354968159,426974.886132247,449127.625803897,426919.550860051
1603Veh,235.836471557617,174731.743281868,431378.519448798,454609.726658162,432027.615042654
1603Veh,237.451789855957,177133.526016977,436545.198467551,460458.787301873,437483.785170835
1603Veh,239.067108154297,179551.703173487,441807.688701469,466136.542523931,442776.276982069
1603Veh,240.682426452637,181986.274751396,447180.862286387,471828.080687108,448055.169395749
1603Veh,242.297744750977,184437.240750705,452384.523707003,477099.719100528,452948.69341415
1603Veh,243.913063049316,186904.601171415,457988.930908008,483067.770403179,458455.420179357
1603Veh,245.528381347656,189388.356013524,463190.14334635,488612.197655362,463581.277385149
1603Veh,247.143699645996,191888.505277034,468512.064888108,494201.406701313,468766.451648299
1603Veh,248.759017944336,194405.048961943,473611.392289472,499680.6014783,473852.121825786
1603Veh,250.374336242676,196937.987068253,479003.552353489,505457.395591518,479192.236623096
1603Veh,251.989654541016,199487.319595963,484345.224027393,511177.687555559,484490.893595998
1603Veh,253.604972839355,202053.046545073,489767.677125478,517015.074667772,489880.050762633
1603Veh,255.220291137695,204635.167915583,494937.688272999,522660.231743502,495121.899968875
1603Veh,256.835609436035,207233.683707492,500077.406386453,528222.775958452,500276.581007202
1603Veh,258.450927734375,209848.593920802,507050.780031434,534796.698222634,506362.378055275
1603Veh,260.066246032715,212479.898555512,512266.869709683,540399.341846549,511553.722252023
1603Veh,261.681564331055,215127.597611623,517243.567214116,546231.926364237,516930.067202528
1603Veh,263.296882629395,217791.691089133,522734.323891396,552201.247573724,522464.245957369
1603Veh,264.912200927734,220472.178988043,528347.550977834,558422.377071047,528255.310093601
1603Veh,266.527519226074,223169.061308353,534062.836738571,564625.485273331,533987.120186345
1603Veh,268.142837524414,225882.338050064,539849.563571317,570802.026537061,539679.680086473
1603Veh,269.758155822754,228612.009213174,545600.195592061,576570.540315207,544992.106813937
1603Veh,271.373474121094,231358.074797685,551284.808978411,582663.284821351,550597.190411625
1603Veh,272.988792419434,234120.534803595,556912.603348648,589103.009317739,556498.430956629
1603Veh,274.604110717773,236899.389230906,562402.555262188,595088.723419088,562019.270089682
1603Veh,276.219429016113,239694.638079617,567912.992070927,600979.605084682,567421.123947432
1603Veh,277.834747314453,242506.281349727,572821.441434284,606910.065505734,572880.321479244
1603Veh,279.450065612793,245334.319041238,578741.943918926,613155.107188151,578573.628922052
1603Veh,281.065383911133,248178.751154149,584631.663894981,619625.920591987,584538.465036836
1603Veh,282.680702209473,251039.57768846,589977.55955269,625264.938344994,589670.711800871
1603Veh,284.296020507813,253916.798644171,595651.801968646,631406.08049733,595304.811883505
1603Veh,285.911338806152,256810.414021282,600906.789570424,637647.935206898,601038.920141857
1603Veh,287.526657104492,259720.423819793,606509.003130859,643819.466753735,606728.137335247
1603Veh,289.141975402832,262646.828039704,611638.55452066,650009.128510131,612403.657517186
1603Veh,290.757293701172,265589.626681016,617518.605276301,656324.253054434,618171.51846072
1603Veh,292.372611999512,268548.819743727,622532.859108133,662209.769069913,623547.542910853
1603Veh,293.987930297852,271524.407227838,628402.890873222,668587.50106513,629371.783727923
1603Veh,295.603248596191,274516.38913335,634025.329031347,674664.52246613,634930.142591652
1603Veh,297.218566894531,277524.765460261,639792.196793535,680870.662903546,640600.741251726
1603Veh,298.833885192871,280549.536208573,645497.166153982,687158.417042926,646379.299014602
1603Veh,300.449203491211,283590.701378284,651439.226167751,693626.629986841,652257.693435493
1603Veh,302.064521789551,286648.260969396,656460.621536231,699793.715241645,657893.5182438
1603Veh,303.679840087891,289722.214981908,662269.091303937,706290.359202053,663859.17604894
1603Veh,305.295158386231,292812.56341582,668377.820649652,712933.576639987,669917.105960374
1603Veh,306.91047668457,295919.306271132,674113.813967493,719155.247454528,675584.275195194
1603Veh,308.52579498291,299042.443547844,679828.045525323,725258.945826407,681183.024099536
1603Veh,310.14111328125,302181.975245956,686010.945575574,731983.867363669,687303.925405963
1603Veh,311.75643157959,305337.901365468,691227.442760829,737779.45042851,692610.178922378
1603Veh,313.37174987793,308510.22190638,696641.377090545,743733.125869462,698021.034260017
1603Veh,314.98706817627,311698.936868692,703000.969283789,749994.030373717,703742.360913458
1603Veh,316.602386474609,314904.046252404,708591.330765602,756280.76481627,709502.758909774
1603Veh,318.217704772949,318125.550057516,714494.002944724,762782.981220776,715425.032214151
1603Veh,319.833023071289,321363.448284029,719927.848134864,769369.254878477,721432.45463344
1603Veh,321.448341369629,324617.740931941,725455.405531197,775485.908717241,727007.949754534
1603Veh,323.063659667969,327888.428001254,731911.175395971,782470.809692782,733334.584483113
1603Veh,324.678977966309,331175.509491966,738726.853466086,789324.607932452,739570.692272365
1603Veh,326.294296264648,334478.985404079,745014.814616054,796504.467641097,746079.341533274
1603Veh,327.909614562988,337798.855737592,751045.281576832,803245.937479039,752264.254282769
1603Veh,329.524932861328,341135.120492504,757754.268458065,810035.581533497,758459.452228547
1603Veh,331.140251159668,344487.779668817,764058.975954716,817003.485974957,764785.857137503
1603Veh,332.755569458008,347856.83326653,770393.10404737,823969.276101196,771081.926452529
1603Veh,334.370887756348,351242.281285643,777384.506450246,831199.934882159,777604.239080528
1603Veh,335.986206054688,354644.123726156,782283.714812844,838087.781948931,783885.561902426
1603Veh,337.601524353027,358062.360588069,787785.215908855,844979.471091836,790154.352066487
1603Veh,339.216842651367,361496.991871382,793989.169225342,851803.413338012,796343.851239148
1603Veh,340.832160949707,364948.017576096,799522.713069041,858666.074668025,802568.329786616
1603Veh,342.447479248047,368415.437702209,807203.842836656,865376.648333836,808715.802914506
1603Veh,344.062797546387,371899.252249722,813197.400937804,872027.384001593,814763.951532398
1603Veh,345.678115844727,375399.461218635,819629.773114214,879192.083673779,821288.438234062
1603Veh,347.293434143066,378916.064608949,825799.81668223,885896.641019853,827349.762926902
1603Veh,348.908752441406,382449.062420662,832347.575508216,892833.261187633,833635.083601849
1603Veh,350.524070739746,385998.454653776,838696.699351441,899741.407156898,839846.165838848
1603Veh,352.139389038086,389564.24130829,845313.366838025,906510.858689676,846056.039261269
1603Veh,353.754707336426,393146.422384203,851351.550099369,913219.582570861,852182.127036999
1603Veh,355.370025634766,396744.997881517,857486.602610894,919935.106877955,858246.990375649
1603Veh,356.985343933106,400359.967800231,863699.602212831,926614.939668077,864227.835292431
1603Veh,358.600662231445,403991.332140345,870614.125628467,934189.364295706,871038.979133817
1603Veh,360.215980529785,407639.090901859,876387.114265719,941200.940232395,877343.562130874
1603Veh,361.831298828125,411303.244084773,883044.123248396,948698.198470876,884150.280429238
1603Veh,363.446617126465,414983.791689087,889203.209607978,955558.18236111,890352.642554993
1603Veh,365.061935424805,418680.733714801,895199.929894811,962270.100570851,896425.217497986
1603Veh,366.677253723145,422394.070161915,901767.981576909,969422.496481782,902841.45341978
1603Veh,368.292572021484,426123.80103043,906357.231584132,976314.23855617,909033.080075721
1603Veh,369.907890319824,429869.926320344,912482.455616882,983048.053223507,915058.453152331
1603Veh,371.523208618164,433632.446031658,918401.617406975,989657.964997081,921040.195160334
1603Veh,373.138526916504,437411.360164373,923693.295415214,996407.845558369,927143.182651907
1603Veh,374.753845214844,441206.668718487,930016.847085301,1002768.5115961,932846.420956721
1603Veh,376.369163513184,445018.371694002,936997.930395401,1009895.68546747,939309.872541266
1603Veh,377.984481811523,448846.469090916,943553.805010954,1017277.75782014,945971.233858265
1603Veh,379.599800109863,452690.960909231,949811.821396257,1024524.04928426,952570.765485782
1603Veh,381.215118408203,456551.847148946,956125.218457536,1031959.1513398,959365.116652031
1603Veh,382.830436706543,460429.127810061,963086.687716558,1039484.76960191,966099.207109521
1603Veh,384.445755004883,464322.802892576,971019.252113653,1046984.65199767,972852.367563957
1603Veh,386.061073303223,468232.872396491,976755.731710932,1054382.23134711,979462.036549014
1603Veh,387.676391601563,472159.336321806,982648.877430175,1061835.36853751,986154.599065062
1603Veh,389.291709899902,476102.194668521,989381.953805838,1069378.82162898,992889.319370737
1603Veh,390.907028198242,480061.447436636,996196.720981772,1077102.08004751,999821.79067135
1603Veh,392.522346496582,484037.094626151,1002519.74074874,1084461.21380374,1006463.28112283
1603Veh,394.137664794922,488029.136237066,1008928.65726842,1091288.52619709,1012614.07862738
1603Veh,395.752983093262,492037.572269382,1015118.33433736,1098195.63599339,1018814.64508755
1603Veh,397.368301391602,496062.402723097,1021872.76296369,1105834.34271893,1025679.97713139
1603Veh,398.983619689941,500103.627598212,1029023.05447374,1113636.57058137,1032714.72087695
1603Veh,400.598937988281,504161.246894728,1035802.1756038,1121387.84936058,1039686.04274843
1603Veh,402.214256286621,508235.260612644,1043028.31148178,1128619.894916,1046237.72201862
1603Veh,403.829574584961,512325.668751959,1047946.59986611,1136208.11291214,1053047.29667444
1603Veh,405.444892883301,516432.471312675,1054498.85655215,1144114.68606913,1060176.82469838
1603Veh,407.060211181641,520555.668294791,1060070.74384238,1151589.11291098,1066989.1749363
1603Veh,408.675529479981,524695.259698306,1064379.79090884,1159500.69907953,1074064.72858128
1603Veh,410.29084777832,528851.245523222,1071362.57956007,1167567.90702199,1081332.08247177
1603Veh,411.90616607666,533023.625769538,1077949.07860233,1175121.26586305,1088087.82130305
1603Veh,413.521484375,537212.400437254,1084481.25780201,1182779.76887993,1094997.96232038
1603Veh,415.13680267334,541417.56952637,1091724.128211,1189788.65507398,1101276.02094658
1603Veh,416.75212097168,545639.133036887,1098720.03715217,1197103.00935505,1107848.57675928
1603Veh,418.36743927002,549877.090968803,1105157.00869124,1204539.77673721,1114565.65544162
1603Veh,419.982757568359,554131.443322119,1112024.66367869,1212476.56853865,1121739.65712822
1603Veh,421.598075866699,558402.190096835,1118973.79931852,1220620.25735258,1129086.25589281
1603Veh,423.213394165039,562689.331292952,1125503.8916032,1228302.88440655,1136028.39257612
1603Veh,424.828712463379,566992.866910468,1132080.54426066,1236083.93232173,1143052.71733614
1603Veh,426.444030761719,571312.796949385,1139511.34220602,1244238.2298396,1150360.25833462
1603Veh,428.059349060059,575649.121409701,1145938.12272472,1251526.75272243,1156861.30709879
1603Veh,429.674667358399,580001.840291418,1150572.34385321,1258588.49049226,1163135.77347451
1603Veh,431.289985656738,584370.953594535,1155565.19557456,1266470.75234137,1170198.86215756
1603Veh,432.905303955078,588756.461319051,1161249.63583433,1274150.69161096,1177130.64899749
1603Veh,434.520622253418,593158.363464968,1167658.75258248,1281614.42076748,1183862.54407845
1603Veh,436.135940551758,597576.660032285,1174573.54276214,1289276.20617042,1190657.46564569
1603Veh,437.751258850098,602011.351021002,1181632.3728099,1297322.10206633,1197895.04614973
1603Veh,439.366577148438,606462.436431119,1189609.4589869,1305502.17534893,1205244.08543996
1603Veh,440.981895446777,610929.916262636,1197044.0734516,1314311.23403677,1213227.71005133
1603Veh,442.597213745117,615413.790515553,1204146.67961483,1322516.14839921,1220595.42781718
1603Veh,444.212532043457,619914.059189871,1211997.04400558,1330503.32238742,1227752.77517471
1603Veh,445.827850341797,624430.722285588,1216460.98930824,1338751.90209207,1235184.03121736
1603Veh,447.443168640137,628963.779802705,1224976.24805127,1346751.20300006,1242291.9870645
1603Veh,449.058486938477,633513.231741223,1231115.77771301,1354571.10339191,1249307.49302525
1603Veh,450.673805236816,638079.07810114,1237839.64331388,1362183.12190517,1256075.86321774
1603Veh,452.289123535156,642661.318882458,1245235.89547483,1370626.40120582,1263603.88719283
1603Veh,453.904441833496,647259.954085175,1249770.56143574,1378382.89262298,1270632.61031755
1603Veh,455.519760131836,651874.983709293,1257724.59430899,1386365.80414212,1277879.87149931
1603Veh,457.135078430176,656506.40775481,1264119.4975623,1394184.33698567,1284973.45992781
1603Veh,458.750396728516,661154.226221728,1271772.16832668,1402613.04102424,1292416.06767507
1603Veh,460.365715026856,665818.439110046,1277408.83780104,1410765.07905221,1299746.76142933
1603Veh,461.981033325195,670499.046419764,1284467.91408697,1418765.24050363,1306923.42208134
1603Veh,463.596351623535,675196.048150882,1291593.78101418,1427005.71572007,1314239.79601408
1603Veh,465.211669921875,679909.4443034,1299157.41451031,1435523.86889411,1321837.42946371
1603Veh,466.826988220215,684639.234877318,1306295.44161999,1443435.50279233,1328815.19455865
1603Veh,468.442306518555,689385.419872636,1312720.53905745,1451942.4238816,1336482.18872437
1603Veh,470.057624816895,694147.999289354,1319751.66418254,1460134.63332847,1343868.22017107
1603Veh,471.672943115234,698926.973127473,1326648.38978484,1468147.95820215,1350952.73833425
1603Veh,473.288261413574,703722.341386991,1331760.76291565,1476534.70999825,1358536.17096191
1603Veh,474.903579711914,708534.104067909,1336405.64298119,1484081.8575272,1365413.42019481
1603Veh,476.518898010254,713362.261170228,1343677.3791125,1492650.25667311,1373093.69450622
1603Veh,478.134216308594,718206.812693946,1350276.72868372,1500539.67573885,1380169.53677045
1603Veh,479.749534606934,723067.758639065,1357137.5619172,1508549.03816371,1387354.94567411
1603Veh,481.364852905274,727945.099005584,1363170.52667497,1516449.19594226,1394432.04977182
1603Veh,482.980171203613,732838.833793502,1371267.50989188,1525805.77078024,1402841.52203246
1603Veh,484.595489501953,737748.963002821,1378765.58577425,1534119.19838636,1410331.62065122
1603Veh,486.210807800293,742675.48663354,1385628.04160307,1542765.30421378,1418055.46970583
1603Veh,487.826126098633,747618.404685659,1391418.07003895,1550887.18922415,1425306.98588192
1603Veh,489.441444396973,752577.717159178,1398679.35403405,1559076.3289557,1432608.39602028
1603Veh,491.056762695313,757553.424054097,1407389.11858145,1567659.01957449,1440284.93219605
1603Veh,492.672080993652,762545.525370416,1414112.23375089,1575683.3882112,1447506.67672018
1603Veh,494.287399291992,767554.021108135,1423915.28476713,1584154.84275961,1455082.32086467
1603Veh,495.902717590332,772578.911267254,1430914.90440669,1592059.47127264,1462101.80412661
1603Veh,497.518035888672,777620.195847774,1438197.07749958,1600583.52596809,1469772.82222667
1603Veh,499.133354187012,782677.874849693,1446495.06034073,1608639.90885468,1476930.16451435
1603Veh,500.748672485352,787751.948273012,1454701.49263577,1617418.33624673,1484879.41032184
1603Veh,502.363990783691,792842.416117732,1460902.03740681,1625529.36387847,1492079.32788967
1603Veh,503.979309082031,797949.278383851,1469438.93694291,1633525.06115571,1499244.72478047
1603Veh,505.594627380371,803072.535071371,1477571.00091963,1642128.74575334,1506891.48853747
1603Veh,507.209945678711,808212.186180291,1483724.80316722,1649710.28365503,1513650.4846025
1603Veh,508.825263977051,813368.23171061,1490994.8355126,1657796.60756999,1520913.26926778
1603Veh,510.440582275391,818540.67166233,1495442.70899428,1666372.80624901,1528573.592557
1603Veh,512.055900573731,823729.50603545,1499997.91563043,1674605.93255277,1535937.70602183
1603Veh,513.67121887207,828934.73482997,1508410.11724304,1683919.50681767,1544218.68035473
1603Veh,515.28653717041,834156.35804589,1515547.57876284,1692356.00131006,1551862.31968902
1603Veh,516.90185546875,839394.37568321,1522910.99344063,1700904.56963831,1559520.38596161
1603Veh,518.51717376709,844648.78774193,1528326.03073653,1709127.46538054,1566933.58646542
1603Veh,520.13249206543,849919.59422205,1536106.27988402,1718033.28291663,1574831.65992684
1603Veh,521.74781036377,855206.79512357,1543486.85869858,1726479.54499075,1582332.19912636
1603Veh,523.363128662109,860510.39044649,1549897.36540057,1734491.3601503,1589443.42122068
1603Veh,524.978446960449,865830.380190811,1557255.12814395,1742866.20943399,1596927.1109983
1603Veh,526.593765258789,871166.764356531,1564425.94228768,1751012.67902418,1604171.46950439
1603Veh,528.209083557129,876519.542943652,1571676.87725983,1759431.79538017,1611736.58309529
1603Veh,529.824401855469,881888.715952172,1577244.86828916,1767729.3996022,1619053.64731938
1603Veh,531.439720153809,887274.283382093,1584824.59235757,1776439.33942009,1626797.00527137
1603Veh,533.055038452149,892676.245233414,1593362.22031248,1784795.02085059,1634194.14522906
1603Veh,534.670356750488,898094.601506134,1600888.02212981,1793361.84398578,1641795.88121819
1603Veh,536.285675048828,903529.352200255,1607864.27847081,1801532.62326034,1649042.01757022
1603Veh,537.900993347168,908980.497315776,1613983.09100885,1810076.17154053,1656677.78781413
1603Veh,539.516311645508,914448.036852697,1621984.49107388,1819245.67200494,1664826.64332819
1603Veh,541.131629943848,919931.970811018,1627139.10834825,1828589.43857064,1673107.93228605
1603Veh,542.746948242188,925432.299190739,1634915.1942631,1837456.79382531,1680987.12348541
1603Veh,544.362266540527,930949.02199186,1642228.83331284,1846254.19622818,1688812.87672703
1603Veh,545.977584838867,936482.139214381,1649761.99309868,1854855.02213507,1696414.17404665
1603Veh,547.592903137207,942031.650858302,1656565.24891989,1862971.80311446,1703670.15179376
1603Veh,549.208221435547,947597.556923624,1660574.20201245,1870994.57521123,1710861.41216293
1603Veh,550.823539733887,953179.857410345,1668157.68045527,1879980.0198535,1718937.49236811
1603Veh,552.438858032227,958778.552318466,1675355.56285367,1888450.70804151,1726370.52924684
1603Veh,554.054176330566,964393.641647988,1683068.4242201,1896881.13816347,1733765.57289707
1603Veh,555.669494628906,970025.125398909,1689680.43187683,1904774.38609509,1740713.65670506
1603Veh,557.284812927246,975673.003571231,1697717.98703426,1913802.54659117,1748721.58526744
1603Veh,558.900131225586,981337.276164952,1706411.05298871,1923316.94867271,1757149.79125684
1603Veh,560.515449523926,987017.943180074,1714404.06877145,1932136.19542336,1764944.36630445
1603Veh,562.130767822266,992715.004616596,1721614.5515405,1940754.9807073,1772679.64271016
1603Veh,563.746086120606,998428.460474518,1729462.28086298,1949131.22349665,1780055.59478821
1603Veh,565.361404418945,1004158.31075384,1734772.23014445,1957773.69716243,1787765.83442597
1603Veh,566.976722717285,1009904.55545456,1740728.91655235,1966169.26757091,1795239.90633567
1603Veh,568.592041015625,1015667.19457668,1747915.46399407,1974299.92370115,1802418.67511757
1603Veh,570.207359313965,1021446.22812021,1755826.54954171,1982342.42519661,1809632.07651839
1603Veh,571.822677612305,1027241.65608513,1763030.25764935,1990909.95344083,1817180.709658
1603Veh,573.437995910645,1033053.47847145,1769252.43652251,1999333.43436308,1824604.36594813
1603Veh,575.053314208984,1038881.69527917,1775925.03264817,2007126.60765172,1831570.64915177
1603Veh,576.668632507324,1044726.3065083,1779973.20410334,2016220.64187784,1839577.0998142
1603Veh,578.283950805664,1050587.31215882,1788971.25757789,2024773.68532771,1847101.1057516
1603Veh,579.899269104004,1056464.71223074,1799396.48656342,2033035.89595715,1854407.96388978
1603Veh,581.514587402344,1062358.50672406,1807550.47870261,2041377.71026946,1861740.37208725
1603Veh,583.129905700684,1068268.69563878,1815438.54002976,2049297.32721889,1868716.23725536
1603Veh,584.745223999023,1074195.27897491,1822531.35620462,2057285.46610018,1875770.68825886
1603Veh,586.360542297363,1080138.25673243,1832332.42943645,2065737.09339398,1883325.15121722
1603Veh,587.975860595703,1086097.62891135,1838178.78279699,2074408.88105612,1890912.78643327
1603Veh,589.591178894043,1092073.39551168,1845171.80052448,2083063.74809022,1898525.56167498
1603Veh,591.206497192383,1098065.5565334,1852037.60072928,2092188.52769364,1906516.67617203
1603Veh,592.821815490723,1104074.11197652,1859729.85868832,2100791.28236524,1914188.18585324
1603Veh,594.437133789063,1110099.06184104,1869367.15767255,2109691.72571805,1921945.82522019
1603Veh,596.052452087402,1116140.40612697,1877441.13279486,2118319.17316158,1929498.24029222
1603Veh,597.667770385742,1122198.14483429,1885106.87321998,2126625.96332879,1936750.71415336
1603Veh,599.283088684082,1128272.27796301,1892093.10480586,2135563.3998578,1944712.11543448
1603Veh,600.898406982422,1134362.80551314,1899663.70540918,2144710.42777281,1952675.79434485
1603Veh,602.513725280762,1140469.72748466,1907270.32222408,2152803.22274429,1959704.63676272
1603Veh,604.129043579102,1146593.04387758,1915938.46329303,2161640.96677961,1967464.51437503
1603Veh,605.744361877441,1152732.75469191,1922855.65771716,2170540.22927262,1975209.41876765
1603Veh,607.359680175781,1158888.85992763,1931812.92728388,2179729.40255233,1983252.08606111
1603Veh,608.974998474121,1165061.35958476,1939541.85393635,2188843.55544065,1991175.50411179
1603Veh,610.590316772461,1171250.25366328,1947623.39898154,2197492.19647666,1998733.24291479
1603Veh,612.205635070801,1177455.5421632,1956033.12830989,2206160.97536121,2006304.99355024
1603Veh,613.820953369141,1183677.22508453,1964059.51323071,2214919.37061943,2013941.88449197
1603Veh,615.436271667481,1189915.30242725,1971461.27675691,2223054.47742033,2020983.34987405
1603Veh,617.05158996582,1196169.77419137,1980182.10376522,2231885.37273633,2028791.60462889
1603Veh,618.66690826416,1202440.6403769,1991674.74778913,2240065.1320435,2035966.70684256
1603Veh,620.2822265625,1208727.90098382,1998228.55284533,2248830.22778691,2043667.17505363
1603Veh,621.89754486084,1215031.55601215,2006666.91104609,2257968.65298662,2051672.24890154
1603Veh,623.51286315918,1221351.60546187,2019993.30933472,2267722.28651456,2060119.87206926
1603Veh,625.12818145752,1227688.04933299,2031115.96298683,2276704.58338712,2068004.920807
1603Veh,626.743499755859,1234040.88762552,2039791.945957,2285015.86665739,2075265.7180454
1603Veh,628.358818054199,1240410.12033944,2047719.07959689,2293596.3996822,2082760.73670574
1603Veh,629.974136352539,1246795.74747477,2057584.05690165,2302218.88145058,2090252.00218277
1603Veh,631.589454650879,1253197.76903149,2065880.96321908,2310963.8950139,2097780.478585
1603Veh,633.204772949219,1259616.18500962,2073674.53471099,2319668.0723946,2105432.99166798
1603Veh,634.820091247559,1266050.99540914,2082052.6240648,2328781.69675894,2113402.10756027
1603Veh,636.435409545898,1272502.20023007,2087039.99172845,2337061.60967138,2120717.55989175
1603Veh,638.050727844238,1278969.79947239,2098639.83040101,2345453.09078531,2127954.14499169
1603Veh,639.666046142578,1285453.79313612,2106058.09698531,2354009.92678265,2135444.60825915
1603Veh,641.281364440918,1291954.18122124,2116522.2843367,2362249.40146969,2142552.25465097
1603Veh,642.896682739258,1298470.96372777,2124429.69842579,2371056.27184693,2150166.93522434
1603Veh,644.512001037598,1305004.14065569,2135467.36970926,2380228.29715073,2158077.80022489
1603Veh,646.127319335938,1311553.71200502,2143889.67102756,2389548.18337407,2166211.27394496
1603Veh,647.742637634277,1318119.67777574,2151729.22229229,2398285.17288559,2173883.47098808
1603Veh,649.357955932617,1324702.03796787,2160209.42505822,2407287.95817271,2181685.00231311
1603Veh,650.973274230957,1331300.79258139,2169094.24982491,2417038.02030108,2190316.01031432
1603Veh,652.588592529297,1337915.94161632,2177456.43784062,2425800.92282661,2197979.77111627
1603Veh,654.203910827637,1344547.48507264,2185835.48510636,2434502.90101332,2205503.99245569
1603Veh,655.819229125977,1351195.42295037,2196755.7266291,2443691.76239188,2213496.51453306
1603Veh,657.434547424316,1357859.75524949,2204569.42352995,2452670.52792567,2221263.85834064
1603Veh,659.049865722656,1364540.48197002,2213299.85764751,2462085.78306994,2229579.49270878
1603Veh,660.665184020996,1371237.60311194,2224751.98471989,2471997.39694269,2238289.69907269
1603Veh,662.280502319336,1377951.11867527,2235466.23138203,2481054.80744947,2246214.87382712
1603Veh,663.895820617676,1384681.02865999,2246365.52471179,2490394.0004194,2254357.89126218
1603Veh,665.511138916016,1391427.33306612,2255018.98055092,2499115.03096302,2261940.03870886
1603Veh,667.126457214356,1398190.03189365,2265830.29930955,2508599.71391032,2270134.4949483
1603Veh,668.741775512695,1404969.12514257,2274911.64294165,2517661.73530609,2277881.91189803
1603Veh,670.357093811035,1411764.6128129,2283624.82399406,2526409.263137,2285363.44727776
1603Veh,671.972412109375,1418576.49490462,2291969.84246679,2535611.54296108,2293403.49703231
1603Veh,673.587730407715,1425404.77141775,2300684.75503045,2544385.26380031,2301096.41217921
1603Veh,675.203048706055,1432249.44235228,2308975.44733769,2553482.11528684,2309100.68043358
1603Veh,676.818367004395,1439110.5077082,2317203.33550718,2562137.41418222,2316654.66545493
1603Veh,678.433685302734,1445987.96748553,2326975.92678973,2570619.31426102,2324114.61738206
1603Veh,680.049003601074,1452881.82168426,2335169.01405305,2578832.86081242,2331270.32627677
1603Veh,681.664321899414,1459792.07030438,2344004.03836812,2588321.09224839,2339522.33252968
1603Veh,683.279640197754,1466718.71334591,2352469.13142884,2596884.4347273,2346842.39689243
1603Veh,684.894958496094,1473661.75080884,2361149.89565033,2605873.08825317,2354675.64462056
1603Veh,686.510276794434,1480621.18269316,2372005.85433939,2614938.03038458,2362375.85723438
1603Veh,688.125595092773,1487597.00899889,2380317.35823749,2624513.2469913,2370884.69923845
1603Veh,689.740913391113,1494589.22972602,2389566.38535187,2633485.53811988,2378630.06778708
1603Veh,691.356231689453,1501597.84487454,2397688.98106052,2642319.4411134,2386213.19379829
1603Veh,692.971549987793,1508622.85444447,2406243.82335429,2651567.08030311,2394212.28904919
1603Veh,694.586868286133,1515664.2584358,2416100.88265682,2661663.10720958,2402942.23305447
1603Veh,696.202186584473,1522722.05684852,2424221.65261433,2670320.80725044,2410427.25699662
1603Veh,697.817504882813,1529796.24968265,2433405.38304288,2679352.19924965,2418277.30665706
1603Veh,699.432823181152,1536886.83693818,2442618.18370457,2689261.04649638,2426940.22737634
1603Veh,701.048141479492,1543993.8186151,2454844.28907624,2698246.92767878,2434673.98021574
1603Veh,702.663459777832,1551117.19471343,2466358.51056782,2707794.69516922,2443008.72303484
1603Veh,704.278778076172,1558256.96523316,2476636.24069664,2716654.58089744,2450714.25809567
1603Veh,705.894096374512,1565413.13017429,2484262.88807141,2725578.3694649,2458522.59358146
1603Veh,707.509414672852,1572585.68953681,2494985.43851115,2734891.35971475,2466604.95435121
1603Veh,709.124732971191,1579774.64332074,2505490.43852806,2744456.16733457,2474903.42161416
1603Veh,710.740051269531,1586979.99152607,2514536.48685135,2753806.91691237,2483044.89608876
1603Veh,712.355369567871,1594201.7341528,2522749.844534,2762665.42548244,2490800.18035009
1603Veh,713.970687866211,1601439.87120092,2531776.96807,2772379.78557872,2499327.71295643
1603Veh,715.586006164551,1608694.40267045,2541194.53323076,2782234.02077332,2507850.83537526
1603Veh,717.201324462891,1615965.32856138,2552599.02836537,2791572.94829543,2515985.78899093
1603Veh,718.816642761231,1623252.64887371,2562730.29935216,2800549.49333566,2523828.58318947
1603Veh,720.43196105957,1630556.36360744,2571840.10555879,2810043.52456752,2532021.5343829
1603Veh,722.04727935791,1637876.47276256,2580884.49716669,2819382.68963309,2539969.48204556
1603Veh,723.66259765625,1645212.97633909,2588039.72132394,2827506.10945727,2547049.54384406
1603Veh,725.27791595459,1652565.87433702,2596438.87438449,2836431.49043527,2554775.39346995
1603Veh,726.89323425293,1659935.16675635,2605340.04578888,2845428.24828884,2562453.60823745
1603Veh,728.50855255127,1667320.85359708,2620303.00331797,2854749.46215333,2570466.03085318
1603Veh,730.123870849609,1674722.9348592,2629206.40766633,2864098.0182241,2578549.99237739
1603Veh,731.739189147949,1682141.41054273,2635546.4855843,2873170.06553519,2586424.86636092
1603Veh,733.354507446289,1689576.28064766,2644499.78307297,2882428.21446327,2594319.15519396
1603Veh,734.969825744629,1697027.54517399,2656881.19292427,2891398.72015241,2601984.72060811
1603Veh,736.585144042969,1704495.20412172,2665758.5440028,2900190.94479943,2609522.1466016
1603Veh,738.200462341309,1711979.25749085,2674380.57303704,2909081.12806921,2617155.61157574
1603Veh,739.815780639648,1719479.70528137,2683061.52254304,2917850.88385637,2624612.84159989
1603Veh,741.431098937988,1726996.5474933,2692154.91535136,2926706.78512769,2632099.9745105
1603Veh,743.046417236328,1734529.78412663,2700906.09535071,2936202.51381327,2640307.77845857
1603Veh,744.661735534668,1742079.41518136,2710011.13680402,2945664.94827676,2648411.64147551
1603Veh,746.277053833008,1749645.44065749,2718879.68367413,2955483.12897364,2657028.47455575
1603Veh,747.892372131348,1757227.86055502,2726804.36620568,2964739.08325762,2665081.84284437
1603Veh,749.507690429688,1764826.67487395,2734903.14970816,2974102.89090765,2673197.1446094
1603Veh,751.123008728027,1772441.88361428,2744091.26535824,2983727.94148316,2681496.19974712
1603Veh,752.738327026367,1780073.48677601,2753120.62307051,2993128.41728005,2689572.42740879
1603Veh,754.353645324707,1787721.48435914,2761792.77542274,3002824.52242045,2697995.64133297
1603Veh,755.968963623047,1795385.87636367,2771556.38859733,3012822.8779109,2706479.73789555
1603Veh,757.584281921387,1803066.66278959,2780883.41744298,3022618.53366875,2715050.10433046
1603Veh,759.199600219727,1810763.84363692,2790190.6015464,3032271.20920241,2723306.61513657
1603Veh,760.814918518067,1818477.41890565,2799398.5619387,3041562.64870279,2731310.20881645
1603Veh,762.430236816406,1826207.38859578,2812261.50606476,3050456.73028068,2739015.84597747
1603Veh,764.045555114746,1833953.75270731,2821432.60697974,3059819.73800207,2747019.17509266
1603Veh,765.660873413086,1841716.51124024,2830722.47076044,3069438.51266639,2755331.2130066
1603Veh,767.276191711426,1849495.66419457,2839547.84135211,3078733.97358812,2763326.6289412
1603Veh,768.891510009766,1857291.2115703,2849019.46333722,3088890.51488279,2772180.99055272
1603Veh,770.506828308106,1865103.15336743,2856406.59515069,3098266.38652907,2780434.62680919
1603Veh,772.122146606445,1872931.48958596,2867481.33657084,3107251.29918257,2788241.0104597
1603Veh,773.737464904785,1880776.22022589,2877503.49838699,3117219.77851548,2796746.85272657
1603Veh,775.352783203125,1888637.34528722,2885522.82273533,3127057.33354241,2805346.69748181
1603Veh,776.968101501465,1896514.86476995,2896597.607864,3136841.72527969,2813601.58763294
1603Veh,778.583419799805,1904408.77867408,2906068.06333035,3146775.81131048,2822095.87974837
1603Veh,780.198738098145,1912319.08699961,2913201.25607879,3155835.37257428,2830067.59595523
1603Veh,781.814056396484,1920245.78974654,2922610.09232503,3166507.24165244,2839276.20928328
1603Veh,783.429374694824,1928188.88691487,2935591.86901031,3177099.37220872,2848246.14426753
1603Veh,785.044692993164,1936148.3785046,2944832.2762804,3186644.16651679,2856414.47424967
1603Veh,786.660011291504,1944124.26451573,2954176.97708628,3196331.86486244,2864683.72790943
1603Veh,788.275329589844,1952116.54494826,2964502.03712849,3206831.7576429,2873521.93491634
1603Veh,789.890647888184,1960125.21980219,2975779.72120301,3216003.495418,2881395.86225245
1603Veh,791.505966186524,1968150.28907753,2984781.81965398,3225900.20013821,2889952.39281817
1603Veh,793.121284484863,1976191.75277426,2995250.99230618,3235570.08045412,2898204.64380581
1603Veh,794.736602783203,1984249.61089239,3007976.06360085,3245033.01214006,2906245.29398676
1603Veh,796.351921081543,1992323.86343192,3017628.54621899,3254950.84668754,2914679.00866147
1603Veh,797.967239379883,2000414.51039285,3031340.65096993,3264023.21897711,2922357.46870548
1603Veh,799.582557678223,2008521.55177518,3039721.6483728,3273188.58405255,2930318.49366448
1603Veh,801.197875976563,2016644.98757891,3047676.13191293,3281860.99904228,2937843.64156129
1603Veh,802.813194274902,2024784.81780404,3059240.48821345,3291023.88761483,2945644.58612873
1603Veh,804.428512573242,2032941.04245057,3068573.31439952,3300726.03567444,2953954.50880135
1603Veh,806.043830871582,2041113.6615185,3077478.02929266,3310318.03427453,2962182.68009545
1603Veh,807.659149169922,2049302.67500784,3086941.86397213,3320016.43113941,2970438.91424687
1603Veh,809.274467468262,2057508.08291857,3096223.83182416,3329533.87587123,2978475.79423916
1603Veh,810.889785766602,2065729.8852507,3104737.32927697,3339467.93832169,2986912.26038821
1603Veh,812.505104064941,2073968.08200423,3114528.7999765,3349772.21316988,2995792.94184251
1603Veh,814.120422363281,2082222.67317916,3124147.7337474,3359678.91868968,3004248.19997652
1603Veh,815.735740661621,2090493.65877549,3133054.95268772,3369539.44527669,3012799.73500716
1603Veh,817.351058959961,2098781.03879323,3146069.97199835,3379021.19566125,3020900.12748717
1603Veh,818.966377258301,2107084.81323236,3157119.50800613,3389511.43878137,3029937.25386654
1603Veh,820.581695556641,2115404.98209289,3167249.94449873,3398777.19093011,3037854.082483
1603Veh,822.197013854981,2123741.54537482,3176215.52636004,3408554.0815409,3046301.08173067
1603Veh,823.81233215332,2132094.50307815,3184941.15347567,3418058.20004459,3054488.84048862
1603Veh,825.42765045166,2140463.85520288,3195106.50906538,3428340.40778545,3063030.90444867
1603Veh,827.04296875,2148849.60174902,3204028.46279111,3438449.08111851,3071861.56052699
1460EP,0,0,0,0,0
1460EP,1.09273529052734,3.75128284414775,61.1950222175334,61.2220794794033,61.1950222175334
1460EP,2.18547058105469,15.005131376591,324.457734641022,323.715781015718,323.459403149819
1460EP,3.27820587158203,33.7615455973298,526.147677796252,525.091457802507,524.528761864572
1460EP,4.37094116210938,60.0205255063641,815.528900584191,814.172369273769,813.019580890086
1460EP,5.46367645263672,93.7820711036939,1052.2953555925,1050.81234000626,1049.05752372914
1460EP,6.55641174316406,135.046182389319,1262.75442671101,1270.04159015651,1276.29657721569
1460EP,7.64914703369141,183.81285936324,1481.98262579278,1489.40706621667,1494.8502279926
1460EP,8.74188232421875,240.082102025456,1701.21082487455,1708.94317516128,1713.4038787695
1460EP,9.83461761474609,303.853910375968,1964.28466377268,1981.25846830881,1993.1171187464
1460EP,10.9273529052734,375.128284414775,2192.28199081772,2209.84209924869,2220.41291555438
1460EP,12.0200881958008,453.905224141878,2402.74106193622,2420.93606278942,2430.22442030021
1460EP,13.1128234863281,540.184729557277,2595.66187712818,2614.60556058669,2622.55163298389
1460EP,14.2055587768555,633.966800660971,2885.04309991612,2905.19882275006,2911.0424520094
1460EP,15.2982940673828,735.25143745296,3175.45598481738,3187.07611177601,3190.79112500384
1460EP,16.3910293579102,844.038639933245,3430.54801683872,3442.72253155906,3444.31335990505
1460EP,17.4837646484375,960.328408101825,3799.99164942135,3813.13790587882,3811.48349321025
1460EP,18.5764999389648,1084.1207419587,4125.45389717272,4139.79791341146,4134.94289636007
1460EP,19.6692352294922,1215.41564150387,4521.28636065411,4537.26483176978,4528.3394677585
1460EP,20.7619705200195,1354.21310673734,4749.98956177669,4767.06108741847,4755.63526456648
1460EP,21.8547058105469,1500.5131376591,5093.04436346057,5111.8540289374,5096.57895977845
1460EP,22.9474411010742,1654.31573426916,5400.91405727943,5421.46487471089,5402.55407086612
1460EP,24.0401763916016,1815.62089656751,5717.58002806454,5740.20160592404,5717.27132798486
1460EP,25.1329116821289,1984.42862455416,6148.59759941094,6174.24100128306,6145.63648350759
1460EP,26.2256469726563,2160.73891822911,6658.78166345362,6697.10523248528,6670.15174044401
1460EP,27.3183822631836,2344.55177759235,7124.98434266504,7167.18226875527,7133.48548009105
1460EP,28.4111175537109,2535.86720264388,7679.14979153899,7735.10188603342,7697.44531711372
1460EP,29.5038528442383,2734.68519338371,8153.0014072428,8214.60486684867,8170.39471497095
1460EP,30.5965881347656,2941.00574981184,8814.77100198653,8889.77656215936,8839.58627726126
1460EP,31.689323425293,3154.82887192826,9317.71589399177,9414.29809903476,9365.10977553205
1460EP,32.7820587158203,3376.15455973298,9842.40366240167,9939.0974683733,9881.84903738435
1460EP,33.8747940063477,3604.98281322599,10373.4686082147,10472.9228790328,10406.3777992489
1460EP,34.967529296875,3841.3136324073,10983.0039316981,11078.6587054241,11000.8437293621
1460EP,36.0602645874023,4085.1470172769,11613.3946181578,11711.4850158886,11621.5360975685
1460EP,37.1529998779297,4336.4829678348,12217.149078429,12326.4808513123,12227.2162316052
1460EP,38.245735168457,4595.321484081,12794.2673125117,12924.2473623389,12823.2068866592
1460EP,39.3384704589844,4861.66256601549,13522.3241616623,13665.0079853076,13554.3836617433
1460EP,40.4312057495117,5135.50621363828,14277.0172370013,14432.9373737176,14308.6289745022
1460EP,41.5239410400391,5416.85242694936,14934.0441496494,15094.1812315295,14955.5477808019
1460EP,42.6166763305664,5705.70120594873,15631.0393181037,15764.8522565982,15611.2087331326
1460EP,43.7094116210938,6002.05255063641,16245.5930006958,16409.1280811706,16244.9484174553
1460EP,44.8021469116211,6305.90646101238,17029.3716103785,17206.1675330623,17028.8588753673
1460EP,45.8948822021484,6617.26293707664,17869.1664157218,18056.7865847344,17868.0704697187
1460EP,46.9876174926758,6936.1219788292,18637.5405715978,18845.4866226651,18644.4279931986
1460EP,48.0803527832031,7262.48358627005,19254.0268129402,19472.9947054164,19262.4560054189
1460EP,49.1730880737305,7596.3477593992,19977.7280527769,20244.6866524402,20030.5627282506
1460EP,50.2658233642578,7937.71449821665,20933.7284560181,21241.4281897821,21018.1676552347
1460EP,51.3585586547852,8286.58380272239,21663.0102872591,21986.6957224705,21744.2973063377
1460EP,52.4512939453125,8642.95567291643,22477.8280071184,22841.0122887735,22593.3644461838
1460EP,53.5440292358399,9006.83010879876,23179.1362409405,23551.6976592651,23287.7645672806
1460EP,54.6367645263672,9378.20711036939,23988.3380491967,24388.928347334,24114.3058632001
1460EP,55.7294998168945,9757.08667762831,24842.4955134672,25252.9848316598,24954.6624811021
1460EP,56.8222351074219,10143.4688105755,25723.6263713463,26144.78211571,25824.474085535
1460EP,57.9149703979492,10537.353509211,26730.6330660652,27154.788733339,26803.5944410156
1460EP,59.0077056884766,10938.7407735349,27683.692973567,28128.5045273454,27753.2676800863
1460EP,60.1004409790039,11347.630603547,28627.761749866,29094.5245966544,28695.9452054949
1460EP,61.1931762695313,11764.0229992474,29598.8039197735,30088.4036248164,29663.8826070332
1460EP,62.2859115600586,12187.9179606361,30443.9702528411,30946.9905785027,30499.0598713137
1460EP,63.3786468505859,12619.315487713,31397.0301603429,31922.933681007,31450.9347796467
1460EP,64.4713821411133,13058.2155804783,32296.1432806277,32836.979568427,32336.2145691576
1460EP,65.5641174316406,13504.6182389319,33303.1499753466,33887.160742235,33357.6126184791
1460EP,66.656852722168,13958.5234630738,34491.2351981635,35038.0973160678,34467.8651644258
1460EP,67.7495880126953,14419.931252904,35366.1436223847,35926.4061264382,35324.7847374766
1460EP,68.8423233032227,14888.8416084224,36275.0338138215,36941.8714787403,36326.086911715
1460EP,69.93505859375,15365.2545296292,37197.9705683762,37903.800759966,37263.2272965183
1460EP,71.0277938842773,15849.1700165243,38211.3913184755,38992.6556953947,38348.3641547293
1460EP,72.1205291748047,16340.5880691076,39270.054066347,40109.9741422299,39455.2324646659
1460EP,73.213264465332,16839.5086873793,40645.4107986246,41509.5127073716,40811.4165433211
1460EP,74.3059997558594,17345.9318713392,41785.5091424863,42710.1060282888,41989.0187503157
1460EP,75.3987350463867,17859.8576209875,42999.2088450242,43866.0539672872,43114.2801023598
1460EP,76.4914703369141,18381.285936324,44242.8000655791,45185.9263491345,44417.4021670098
1460EP,77.5842056274414,18910.2168173488,45386.5408961624,46379.5459727153,45588.9200244735
1460EP,78.6769409179688,19446.650264062,46711.8278903303,47747.2692030272,46918.2628388798
1460EP,79.7696762084961,19990.5862764634,48055.2695008567,49115.2182849996,48237.8805846069
1460EP,80.8624114990234,20542.0248545531,49153.6237905438,50256.4635819909,49345.1726065981
1460EP,81.9551467895508,21100.9659983311,50522.3189379278,51636.2407831021,50679.6664747961
1460EP,83.0478820800781,21667.4097077974,51788.1088320107,52925.6767407666,51918.3651850408
1460EP,84.1406173706055,22241.355982952,52944.6219007052,54124.3254102385,53079.8801847285
1460EP,85.2333526611328,22822.8048237949,54201.3053926724,55414.116650815,54328.9800442548
1460EP,86.3260879516602,23411.7562303261,55330.4992550197,56576.5091102792,55450.9814411291
1460EP,87.4188232421875,24008.2102025456,56504.2002916946,57951.3362187987,56781.5960187381
1460EP,88.5115585327148,24612.1667404534,57838.0100318058,59317.0277465226,58094.8775255509
1460EP,89.6042938232422,25223.6258440495,59336.262068643,60866.2788601732,59596.2818210973
1460EP,90.6970291137695,25842.5875133339,60660.9361256027,62224.5741238102,60905.3755564791
1460EP,91.7897644042969,26469.0517483066,62277.2152947674,63841.1790028047,62448.7589579847
1460EP,92.8824996948242,27103.0185489675,63766.0336109769,65321.4880239839,63870.0492512242
1460EP,93.9752349853516,27744.4879153168,65154.4504927732,66728.3737573615,65212.5318404986
1460EP,95.0679702758789,28393.4598473544,66579.6466297164,68200.5180013691,66620.5743639468
1460EP,96.1607055664063,29049.9343450802,68188.7390423943,69931.3450264441,68291.8384465251
1460EP,97.2534408569336,29713.9114084944,69480.1924333487,71276.3029474657,69582.3930868074
1460EP,98.3461761474609,30385.3910375968,70670.1744864425,72492.6167524008,70743.1844855034
1460EP,99.4389114379883,31064.3732323876,72136.8965518836,74032.1564019903,72233.2496704266
1460EP,100.531646728516,31750.8579928666,73723.5392893419,75681.446418395,73822.8307162664
1460EP,101.624382019043,32444.8453190339,74978.0940119834,77038.0802111018,75151.234720834
1460EP,102.71711730957,33146.3352108896,76435.5914103462,78517.4377029121,76559.4029040485
1460EP,103.809852600098,33855.3276684335,77874.6394745526,80023.7621828011,78007.5232205881
1460EP,104.902587890625,34571.8226916657,79553.5288827934,81790.4813083663,79718.3027094899
1460EP,105.995323181152,35295.8202805862,81389.2376313643,83668.0325548077,81505.932580601
1460EP,107.08805847168,36027.320435195,82948.2063675879,85334.4721016253,83140.9800823094
1460EP,108.180793762207,36766.3231554921,84625.1126226457,87095.4759960437,84816.64921732
1460EP,109.273529052734,37512.8284414776,86136.5648279265,88827.8187376651,86493.8679224735
1460EP,110.366264343262,38266.8362931513,87547.8785989564,90292.3062601514,87900.4441304708
1460EP,111.458999633789,39028.3467105132,89284.1659356841,92082.8178801222,89617.1014987394
1460EP,112.551734924316,39797.3596935635,90992.5983953519,93828.9674387854,91277.2823606777
1460EP,113.644470214844,40573.8752423021,92682.4609369798,95614.2097884726,92985.6138193347
1460EP,114.737205505371,41357.893356729,94483.742986847,97482.9634422947,94770.1985086816
1460EP,115.829940795898,42149.4140368442,96006.4762661162,99118.5918676733,96348.9075820666
1460EP,116.922676086426,42948.4372826476,97817.0432750033,101015.034647247,98178.949805483
1460EP,118.015411376953,43754.9630941394,99553.3306117309,102841.708291939,99924.3471405656
1460EP,119.10814666748,44568.9914713195,100955.970276308,104574.992868418,101589.097459046
1460EP,120.200881958008,45390.5224141878,102526.90768558,106225.596391941,103191.775439587
1460EP,121.293617248535,46219.5559227445,104158.486425043,107950.811275178,104853.005448265
1460EP,122.386352539063,47056.0919969894,105930.718504116,109826.719356455,106652.002985876
1460EP,123.47908782959,47900.1306369227,107665.443025959,111657.187664359,108409.120630691
1460EP,124.571823120117,48751.6718425442,109263.799011916,113490.551249957,110173.827224179
1460EP,125.664558410645,49610.7156138541,111145.386733836,115474.718545199,112073.510900072
1460EP,126.757293701172,50477.2619508522,112914.079192442,117338.032284898,113851.794260227
1460EP,127.850028991699,51351.3108535386,114459.669106876,119014.14531739,115455.847390876
1460EP,128.942764282227,52232.8623219133,116413.582310333,121084.600626708,117443.384515923
1460EP,130.035499572754,53121.9163559764,118452.448261767,123250.047825758,119526.085241577
1460EP,131.128234863281,54018.4729557277,120368.604688346,125248.358621287,121427.188462642
1460EP,132.220970153809,54922.5321211673,122180.96144249,127332.606328262,123417.915570694
1460EP,133.313705444336,55834.0938522952,124112.975715358,129382.081534114,125378.278813761
1460EP,134.406440734863,56753.1581491114,126054.460646426,131421.767911226,127310.840666749
1460EP,135.499176025391,57679.7250116159,128081.181501297,133547.035089459,129332.678786375
1460EP,136.591911315918,58613.7944398087,130098.431697968,135629.160723853,131304.50812626
1460EP,137.684646606445,59555.3664336898,132125.152552839,137757.684000587,133333.332829677
1460EP,138.777381896973,60504.4409932591,134227.638673313,139980.37466849,135462.550413438
1460EP,139.8701171875,61461.0181185168,136244.888869984,142053.995340055,137425.657144586
1460EP,140.962852478027,62425.0978094628,138432.610914261,144281.77356264,139505.103529599
1460EP,142.055587768555,63396.6800660971,140241.506630524,146176.689409236,141296.721116265
1460EP,143.148323059082,64375.7648884196,142164.398664055,148225.815412893,143232.518719651
1460EP,144.241058349609,65362.3522764305,144292.92117597,150409.807203402,145272.419080086
1460EP,145.333793640137,66356.4422301296,146183.885371822,152405.419723732,147164.673108718
1460EP,146.426528930664,67358.0347495171,148047.36295446,154458.12684904,149127.341498237
1460EP,147.519264221191,68367.1298345928,150173.493939703,156655.258512029,151180.747016974
1460EP,148.611999511719,69383.7274853569,152509.37775757,159091.568025689,153479.690227399
1460EP,149.704734802246,70407.8277018092,154664.111401807,161320.389002926,155566.601095717
1460EP,150.797470092773,71439.4304839498,156733.03706906,163464.399254201,157568.900549096
1460EP,151.890205383301,72478.5358317788,158944.976031286,165791.352496989,159767.924398466
1460EP,152.982940673828,73525.143745296,160838.561941607,168163.343881726,162013.295764736
1460EP,154.075675964355,74579.2542245015,162924.020009963,170416.261317154,164160.413650684
1460EP,155.168411254883,75640.8672693953,165114.707613878,172727.7757191,166343.593034229
1460EP,156.26114654541,76709.9828799774,167209.732003649,174954.029512367,168446.481765902
1460EP,157.353881835938,77786.6010562478,169448.251214637,177354.247222666,170722.914856263
1460EP,158.446617126465,78870.7217982065,171705.903068453,179812.772743068,173057.644371897
1460EP,159.539352416992,79962.3451058535,173802.575709549,181824.931850246,174937.239357102
1460EP,160.63208770752,81061.4709791888,176000.664285099,184152.828583705,177119.807172421
1460EP,161.724822998047,82168.0994182124,178409.922942143,186662.54313508,179473.744725162
1460EP,162.817558288574,83282.2304229243,180661.633751022,188980.365973798,181641.158455799
1460EP,163.910293579102,84403.8639933245,182905.698185609,191311.369985714,183823.88886447
1460EP,165.003028869629,85533.0001294129,185091.975553211,193615.660678459,185990.419094928
1460EP,166.095764160156,86669.6388311897,187364.933521291,195996.477339396,188212.138972456
1460EP,167.188499450684,87813.7800986548,189608.997955878,198344.69537674,190408.846442222
1460EP,168.281234741211,88965.4239318082,191804.906501311,200710.240713761,192642.817525715
1460EP,169.373970031738,90124.5703306498,193636.304449044,203181.971853308,195034.308112891
1460EP,170.466705322266,91291.2192951798,195945.985377492,205625.580858538,197323.953008755
1460EP,171.559440612793,92465.370825398,198014.067882463,207813.796317154,199376.07035458
1460EP,172.65217590332,93647.0249213045,200468.707864998,210487.911905384,201911.64524711
1460EP,173.744911193848,94836.1815828994,202807.380604264,212968.434001396,204227.277027588
1460EP,174.837646484375,96032.8408101825,205136.389406591,215448.744487336,206557.351444898
1460EP,175.930381774902,97237.002603154,207620.021199943,218055.734551609,208990.125784972
1460EP,177.02311706543,98448.6669618137,209852.390632879,220460.693492869,211253.996476203
1460EP,178.115852355957,99667.8338861617,212422.997858683,223135.50950529,213723.468782272
1460EP,179.208587646484,100894.503376198,215164.950314518,225846.411285962,216299.99720522
1460EP,180.301322937012,102128.675431923,217283.494799616,228249.234048578,218545.631850769
1460EP,181.394058227539,103370.350053336,219531.154434147,230738.666915478,220902.565073824
1460EP,182.486793518066,104619.527240437,221662.052529222,233028.711958498,223069.880183645
1460EP,183.579528808594,105876.206993226,223831.871137448,235317.491196537,225193.947031372
1460EP,184.672264099121,107140.389311704,226036.296902988,237601.220148478,227335.524115531
1460EP,185.764999389648,108412.07419587,228574.823843284,240330.436274001,229873.74246076
1460EP,186.857734680176,109691.261645724,231113.350783579,243059.634220476,232425.516182279
1460EP,187.950469970703,110977.951661267,233622.587028409,245665.399381804,234824.676030719
1460EP,189.04320526123,112272.144242498,236073.24188231,248299.429213858,237280.679989465
1460EP,190.135940551758,113573.839389417,238523.425391686,251101.55326985,239886.470552033
1460EP,191.228675842285,114883.037102025,241158.880966744,253935.010066663,242511.564831011
1460EP,192.321411132813,116199.737380321,243617.986354623,256567.03558309,244952.212877787
1460EP,193.41414642334,117523.940224305,246214.252999197,259317.386544897,247498.372901537
1460EP,194.506881713867,118855.645633977,248712.547317561,261892.866599643,249835.811757558
1460EP,195.599617004395,120194.853609338,251171.65270544,264528.58214695,252262.440054176
1460EP,196.692352294922,121541.564150387,253581.771930214,267166.365907339,254711.043474925
1460EP,197.785087585449,122895.777257125,255913.51329402,269746.073581109,257115.332284881
1460EP,198.877822875977,124257.49292955,258372.6186819,272293.27454297,259431.540486445
1460EP,199.970558166504,125626.711167664,260898.609675182,274954.95747851,261906.438154791
1460EP,201.063293457031,127003.431971466,262948.87882465,277375.868803446,264117.81564092
1460EP,202.156028747559,128387.655340957,265681.558326204,280283.782845383,266796.649807113
1460EP,203.248764038086,129779.381276136,268374.776751923,283302.823705627,269648.307842319
1460EP,204.341499328613,131178.609777003,271077.860446602,286088.378136303,272189.744541107
1460EP,205.434234619141,132585.340843558,273830.270486073,289051.613485671,274934.658486877
1460EP,206.526969909668,133999.574475802,276651.737408256,292053.63194545,277700.753364555
1460EP,207.619705200195,135421.310673734,279394.282178769,295014.239662287,280442.494164218
1460EP,208.712440490723,136850.549437354,281654.734973165,297944.186434447,283173.19651826
1460EP,209.80517578125,138287.290766663,284317.738864339,300845.30188517,285851.016245798
1460EP,210.897911071777,139731.53466166,286852.047400177,303601.62971732,288396.992755219
1460EP,211.990646362305,141183.281122345,289475.452720478,306427.396642706,290978.645605274
1460EP,213.083381652832,142642.530148718,292385.947679605,309490.834633801,293762.908091073
1460EP,214.176116943359,144109.28174078,295266.743710577,312489.284858494,296477.364795433
1460EP,215.268852233887,145583.53589853,298305.934025039,315746.499075679,299469.239714045
1460EP,216.361587524414,147065.292621969,300879.84113175,318601.498528406,302118.737836158
1460EP,217.454322814941,148554.551911095,303481.612617439,321421.573400305,304723.919355717
1460EP,218.547058105469,150051.31376591,306342.678591246,324553.328363891,307600.902318305
1460EP,219.639793395996,151555.578186413,308902.963153162,327718.407448931,310502.386014418
1460EP,220.732528686523,153067.345172605,311734.191499367,330768.520754194,313269.898770892
1460EP,221.825263977051,154586.614724485,314752.656653728,333951.842055623,316167.4855953
1460EP,222.917999267578,156113.386842053,317663.883628689,337036.338571525,318975.814360571
1460EP,224.010734558106,157647.661525309,320284.988327796,339862.133857417,321561.128445525
1460EP,225.103469848633,159189.438774254,323056.156273034,342823.930523063,324247.24886051
1460EP,226.19620513916,160738.718588887,325589.138725475,345918.803154647,327088.787180868
1460EP,227.288940429688,162295.500969208,328274.583405904,349029.872645858,329935.563065672
1460EP,228.381675720215,163859.785915218,331237.11314188,352370.492614515,333041.126581645
1460EP,229.474411010742,165431.573426916,333714.313774351,355175.840670258,335625.332034999
1460EP,230.56714630127,167010.863504302,336545.400211461,358327.147271603,338543.601507092
1460EP,231.659881591797,168597.656147377,338749.603223211,360763.377835996,340792.916493573
1460EP,232.752616882324,170191.95135614,341530.134545373,363914.657191735,343702.718969088
1460EP,233.845352172852,171793.749130591,343927.974558551,366828.507703002,346351.513628336
1460EP,234.938087463379,173403.04947073,345771.672055402,369921.512013443,349227.603577993
1460EP,236.030822753906,175019.852376558,348581.986934414,372949.669742646,351971.01602764
1460EP,237.123558044434,176644.157848074,351361.419232337,375920.954368537,354656.379027611
1460EP,238.216293334961,178275.965885278,354387.912178965,379152.438823167,357591.664688827
1460EP,239.309028625488,179915.27648817,357157.050283193,382118.79336295,360286.227000843
1460EP,240.401763916016,181562.089656751,360224.720004605,385525.779773829,363387.079881334
1460EP,241.494499206543,183216.40539102,362609.117298623,388532.076075815,366133.620185305
1460EP,242.58723449707,184878.223690978,365594.95753851,391729.194643073,369047.109095615
1460EP,243.679969787598,186547.544556624,368952.736354991,395398.673734251,372391.118597786
1460EP,244.772705078125,188224.367987958,371886.91845924,398692.187887693,375422.542083168
1460EP,245.865440368652,189908.69398498,374903.75358051,401920.214511084,378348.950611931
1460EP,246.95817565918,191600.522547691,377889.593820396,405157.147093467,381283.051125826
1460EP,248.050910949707,193299.85367609,381102.729857091,408634.528999615,384421.012960002
1460EP,249.143646240234,195006.687370177,383903.845128735,411966.947967124,387459.14618368
1460EP,250.236381530762,196721.023629952,386890.213261979,415294.870199712,390499.739639177
1460EP,251.329116821289,198442.862455416,389660.344701814,418424.578700309,393358.843543146
1460EP,252.421852111816,200172.203846568,392680.647490921,421775.907878946,396383.46401282
1460EP,253.514587402344,201909.047803409,395105.337164318,425334.706024551,399664.482859502
1460EP,254.607322692871,203653.394325937,398083.333020645,428609.166194853,402625.753706187
1460EP,255.700057983398,205405.243414154,401113.943644751,432078.577481579,405803.689019704
1460EP,256.792793273926,207164.59506806,404228.737897305,435476.952033552,408875.835635133
1460EP,257.885528564453,208931.449287653,407638.174849425,439229.240484781,412287.479565646
1460EP,258.97826385498,210705.806072935,410647.739566419,442649.882851159,415397.184585541
1460EP,260.070999145508,212487.665423905,414878.438072926,446037.59806944,418448.919976389
1460EP,261.163734436035,214277.027340564,418005.875575648,449379.058189927,421465.759705719
1460EP,262.256469726563,216073.891822911,420910.681934108,452636.800255413,424435.692560413
1460EP,263.34920501709,217878.258870946,423879.097190928,455955.981857757,427489.797761839
1460EP,264.441940307617,219690.128484669,427027.73765977,459416.759159832,430661.512786692
1460EP,265.534675598145,221509.500664081,430197.581094732,462820.644594756,433715.231876145
1460EP,266.627410888672,223336.375409181,433990.251732991,466527.434385663,437078.36901787
1460EP,267.720146179199,225170.752719969,436607.984224319,469492.299476195,439814.011699825
1460EP,268.812881469727,227012.632596446,440002.523511854,473082.806434236,443047.835985733
1460EP,269.905616760254,228862.01503861,443428.986366357,476771.640586377,446363.576371438
1460EP,270.998352050781,230718.900046464,446387.236905337,479996.745546739,449271.985563768
1460EP,272.091087341309,232583.287620005,449324.205066339,483269.740489895,452244.176830511
1460EP,273.183822631836,234455.177759235,451974.701218502,486334.019542623,454990.56353358
1460EP,274.276557922363,236334.570464153,455349.958351553,490072.667695899,458385.25551991
1460EP,275.369293212891,238221.465734759,458458.185648128,493475.91607126,461455.585981875
1460EP,276.462028503418,240115.863571054,463018.692497616,496811.935125861,464448.905368247
1460EP,277.554763793945,242017.763973037,466117.205954103,500251.027501448,467586.135265694
1460EP,278.647499084473,243927.166940708,469494.478406674,503956.97901496,470946.379142938
1460EP,279.740234375,245844.072474067,472721.649861353,507448.123609327,474080.040772256
1460EP,280.832969665527,247768.480573115,476040.482017397,511443.588753672,477682.049198963
1460EP,281.925704956055,249700.391237851,479849.082823997,515347.497357359,481232.948934407
1460EP,283.018440246582,251639.804468276,483491.56014713,519354.753448188,484858.394560069
1460EP,284.111175537109,253586.720264388,486249.089930997,522690.319733164,487893.982833847
1460EP,285.203910827637,255541.138626189,489582.033105345,526422.84669061,491277.352736721
1460EP,286.296646118164,257503.059553678,492788.696149041,529985.193376009,494509.097338805
1460EP,287.389381408691,259472.483046856,496185.402944632,533639.016712893,497776.491265834
1460EP,288.482116699219,261449.409105722,499500.133314748,537407.882969087,501217.432765094
1460EP,289.574851989746,263433.837730276,502582.403632667,541212.03340357,504618.13142458
1460EP,290.667587280273,265425.768920519,505987.418487572,544955.245951396,508009.727887448
1460EP,291.760322570801,267425.202676449,509679.869661398,548928.270792822,511567.770293812
1460EP,292.853057861328,269432.138998068,513328.099863083,552861.683684799,515079.632232856
1460EP,293.945793151855,271446.577885376,516556.230829422,556431.478056516,518299.933897913
1460EP,295.038528442383,273468.519338371,519850.693253973,560049.134699432,521502.78010403
1460EP,296.13126373291,275497.963357055,523079.990202976,563735.302443131,524806.415240504
1460EP,297.223999023438,277534.909941428,526742.471303886,567714.055109749,528364.724508744
1460EP,298.316734313965,279579.359091488,530160.786998069,571428.964356571,531688.17357694
1460EP,299.409469604492,281631.310807237,533634.594830144,575296.942280049,535165.749074503
1460EP,300.50220489502,283690.765088674,536908.630965806,578981.307418916,538473.207520349
1460EP,301.594940185547,285757.721935799,539916.304839583,582417.355620686,541567.05171828
1460EP,302.687675476074,287832.181348613,545230.266919853,586681.682703765,545412.460999046
1460EP,303.780410766602,289914.143327115,548261.269563362,590702.616710592,549024.235877379
1460EP,304.873146057129,292003.607871305,551866.109028548,594571.311556093,552489.124719453
1460EP,305.965881347656,294100.574981184,556310.972524772,598654.220849274,556162.587186072
1460EP,307.058616638184,296205.044656751,559647.982568894,602385.98983947,559560.716104057
1460EP,308.151351928711,298317.016898006,563496.616578591,606694.821763031,563427.165279474
1460EP,309.244087219238,300436.49170495,566205.194638521,610496.129581961,566863.295665476
1460EP,310.336822509766,302563.469077581,569876.02175697,614679.119565783,570668.631892034
1460EP,311.429557800293,304697.949015901,572758.022920352,618642.547860538,574241.856402457
1460EP,312.52229309082,306839.93151991,576158.331527219,622629.110987655,577855.707637817
1460EP,313.615028381348,308989.416589606,579501.587976252,626405.045502151,581274.443265163
1460EP,314.707763671875,311146.404224991,582101.78607931,630040.017394251,584524.502771991
1460EP,315.800498962402,313310.894426065,585767.847318149,634128.736772579,588208.108734129
1460EP,316.89323425293,315482.887192826,589113.128198589,637947.847202471,591664.122982633
1460EP,317.985969543457,317662.382525276,592366.757548058,641581.143480082,594914.286103488
1460EP,319.078704833984,319849.380423414,596170.296083353,645742.90650826,598623.892534606
1460EP,320.171440124512,322043.880887241,599836.357322191,649617.971331441,602020.145524313
1460EP,321.264175415039,324245.883916755,603399.310588687,653569.244390139,605522.268952095
1460EP,322.356910705566,326455.389511958,607717.183044497,657508.904989206,609063.326307701
1460EP,323.449645996094,328672.39767285,610568.714342171,660992.084231103,612151.960533426
1460EP,324.542381286621,330896.908399429,614199.354212632,665164.852680099,615953.126634162
1460EP,325.635116577148,333128.921691697,617549.530583668,668945.800101337,619383.948350005
1460EP,326.727851867676,335368.437549653,620630.701616149,672981.763922679,623028.783859821
1460EP,327.820587158203,337615.455973298,626093.375301234,677011.294984845,626712.274571089
1460EP,328.913322448731,339869.976962631,629822.446967615,681160.579759728,630449.91922929
1460EP,330.006057739258,342132.000517652,632695.444441128,685022.716504631,633855.609415958
1460EP,331.098793029785,344401.526638361,635544.833532736,689174.737216394,637548.897764564
1460EP,332.191528320313,346678.555324759,639185.511297887,693152.879339922,641074.766707137
1460EP,333.28426361084,348963.086576845,642471.795151203,697636.968709321,645050.919960581
1460EP,334.376998901367,351255.120394619,645894.85919536,702066.30523147,648922.18784633
1460EP,335.469734191895,353554.656778082,649473.55897489,705803.116249474,652202.17856486
1460EP,336.562469482422,355861.695727233,653148.980370083,709927.176232704,655881.841974409
1460EP,337.655204772949,358176.237242072,659279.229438021,714189.067388984,659707.690065405
1460EP,338.747940063477,360498.281322599,663516.741889196,718886.507672845,663872.955976833
1460EP,339.840675354004,362827.827968815,667195.72834394,722971.673575475,667560.404648605
1460EP,340.933410644531,365164.877180719,673890.399297024,727064.563956647,671224.543014842
1460EP,342.026145935059,367509.428958311,678041.976620188,731712.061859921,675353.009297965
1460EP,343.118881225586,369861.483301592,681519.994200654,735730.388040061,678955.229734159
1460EP,344.211616516113,372221.040210561,683839.169548707,740064.16928957,682841.56755139
1460EP,345.304351806641,374588.099685218,687977.435414505,744732.733216603,686978.828886175
1460EP,346.397087097168,376962.661725564,696806.80616156,748988.489966577,690754.027003321
1460EP,347.489822387695,379344.726331598,700887.116170337,753436.393846104,694668.574528521
1460EP,348.582557678223,381734.29350332,704904.844737262,757797.040157615,698535.53695346
1460EP,349.67529296875,384131.36324073,707153.753551259,761829.651030638,702128.514221847
1460EP,350.768028259277,386535.935543829,711047.716141663,766062.099413257,705881.839382299
1460EP,351.860763549805,388948.010412616,714593.013204553,770345.677592627,709744.809579823
1460EP,352.953498840332,391367.587847091,718682.808651603,774842.377313248,713781.366902988
1460EP,354.046234130859,393794.667847255,722415.861816667,778968.407590615,717433.838436252
1460EP,355.138969421387,396229.250413107,726565.86039335,783326.244116679,721303.970022587
1460EP,356.231704711914,398671.335544647,730814.858396742,787889.025410234,725361.609818706
1460EP,357.324440002441,401120.923241875,734564.727116604,792151.605356266,729171.449432442
1460EP,358.417175292969,403578.013504792,738583.357758366,796613.747498815,733150.553901025
1460EP,359.509910583496,406042.606333397,742742.768454458,801097.140362768,737090.701146205
1460EP,360.602645874023,408514.701727691,746620.619041892,805513.90017872,741058.114144798
1460EP,361.695381164551,410994.299687672,751114.009817059,809710.535814651,744824.790090896
1460EP,362.788116455078,413481.400213342,755109.849167336,814108.880459172,748709.397385459
1460EP,363.880851745606,415976.0033047,759027.847491309,818249.49086207,752373.469145193
1460EP,364.973587036133,418478.108961747,764907.701528693,822699.733274191,756291.57001523
1460EP,366.06632232666,420987.717184482,769584.812487299,827362.367910594,760419.254933348
1460EP,367.159057617188,423504.827972905,773748.410608551,831795.732374121,764322.146702328
1460EP,368.251792907715,426029.441327016,777633.114090916,835833.516783269,767909.218107967
1460EP,369.344528198242,428561.557246816,781355.608911325,839952.912695363,771598.124790329
1460EP,370.43726348877,431101.175732304,785525.32925786,844390.235451588,775527.798244502
1460EP,371.529998779297,433648.29678348,789800.279139955,848903.578369428,779490.872790094
1460EP,372.622734069824,436202.920400345,794114.690097884,853421.832372856,783459.286766751
1460EP,373.715469360352,438765.046582898,798021.336605521,857462.854175701,786995.430373118
1460EP,374.808204650879,441334.675331139,802230.518027891,861902.995552521,790928.88493422
1460EP,375.900939941406,443911.806645069,806479.160526096,866338.145191799,794807.488341294
1460EP,376.993675231934,446496.440524687,808732.252731388,870680.70970208,798624.93832311
1460EP,378.086410522461,449088.576969993,812715.239824985,875211.395823122,802626.483444489
1460EP,379.179145812988,451688.215980987,819296.81286924,879994.579878004,806860.631281453
1460EP,380.271881103516,454295.35755767,823545.207184577,884867.844859859,811271.233847292
1460EP,381.364616394043,456910.001700041,827418.349005185,889187.436849946,815093.778267526
1460EP,382.45735168457,459532.1484081,831814.163943453,894012.59527428,819330.608087592
1460EP,383.550086975098,462161.797681848,835794.520762555,898482.512044238,823299.532920213
1460EP,384.642822265625,464798.949521283,842071.679454023,903401.816464675,827566.214227901
1460EP,385.735557556152,467443.603926408,845621.541195978,908062.744329573,831671.982828956
1460EP,386.82829284668,470095.76089722,850018.632503275,912988.25846419,836065.413152577
1460EP,387.921028137207,472755.420433721,853949.764837736,917350.908370191,839866.181869145
1460EP,389.013763427734,475422.58253591,858286.329382099,922196.127364023,844198.422668461
1460EP,390.106498718262,478097.247203787,862147.095308742,926381.114992742,847877.731946753
1460EP,391.199234008789,480779.414437353,866143.80369759,930766.073106742,851803.340641211
1460EP,392.291969299316,483469.084236607,870126.917840218,935124.482972394,855640.278524722
1460EP,393.384704589844,486166.256601549,874816.932786316,939867.247044624,859721.227320034
1460EP,394.477439880371,488870.93153218,878745.669944061,944388.680952664,863770.667706507
1460EP,395.570175170898,491583.109028498,883354.119412836,949043.661283625,867826.290003184
1460EP,396.662910461426,494302.789090506,888529.867233507,953939.122589514,872093.336274741
1460EP,397.755645751953,497029.971718201,894043.859702987,958406.817909988,876043.848600974
1460EP,398.84838104248,499764.656911585,897390.838550442,963544.34513009,880541.811932017
1460EP,399.941116333008,502506.844670657,901680.219181952,968293.181943459,884683.224025149
1460EP,401.033851623535,505256.534995417,907658.642253334,973273.40905885,889088.825304865
1460EP,402.126586914063,508013.727885866,911719.475696306,977928.257721161,893257.46021677
1460EP,403.21932220459,510778.423342002,915743.010779507,982436.645795031,897199.114761517
1460EP,404.312057495117,513550.621363828,921737.641033449,987342.808203761,901517.782353467
1460EP,405.404792785645,516330.321951341,927042.142695408,992508.502477166,905922.443402781
1460EP,406.497528076172,519117.525104543,931366.921095265,997130.694162257,909985.928624998
1460EP,407.590263366699,521912.230823433,934132.010699964,1001924.48139169,914279.668218932
1460EP,408.682998657227,524714.439108011,938400.874545487,1006643.92344284,918430.58878777
1460EP,409.775733947754,527524.149958278,943136.203645654,1011563.3232362,922700.790151935
1460EP,410.868469238281,530341.363374233,947475.744044911,1016044.87223393,926604.439033199
1460EP,411.961204528809,533166.079355876,950366.34441607,1020950.55719578,930863.323382841
1460EP,413.053939819336,535998.297903208,955153.762136338,1026085.29245646,935355.858926185
1460EP,414.146675109863,538838.019016228,959259.292466183,1030626.42534237,939350.467888659
1460EP,415.239410400391,541685.242694936,963965.471927416,1035803.59621305,943952.293642574
1460EP,416.332145690918,544539.968939332,967920.304572881,1040159.76463985,947815.926129725
1460EP,417.424880981445,547402.197749417,972574.728552743,1044759.81697125,951712.562259863
1460EP,418.517616271973,550271.92912519,975793.48324093,1049674.53546403,955986.54230316
1460EP,419.6103515625,553149.163066651,980083.978395323,1054336.77136176,960052.390718545
1460EP,420.703086853027,556033.899573801,986924.727938633,1058988.70829004,964069.796394606
1460EP,421.795822143555,558926.138646639,991447.450426139,1063428.95331346,967849.078196764
1460EP,422.888557434082,561825.880285165,996454.814369731,1068167.75059263,971991.455925264
1460EP,423.981292724609,564733.12448938,1000219.88918262,1072647.27526097,975904.248671859
1460EP,425.074028015137,567647.871259282,1004737.14391633,1077615.77084831,980230.504538284
1460EP,426.166763305664,570570.120594874,1009148.47681491,1082319.64936168,984344.870275081
1460EP,427.259498596191,573499.872496153,1014036.90302132,1086963.0489507,988349.317619077
1460EP,428.352233886719,576437.126963121,1018351.31397925,1091863.26961935,992644.924238897
1460EP,429.444969177246,579381.883995777,1022695.79051877,1096541.50091074,996720.903514132
1460EP,430.537704467773,582334.143594121,1026904.97194114,1101367.2915039,1000989.05491817
1460EP,431.630439758301,585293.905758153,1031339.64522542,1106379.03252021,1005397.29603796
1460EP,432.723175048828,588261.170487874,1035480.45943434,1111212.23831117,1009615.6144371
1460EP,433.815910339356,591235.937783284,1038693.1719907,1115909.54294671,1013754.4683486
1460EP,434.908645629883,594218.207644381,1042337.58647757,1120814.81854955,1017997.8100371
1460EP,436.00138092041,597207.980071167,1046645.2084332,1125560.43401959,1022121.26974651
1460EP,437.094116210938,600205.255063641,1051166.6839611,1130820.35123645,1026754.87396787
1460EP,438.186851501465,603210.032621803,1055932.56357159,1136004.1360255,1031257.42355742
1460EP,439.279586791992,606222.312745654,1061511.51844869,1140631.56320904,1035388.85382752
1460EP,440.37232208252,609242.095435193,1064980.71828575,1145631.68701774,1039715.61182752
1460EP,441.465057373047,612269.38069042,1069945.00835339,1151085.1483208,1044531.67277973
1460EP,442.557792663574,615304.168511335,1075950.4900833,1156196.32221163,1048926.50470286
1460EP,443.650527954102,618346.458897939,1078106.74183999,1161212.80273685,1053256.67483912
1460EP,444.743263244629,621396.251850232,1088323.09488567,1166589.33023485,1057939.12262718
1460EP,445.835998535156,624453.547368212,1096225.94950404,1171289.14945116,1062018.46394719
1460EP,446.928733825684,627518.345451881,1100997.05296843,1176222.31012258,1066353.2495981
1460EP,448.021469116211,630590.646101238,1105391.96387706,1181316.72611477,1070779.92830133
1460EP,449.114204406738,633670.449316283,1110226.98411618,1186525.12291436,1075336.09535487
1460EP,450.206939697266,636757.755097017,1115510.61448057,1191822.87462774,1079957.74222279
1460EP,451.299674987793,639852.563443438,1119247.95709071,1196616.9997498,1084102.68086939
1460EP,452.39241027832,642954.874355549,1123910.86351052,1201554.78232624,1088403.89184565
1460EP,453.485145568848,646064.687833347,1130441.43943719,1206779.57355223,1092998.0412451
1460EP,454.577880859375,649182.003876834,1135594.29980083,1212282.73750555,1097855.81488897
1460EP,455.670616149902,652306.822486009,1140997.5149403,1217655.60911102,1102546.65177276
1460EP,456.76335144043,655439.143660872,1146535.1011108,1222503.6043478,1106750.24462105
1460EP,457.856086730957,658578.967401424,1151270.43021097,1227373.77304332,1110961.04346178
1460EP,458.948822021484,661726.293707664,1157441.47749552,1232582.23970024,1115447.18072566
1460EP,460.041557312012,664881.122579592,1161789.89555945,1237329.00095443,1119621.25408519
1460EP,461.134292602539,668043.454017209,1166848.61298841,1242191.31605849,1123755.53631962
1460EP,462.227027893066,671213.288020514,1172080.57416494,1247603.43907074,1128368.26254181
1460EP,463.319763183594,674390.624589507,1177632.77056319,1252683.68553292,1132799.19926408
1460EP,464.412498474121,677575.463724188,1183873.70917119,1258475.95414703,1137864.90578099
1460EP,465.505233764649,680767.805424558,1190050.74495424,1263607.33438616,1142316.23343579
1460EP,466.597969055176,683967.649690616,1195004.03235814,1268934.4828195,1147021.08459766
1460EP,467.690704345703,687174.996522362,1200071.13610863,1274166.71344809,1151576.834588
1460EP,468.78343963623,690389.845919797,1206070.10900812,1279529.88406736,1156179.04268593
1460EP,469.876174926758,693612.19788292,1209121.98748749,1285199.0134419,1161137.15470694
1460EP,470.968910217285,696842.052411731,1214272.80352806,1290654.96306709,1165909.94098752
1460EP,472.061645507813,700079.409506231,1218800.38915802,1295641.53030124,1170291.90006482
1460EP,473.15438079834,703324.269166418,1223236.32325702,1300772.92035019,1174888.30898051
1460EP,474.247116088867,706576.631392295,1227855.56041795,1306174.0916762,1179697.87056162
1460EP,475.339851379395,709836.496183859,1232493.12788508,1311467.17052775,1184423.0322814
1460EP,476.432586669922,713103.863541112,1236452.47402303,1316303.46493564,1188727.35921585
1460EP,477.525321960449,716378.733464053,1241200.02332732,1321883.10231128,1193710.01041379
1460EP,478.618057250977,719661.105952682,1244057.05150641,1326761.67653822,1197959.65661239
1460EP,479.710792541504,722950.981006999,1248577.13837475,1331712.18328571,1202313.84998124
1460EP,480.803527832031,726248.358627005,1251018.23850981,1337195.05797234,1207185.10287653
1460EP,481.896263122559,729553.2388127,1256032.11638057,1342581.06793802,1211861.36963935
1460EP,482.988998413086,732865.621564082,1259603.77134041,1348001.22872027,1216580.16800147
1460EP,484.081733703613,736185.506881153,1263994.18395445,1353084.18236403,1221120.08455995
1460EP,485.174468994141,739512.894763912,1270583.50415661,1358298.56240987,1225664.72791132
1460EP,486.267204284668,742847.785212359,1275394.59852238,1363536.45095334,1230289.63510849
1460EP,487.359939575195,746190.178226495,1280262.51683735,1368875.6807714,1234971.81923859
1460EP,488.452674865723,749540.073806319,1285585.02674594,1374538.00464678,1239920.78674671
1460EP,489.54541015625,752897.471951831,1290623.41690852,1380027.01280085,1244713.35328259
1460EP,490.638145446777,756262.372663032,1295775.4549695,1385422.34852256,1249409.93786804
1460EP,491.730880737305,759634.77593992,1301230.55409289,1390957.89627265,1254272.66840202
1460EP,492.823616027832,763014.681782498,1306060.58977506,1396374.084448,1259047.30441605
1460EP,493.916351318359,766402.090190763,1311136.86257044,1401839.96377749,1263852.72995887
1460EP,495.009086608887,769797.001164717,1313624.78541123,1406670.09367526,1268100.11762099
1460EP,496.101821899414,773199.414704359,1318258.02964588,1411817.70015986,1272650.621545
1460EP,497.194557189941,776609.330809689,1323191.73064079,1417262.04454472,1277436.82903798
1460EP,498.287292480469,780026.749480708,1328087.03707542,1422503.26355195,1282040.10185519
1460EP,499.380027770996,783451.670717414,1333366.28911276,1428311.08444605,1287159.25762857
1460EP,500.472763061524,786884.09451981,1338645.54115011,1433714.45597104,1291854.10011865
1460EP,501.565498352051,790324.020887893,1343176.09926216,1438603.00746837,1296108.26050747
1460EP,502.658233642578,793771.449821665,1347616.67828569,1444355.47365494,1301201.76338214
1460EP,503.750968933105,797226.381321125,1352661.2533679,1449801.18167146,1305982.10696788
1460EP,504.843704223633,800688.815386273,1357628.51695461,1455284.61008919,1310834.28664238
1460EP,505.93643951416,804158.75201711,1362692.41991071,1460689.19217204,1315574.38049045
1460EP,507.029174804688,807636.191213635,1367195.81452433,1465895.59134903,1320211.6137416
1460EP,508.121910095215,811121.132975848,1379768.93438201,1471202.19631674,1324762.13144319
1460EP,509.214645385742,814613.57730375,1385503.9388878,1476549.89240828,1329451.7470884
1460EP,510.30738067627,818113.52419734,1390846.1904501,1482114.18946767,1334242.31101691
1460EP,511.400115966797,821620.973656618,1396208.45044522,1487653.30830833,1339023.14235069
1460EP,512.492851257324,825135.925681584,1401270.58394808,1493181.19416668,1343942.73597762
1460EP,513.585586547852,828658.380272239,1406332.71745093,1498693.24189775,1348827.27648285
1460EP,514.678321838379,832188.337428582,1410221.30670271,1504221.08372374,1353694.6794377
1460EP,515.771057128906,835725.797150614,1415540.99556417,1509807.12716382,1358645.70896841
1460EP,516.863792419434,839270.759438333,1420780.08307925,1515542.52799865,1363720.92552331
1460EP,517.956527709961,842823.224291741,1425354.20948664,1520726.82746507,1368298.62611183
1460EP,519.049263000488,846383.191710837,1430961.94668492,1526120.21962093,1373125.05179853
1460EP,520.141998291016,849950.661695622,1436010.69325071,1531896.20536367,1378248.6973342
1460EP,521.234733581543,853525.634246095,1441772.90966128,1537823.91791929,1383435.5107246
1460EP,522.32746887207,857108.109362256,1445375.64319457,1543178.06586071,1388080.83650589
1460EP,523.420204162598,860698.087044105,1450326.84759195,1548724.31841516,1393004.56811055
1460EP,524.512939453125,864295.567291643,1454546.86146651,1553867.3310118,1397631.38258658
1460EP,525.605674743652,867900.550104869,1458871.33113005,1558950.01041998,1402159.36311547
1460EP,526.69841003418,871513.035483783,1462564.26883091,1564424.83387532,1407024.61749796
1460EP,527.791145324707,875133.023428386,1465082.55296995,1570010.9993767,1411918.8787349
1460EP,528.883880615234,878760.513938676,1470277.27966939,1575847.90323042,1417121.30658823
1460EP,529.976615905762,882395.507014656,1475153.96187702,1581190.50557305,1421811.67024414
1460EP,531.069351196289,886038.002656323,1480369.89154258,1586373.08634242,1426326.57446155
1460EP,532.162086486816,889688.000863679,1483190.52371975,1592173.28416533,1431553.03514885
1460EP,533.254821777344,893345.501636723,1488082.51032398,1597557.20360037,1436274.91235187
1460EP,534.347557067871,897010.504975455,1493102.67124972,1602897.21829409,1441040.22523515
1460EP,535.440292358399,900683.010879876,1498806.42855684,1609107.96676477,1446449.84634839
1460EP,536.533027648926,904363.019349985,1503869.31425641,1614626.09643046,1451297.68331014
1460EP,537.625762939453,908050.530385782,1508804.02563448,1620044.74419715,1456041.63869017
1460EP,538.718498229981,911745.543987268,1513995.08565557,1625688.62090494,1461043.78740776
1460EP,539.811233520508,915448.060154442,1519865.79823275,1631087.91070514,1465834.95490202
1460EP,540.903968811035,919158.078887304,1526339.73009592,1636701.3891279,1470891.6143109
1460EP,541.996704101563,922875.600185854,1531515.55492633,1642309.34803453,1475781.43099784
1460EP,543.08943939209,926600.624050093,1536250.8840265,1648062.74324935,1480881.9345042
1460EP,544.182174682617,930333.15048002,1543169.764227,1654116.03250634,1486372.26266844
1460EP,545.274909973145,934073.179475635,1550063.37336955,1659954.92176297,1491552.31810951
1460EP,546.367645263672,937820.711036939,1555253.59235177,1665516.8257268,1496367.33296446
1460EP,547.460380554199,941575.745163931,1557765.42965136,1671440.20157539,1501615.40593954
1460EP,548.553115844727,945338.281856611,1563408.67918434,1676182.18972574,1505880.92624788
1460EP,549.645851135254,949108.321114979,1568500.10503283,1681937.67640888,1510896.28374979
1460EP,550.738586425781,952885.862939036,1573653.80623379,1687522.35421115,1515792.33120658
1460EP,551.831321716309,956670.907328781,1579082.11032423,1693501.03790157,1521035.21989067
1460EP,552.924057006836,960463.454284215,1584233.22441855,1699376.73826999,1526195.14916166
1460EP,554.016792297363,964263.503805336,1589777.0243407,1705204.89056185,1531310.58696642
1460EP,555.109527587891,968071.055892146,1595089.83259942,1711118.78738102,1536509.31014034
1460EP,556.202262878418,971886.110544644,1600448.83919083,1716766.12577194,1541445.04909552
1460EP,557.294998168945,975708.667762831,1605507.55661979,1722530.04857268,1546482.73549533
1460EP,558.387733459473,979538.727546706,1611587.74947839,1728179.76663889,1551454.53397288
1460EP,559.48046875,983376.289896269,1617130.41337596,1734010.34792686,1556604.11927776
1461EP,0,0,0,0,0
1461EP,1.09438323974609,3.76260596174391,30.9251777848835,30.9349911522195,30.9251777848835
1461EP,2.18876647949219,15.0504238469756,130.32753495058,130.41188546798,130.32753495058
1461EP,3.28314971923828,33.8634536556952,249.610363549417,249.847794690908,249.610363549417
1461EP,4.37753295898438,60.2016953879026,413.072017555229,413.584436399357,413.072017555229
1461EP,5.47191619873047,94.0651490435977,569.906847749996,570.770661994064,569.906847749996
1461EP,6.56629943847656,135.453814622781,737.786384296506,739.105865830266,737.786384296506
1461EP,7.66068267822266,184.367692125452,921.128509735458,923.045331612622,921.128509735458
1461EP,8.75506591796875,240.80678155161,1093.42592882267,1095.99131543247,1093.42592882267
1461EP,9.84944915771484,304.771082901257,1258.16620702261,1260.15333044477,1256.88758282848
1461EP,10.9438323974609,376.260596174391,1430.63890324012,1433.28038495176,1429.18500191569
1461EP,12.038215637207,455.275321371013,1580.99971532718,1584.29454442684,1579.39300829941
1461EP,13.1325988769531,541.815258491123,1766.73954202296,1770.92784583644,1764.94407500871
1461EP,14.2269821166992,635.880407534721,1925.9451077622,1930.96399290132,1923.98784647382
1461EP,15.3213653564453,737.470768501806,2100.62899239275,2106.67574413224,2098.49420683138
1461EP,16.4157485961914,846.58634139238,2321.74783369725,2329.1663452691,2319.38833386626
1461EP,17.5101318359375,963.227126206441,2518.54360245826,2527.2255494331,2515.98410692731
1461EP,18.6045150756836,1087.39312294399,2766.1967047193,2776.63389220479,2763.38552920637
1461EP,19.6988983154297,1219.08433160503,2962.99247348031,2974.91493480285,2959.98130226742
1461EP,20.7932815551758,1358.30075218955,3199.58963367612,3213.47919513728,3196.33801819474
1461EP,21.8876647949219,1505.04238469756,3482.62175054588,3499.01394657079,3479.08250079939
1461EP,22.982048034668,1659.30922912906,3736.90841804606,3755.59547836127,3733.11074688951
1461EP,24.0764312744141,1821.10128548405,4037.63004222018,4059.23871454802,4033.52675965695
1461EP,25.1708145141602,1990.41855376253,4320.6351384576,4342.91515523807,4314.06230099125
1461EP,26.2651977539063,2167.26103396449,4592.88827474361,4617.68551796867,4585.76207724415
1461EP,27.3595809936523,2351.62872608994,4876.20861169165,4908.27763369682,4875.95900572865
1461EP,28.4539642333984,2543.52163013888,5135.98435355134,5178.94348476598,5143.24089944086
1461EP,29.5483474731445,2742.93974611131,5492.71148078248,5539.24972146801,5498.88044396702
1461EP,30.6427307128906,2949.88307400723,5847.22291157118,5897.49001611178,5852.31104722283
1461EP,31.7371139526367,3164.35161382663,6215.02852101446,6271.65348832063,6221.66818821533
1461EP,32.8314971923828,3386.34536556952,6562.89286247588,6623.6929427285,6568.47196766009
1461EP,33.9258804321289,3615.8643292359,6884.16884662814,6949.01155134469,6888.76845186067
1461EP,35.020263671875,3852.90850482576,7207.66052722283,7276.61653836091,7211.2738773316
1461EP,36.1146469116211,4097.47789233912,7627.55535129584,7700.83194710099,7628.76377742752
1461EP,37.2090301513672,4349.57249177596,8004.60810201416,8087.06075298392,8012.06992170938
1461EP,38.3034133911133,4609.19230313629,8386.09676744681,8478.05614730398,8399.82607001552
1461EP,39.3977966308594,4876.33732642011,8743.18790195062,8842.19773672232,8759.38512330435
1461EP,40.4921798706055,5151.00756162741,9069.61050862608,9179.68717929979,9094.17096776424
1461EP,41.5865631103516,5433.20300875821,9493.67308075523,9609.45117116264,9516.07875040086
1461EP,42.6809463500977,5722.92366781249,9975.46144804332,10102.5363057011,10001.2002502161
1461EP,43.7753295898438,6020.16953879026,10434.6049039459,10564.32864633,10454.9035518582
1461EP,44.8697128295898,6324.94062169151,10936.888334892,11073.6508129005,10954.1242789571
1461EP,45.9640960693359,6637.23691651626,11414.7243422079,11558.4415448315,11429.0466520821
1461EP,47.058479309082,6957.05842326449,11881.4478842375,12032.3400650575,11892.9243188553
1461EP,48.1528625488281,7284.40514193621,12345.9489332097,12504.0297985799,12354.5930443582
1461EP,49.2472457885742,7619.27707253142,12912.5527236181,13077.5304706212,12917.2363866157
1461EP,50.3416290283203,7961.67421505011,13453.1713162851,13626.4839117208,13454.0091153105
1461EP,51.4360122680664,8311.5965694923,14017.0359978343,14198.3719394249,14015.3158000389
1461EP,52.5303955078125,8669.04413585797,14569.3437397254,14759.3077555655,14563.1332350854
1461EP,53.6247787475586,9034.01691414713,15068.0515913303,15261.9196120683,15053.8291155231
1461EP,54.7191619873047,9406.51490435977,15576.3391727512,15780.5320006485,15560.0306276628
1461EP,55.8135452270508,9786.53810649591,16153.7360305932,16367.5032373021,16132.1464166831
1461EP,56.9079284667969,10174.0865205555,16740.0502144251,16968.2915005183,16719.8020264178
1461EP,58.002311706543,10569.1601465386,17241.6498013536,17480.6684151176,17220.3087500883
1461EP,59.0966949462891,10971.7589844452,17758.8547087642,18011.4140921002,17739.4406286985
1461EP,60.1910781860352,11381.8830342753,18313.9582516317,18583.6575162355,18297.6201144582
1461EP,61.2854614257813,11799.5322960289,18969.3817118849,19253.592787741,18949.8046773808
1461EP,62.3798446655274,12224.706769706,19680.5384595745,19982.9301005638,19660.7739606357
1461EP,63.4742279052734,12657.4064553065,20353.7965718074,20674.0850904261,20333.4108412149
1461EP,64.5686111450195,13097.6313528305,20953.486744624,21299.5199666584,20945.7658649081
1461EP,65.6629943847656,13545.3814622781,21613.3688678721,21977.8327467815,21605.6719244695
1461EP,66.7573776245117,14000.6567836491,22352.5423324692,22726.9033234818,22333.6862357069
1461EP,67.8517608642578,14463.4573169436,23007.0791007496,23401.1870903829,22988.6551556377
1461EP,68.9461441040039,14933.7830621616,23694.9039438336,24112.1504615056,23679.6523345518
1461EP,70.04052734375,15411.6340193031,24421.6728926582,24855.5975533269,24400.0462651814
1461EP,71.1349105834961,15897.010188368,25164.0953265345,25617.4175331468,25139.7083902231
1461EP,72.2292938232422,16389.9115693565,25926.6436697628,26405.0792943212,25905.1329590233
1461EP,73.3236770629883,16890.3381622684,26718.2627709441,27215.4578296964,26689.6136996546
1461EP,74.4180603027344,17398.2899671038,27441.9572159371,27971.600976275,27421.744757383
1461EP,75.5124435424805,17913.7669838628,28303.882573863,28827.0667016006,28250.4872599895
1461EP,76.6068267822266,18436.7692125452,29095.7093727672,29643.1681975536,29041.5864760091
1461EP,77.7012100219727,18967.296653151,29945.3571579235,30503.1876398421,29875.2689850627
1461EP,78.7955932617188,19505.3493056804,30779.502113956,31364.1366853882,30709.9828365906
1461EP,79.8899765014649,20050.9271701333,31619.8726108158,32202.9643984085,31522.7646893415
1461EP,80.9843597412109,20604.0302465096,32459.3678640269,33094.897053219,32384.8905965535
1461EP,82.078742980957,21164.6585348095,33338.296869951,33998.7386043796,33259.1247569345
1461EP,83.1731262207031,21732.8120350328,34147.1826903131,34832.0768146211,34062.4795846859
1461EP,84.2675094604492,22308.4907471796,35044.1873570275,35762.0546685309,34959.6948495321
1461EP,85.3618927001953,22891.6946712499,35896.0028717663,36653.5067630942,35822.7451564089
1461EP,86.4562759399414,23482.4238072437,36797.366575305,37591.1240375422,36734.1640522463
1461EP,87.5506591796875,24080.678155161,37748.1555807369,38552.3700078064,37663.4722246766
1461EP,88.6450424194336,24686.4577150018,38705.4605136255,39529.3583664882,38611.3543357706
1461EP,89.7394256591797,25299.7624867661,39666.4674385993,40518.8753396736,39564.6780586005
1461EP,90.8338088989258,25920.5924704538,40545.0939594105,41423.8353942186,40437.2874331663
1461EP,91.9281921386719,26548.947666065,41554.7507479913,42476.0195785787,41458.6435549081
1461EP,93.022575378418,27184.8280735997,42555.3319699331,43521.9849145799,42470.3933115198
1461EP,94.1169586181641,27828.233693058,43453.8130671869,44451.2292892292,43364.6499009274
1461EP,95.2113418579102,28479.1645244397,44335.0439494813,45394.6842784584,44272.533677343
1461EP,96.3057250976563,29137.6205677448,45254.9052609332,46331.7380518856,45169.8699416276
1461EP,97.4001083374024,29803.6018229735,46238.3619223126,47347.8266165558,46147.4262468972
1461EP,98.4944915771484,30477.1082901257,47253.0246850554,48386.901649037,47151.1030031908
1461EP,99.5888748168945,31158.1399692013,48260.2464497419,49429.0219596625,48154.8493254293
1461EP,100.683258056641,31846.6968602005,49244.7318314784,50455.1117876274,49139.6393960841
1461EP,101.777641296387,32542.7789631231,50270.4331568411,51546.858361751,50191.9585107943
1461EP,102.872024536133,33246.3862779692,51233.5116387744,52618.3512232564,51229.5923687603
1461EP,103.966407775879,33957.5188047388,52234.7809086592,53651.1442682285,52219.958452381
1461EP,105.060791015625,34676.1765434319,53221.1914660102,54649.9566237045,53176.8854462835
1461EP,106.155174255371,35402.3594940485,54230.2468235767,55751.8520226096,54231.4320746814
1461EP,107.249557495117,36136.0676565885,55224.4794433034,56791.2898679031,55231.6880763029
1461EP,108.343940734863,36877.3010310521,56248.4247620104,57851.7698356779,56247.3157835657
1461EP,109.438323974609,37626.0596174391,57281.5124496345,58924.9609165505,57275.9234665671
1461EP,110.532707214355,38382.3434157496,58307.7433605708,59993.3183943915,58300.8614100817
1461EP,111.627090454102,39146.1524259836,59317.0141656289,61032.1503987382,59299.0657901352
1461EP,112.721473693848,39917.4866481411,60363.2068304661,62085.8977455648,60309.842659932
1461EP,113.815856933594,40696.3460822221,61499.5028430043,63193.3995402585,61368.5377510882
1461EP,114.91024017334,41482.7307282266,62523.1841048422,64250.7274704733,62381.2842659665
1461EP,116.004623413086,42276.6405861546,63675.1331409247,65476.2138495912,63560.0012208633
1461EP,117.099006652832,43078.075656006,64733.119968497,66582.4453876608,64622.9391937339
1461EP,118.193389892578,43887.035937781,65927.1007455829,67824.7279367293,65814.5366265917
1461EP,119.287773132324,44703.5214314794,66996.2038514063,68969.9793427186,66916.4851668951
1461EP,120.38215637207,45527.5321371013,68157.6645942144,70155.2611526199,68055.0132871977
1461EP,121.476539611816,46359.0680546467,69358.8028186693,71402.1363676029,69249.1656082045
1461EP,122.570922851563,47198.1291841156,70513.4703660574,72589.053982917,70384.0003531751
1461EP,123.665306091309,48044.715525508,71684.6658336587,73803.9672470291,71554.0277272859
1461EP,124.759689331055,48898.8270788239,72772.6248096468,74961.1247406209,72669.1263843808
1461EP,125.854072570801,49760.4638440632,73932.49578618,76172.913562707,73829.4518498077
1461EP,126.948455810547,50629.6258212261,75106.2852144316,77411.5807697172,75016.0190869176
1461EP,128.042839050293,51506.3130103124,76270.795674871,78651.2572320997,76211.8604247204
1461EP,129.137222290039,52390.5254113222,77427.4695711484,79887.7231166608,77395.4540601406
1461EP,130.231605529785,53282.2630242555,78700.0463009483,81214.8324981516,78660.3052194055
1461EP,131.325988769531,54181.5258491123,79935.4675057905,82493.6026275235,79874.2221494797
1461EP,132.420372009277,55088.3138858926,81143.0220669146,83765.6556936701,81089.5935556679
1461EP,133.514755249023,56002.6271345964,82345.9321874189,85029.4362985141,82291.3222327211
1461EP,134.60913848877,56924.4655952236,83583.675612571,86324.0864632858,83524.6105727087
1461EP,135.703521728516,57853.8292677744,84735.4222967411,87572.7541851545,84716.6335692954
1461EP,136.797904968262,58790.7181522486,85961.8529784137,88866.5420753305,85948.6567662044
1461EP,137.892288208008,59735.1322486463,87218.8314971598,90178.2084425159,87194.6689315379
1461EP,138.986671447754,60687.0715569675,88424.1231003439,91455.9240411581,88424.0892350567
1461EP,140.0810546875,61646.5360772122,89719.8771353202,92808.3376126592,89710.5370094347
1461EP,141.175437927246,62613.5258093804,90961.9332553334,94112.3629580967,90951.8409151336
1461EP,142.269821166992,63588.0407534721,92195.6221406309,95390.7602143994,92166.7963553175
1461EP,143.364204406738,64570.0809094872,93464.7230309993,96742.6806741952,93458.1644509792
1461EP,144.458587646484,65559.6462774259,94738.9012920474,98038.4147928081,94693.0185334131
1461EP,145.55297088623,66556.736857288,96099.7424127624,99477.9094819753,96064.4592047498
1461EP,146.647354125977,67561.3526490736,97444.1878573242,100900.80478544,97418.7998426448
1461EP,147.741737365723,68573.4936527828,98874.0985116073,102335.649057602,98776.3718195976
1461EP,148.836120605469,69593.1598684154,100248.131468537,103768.006271174,100130.660108969
1461EP,149.930503845215,70620.3512959714,101491.762474718,105122.701534237,101418.105211189
1461EP,151.024887084961,71655.067935451,102979.208601144,106673.221504261,102883.837597574
1461EP,152.119270324707,72697.3097868541,104476.054071182,108258.471672539,104389.333178034
1461EP,153.213653564453,73747.0768501806,105878.227094087,109687.65259121,105742.1951884
1461EP,154.308036804199,74804.3691254307,107244.959301904,111131.19695733,107109.541895797
1461EP,155.402420043945,75869.1866126042,108745.848475031,112654.221217159,108550.290683694
1461EP,156.496803283691,76941.5293117012,110257.065818413,114190.613104598,110005.433428816
1461EP,157.591186523438,78021.3972227217,111676.26985576,115697.956940325,111440.947994348
1461EP,158.685569763184,79108.7903456657,113358.592487007,117303.862159375,112963.909912769
1461EP,159.77995300293,80203.7086805332,114859.376731839,118858.61644291,114428.999977653
1461EP,160.874336242676,81306.1522273241,116372.929493406,120400.473310317,115880.196247896
1461EP,161.968719482422,82416.1209860386,117886.85488423,122005.768013952,117401.843104273
1461EP,163.063102722168,83533.6149566765,119334.338408372,123516.05906602,118819.842844092
1461EP,164.157485961914,84658.634139238,120901.94633785,125153.540269214,120364.034329053
1461EP,165.25186920166,85791.1785337229,122277.370778947,126611.08396591,121741.216595628
1461EP,166.346252441406,86931.2481401313,123871.290762014,128245.466530642,123280.634742078
1461EP,167.440635681152,88078.8429584632,125375.90639042,129878.31158779,124836.453432448
1461EP,168.535018920898,89233.9629887186,126894.806344413,131474.335152211,126334.442865062
1461EP,169.629402160645,90396.6082308974,128361.460959903,133029.252050231,127791.502704441
1461EP,170.723785400391,91566.7786849998,129860.576392035,134612.503953455,129279.525179473
1461EP,171.818168640137,92744.4743510256,131469.325067217,136317.08453116,130880.940193456
1461EP,172.912551879883,93929.695228975,132947.776230652,138004.183675386,132468.851262881
1461EP,174.006935119629,95122.4413188478,134428.689296822,139585.304705725,133964.163022371
1461EP,175.101318359375,96322.7126206441,136036.196544454,141287.157651954,135563.095601985
1461EP,176.195701599121,97530.5091343639,137517.109610624,142883.723175029,137069.79114248
1461EP,177.290084838867,98745.8308600072,139117.45903294,144598.747365151,138694.406327699
1461EP,178.384468078613,99968.6777975739,140817.600207116,146389.807710901,140373.677775015
1461EP,179.478851318359,101199.049947064,142343.183989289,148016.81351825,141902.963701774
1461EP,180.573234558105,102436.947308478,143864.881746544,149710.123816403,143492.994208057
1461EP,181.667617797852,103682.369881815,145580.754203409,151548.688705225,145231.086255548
1461EP,182.762001037598,104935.317667076,147169.613754947,153260.633297382,146845.001414157
1461EP,183.856384277344,106195.79066426,148813.419992309,154951.215853117,148442.737296105
1461EP,184.95076751709,107463.788873368,150497.631816122,156695.364100769,150074.801430959
1461EP,186.045150756836,108739.312294399,152173.562488645,158493.139635354,151774.254426732
1461EP,187.139533996582,110022.360927354,153838.162325163,160288.63873664,153457.416168305
1461EP,188.233917236328,111312.934772232,155430.405483375,162036.197145081,155093.23160901
1461EP,189.328300476074,112611.033829033,157083.059046551,163838.155997836,156783.727978135
1461EP,190.42268371582,113916.658097759,158961.350343965,165757.859666521,158573.627067204
1461EP,191.517066955566,115229.807578407,160737.102453047,167633.863371024,160323.477082296
1461EP,192.611450195313,116550.482270979,162348.822009051,169391.423665455,161975.474076561
1461EP,193.705833435059,117878.682175475,164031.294001597,171183.399896981,163648.744018084
1461EP,194.800216674805,119214.407291894,165837.221089284,173002.243356563,165355.378571116
1461EP,195.894599914551,120557.657620237,167538.985194051,174861.355972615,167096.940141502
1461EP,196.988983154297,121908.433160503,169230.848872239,176640.890190856,168764.179637399
1461EP,198.083366394043,123266.733912692,171025.788570562,178559.200574453,170550.953358785
1461EP,199.177749633789,124632.559876805,172670.444652481,180330.289051383,172208.713755174
1461EP,200.272132873535,126005.911052842,174442.346141151,182207.194338416,173956.929870976
1461EP,201.366516113281,127386.787440802,176031.781316182,184104.30600904,175737.066757034
1461EP,202.460899353027,128775.189040685,177775.110938556,185965.272537728,177473.249466974
1461EP,203.555282592773,130171.115852492,179479.233725249,187828.212835568,179211.759205657
1461EP,204.64966583252,131574.567876223,181367.810505223,189823.216688489,181069.622245278
1461EP,205.744049072266,132985.545111877,183110.158899347,191726.602506584,182867.260527945
1461EP,206.838432312012,134404.047559454,184976.681460071,193684.050444895,184696.935935713
1461EP,207.932815551758,135830.075218955,186827.597460158,195676.80744636,186573.411172605
1461EP,209.027198791504,137263.62809038,188605.65337728,197550.945066041,188342.038002629
1461EP,210.12158203125,138704.706173728,190366.417144667,199436.368319722,190106.894568093
1461EP,211.215965270996,140153.309468999,192217.788098756,201301.805478527,191845.817566366
1461EP,212.310348510742,141609.437976194,194004.882993936,203294.668504906,193709.660528344
1461EP,213.404731750488,143073.091695312,195813.716446875,205251.811204703,195541.033210273
1461EP,214.499114990234,144544.270626354,197777.403948889,207249.909494489,197399.170218182
1461EP,215.59349822998,146022.974769319,199763.191253668,209369.671248307,199374.35388822
1461EP,216.687881469727,147509.204124208,201593.08612016,211292.310204101,201165.712469328
1461EP,217.782264709473,149002.958691021,203507.524788562,213351.399707478,203079.468296338
1461EP,218.876647949219,150504.238469756,205225.363480703,215206.232421085,204810.608309751
1461EP,219.971031188965,152013.043460416,207224.758201474,217277.639218655,206742.86711676
1461EP,221.065414428711,153529.373662999,209018.039691088,219203.994286021,208547.66354347
1461EP,222.159797668457,155053.229077505,210874.32843135,221215.251566911,210415.234501159
1461EP,223.254180908203,156584.609703935,212959.609991789,223371.898864484,212409.022355583
1461EP,224.348564147949,158123.515542288,214951.443891567,225510.804369212,214402.1193975
1461EP,225.442947387695,159669.946592565,216801.905550042,227511.119335133,216267.52727749
1461EP,226.537330627441,161223.902854765,218739.803121711,229560.822589345,218180.836723054
1461EP,227.631713867188,162785.384328889,220685.931751615,231675.778443371,220145.409977554
1461EP,228.726097106934,164354.391014936,222569.877712962,233676.193052513,222019.367662898
1461EP,229.82048034668,165930.922912906,224526.615100408,235779.897342529,223970.586402034
1461EP,230.914863586426,167514.980022801,226333.205444637,237778.360568654,225833.117982505
1461EP,232.009246826172,169106.562344618,228113.545791399,239826.894416226,227749.862269827
1461EP,233.103630065918,170705.669878359,230039.992293115,241973.224342448,229752.671823762
1461EP,234.198013305664,172312.302624024,232016.956880464,244155.738267447,231788.266915786
1461EP,235.29239654541,173926.460581612,233988.357543323,246243.899798904,233720.330663768
1461EP,236.386779785156,175548.143751124,236071.666462524,248491.971223293,235800.994265531
1461EP,237.481163024902,177177.352132559,238084.3519966,250655.366129504,237809.903644709
1461EP,238.575546264648,178814.085725918,240145.566750405,252857.428426484,239849.977573768
1461EP,239.669929504395,180458.3445312,242045.868828264,254899.030072524,241757.248960473
1461EP,240.764312744141,182110.128548405,244161.565519093,257086.520090525,243788.542184199
1461EP,241.858695983887,183769.437777534,246274.565624235,259375.91860066,245925.896457493
1461EP,242.953079223633,185436.272218587,248454.066150664,261630.696378944,248023.545977647
1461EP,244.047462463379,187110.631871563,250412.355104033,263749.998301397,249989.8278042
1461EP,245.141845703125,188792.516736462,252550.555658816,266111.410926045,252187.562264905
1461EP,246.236228942871,190481.926813285,254714.842547836,268434.459372382,254361.742841068
1461EP,247.330612182617,192178.862102032,256821.960068895,270707.116501339,256500.954938786
1461EP,248.424995422363,193883.322602702,258853.913845801,272962.44637075,258607.235879041
1461EP,249.519378662109,195595.308315295,260909.137452256,275112.059268216,260610.441339278
1461EP,250.613761901856,197314.819239812,263160.271646305,277306.799368011,262641.042479344
1461EP,251.708145141602,199041.855376253,265140.259564462,279507.038995287,264696.606960376
1461EP,252.802528381348,200776.416724617,267233.265372642,281720.62296085,266741.736041002
1461EP,253.896911621094,202518.503284904,269338.978197042,284012.919316788,268861.699213568
1461EP,254.99129486084,204268.115057115,271457.976452029,286356.427394547,271048.643807353
1461EP,256.085678100586,206025.25204125,273495.923276756,288609.569759911,273148.174380368
1461EP,257.180061340332,207789.914237307,275520.513634073,290938.753771021,275305.744343008
1461EP,258.274444580078,209562.101645289,277659.558139691,293313.199781406,277534.346279335
1461EP,259.368827819824,211341.814265194,279761.94461364,295610.299033596,279667.329848548
1461EP,260.46321105957,213129.052097022,281930.317827966,297949.227583895,281831.225448677
1461EP,261.557594299316,214923.815140774,284155.461783748,300275.007374958,283991.514127097
1461EP,262.651977539063,216726.103396449,286247.975102663,302563.631611254,286108.18470052
1461EP,263.746360778809,218535.916864048,288585.753672459,304875.784011324,288234.21404996
1461EP,264.840744018555,220353.25554357,290629.50655783,307261.454004974,290456.403711813
1461EP,265.935127258301,222178.119435016,292741.889033372,309554.881138587,292572.291513012
1461EP,267.029510498047,224010.508538385,294973.309686709,311981.974361102,294820.14695746
1461EP,268.123893737793,225850.422853678,297311.920778518,314451.216053907,297105.017055997
1461EP,269.218276977539,227697.862380894,299538.148485152,316891.62516409,299370.298634632
1461EP,270.312660217285,229552.827120034,301752.478600237,319425.440221638,301722.172754957
1461EP,271.407043457031,231415.317071097,304013.232024028,321896.748480789,304013.246711935
1461EP,272.501426696777,233285.332234084,306157.778496129,324259.971148696,306204.380838828
1461EP,273.595809936523,235162.872608994,308494.93329971,326871.600468211,308630.196146344
1461EP,274.69019317627,237047.938195828,310856.275394054,329475.482516847,311043.389252535
1461EP,275.784576416016,238940.528994585,312939.89722432,331961.474420985,313375.226712709
1461EP,276.878959655762,240840.645005266,315153.185346699,334303.569315732,315531.337850915
1461EP,277.973342895508,242748.28622787,317371.878324077,336709.285522961,317772.071466149
1461EP,279.067726135254,244663.452662398,319635.854136547,339187.032133062,320059.744156195
1461EP,280.162109375,246586.144308849,322219.306742662,341742.818595505,322435.494675952
1461EP,281.256492614746,248516.361167224,324771.799214306,344445.72345101,324956.149200662
1461EP,282.350875854492,250454.103237522,327142.512948277,347016.579373288,327329.740243405
1461EP,283.445259094238,252399.370519743,329531.872745325,349635.511100377,329750.263862145
1461EP,284.539642333984,254352.163013888,331559.386071304,352183.276857761,332111.558011171
1461EP,285.63402557373,256312.480719957,334011.376170295,354821.618415881,334536.2839376
1461EP,286.728408813477,258280.323637949,336186.763344606,357294.187272992,336812.729513615
1461EP,287.822792053223,260255.691767865,338284.334753284,359767.381555824,339104.360361922
1461EP,288.917175292969,262238.585109704,340546.546818461,362421.372293502,341566.435406916
1461EP,290.011558532715,264229.003663466,343116.07927492,365229.286143585,344157.729750607
1461EP,291.105941772461,266226.947429152,345389.334404114,367734.289087073,346467.676923713
1461EP,292.200325012207,268232.416406762,347713.764708018,370248.182584538,348765.634214829
1461EP,293.294708251953,270245.410596295,350075.903035391,372822.956420967,351153.066144019
1461EP,294.389091491699,272265.929997751,352424.574211525,375373.46525923,353502.645927209
1461EP,295.483474731445,274293.974611131,354665.508177745,377877.598681721,355824.562858441
1461EP,296.577857971191,276329.544436434,357058.002733867,380434.555425955,358158.141283455
1461EP,297.672241210938,278372.639473661,359242.388031781,382941.749850826,360494.49108207
1461EP,298.766624450684,280423.259722812,361923.026331395,385681.416349517,363007.852616809
1461EP,299.86100769043,282481.405183886,364261.536843422,388274.958002857,365412.100533566
1461EP,300.955390930176,284547.075856883,366731.763746673,391182.309841003,368106.955798935
1461EP,302.049774169922,286620.271741804,369262.355260906,393923.66772069,370661.159719371
1461EP,303.144157409668,288700.992838648,371628.236960961,396655.775500816,373176.961143721
1461EP,304.238540649414,290789.239147416,373828.967743133,399273.669116885,375586.786102749
1461EP,305.33292388916,292885.010668108,376515.209133486,402116.8844219,378211.358160721
1461EP,306.427307128906,294988.307400723,378787.717210796,404764.484416358,380648.162065332
1461EP,307.521690368652,297099.129345261,381231.058345147,407658.920963173,383291.300901613
1461EP,308.616073608398,299217.476501723,383593.428551967,410440.090784694,385873.332016787
1461EP,309.710456848145,301343.348870108,386180.528500412,413348.39933618,388564.234341608
1461EP,310.804840087891,303476.746450417,388623.42206389,416090.687879509,391091.127853765
1461EP,311.899223327637,305617.669242649,390963.92543963,418750.334285682,393551.128049078
1461EP,312.993606567383,307766.117246805,393542.798658731,421491.512373305,396080.48177888
1461EP,314.087989807129,309922.090462884,396100.940983052,424380.09483258,398723.888054117
1461EP,315.182373046875,312085.588890887,398871.906219443,427153.346681272,401237.762760818
1461EP,316.276756286621,314256.612530813,401356.855156938,430054.245970029,403883.36540745
1461EP,317.371139526367,316435.161382663,403925.147671083,432942.338544227,406548.673779268
1461EP,318.465522766113,318621.235446436,406373.806192757,435832.377765601,409193.437322964
1461EP,319.559906005859,320814.834722133,408937.423236526,438780.982292887,411908.793770443
1461EP,320.654289245605,323015.959209753,411491.755734554,441795.276899468,414687.769023206
1461EP,321.748672485352,325224.608909297,413959.960773525,444543.591293167,417225.803595918
1461EP,322.843055725098,327440.783820764,416403.715850857,447309.509986345,419761.637714004
1461EP,323.937438964844,329664.483944154,418739.617906896,450205.223496725,422401.067439201
1461EP,325.03182220459,331895.709279469,421236.012694025,453059.918680324,425008.025477907
1461EP,326.126205444336,334134.459826706,423687.925375075,455917.729336764,427623.268067794
1461EP,327.220588684082,336380.735585867,426132.796992655,458921.912460544,430415.024499973
1461EP,328.314971923828,338634.536556952,428494.343078947,461888.926165451,433159.395139594
1461EP,329.409355163574,340895.86273996,430820.286685617,464670.295297144,435711.672180575
1461EP,330.50373840332,343164.714134892,433377.209470205,467590.839565325,438372.202791472
1461EP,331.598121643066,345441.090741747,435505.349009327,470353.072934543,440928.350450661
1461EP,332.692504882813,347724.992560525,438756.324394691,473207.692887103,443521.416242784
1461EP,333.786888122559,350016.419591227,441257.756142367,476107.556992868,446181.797016863
1461EP,334.881271362305,352315.371833853,443927.846905012,479010.959044924,448825.389327408
1461EP,335.975654602051,354621.849288402,446683.103429231,481956.738295884,451543.970371371
1461EP,337.070037841797,356935.851954874,449466.580924247,484993.142437735,454324.950546286
1461EP,338.164421081543,359257.37983327,452007.262874527,487863.444087924,456984.873854668
1461EP,339.258804321289,361586.43292359,454450.117489766,490783.046730405,459641.227613622
1461EP,340.353187561035,363923.011225833,457078.72225842,493782.541715005,462426.388893799
1461EP,341.447570800781,366267.114739999,459990.260446414,496856.715647855,465241.649834885
1461EP,342.541954040527,368618.743466089,462688.736618918,499865.446240558,468004.158983352
1461EP,343.636337280273,370977.897404103,465531.196818485,503022.998153855,470914.687689796
1461EP,344.73072052002,373344.57655404,468314.263132755,506138.903634248,473754.748484532
1461EP,345.825103759766,375718.7809159,471474.80742959,509406.822723068,476758.266655685
1461EP,346.919486999512,378100.510489684,474157.43133079,512444.412317738,479572.837524544
1461EP,348.013870239258,380489.765275391,476506.258743214,515646.006132929,482494.234187804
1461EP,349.108253479004,382886.545273022,479371.055301485,518823.997117731,485395.653099509
1461EP,350.20263671875,385290.850482576,482105.262683676,521976.745073554,488310.555129763
1461EP,351.297019958496,387702.680904054,484877.558908129,524995.289079089,491062.879874584
1461EP,352.391403198242,390122.036537456,487512.941658165,528189.332410573,493976.801335899
1461EP,353.485786437988,392548.91738278,490904.490558832,531502.303846609,497038.994458889
1461EP,354.580169677734,394983.323440029,493593.610438211,534577.745016019,499876.479760334
1461EP,355.67455291748,397425.254709201,496574.887504679,537695.928053462,502753.929463728
1461EP,356.768936157227,399874.711190296,499193.103195914,540800.071242673,505636.608707739
1461EP,357.863319396973,402331.692883315,501876.641245738,543977.126280046,508549.237232824
1461EP,358.957702636719,404796.199788257,504445.910551319,546949.594230533,511260.960850189
1461EP,360.052085876465,407268.231905123,507334.034139775,550237.461150745,514294.339087353
1461EP,361.146469116211,409747.789233912,510062.027539077,553361.167898983,517133.719955931
1461EP,362.240852355957,412234.871774625,512897.024927807,556494.383090213,520000.359106354
1461EP,363.335235595703,414729.479527261,516125.567753965,559872.286376361,523085.378937405
1461EP,364.429618835449,417231.61249182,519146.296473026,563216.635961383,526133.11369115
1461EP,365.524002075195,419741.270668304,522164.010492767,566524.142281317,529152.344877756
1461EP,366.618385314941,422258.45405671,524951.289485822,569629.990628137,531978.596741412
1461EP,367.712768554688,424783.16265704,527959.719410589,572954.752725499,535012.905034535
1461EP,368.807151794434,427315.396469294,531037.971624225,576310.357933829,538068.162067356
1461EP,369.90153503418,429855.155493471,533714.389093126,579544.045589683,541057.727248157
1461EP,370.995918273926,432402.439729572,536680.603761222,582861.750991553,544091.874121582
1461EP,372.090301513672,434957.249177596,539582.799407705,586108.750391972,547066.390100278
1461EP,373.184684753418,437519.583837544,542379.915143243,589354.584113222,550040.131800304
1461EP,374.279067993164,440089.443709415,545246.040999276,592648.275197884,553040.226237398
1461EP,375.37345123291,442666.828793209,548111.05623148,595979.04657766,556059.912436506
1461EP,376.467834472656,445251.739088927,550761.541923374,599317.924344195,559127.499822539
1461EP,377.562217712402,447844.174596569,553757.193764039,602614.32014862,562125.16125191
1461EP,378.656600952148,450444.135316134,556478.086778018,605892.129347799,565132.882665793
1461EP,379.750984191895,453051.621247623,559316.695205272,609159.112541845,568167.997856291
1461EP,380.845367431641,455666.632391035,562151.076354549,612518.187841079,571231.188464421
1461EP,381.939750671387,458289.16874637,564466.735156804,615790.129915854,574209.871063547
1461EP,383.034133911133,460919.230313629,567542.018338568,619165.840727479,577269.524843119
1461EP,384.128517150879,463556.817092811,570552.427427016,622595.501724007,580390.319600889
1461EP,385.222900390625,466201.929083917,573278.742799754,625893.022546499,583391.72260422
1461EP,386.317283630371,468854.566286947,576684.336589758,629326.598732136,586515.106083018
1461EP,387.411666870117,471514.7287019,579857.290298642,632761.649643777,589623.425759904
1461EP,388.506050109863,474182.416328776,582974.030260716,636178.274952248,592727.555369591
1461EP,389.600433349609,476857.629167576,585959.604813564,639511.952213147,595775.562515501
1461EP,390.694816589356,479540.3672183,589032.622972562,642869.346163522,598820.562710843
1461EP,391.789199829102,482230.630480946,592086.273218795,646343.180685029,601990.500734368
1461EP,392.883583068848,484928.418955517,595296.170085961,649779.175475943,605131.575061001
1461EP,393.977966308594,487633.732642011,598095.473840061,653450.638172543,608468.050879416
1461EP,395.07234954834,490346.571540428,601077.195573814,656951.659413028,611663.001480108
1461EP,396.166732788086,493066.935650769,604263.457100844,660497.499771622,614888.469439955
1461EP,397.261116027832,495794.824973033,607534.937244356,664159.672769867,618239.235097851
1461EP,398.355499267578,498530.239507221,610393.974415621,667578.397253748,621360.462283611
1461EP,399.449882507324,501273.179253332,613425.00595036,671134.182620596,624618.358071308
1461EP,400.54426574707,504023.644211367,616406.318190564,674586.322944682,627749.371990652
1461EP,401.638648986816,506781.634381326,619465.914534112,678046.7772711,630921.820592834
1461EP,402.733032226563,509547.149763207,622507.003118615,681667.834312847,634206.511390166
1461EP,403.827415466309,512320.190357012,625273.892171693,685133.281637952,637360.985478322
1461EP,404.921798706055,515100.756162741,628446.40554592,688643.014293821,640573.507529387
1461EP,406.016181945801,517888.847180394,631772.12186674,692101.686098767,643714.163116542
1461EP,407.110565185547,520684.463409969,634810.176782612,695681.583066181,646955.869086933
1461EP,408.204948425293,523487.604851469,638057.813839635,699106.779545542,650046.144871519
1461EP,409.299331665039,526298.271504891,641405.832452536,702753.078850293,653341.819000205
1461EP,410.393714904785,529116.463370237,644651.652730395,706304.022345649,656556.414751952
1461EP,411.488098144531,531942.180447507,647755.009767,709801.901708131,659698.082762425
1461EP,412.582481384277,534775.4227367,651408.156813172,713462.542774509,662973.610434899
1461EP,413.676864624023,537616.190237817,654357.655416575,717152.605598124,666352.135269428
1461EP,414.77124786377,540464.482950857,657951.12875984,720736.003190843,669611.874495171
1461EP,415.865631103516,543320.300875821,661210.545517659,724448.824773643,672943.993921589
1461EP,416.960014343262,546183.644012708,664484.076356621,728012.981219239,676176.98226566
1461EP,418.054397583008,549054.512361518,667770.740719511,731580.726003982,679383.953046329
1461EP,419.148780822754,551932.905922252,671096.805654184,735215.214434783,682667.615271482
1461EP,420.2431640625,554818.82469491,674552.035120888,738774.547602941,685872.443850729
1461EP,421.337547302246,557712.268679491,677889.295085687,742382.426449554,689144.801563362
1461EP,422.431930541992,560613.237875996,681327.241960689,746080.068926052,692475.981161243
1461EP,423.526313781738,563521.732284424,684484.934037684,749852.223183486,695898.663735695
1461EP,424.620697021484,566437.751904775,687857.684762812,753655.852215039,699307.352767737
1461EP,425.715080261231,569361.29673705,691164.469844524,757340.03453271,702630.006854408
1461EP,426.809463500977,572292.366781249,694718.491099474,761144.933610844,706034.582817115
1461EP,427.903846740723,575230.962037371,697661.781365407,764930.530681992,709438.880033154
1461EP,428.998229980469,578177.082505416,701220.812400401,768705.078072339,712859.998882483
1461EP,430.092613220215,581130.728185385,705010.604602908,772487.992596405,716273.121653205
1461EP,431.186996459961,584091.899077278,707995.024997122,776128.16953566,719560.843516692
1461EP,432.281379699707,587060.595181094,711593.527040108,780030.837618607,723089.162538362
1461EP,433.375762939453,590036.816496833,715164.438385146,783957.06126827,726640.142968233
1461EP,434.470146179199,593020.563024496,718993.056577001,787674.676405224,729998.240510968
1461EP,435.564529418945,596011.834764082,722181.401527425,791621.390249661,733588.545770205
1461EP,436.658912658691,599010.631715592,725645.573674649,795401.063207723,736984.169973798
1461EP,437.753295898438,602016.953879026,728696.248738683,799370.042822157,740604.020406777
1461EP,438.847679138184,605030.801254382,731814.404241116,803197.762727416,744082.323169043
1461EP,439.94206237793,608052.173841663,735241.739349711,806963.951955466,747492.107081848
1461EP,441.036445617676,611081.071640867,738590.715902145,810726.299958491,750929.250460056
1461EP,442.130828857422,614117.494651994,742348.723260657,814719.688485634,754531.621941041
1461EP,443.225212097168,617161.442875045,745903.599915219,818500.460917096,757960.656707473
1461EP,444.319595336914,620212.916310019,749614.120324141,822531.239767643,761586.965274016
1461EP,445.41397857666,623271.914956917,753282.470804668,826318.020509106,765008.846404811
1461EP,446.508361816406,626338.438815738,756257.166122238,830138.078647159,768454.227817059
1461EP,447.602745056152,629412.487886483,759544.918635232,834198.76222669,772092.231640645
1461EP,448.697128295898,632494.062169151,762653.06479445,838160.745448884,775677.310487753
1461EP,449.791511535645,635583.161663743,766766.282299412,842043.102863802,779181.877182449
1461EP,450.885894775391,638679.786370258,770664.025831568,845918.611994274,782651.584166801
1461EP,451.980278015137,641783.936288697,775056.974575028,849721.859825344,786064.208102043
1461EP,453.074661254883,644895.611419059,778406.754473757,853624.430270725,789545.062984814
1461EP,454.169044494629,648014.811761345,781951.078189055,857576.59566097,793096.481583045
1461EP,455.263427734375,651141.537315554,785592.469697608,861611.83841695,796737.060739471
1461EP,456.357810974121,654275.788081687,789397.235638895,865624.494164691,800319.222231812
1461EP,457.452194213867,657417.564059743,792954.032709842,869544.24293054,803839.529983251
1461EP,458.546577453613,660566.865249723,796708.429618064,873721.171454193,807614.015510316
1461EP,459.640960693359,663723.691651626,799820.420168389,877689.573920105,811175.896318895
1461EP,460.735343933106,666888.043265452,803420.240504204,881722.691921586,814825.265639779
1461EP,461.829727172852,670059.920091202,806283.585608046,885782.924150982,818490.05494497
1461EP,462.924110412598,673239.322128876,810073.998250156,889873.614313933,822151.279768559
1461EP,464.018493652344,676426.249378473,813753.767962034,893899.613602386,825768.843359277
1461EP,465.11287689209,679620.701839994,817537.476750879,897939.05197866,829396.515224448
1461EP,466.207260131836,682822.679513438,821241.173700853,901903.08139196,832922.040913714
1461EP,467.301643371582,686032.182398805,824676.073347431,906213.2882574,836819.514550259
1461EP,468.396026611328,689249.210496096,828629.52852557,910536.387373837,840728.109359487
1461EP,469.490409851074,692473.763805311,832657.532541506,914861.007080681,844631.761912673
1461EP,470.58479309082,695705.842326449,836291.010146321,918874.10093467,848232.44548674
1461EP,471.679176330566,698945.44605951,839790.102435634,922907.34105835,851895.046303064
1461EP,472.773559570313,702192.575004495,843583.953554294,927115.324363891,855662.13420565
1461EP,473.867942810059,705447.229161404,847351.903531776,931460.683427224,859535.238302036
1461EP,474.962326049805,708709.408530236,851879.377532006,935517.069546774,863167.644844093
1461EP,476.056709289551,711979.113110991,855577.124955104,939667.004696841,866922.823971615
1461EP,477.151092529297,715256.34290367,859235.042748147,943781.206297149,870632.853871733
1461EP,478.245475769043,718541.097908273,864542.273539496,948071.852535513,874534.741455272
1461EP,479.339859008789,721833.378124799,868427.626157751,952251.209768127,878296.583576891
1461EP,480.434242248535,725133.183553248,872232.339382041,956415.428395653,882055.821566247
1461EP,481.528625488281,728440.514193621,875897.766380394,960550.712979097,885788.521212426
1461EP,482.623008728027,731755.370045917,879270.126674934,964638.043616778,889511.330234288
1461EP,483.717391967774,735077.751110137,882374.035391316,968556.824231334,893024.889814175
1461EP,484.81177520752,738407.657386281,886942.664152935,972715.103532649,896726.083868107
1461EP,485.906158447266,741745.088874348,891038.492072503,977143.988129028,900664.538879053
1461EP,487.000541687012,745090.045574338,894354.060761388,981290.448728517,904371.610691317
1461EP,488.094924926758,748442.527486252,897681.173080625,985605.20072739,908232.465899631
1461EP,489.189308166504,751802.534610089,901592.905475719,989869.181846792,912036.702352606
1461EP,490.28369140625,755170.06694585,906122.016064903,993939.157748661,915731.321707877
1461EP,491.378074645996,758545.124493534,910180.221198888,998262.571034424,919602.716124392
1461EP,492.472457885742,761927.707253142,914382.838016892,1002616.59071039,923487.76864573
1461EP,493.566841125488,765317.815224673,917834.806026919,1007040.35874143,927467.318469227
1461EP,494.661224365234,768715.448408128,921696.207641938,1011350.6896022,931318.060840928
1461EP,495.755607604981,772120.606803506,925766.96257934,1015790.95825297,935318.25292356
1461EP,496.849990844727,775533.290410808,929141.034844392,1020038.12698209,939113.611628455
1461EP,497.944374084473,778953.499230033,932450.752118812,1024456.27957843,943106.028670209
1461EP,499.038757324219,782381.233261182,936450.285415671,1028785.14074178,946978.325719501
1461EP,500.133140563965,785816.492504254,939985.556899751,1033202.24370923,950939.751994644
1461EP,501.227523803711,789259.276959249,943752.533059048,1037604.63603726,954881.771991741
1461EP,502.321907043457,792709.586626169,947542.888948258,1041747.7060314,958613.041504899
1461EP,503.416290283203,796167.421505011,951882.132931062,1045981.05402467,962358.880016373
1461EP,504.510673522949,799632.781595777,955450.569206634,1050253.69737657,966206.52171899
1461EP,505.605056762695,803105.666898467,959736.432424621,1054602.65771422,970085.147258605
1461EP,506.699440002441,806586.07741308,962802.909449131,1058938.3941895,973972.173088444
1461EP,507.793823242188,810074.013139617,966479.674005613,1063449.22030469,977966.350205348
1461EP,508.888206481934,813569.474078077,971253.135182767,1068059.52817988,982121.592300571
1461EP,509.98258972168,817072.46022846,974256.332474167,1072499.01885729,986087.370914694
1461EP,511.076972961426,820582.971590768,977478.261704938,1076783.11327288,989907.932980241
1461EP,512.171356201172,824101.008164998,982446.449662522,1081103.30588683,993769.682084964
1461EP,513.265739440918,827626.569951152,986757.751800202,1085704.65291949,997885.564570062
1461EP,514.360122680664,831159.65694923,990693.300332044,1089989.27312411,1001717.53550268
1461EP,515.45450592041,834700.269159231,994782.110677702,1094482.07290623,1005749.29641991
1461EP,516.548889160156,838248.406581155,998880.6667121,1098933.23881249,1009724.38067391
1461EP,517.643272399902,841804.069215003,1003017.13925632,1103527.85632254,1013811.26446756
1461EP,518.737655639649,845367.257060775,1007245.41052477,1108014.00498785,1017827.74517321
1461EP,519.832038879395,848937.97011847,1011278.64275892,1112448.56658011,1021801.06494073
1461EP,520.926422119141,852516.208388088,1015364.20235739,1116980.31239885,1025861.92037727
1461EP,522.020805358887,856101.97186963,1020086.67189018,1121666.34975857,1030084.27312012
1461EP,523.115188598633,859695.260563096,1024247.32816534,1126222.16305391,1034135.53197301
1461EP,524.209571838379,863296.074468484,1027835.6829143,1130854.2986886,1038300.22558735
1461EP,525.303955078125,866904.413585797,1032019.54562867,1135129.09900478,1042075.86759792
1461EP,526.398338317871,870520.277915033,1036041.10935808,1139498.66104574,1045957.54786565
1461EP,527.492721557617,874143.667456192,1040005.68736663,1143752.1213047,1049745.1360689
1461EP,528.587104797363,877774.582209275,1045913.39582421,1148195.03618163,1053739.70796497
1461EP,529.681488037109,881413.022174281,1051223.31961932,1152636.91956588,1057707.83713958
1461EP,530.775871276856,885058.987351211,1055760.61563824,1157284.01759079,1061875.25943309
1461EP,531.870254516602,888712.477740065,1059571.49410046,1161894.15764278,1066003.37418418
1461EP,532.964637756348,892373.493340841,1064116.82254999,1166542.06458571,1070183.27999628
1461EP,534.059020996094,896042.034153542,1068263.48751395,1171090.00531323,1074222.51026649
1461EP,535.15340423584,899718.100178166,1072475.75650168,1175665.46351893,1078308.67841636
1461EP,536.247787475586,903401.691414713,1075910.29405528,1180279.39806509,1082427.61321987
1461EP,537.342170715332,907092.807863184,1080223.86572504,1184860.95923033,1086485.8185528
1461EP,538.436553955078,910791.449523578,1084718.00034245,1189270.90931492,1090427.54821408
1461EP,539.530937194824,914497.616395896,1089187.53560287,1193967.61050162,1094653.0329045
1461EP,540.62532043457,918211.308480137,1093227.22684979,1198462.02866661,1098664.527661
1461EP,541.719703674316,921932.525776301,1097451.0073508,1202972.51779958,1102691.06155691
1461EP,542.814086914063,925661.26828439,1101262.87278808,1207456.4274227,1106677.01779674
1461EP,543.908470153809,929397.536004402,1105380.82252192,1212106.21334193,1110836.35257297
1461EP,545.002853393555,933141.328936337,1108913.85274053,1216863.61049827,1115099.06721859
1461EP,546.097236633301,936892.647080195,1112761.52807579,1221387.89707877,1119156.04756448
1461EP,547.191619873047,940651.490435977,1116940.52939625,1226087.64242079,1123354.61727204
1461EP,548.286003112793,944417.859003683,1122096.26160148,1230766.71947643,1127559.99193771
1461EP,549.380386352539,948191.752783312,1126080.05948976,1235559.00752255,1131840.09241812
1461EP,550.474769592285,951973.171774865,1131097.03653189,1240369.72706719,1136158.44809241
1461EP,551.569152832031,955762.115978341,1135331.20584502,1245124.51290269,1140433.59942614
1461EP,552.663536071777,959558.585393741,1139756.65180063,1249921.20619556,1144724.27744856
1461EP,553.757919311523,963362.580021064,1144321.20804167,1254837.27445756,1149061.78913436
1461EP,554.85230255127,967174.09986031,1148500.54518192,1259689.78663642,1153361.56484465
1461EP,555.946685791016,970993.14491148,1152708.3525384,1264386.05814281,1157580.8898637
1461EP,557.041069030762,974819.715174574,1157731.88040069,1269146.24659291,1161844.32611267
1461EP,558.135452270508,978653.810649591,1161350.01781185,1273865.9875461,1166070.69737159
1461EP,559.229835510254,982495.431336531,1165631.48041506,1278644.14034936,1170378.36644754
1461EP,560.32421875,986344.577235396,1172191.09310844,1283574.63540037,1174764.26617697
