cell,condition,FAP_cluster,pseudotime,SMAD3_expression,UMAP_1,UMAP_2,is_root_FAP1_cell,finite_pseudotime
Young_1_ACCAGGACACACAATT-1,Young,FAP1,0,0,-8.00489923663426,4.61348440483905,TRUE,TRUE
Young_1_AGGAACGGTTGACTTC-1,Young,FAP3,0,0,-7.96119138903904,3.70036079720355,FALSE,TRUE
Young_1_ATCCTCATCCATTACT-1,Young,FAP1,0,0,-7.01340505786228,5.22891285256244,TRUE,TRUE
Young_1_ATGTTCAAGGATTTGC-1,Young,FAP1,0,0,-6.2669927806406,5.17808248833514,TRUE,TRUE
Young_1_CAAACATGTTAGGACC-1,Young,FAP1,0,0,-7.55672142215061,0.507018394626152,TRUE,TRUE
Young_1_CAACCCGCAACGTGCT-1,Young,FAP1,0,0.693147180559945,-8.52908155627537,1.1793288214574,TRUE,TRUE
Young_1_CAAGGTAAGGAGGTTA-1,Young,FAP3,0,0,-8.36122438617039,2.52565195397235,FALSE,TRUE
Young_1_CAATCTAAGGCGTAAA-1,Young,FAP1,0,0,-7.39193842120457,3.20593907669879,TRUE,TRUE
Young_1_CATCCTCAGGTGTCCA-1,Young,FAP3,0,0,-8.75524542041111,3.95667245224811,FALSE,TRUE
Young_1_CGGTTATAGAGAGGCT-1,Young,FAP1,0,0.693147180559945,-7.45634147830296,2.24444165066577,TRUE,TRUE
Young_1_CTTTGAGCACCAGCAT-1,Young,FAP1,0,0.693147180559945,-5.6704580516367,4.04908826187946,TRUE,TRUE
Young_1_GAGCATGCAAGGTACG-1,Young,FAP3,0,0,-8.2726366252451,4.06285693482257,FALSE,TRUE
Young_1_GAGTAACCAGTAGGTG-1,Young,FAP1,0,0.693147180559945,-5.31250831790257,2.56776025132037,TRUE,TRUE
Young_1_GATTGCAGTGCAATGC-1,Young,FAP1,0,0,-5.77202532000828,3.578570626534,TRUE,TRUE
Young_1_GCGAAGTAGGTAACGA-1,Young,FAP1,0,0.693147180559945,-7.28819534488011,5.23553898171283,TRUE,TRUE
Young_1_GCTCCTTAGTGACCTG-1,Young,FAP1,0,0,-6.13597080416966,5.86741020516254,TRUE,TRUE
Young_1_GTACTTAAGGGTCTAT-1,Young,FAP1,0,0.693147180559945,-6.15147039599705,3.53955175713397,TRUE,TRUE
Young_1_GTGCATTAGGCTGTGC-1,Young,FAP1,0,0,-5.17583343692112,2.1880836708913,TRUE,TRUE
Young_1_GTGTGCGGTAAGCTCA-1,Young,FAP1,0,0,-7.5689422816782,4.75039484337665,TRUE,TRUE
Young_1_TAAGTGCTCACAGCGC-1,Young,FAP1,0,0,-5.91540548510838,6.00875952080585,TRUE,TRUE
Young_1_TACGTAATCATAGACC-1,Young,FAP1,0,0.693147180559945,-7.84791204638767,5.12646009758807,TRUE,TRUE
Young_1_TCGGTAAGTAGGTTTG-1,Young,FAP1,0,1.6094379124341,-7.25141784854222,3.7796101792226,TRUE,TRUE
Young_1_TCTACCTCAATCCCTT-1,Young,FAP1,0,0.693147180559945,-7.59965250201512,5.37411167458392,TRUE,TRUE
Young_1_TGGGCATGTGCACGCA-1,Young,FAP1,0,0.693147180559945,-6.77996751971531,2.33021130398608,TRUE,TRUE
Young_1_TTAGGATGTTTGCTGT-1,Young,FAP1,0,0,-6.83178875155735,5.65103485421039,TRUE,TRUE
Young_1_TTCATCCCAGTTTCTC-1,Young,FAP1,0,0,-5.62369606204319,5.7375049813161,TRUE,TRUE
Young_1_TTCGGTACATTGTGAT-1,Young,FAP3,0,0,-8.44741174884129,3.5897040589223,FALSE,TRUE
Young_1_TTGCTCTCATAGCGGA-1,Young,FAP1,0,0.693147180559945,-6.00398895449925,5.49276497200824,TRUE,TRUE
Young_2_ACTTATCTCTTGTTCG-1,Young,FAP1,0,0,-6.31885025210667,4.72778084114886,TRUE,TRUE
Young_2_CAAGTTATCCTAATTC-1,Young,FAP1,0,0,-6.75445673175144,2.68375565842487,TRUE,TRUE
Young_2_CATGGATTCGAAGTGA-1,Young,FAP1,0,0.693147180559945,-6.59997484393406,4.82090952233173,TRUE,TRUE
Young_2_CCCTGGACAATAGCCC-1,Young,FAP1,0,0,-5.63944217868138,3.08632519081927,TRUE,TRUE
Young_2_CTGCTATGTAGGTTGC-1,Young,FAP1,0,0,-6.41361114688206,2.82271077469684,TRUE,TRUE
Young_2_GGTAAACCAAGCTAAA-1,Young,FAP1,0,0,-6.8953754634409,0.713131569183838,TRUE,TRUE
Young_2_GTGTGAGCATAGCTGC-1,Young,FAP1,0,0,-8.33849451251316,0.81919484571315,TRUE,TRUE
Young_2_TAATCCGCATCCTAGA-1,Young,FAP3,0,0,-7.84881708331394,4.22367193535663,FALSE,TRUE
Young_2_TACCTCATCCTTAGGG-1,Young,FAP1,0,0.693147180559945,-7.97927686877537,0.3549900351534,TRUE,TRUE
Young_2_TACGGATTCGTTACTT-1,Young,FAP1,0,0,-7.69232103534031,2.54897405938007,TRUE,TRUE
Young_2_TACGTACAGGAGGCAT-1,Young,FAP2,0,1.09861228866811,-9.29720709033299,4.85284235314227,FALSE,TRUE
Young_2_TATGGTCAGCCTTAAA-1,Young,FAP1,0,0,-5.59472963519383,4.84840204552509,TRUE,TRUE
Young_2_TTCATTCAGTAGGCGG-1,Young,FAP1,0,0,-8.02663919635105,0.82048969701625,TRUE,TRUE
Young_3_ACGCCTAAGGAAGCTA-1,Young,FAP1,0,0.693147180559945,-6.308051797822,5.7127247078786,TRUE,TRUE
Young_3_ATGCATTCAAGGTCCT-1,Young,FAP1,0,0.693147180559945,-6.48788854785252,3.25395729378558,TRUE,TRUE
Young_3_CAGGACACAAGGTACG-1,Young,FAP1,0,0.693147180559945,-8.03516409106541,0.558716289556991,TRUE,TRUE
Young_3_CGACTAAGTATGTGGC-1,Young,FAP1,0,0,-8.19069692797947,1.29328616694308,TRUE,TRUE
Young_3_CTCTATGTCGAGGAGT-1,Young,FAP1,0,1.6094379124341,-7.96515009112644,1.49264039830066,TRUE,TRUE
Young_3_CTTTGTCCACATGCTA-1,Young,FAP1,0,0.693147180559945,-6.73581096835423,5.36462309197284,TRUE,TRUE
Young_3_GAAGGAACATCGCTCC-1,Young,FAP1,0,0,-6.95821783252049,1.7185156567464,TRUE,TRUE
Young_3_GTACTTCGTGCTTAGA-1,Young,FAP3,0,0,-8.4557716578989,2.87913253144122,FALSE,TRUE
Young_3_GTTCTTGTCGTACCGA-1,Young,FAP1,0,0,-6.0804340571909,4.05185248688556,TRUE,TRUE
Young_3_TTGCAGCCAAACCCTA-1,Young,FAP1,0,0,-6.78250381655979,4.45206596688129,TRUE,TRUE
Young_3_TTGTGCGAGGGCTAAA-1,Young,FAP1,0,0,-7.45762750811863,0.699560426033508,TRUE,TRUE
Young_4_CTGAAACTCACAGACT-1,Young,FAP1,0,0.693147180559945,-7.15464231677342,4.26286389664508,TRUE,TRUE
Young_4_GCATGAGCAGCCTAAC-1,Young,FAP1,0,0,-8.07440111346531,2.00658156708575,TRUE,TRUE
Young_4_GGCAGGATCCGTCCAT-1,Young,FAP1,0,0,-7.54054615207005,0.304496507949602,TRUE,TRUE
Young_4_TCAATCGCAAGGTACG-1,Young,FAP1,0,0,-8.26691457934666,1.76076426342822,TRUE,TRUE
Young_5_AAAGCTTGTAACGGGA-1,Young,FAP1,0,0,-6.70542595095921,1.95529999569751,TRUE,TRUE
Young_5_AATGTCCAGGGTGAGT-1,Young,FAP1,0,0,-5.68482277102757,5.13829662636615,TRUE,TRUE
Young_5_AGCCGCTAGGGCCACT-1,Young,FAP1,0,0,-7.76567957110691,0.30525362477399,TRUE,TRUE
Young_5_ATCAATCCATTATGCG-1,Young,FAP1,0,0,-7.32305690951634,1.14014109209872,TRUE,TRUE
Young_5_CCTGTAACACTTCATC-1,Young,FAP3,0,0.693147180559945,-8.24144670672703,3.1868880017171,FALSE,TRUE
Young_5_CGCAATGTCGGTCATG-1,Young,FAP1,0,0.693147180559945,-5.6636426181345,4.5165200455556,TRUE,TRUE
Young_5_CGCGATTCATCAGTAT-1,Young,FAP1,0,0,-6.03320667453099,4.37446834877826,TRUE,TRUE
Young_5_CTTTGGGAGTAAGTCC-1,Young,FAP1,0,1.38629436111989,-6.1660315722971,4.93734409645892,TRUE,TRUE
Young_5_GCAATCTAGCATGTTA-1,Young,FAP1,0,0,-5.96296522326756,5.24225952462054,TRUE,TRUE
Young_5_GCTAACAGTAGTTACG-1,Young,FAP1,0,0,-7.11997863955784,2.96250369385577,TRUE,TRUE
Young_5_GGCAATCGTAGCTGCG-1,Young,FAP1,0,0,-7.23333284564305,1.52595665291644,TRUE,TRUE
Young_5_GGGATTAAGTTTGGGT-1,Young,FAP1,0,0,-7.08759138293553,0.915894649780761,TRUE,TRUE
Young_5_GGTAGGAGTGACATAT-1,Young,FAP1,0,0,-7.19447681613255,0.581157795942795,TRUE,TRUE
Young_5_GGTCAATTCCAACTGG-1,Young,FAP1,0,0,-5.82540485568333,5.79129078224994,TRUE,TRUE
Young_5_TCCTCTAAGGCTTAAC-1,Young,FAP1,0,1.09861228866811,-5.79101488299656,5.51458170250751,TRUE,TRUE
Young_5_TCGCCCATCCTCATCA-1,Young,FAP1,0,0,-6.59719822116184,5.8532653077016,TRUE,TRUE
Young_5_TGTTACTTCCTAAATG-1,Young,FAP1,0,1.09861228866811,-8.77542516894627,1.48337867096759,TRUE,TRUE
Young_5_TTAGAAGCAGGTCCTG-1,Young,FAP2,0,0,-8.7330572337656,2.299078605927,FALSE,TRUE
Young_5_TTGTCCGGTTATAGCG-1,Young,FAP1,0,1.09861228866811,-7.08961412616062,2.44213940934039,TRUE,TRUE
Young_1_ACATAGCTCCTTGCAC-1,Young,FAP1,2.28664962520497e-08,0,-8.33490392871189,0.577951513088714,TRUE,TRUE
Young_1_CCAAACTAGCTTATGA-1,Young,FAP1,2.28664962520497e-08,0,-6.46287080951023,5.11674454048969,TRUE,TRUE
Young_1_GAGGCAAGTTAGTTGG-1,Young,FAP1,2.28664962520497e-08,0,-5.48692247577,5.72089817360736,TRUE,TRUE
Young_1_GCATCCTTCAAGTGAG-1,Young,FAP1,2.28664962520497e-08,0,-7.48721239276219,4.71447613076068,TRUE,TRUE
Young_1_GTCGGTTCATCATGGC-1,Young,FAP1,2.28664962520497e-08,0,-5.77144691653538,6.11442472771503,TRUE,TRUE
Young_1_TCACCGGCATACTCCT-1,Young,FAP1,2.28664962520497e-08,0,-5.60567781634617,4.0446772797475,TRUE,TRUE
Young_1_TCGTTTCCAGTTTCTC-1,Young,FAP1,2.28664962520497e-08,0,-7.34857723422337,4.7128696663747,TRUE,TRUE
Young_1_TCTCAATTCTACTAAG-1,Young,FAP1,2.28664962520497e-08,0,-6.00781414218235,6.35954716042377,TRUE,TRUE
Young_2_CTCCGTCCATAGCTTG-1,Young,FAP1,2.28664962520497e-08,0,-5.48345586962986,5.86162235573627,TRUE,TRUE
Young_3_CTCACACTCCGCCTAT-1,Young,FAP1,2.28664962520497e-08,0,-8.47089788623142,0.715495042360794,TRUE,TRUE
Young_3_TGTGATCAGCTGGAAA-1,Young,FAP1,2.28664962520497e-08,0,-6.6293842525034,4.33229353264667,TRUE,TRUE
Young_4_AGAGAGGAGGCTACAT-1,Young,FAP1,2.28664962520497e-08,1.6094379124341,-6.58843824572849,4.15308430031635,TRUE,TRUE
Young_5_ACTTGCACAAGGTGGC-1,Young,FAP1,2.28664962520497e-08,1.09861228866811,-6.11391613192845,4.48302318886615,TRUE,TRUE
Young_5_AGCAATACAACTCGCG-1,Young,FAP1,2.28664962520497e-08,0,-7.54725191302586,1.03186484412051,TRUE,TRUE
Young_5_CAAACATGTGGGTACT-1,Young,FAP1,2.28664962520497e-08,1.09861228866811,-7.40422413058567,1.11177470520831,TRUE,TRUE
Young_5_CCTGAATAGTTAGCCG-1,Young,FAP1,2.28664962520497e-08,0,-7.13445827670384,2.63980271653033,TRUE,TRUE
Young_5_CTTCAGGAGTTCCCAC-1,Young,FAP1,2.28664962520497e-08,0.693147180559945,-6.13490888781834,4.45396807030536,TRUE,TRUE
Young_5_TATCGAGGTCCGCTGT-1,Young,FAP1,2.28664962520497e-08,0,-6.47026130862522,6.2141108734975,TRUE,TRUE
Young_5_TTTCGTCCAGGGAGGA-1,Young,FAP1,2.28664962520497e-08,1.09861228866811,-6.49377605624485,6.36439707115985,TRUE,TRUE
Young_1_CGTTTGGAGGAAGTAT-1,Young,FAP1,4.57329925040995e-08,0.693147180559945,-5.49926397509861,5.67726328209735,TRUE,TRUE
Young_1_CTAGTGAGTAAGGTCC-1,Young,FAP1,4.57329925040995e-08,0,-7.26070425219822,4.72388889626361,TRUE,TRUE
Young_1_CTCGACAAGTTTAACG-1,Young,FAP1,4.57329925040995e-08,0.693147180559945,-6.37388775058079,5.1742634995351,TRUE,TRUE
Young_1_GTCATGAGTGGTTATG-1,Young,FAP1,4.57329925040995e-08,0,-5.94579670138645,6.41126301125385,TRUE,TRUE
Young_1_TCTAAGGGTTTGGTTC-1,Young,FAP1,4.57329925040995e-08,0,-5.60511944003391,4.27199604348041,TRUE,TRUE
Young_1_TGCACTTGTGTCCAGG-1,Young,FAP1,4.57329925040995e-08,0,-7.48912021823216,4.58288862542011,TRUE,TRUE
Young_1_TTCCCGCCAGGCATGA-1,Young,FAP1,4.57329925040995e-08,0.693147180559945,-5.65458652682591,6.16478445366718,TRUE,TRUE
Young_2_TTGTTGTTCACAGCGC-1,Young,FAP1,4.57329925040995e-08,0,-6.65309450335789,4.31020119026996,TRUE,TRUE
Young_3_AAATGGCCATAAAGCA-1,Young,FAP1,4.57329925040995e-08,1.09861228866811,-5.47452232547093,5.76654960945941,TRUE,TRUE
Young_3_TGTGGCCAGTGAGCAA-1,Young,FAP1,4.57329925040995e-08,0,-7.10019085116673,2.56574513748981,TRUE,TRUE
Young_4_CATAGCTAGGAGGTTA-1,Young,FAP1,4.57329925040995e-08,0.693147180559945,-7.55057451434422,1.12564804390765,TRUE,TRUE
Young_4_TCCGGTTTCCGTAAAC-1,Young,FAP1,4.57329925040995e-08,0,-6.55277130313206,4.21117665604449,TRUE,TRUE
Young_4_TGGACAAAGCTTTGTT-1,Young,FAP1,4.57329925040995e-08,0,-6.14241096682835,4.4701071007619,TRUE,TRUE
Young_5_CACCTGTTCATAGACC-1,Young,FAP1,4.57329925040995e-08,0.693147180559945,-7.45558044619847,1.16424568728305,TRUE,TRUE
Young_5_CCCTGTTAGTTATTCC-1,Young,FAP1,4.57329925040995e-08,1.38629436111989,-8.39517423816013,0.75061853960849,TRUE,TRUE
Young_5_GCCTGCTGTATTTGCC-1,Young,FAP1,4.57329925040995e-08,0.693147180559945,-6.15999672122288,4.5037985070119,TRUE,TRUE
Young_5_GGCAGGATCACTAAGC-1,Young,FAP1,4.57329925040995e-08,0,-6.57815429873753,5.87139370278217,TRUE,TRUE
Young_1_AACAAAGGTACTGAAT-1,Young,FAP1,6.85994887561492e-08,0.693147180559945,-7.18055698581028,4.76629593209125,TRUE,TRUE
Young_1_CCGTTTGGTCATTACC-1,Young,FAP1,6.85994887561492e-08,0.693147180559945,-5.40774795718479,5.62469961479999,TRUE,TRUE
Young_1_GAGCAAATCAGCAAGA-1,Young,FAP1,6.85994887561492e-08,0,-6.32241794772434,5.28883745507098,TRUE,TRUE
Young_1_GCGATTAGTTATCGAG-1,Young,FAP1,6.85994887561492e-08,1.09861228866811,-5.95827457614231,6.25054409340717,TRUE,TRUE
Young_2_AAGGTCAAGCTTAGTA-1,Young,FAP1,6.85994887561492e-08,0,-5.48010990329075,4.08939316109515,TRUE,TRUE
Young_2_AATTAGGCAATAGCAA-1,Young,FAP1,6.85994887561492e-08,0,-7.23774454303074,4.78274919823505,TRUE,TRUE
Young_2_ATGCAAACACAATACT-1,Young,FAP1,6.85994887561492e-08,1.09861228866811,-5.81267807193089,6.23413088158466,TRUE,TRUE
Young_2_CTTCTAAGTAATGGCC-1,Young,FAP1,6.85994887561492e-08,0,-7.0659019679575,2.62720086411334,TRUE,TRUE
Young_2_TCCCGTTAGAAGGTGC-1,Young,FAP1,6.85994887561492e-08,1.09861228866811,-6.5103542537241,4.13180138901569,TRUE,TRUE
Young_3_CAAACGCGTACTGATG-1,Young,FAP1,6.85994887561492e-08,0.693147180559945,-5.47837660022068,5.65550043419696,TRUE,TRUE
Young_3_CCCAATTGTTTGGGCG-1,Young,FAP1,6.85994887561492e-08,0,-7.53810093112278,1.19671442345477,TRUE,TRUE
Young_4_TACCAGGTCCACAATA-1,Young,FAP1,6.85994887561492e-08,0,-6.14710733599949,4.55374290779926,TRUE,TRUE
Young_5_CCAGTTTGTGTCCAGG-1,Young,FAP1,6.85994887561492e-08,0,-7.59513208575535,1.10632463530399,TRUE,TRUE
Young_5_CTAGGCGGTTAACGGC-1,Young,FAP1,6.85994887561492e-08,0.693147180559945,-8.38825437732029,0.574395455277931,TRUE,TRUE
Young_5_GCTTTGTGTTGGGTTA-1,Young,FAP1,6.85994887561492e-08,0,-6.88892194934178,6.45316412285663,TRUE,TRUE
Young_5_TACTTCGTCTCGCCTG-1,Young,FAP1,6.85994887561492e-08,0,-6.11788818545628,4.50250866249896,TRUE,TRUE
Young_1_CAGCATTAGGTTAGCT-1,Young,FAP1,9.14659850081989e-08,0,-5.5438015193491,5.88474943474628,TRUE,TRUE
Young_1_GCAGGACCAATCCCTT-1,Young,FAP1,9.14659850081989e-08,0,-5.92787286944676,6.15238621071674,TRUE,TRUE
Young_1_GTGATCAGTACGGTAC-1,Young,FAP1,9.14659850081989e-08,0,-6.35672495074558,5.35023357704974,TRUE,TRUE
Young_1_TAGCGGACATAAAGCA-1,Young,FAP1,9.14659850081989e-08,0,-6.56883308596897,4.17662980393268,TRUE,TRUE
Young_1_TAGTTTGAGCACCACA-1,Young,FAP1,9.14659850081989e-08,1.38629436111989,-7.10428402133274,2.47373130158282,TRUE,TRUE
Young_2_AGCTGCTCAAACTAAG-1,Young,FAP1,9.14659850081989e-08,0,-7.482931825593,4.50531294182636,TRUE,TRUE
Young_2_AGTAACACAGGCTTGT-1,Young,FAP1,9.14659850081989e-08,0.693147180559945,-5.47640678592015,4.19506599739886,TRUE,TRUE
Young_2_CCCGTAAAGGTGCTGC-1,Young,FAP1,9.14659850081989e-08,1.6094379124341,-5.84052774615574,6.17451240853168,TRUE,TRUE
Young_3_ATGCAGGCAGAAATTG-1,Young,FAP1,9.14659850081989e-08,0,-7.5823962420969,0.981540702141296,TRUE,TRUE
Young_3_CATTCATTCATGCATA-1,Young,FAP1,9.14659850081989e-08,0.693147180559945,-5.54494306750584,5.71283438042499,TRUE,TRUE
Young_4_CCGCACACAACTAGCC-1,Young,FAP1,9.14659850081989e-08,0,-6.05038711734104,4.4360084755788,TRUE,TRUE
Young_5_ACGGTTAGTCCCGGAA-1,Young,FAP1,9.14659850081989e-08,1.09861228866811,-6.70926401324558,6.0007672531972,TRUE,TRUE
Young_5_CGGAGTCTCCTCAGCT-1,Young,FAP1,9.14659850081989e-08,0,-7.61207363314915,1.0939594729314,TRUE,TRUE
Young_5_GGCTGGTTCAACCAAC-1,Young,FAP1,9.14659850081989e-08,0,-8.34784528918553,0.624425701654922,TRUE,TRUE
Young_5_TCTTAGTTCTGTGAGT-1,Young,FAP1,9.14659850081989e-08,0,-6.12868616290379,4.49343874291278,TRUE,TRUE
Young_1_ATGGCTTAGTTGGATC-1,Young,FAP1,1.14332481260249e-07,0,-5.57298156924534,5.7671566231618,TRUE,TRUE
Young_1_CTAATTGAGACAACGA-1,Young,FAP1,1.14332481260249e-07,0,-6.71656772799778,4.3805918915639,TRUE,TRUE
Young_1_GCACGAACAACAACAA-1,Young,FAP1,1.14332481260249e-07,0,-5.90144798465061,6.10802414254047,TRUE,TRUE
Young_1_TATGCATCAATGCCCG-1,Young,FAP1,1.14332481260249e-07,0,-6.37003967471409,5.2064991219411,TRUE,TRUE
Young_2_ATTTGCGCAGCAAGTG-1,Young,FAP1,1.14332481260249e-07,0,-7.20593330569554,4.694861434258,TRUE,TRUE
Young_2_CCTTGCGTCAATCTCT-1,Young,FAP1,1.14332481260249e-07,0,-5.63173267550755,4.23619034127093,TRUE,TRUE
Young_2_GCCAATTAGGATCCGC-1,Young,FAP1,1.14332481260249e-07,0,-5.73003360934544,6.07683136299945,TRUE,TRUE
Young_2_TGCACACCAAATTCGT-1,Young,FAP1,1.14332481260249e-07,0.693147180559945,-7.59416076846409,1.06117262677051,TRUE,TRUE
Young_3_CGATTGAGTTGCACGG-1,Young,FAP1,1.14332481260249e-07,0.693147180559945,-5.5300223559885,5.71932556465961,TRUE,TRUE
Young_4_CCGATGCAGAGGAGGA-1,Young,FAP1,1.14332481260249e-07,0.693147180559945,-6.15605613894749,4.51132538155414,TRUE,TRUE
Young_5_AAAGGCTCATTCAGCA-1,Young,FAP1,1.14332481260249e-07,0,-6.68198845095921,6.2815609200368,TRUE,TRUE
Young_5_CTCATTTAGGTTAGAG-1,Young,FAP1,1.14332481260249e-07,0,-7.66559860415745,1.11091586188174,TRUE,TRUE
Young_5_TAGCTAATCCTAAATG-1,Young,FAP1,1.14332481260249e-07,0,-8.3495123118906,0.719013027704727,TRUE,TRUE
Young_1_ACCAAACTCTCCTCTT-1,Young,FAP1,1.37198977512298e-07,1.09861228866811,-5.51986047931004,5.86973287896014,TRUE,TRUE
Young_1_ATGGCTGTCGCTAGCA-1,Young,FAP1,1.37198977512298e-07,0.693147180559945,-6.54204866595555,4.12596895531512,TRUE,TRUE
Young_1_CTTTAGTTCGAAGTAG-1,Young,FAP1,1.37198977512298e-07,0,-5.88522550769139,6.04364445046283,TRUE,TRUE
Young_1_GACCTGCAGGTTTGCG-1,Young,FAP1,1.37198977512298e-07,0,-7.57106611438084,1.01410456732608,TRUE,TRUE
Young_1_TCATAACCAGCGCTTG-1,Young,FAP1,1.37198977512298e-07,0,-6.38263151355076,5.37453653649188,TRUE,TRUE
Young_2_CGATTTGCACCTATAG-1,Young,FAP1,1.37198977512298e-07,0,-5.66329071231175,4.1564879639516,TRUE,TRUE
Young_2_GTACACCCATGTCAAT-1,Young,FAP1,1.37198977512298e-07,1.09861228866811,-5.93277046389866,6.07011940316058,TRUE,TRUE
Young_2_TGAGGAGGTCCGGTTC-1,Young,FAP1,1.37198977512298e-07,0,-7.37774107165623,4.86071016625262,TRUE,TRUE
Young_3_GCGCTTAAGTCCTTTG-1,Young,FAP1,1.37198977512298e-07,0,-6.07419178195286,4.37868406609393,TRUE,TRUE
Young_3_TAGCGCGGTATCTGGA-1,Young,FAP1,1.37198977512298e-07,0,-5.57190725512791,5.75422956780292,TRUE,TRUE
Young_4_TACTTCGTCATTGCGG-1,Young,FAP1,1.37198977512298e-07,0,-6.69652101702976,6.29998781517841,TRUE,TRUE
Young_5_TACAAGCTCTCATCAT-1,Young,FAP1,1.37198977512298e-07,0,-7.63180944629002,1.11582591370441,TRUE,TRUE
Young_1_CTGCTACTCTGTTGCC-1,Young,FAP1,1.60065473764348e-07,0,-5.81919309802342,6.07918026284076,TRUE,TRUE
Young_1_TTCCTTGAGGCTAGAA-1,Young,FAP1,1.60065473764348e-07,1.38629436111989,-6.28918239779759,5.40795423821307,TRUE,TRUE
Young_2_CGGTTATAGTGAACGA-1,Young,FAP1,1.60065473764348e-07,0,-5.58813068576145,4.03865578011371,TRUE,TRUE
Young_2_GTACGTAGTAGTTGGC-1,Young,FAP1,1.60065473764348e-07,0.693147180559945,-6.06195900149632,6.32110454872943,TRUE,TRUE
Young_2_TGCTAACAGCTGGACC-1,Young,FAP1,1.60065473764348e-07,0,-7.45520422168064,4.57658293084003,TRUE,TRUE
Young_3_GACAATACACAGCCTG-1,Young,FAP1,1.60065473764348e-07,0,-6.11973592944432,4.41376736000873,TRUE,TRUE
Young_3_TTTGTCCCAGGCAAGC-1,Young,FAP1,1.60065473764348e-07,0.693147180559945,-5.52786085315037,5.74118854836322,TRUE,TRUE
Young_4_AGTACGCGTAGCCTAA-1,Young,FAP1,1.60065473764348e-07,0.693147180559945,-6.45620271868992,6.3081403000722,TRUE,TRUE
Young_1_CCAACCCGTAATTAGC-1,Young,FAP1,1.82931970016398e-07,1.38629436111989,-5.91591045565891,6.09920790032245,TRUE,TRUE
Young_2_CTACCGGCAAGTCGCT-1,Young,FAP1,1.82931970016398e-07,0.693147180559945,-5.62447282977391,4.15892841652728,TRUE,TRUE
Young_2_TAAGCCAGTTCGCTCA-1,Young,FAP1,1.82931970016398e-07,0,-6.28870889849949,5.25894214943744,TRUE,TRUE
Young_2_TCAACAATCTAATCCT-1,Young,FAP1,1.82931970016398e-07,0,-5.95871231265354,6.3212018235097,TRUE,TRUE
Young_3_ACAGGATCAAAGCGGC-1,Young,FAP1,1.82931970016398e-07,0,-7.33229849047947,4.59292461708881,TRUE,TRUE
Young_3_CTTGCTCAGCATGTTA-1,Young,FAP1,1.82931970016398e-07,0,-6.04023191638279,4.39270164803363,TRUE,TRUE
Young_3_TTTGCATTCATAACGC-1,Young,FAP1,1.82931970016398e-07,0,-6.8967535228281,6.49218180016376,TRUE,TRUE
Young_1_CAATGTCAGGTGAAGC-1,Young,FAP1,2.05798466268448e-07,1.09861228866811,-6.0593740672617,6.47370102242328,TRUE,TRUE
Young_2_CTTAAGATCGTGCTAG-1,Young,FAP1,2.05798466268448e-07,1.09861228866811,-5.61379310794163,4.23711564377643,TRUE,TRUE
Young_2_TAATCCGCAGGCGATA-1,Young,FAP1,2.05798466268448e-07,0.693147180559945,-6.0679280490427,4.47517635659076,TRUE,TRUE
Young_2_TTAGTCAAGAATCGCT-1,Young,FAP1,2.05798466268448e-07,0.693147180559945,-5.86880228228855,6.23590566948749,TRUE,TRUE
Young_3_ACCTGTTGTTAACACG-1,Young,FAP1,2.05798466268448e-07,0.693147180559945,-7.34747240252781,4.61086418465472,TRUE,TRUE
Young_3_AGCAAATAGGACCTGC-1,Young,FAP1,2.05798466268448e-07,1.09861228866811,-6.37753317065525,5.18587353066303,TRUE,TRUE
Young_3_TTTCTCACAACTGGCT-1,Young,FAP1,2.05798466268448e-07,0.693147180559945,-6.56836483187962,6.05970718697406,TRUE,TRUE
Young_1_AGCCTGGGTTAGCTGA-1,Young,FAP1,2.28664962520497e-07,0.693147180559945,-5.88250229068089,6.22768070534564,TRUE,TRUE
Young_2_GACATTATCATAACTG-1,Young,FAP1,2.28664962520497e-07,0,-5.51592466540623,4.12549211815692,TRUE,TRUE
Young_2_GTTACAGGTAATCACG-1,Young,FAP1,2.28664962520497e-07,0,-6.16851207919407,4.42622663811542,TRUE,TRUE
Young_2_TTTGTTGGTGCGCATG-1,Young,FAP1,2.28664962520497e-07,0.693147180559945,-5.88110658831883,6.09329225853778,TRUE,TRUE
Young_3_ACCTTGTGTACCAGGT-1,Young,FAP1,2.28664962520497e-07,0,-7.31812689013767,4.70888712242938,TRUE,TRUE
Young_3_CACTGACCACCATATG-1,Young,FAP1,2.28664962520497e-07,0,-6.41303846545506,5.13826849297382,TRUE,TRUE
Young_3_TTGGATATCTGGTCCT-1,Young,FAP1,2.28664962520497e-07,0,-6.53180238910008,6.25800802544452,TRUE,TRUE
Young_1_AGACCCGGTATTTGCC-1,Young,FAP1,2.51531458772547e-07,0,-5.74743387408543,6.05259849861957,TRUE,TRUE
Young_1_TTTAAGCCATAACGGG-1,Young,FAP1,2.51531458772547e-07,0,-6.07224485583592,4.44157364205218,TRUE,TRUE
Young_2_GATTCCTGTAAGGTCC-1,Young,FAP1,2.51531458772547e-07,0,-5.63303682513523,4.04292514160968,TRUE,TRUE
Young_3_ACAACAACACAACCTA-1,Young,FAP1,2.51531458772547e-07,1.38629436111989,-5.9971592158823,6.23143770531512,TRUE,TRUE
Young_3_AGATGCTTCTTGGATA-1,Young,FAP1,2.51531458772547e-07,0.693147180559945,-7.26425239749241,4.75421335533954,TRUE,TRUE
Young_3_CGCAATGTCGCTAGTG-1,Young,FAP1,2.51531458772547e-07,0,-6.37099001117039,5.13931181267596,TRUE,TRUE
Young_3_TTCCACGGTTTACTTG-1,Young,FAP1,2.51531458772547e-07,0.693147180559945,-6.66392299838352,6.07366659478046,TRUE,TRUE
Young_1_AATTCGTCATGAGTTT-1,Young,FAP1,2.74397955024597e-07,0,-6.01129982180882,6.32433512047626,TRUE,TRUE
Young_1_TTCATTCAGTTAACCA-1,Young,FAP1,2.74397955024597e-07,0.693147180559945,-6.05612537570286,4.43249895409442,TRUE,TRUE
Young_2_GCCTGACAGTCCTTTG-1,Young,FAP1,2.74397955024597e-07,1.09861228866811,-5.65426418490696,4.05677654579974,TRUE,TRUE
Young_3_ACATAGCTCGTTCACC-1,Young,FAP1,2.74397955024597e-07,1.09861228866811,-5.89205238528538,6.08778478936053,TRUE,TRUE
Young_3_CAAATCATCCCATAAA-1,Young,FAP1,2.74397955024597e-07,0,-7.47097990222264,4.63446810082294,TRUE,TRUE
Young_3_GCAAGTGCAAGGTAAC-1,Young,FAP1,2.74397955024597e-07,0.693147180559945,-6.48778984256077,5.08556606606342,TRUE,TRUE
Young_3_TTAGCAATCTGGTCCT-1,Young,FAP1,2.74397955024597e-07,0,-7.18557665057469,6.62205602959491,TRUE,TRUE
Young_1_GAGTCATTCGTGCCTT-1,Young,FAP1,2.97264451276646e-07,0,-6.07873604007054,4.42956735924579,TRUE,TRUE
Young_2_GTGCGCAGTTCGCGCT-1,Young,FAP1,2.97264451276646e-07,1.09861228866811,-5.41407367892552,4.23225619629718,TRUE,TRUE
Young_3_ACTTACAAGGCAAGTA-1,Young,FAP1,2.97264451276646e-07,0.693147180559945,-5.98432514376927,6.2110944016347,TRUE,TRUE
Young_3_CTCCTAATCGCGACAC-1,Young,FAP1,2.97264451276646e-07,0,-7.42136547274876,4.47456123665668,TRUE,TRUE
Young_3_GCTTTCATCGGTACGC-1,Young,FAP1,2.97264451276646e-07,0,-6.47962209887791,5.2150612099538,TRUE,TRUE
Young_3_TGTGCAAGTTTGCTGT-1,Young,FAP1,2.97264451276646e-07,1.38629436111989,-6.50471470065403,6.42133810356952,TRUE,TRUE
Young_1_AGAGGATGTAGCCATA-1,Young,FAP1,3.20130947528696e-07,0,-6.16585943408299,4.39696552590228,TRUE,TRUE
Young_2_GTTGGCGGTTTAGCGA-1,Young,FAP1,3.20130947528696e-07,1.38629436111989,-5.51541444964695,4.19231083229877,TRUE,TRUE
Young_3_AGGAAACGTTAGCCAA-1,Young,FAP1,3.20130947528696e-07,0,-5.93427965350437,6.03011467293597,TRUE,TRUE
Young_3_GGCGGTAAGTATTGGC-1,Young,FAP1,3.20130947528696e-07,1.6094379124341,-7.25977775759983,4.66216232613422,TRUE,TRUE
Young_3_GGGTTTGTCGATAACC-1,Young,FAP1,3.20130947528696e-07,0.693147180559945,-6.47776529498387,5.23818018273212,TRUE,TRUE
Young_3_TGGCCAATCCAAGTGT-1,Young,FAP1,3.20130947528696e-07,1.6094379124341,-6.84252140231419,6.5228061898122,TRUE,TRUE
Young_2_GTTTGCTGTAATAGCT-1,Young,FAP1,3.42997443780746e-07,0,-5.65100309558201,4.14230062798358,TRUE,TRUE
Young_3_CAGCCAATCATTGACA-1,Young,FAP1,3.42997443780746e-07,0,-5.9880850047617,6.33220865563251,TRUE,TRUE
Young_3_GTAAGGTCAGGGAGCT-1,Young,FAP1,3.42997443780746e-07,0,-7.31581995196629,4.69830801323749,TRUE,TRUE
Young_3_TGCTTGTGTCGACTCC-1,Young,FAP1,3.42997443780746e-07,0.693147180559945,-6.45373460955906,6.15198042229511,TRUE,TRUE
Young_3_TTATGCGCAATCCCTT-1,Young,FAP1,3.42997443780746e-07,1.09861228866811,-6.35061762042332,5.16273834542133,TRUE,TRUE
Young_2_TTTGTCCCAGAGGGAG-1,Young,FAP1,3.65863940032796e-07,0,-5.61525509066868,4.15173508957721,TRUE,TRUE
Young_3_CAGCTATAGTATTGCA-1,Young,FAP1,3.65863940032796e-07,0.693147180559945,-5.992622110322,6.15666534737445,TRUE,TRUE
Young_3_GTCATGAGTGAATCGC-1,Young,FAP1,3.65863940032796e-07,0.693147180559945,-7.33530256457615,4.64505960778095,TRUE,TRUE
Young_3_TGATCACAGTCATTGA-1,Young,FAP1,3.65863940032796e-07,0,-6.64182159610081,5.98625662163593,TRUE,TRUE
Young_4_CCAAGTTAGGTCGATT-1,Young,FAP1,3.65863940032796e-07,0.693147180559945,-6.37391063876438,5.18058349922992,TRUE,TRUE
Young_3_AACGCCCAGAGAAGGG-1,Young,FAP1,3.88730436284845e-07,1.6094379124341,-5.63801309771824,4.13138463333942,TRUE,TRUE
Young_3_CAGGCTATCGGCCAGT-1,Young,FAP1,3.88730436284845e-07,1.6094379124341,-5.94753429599095,6.22948171929218,TRUE,TRUE
Young_3_TCCTTTACAGGCCATT-1,Young,FAP1,3.88730436284845e-07,0.693147180559945,-6.59225914187718,6.06428673104144,TRUE,TRUE
Young_5_AATCATGTCTAAGTCA-1,Young,FAP1,3.88730436284845e-07,0.693147180559945,-6.2751624316721,5.24856045082904,TRUE,TRUE
Young_5_AGCGGATAGCGAGGTG-1,Young,FAP1,3.88730436284845e-07,1.38629436111989,-7.50324270434666,4.80187513665057,TRUE,TRUE
Young_3_CCAAGGCTCCTCATCA-1,Young,FAP1,4.11596932536895e-07,0,-5.84660789675999,6.19790794686176,TRUE,TRUE
Young_3_TAGCGCGGTGCTCACC-1,Young,FAP1,4.11596932536895e-07,0,-6.40037319369602,6.35410978630878,TRUE,TRUE
Young_3_TGAGGTGCATGAATCT-1,Young,FAP1,4.11596932536895e-07,1.38629436111989,-5.54438850589085,4.25671889618732,TRUE,TRUE
Young_5_CACCGGTAGGTTACGT-1,Young,FAP1,4.11596932536895e-07,0.693147180559945,-6.27738115496922,5.24592401818134,TRUE,TRUE
Young_5_CCATATTTCGGTTACG-1,Young,FAP1,4.11596932536895e-07,0.693147180559945,-7.32116529650974,4.76791050270892,TRUE,TRUE
Young_3_CCTAAGGTCCTAAGAC-1,Young,FAP1,4.34463428788945e-07,0.693147180559945,-5.89995071597386,6.25936081246234,TRUE,TRUE
Young_3_GTAGTTTCATCACAGC-1,Young,FAP1,4.34463428788945e-07,0.693147180559945,-6.61726829715061,6.32030155495502,TRUE,TRUE
Young_3_TTAAGGTGTGTGTGGT-1,Young,FAP1,4.34463428788945e-07,0.693147180559945,-5.52432796664524,4.23864486054279,TRUE,TRUE
Young_5_CCGTTAACACCCACCT-1,Young,FAP1,4.34463428788945e-07,0,-7.34389469332981,4.83753206566669,TRUE,TRUE
Young_5_CGCTAACCATACCCGG-1,Young,FAP1,4.34463428788945e-07,0,-6.43560192294407,5.26360227898456,TRUE,TRUE
Young_3_CGAACAAAGACAACAG-1,Young,FAP1,4.57329925040995e-07,0,-5.97489378161717,6.18450834587909,TRUE,TRUE
Young_3_GTACACCCATTGCGTA-1,Young,FAP1,4.57329925040995e-07,0.693147180559945,-6.47454521365452,6.16582395867206,TRUE,TRUE
Young_5_ATAAGCCTCTTAGTCT-1,Young,FAP1,4.57329925040995e-07,0.693147180559945,-5.54065248675633,4.23479106263019,TRUE,TRUE
Young_5_GCCTACTTCCGCCAAA-1,Young,FAP1,4.57329925040995e-07,0,-7.31265470691014,4.72948124245502,TRUE,TRUE
Young_5_GGTTAATGTGCTAGAC-1,Young,FAP1,4.57329925040995e-07,0,-6.33465454287815,5.40966322258807,TRUE,TRUE
Young_3_GCAGGCTTCATCCTCA-1,Young,FAP1,4.80196421293044e-07,1.09861228866811,-5.9743697375803,6.17586996392108,TRUE,TRUE
Young_3_GGTTTAATCGTTCACC-1,Young,FAP1,4.80196421293044e-07,0,-7.06266567416477,6.71142961815692,TRUE,TRUE
Young_5_ATGCGATTCCTTCAAT-1,Young,FAP1,4.80196421293044e-07,0,-5.60121319003391,4.26670005158282,TRUE,TRUE
Young_5_GCGGATACATAAGTCT-1,Young,FAP1,4.80196421293044e-07,1.09861228866811,-7.38353178210545,4.62283184365131,TRUE,TRUE
Young_5_TATATCCTCAAGGACA-1,Young,FAP1,4.80196421293044e-07,1.09861228866811,-6.35307714648533,5.31675007180072,TRUE,TRUE
Young_3_GGAACAATCAGCACGC-1,Young,FAP1,5.03062917545094e-07,0.693147180559945,-5.92132112689305,6.13069774941303,TRUE,TRUE
Young_3_GGCATGGAGTTCCCGT-1,Young,FAP1,5.03062917545094e-07,0,-6.4538676471262,6.25215675667621,TRUE,TRUE
Young_5_CACCGGTAGCGCCTTT-1,Young,FAP1,5.03062917545094e-07,0,-5.46401760287571,4.23743035630084,TRUE,TRUE
Young_5_GTGCTTCTCATGCATA-1,Young,FAP1,5.03062917545094e-07,1.09861228866811,-7.41145870394993,4.77762796715595,TRUE,TRUE
Young_5_TCGTTAGCACGAACAG-1,Young,FAP1,5.03062917545094e-07,0,-6.36950895495701,5.33956625298358,TRUE,TRUE
Young_3_GGCATGGAGACTAAGG-1,Young,FAP1,5.25929413797144e-07,1.6094379124341,-7.07960817523289,6.60573389366962,TRUE,TRUE
Young_3_GGTAATTGTATTTGCC-1,Young,FAP1,5.25929413797144e-07,1.38629436111989,-5.99677440829563,6.14214660958148,TRUE,TRUE
Young_5_GTTTAGCAGTTACTTC-1,Young,FAP1,5.25929413797144e-07,0,-5.66104290194798,4.15555074051715,TRUE,TRUE
Young_5_TTTGGTAAGGTCTTGG-1,Young,FAP1,5.25929413797144e-07,2.19722457733622,-6.42156049914646,5.17345859841205,TRUE,TRUE
Young_3_GCGTGCTAGCTCAATA-1,Young,FAP1,5.48795910049194e-07,0,-6.42811414904881,6.20736744240619,TRUE,TRUE
Young_3_TATCACAAGGAACCGG-1,Young,FAP1,5.48795910049194e-07,1.79175946922806,-6.01881572909641,6.29521562889911,TRUE,TRUE
Young_3_GCCTGAGGTTCGGTAA-1,Young,FAP1,5.71662406301243e-07,0,-6.76342365451145,6.59235908821918,TRUE,TRUE
Young_5_CCCTCATAGCACTAAC-1,Young,FAP1,5.71662406301243e-07,0,-5.9438955516367,6.09046509102679,TRUE,TRUE
Young_3_GCACCTAAGCCTAACG-1,Young,FAP1,5.94528902553293e-07,1.09861228866811,-6.5857298106699,6.20739939049579,TRUE,TRUE
Young_5_CTAGGCGGTCAGGCAT-1,Young,FAP1,5.94528902553293e-07,0.693147180559945,-5.88097259707737,6.02750780419208,TRUE,TRUE
Young_3_GCAAACAAGTATTGCA-1,Young,FAP1,6.17395398805343e-07,0.693147180559945,-6.53722927279759,6.18518354729511,TRUE,TRUE
Young_5_CTTGACGAGTAACGGA-1,Young,FAP1,6.17395398805343e-07,0,-5.9009473056345,6.12268163994647,TRUE,TRUE
Young_3_GAGGCTTGTTTGGCGG-1,Young,FAP1,6.40261895057392e-07,0,-6.9557740420847,6.68226291970111,TRUE,TRUE
Young_5_GAGCAAGGTTCAAGCA-1,Young,FAP1,6.40261895057392e-07,0.693147180559945,-5.94093439288426,6.19208528832294,TRUE,TRUE
Young_3_GAGCTGCTCACGAATC-1,Young,FAP1,6.63128391309442e-07,0,-6.45232174105931,6.29503586129047,TRUE,TRUE
Young_5_GTTTACCGTAATTAGC-1,Young,FAP1,6.63128391309442e-07,1.6094379124341,-5.94569847293186,6.04624559716083,TRUE,TRUE
Young_3_GAGCCTTCAGATTCAT-1,Young,FAP1,6.85994887561492e-07,0,-6.7246196002512,6.54460146263934,TRUE,TRUE
Young_5_TCTATGTTCATGTCAA-1,Young,FAP1,6.85994887561492e-07,0,-5.85669014163304,5.99467422798969,TRUE,TRUE
Young_3_CTTTCTTGTCCCGAAG-1,Young,FAP1,7.08861383813542e-07,0,-6.84464142031956,6.32234814003803,TRUE,TRUE
Young_5_TGGCTATAGGTTACAC-1,Young,FAP1,7.08861383813542e-07,2.39789527279837,-5.82800218768406,6.02060510948993,TRUE,TRUE
Young_3_CTTAGTTTCGCAACAT-1,Young,FAP1,7.31727880065591e-07,0.693147180559945,-6.68872425265599,6.29176428154803,TRUE,TRUE
Young_5_TGTCATAAGGCTAATC-1,Young,FAP1,7.31727880065591e-07,0.693147180559945,-5.94219467349339,6.0452704651723,TRUE,TRUE
Young_3_CTGGATGTCATCCTGC-1,Young,FAP1,7.54594376317641e-07,0,-6.85373708911228,6.39021160439349,TRUE,TRUE
Young_3_CTGCTATGTTGCCTCA-1,Young,FAP1,7.77460872569691e-07,0,-6.48819849200535,6.35644152001239,TRUE,TRUE
Young_3_CTGAAACTCGTTAGTA-1,Young,FAP1,8.00327368821741e-07,0,-6.77131626315403,6.42183019951678,TRUE,TRUE
Young_3_CGTGGTTCACCTACTT-1,Young,FAP1,8.2319386507379e-07,1.09861228866811,-7.22504780001927,6.66315939263202,TRUE,TRUE
Young_3_CAATCTAAGCTAATTG-1,Young,FAP1,8.4606036132584e-07,0.693147180559945,-6.65121385760594,5.99060394600726,TRUE,TRUE
Young_3_CAAAGGATCCCATAGG-1,Young,FAP1,8.6892685757789e-07,0,-6.54175445742893,6.32483627632953,TRUE,TRUE
Young_3_AGGGCCTTCGATTTAG-1,Young,FAP1,8.91793353829939e-07,0.693147180559945,-6.64632150836277,6.25902941063739,TRUE,TRUE
Young_3_AGAGGATGTGTTGCTT-1,Young,FAP1,9.14659850081989e-07,0.693147180559945,-6.55539772219944,6.37262251213886,TRUE,TRUE
Young_3_ACTTTGTTCGTTTCTG-1,Young,FAP1,9.37526346334039e-07,1.09861228866811,-6.41932413287449,6.38498976067401,TRUE,TRUE
Young_3_AAGCGGGTCCTAACGG-1,Young,FAP1,9.60392842586089e-07,0.693147180559945,-6.50048038668919,6.19226696328021,TRUE,TRUE
Young_3_AACGCCCAGTACCGCA-1,Young,FAP1,9.83259338838138e-07,1.09861228866811,-6.76451275058079,6.36420109108783,TRUE,TRUE
Young_2_TTCACTGTCCTCCTAA-1,Young,FAP1,1.00612583509019e-06,0,-6.79003498263645,6.10715772942401,TRUE,TRUE
Young_2_TATGTGATCCGCCTCA-1,Young,FAP1,1.02899233134224e-06,1.09861228866811,-6.39244959063816,6.3538608773122,TRUE,TRUE
Young_2_GGTCAAGCAATACTGT-1,Young,FAP1,1.05185882759429e-06,1.09861228866811,-6.41713115878391,6.43082477883197,TRUE,TRUE
Young_2_GCTTCGCGTCACAGCG-1,Young,FAP1,1.07472532384634e-06,0.693147180559945,-6.60822508044529,5.99242975548602,TRUE,TRUE
Young_2_CTCACAACATCTAGCA-1,Young,FAP1,1.09759182009839e-06,0.693147180559945,-6.60076591677952,6.05512239769794,TRUE,TRUE
Young_2_CTAGGACGTTTGTCTA-1,Young,FAP1,1.12045831635044e-06,1.38629436111989,-6.56473848529148,5.93297436074115,TRUE,TRUE
Young_2_CAGCTCAAGCCTGGTA-1,Young,FAP1,1.14332481260249e-06,0,-7.20071050830174,6.65079500511981,TRUE,TRUE
Young_2_ATGACTCAGTAACGGA-1,Young,FAP1,1.16619130885454e-06,0,-6.50174400515843,6.31001283959247,TRUE,TRUE
Young_2_ATAAGCCTCAGCACCA-1,Young,FAP1,1.18905780510659e-06,1.09861228866811,-6.69325229831028,6.516563437737,TRUE,TRUE
Young_2_AGAAGGTGTTCACCCA-1,Young,FAP1,1.21192430135864e-06,0,-6.54609939761448,6.09089805916644,TRUE,TRUE
Young_1_TTGGCTTGTATTTGCC-1,Young,FAP1,1.23479079761069e-06,0,-7.07437488742161,6.63865568474628,TRUE,TRUE
Young_1_TGTCAGTAGGCCAATT-1,Young,FAP1,1.25765729386274e-06,0.693147180559945,-6.63783094592381,6.11392738655902,TRUE,TRUE
Young_1_TGAGTTTCAATACTGT-1,Young,FAP1,1.28052379011478e-06,0,-6.67697164721775,6.07665588692523,TRUE,TRUE
Young_1_TGAGGGAGTTGGATAT-1,Young,FAP1,1.30339028636683e-06,0,-6.97779009051609,6.6622252686391,TRUE,TRUE
Young_1_TCGTTAGCACTAAGTT-1,Young,FAP1,1.32625678261888e-06,0,-6.58409044452,6.15846206978656,TRUE,TRUE
Young_1_TCGTGCTTCCCGTTTA-1,Young,FAP1,1.34912327887093e-06,0,-6.67556593127537,6.39584066704608,TRUE,TRUE
Young_1_TCGACAAGTGGATTCA-1,Young,FAP1,1.37198977512298e-06,0,-6.81688282199192,6.63315393761493,TRUE,TRUE
Young_1_TATGGGCGTCCGGTTC-1,Young,FAP1,1.39485627137503e-06,0,-7.10109731860447,6.64391996697284,TRUE,TRUE
Young_1_TAACCTAAGCTGGCTA-1,Young,FAP1,1.41772276762708e-06,1.38629436111989,-6.8089964122324,6.43011858300067,TRUE,TRUE
Young_1_GTTACTCGTCCCGGAA-1,Young,FAP1,1.44058926387913e-06,0,-6.7687337131052,6.43406297997333,TRUE,TRUE
Young_1_GTTAATGTCTAATCCT-1,Young,FAP1,1.46345576013118e-06,0,-6.67317030139256,6.51837208107806,TRUE,TRUE
Young_1_GCTTGACCAACCCTAA-1,Young,FAP1,1.48632225638323e-06,0,-6.96322414584446,6.55920030907489,TRUE,TRUE
Young_1_GCACGGTTCTCGACCT-1,Young,FAP1,1.50918875263528e-06,0,-6.43656036563206,6.37980987862445,TRUE,TRUE
Young_1_CTTCTAAGTAGACAAA-1,Young,FAP1,1.53205524888733e-06,0,-6.64599821276951,6.38047172860004,TRUE,TRUE
Young_1_CTCTAAGCACCTCACC-1,Young,FAP1,1.55492174513938e-06,0,-6.40377733416844,6.2165842278371,TRUE,TRUE
Young_1_CTACCGGCAGCTTACA-1,Young,FAP1,1.57778824139143e-06,0.693147180559945,-6.45832988925266,6.33962204293109,TRUE,TRUE
Young_1_CTACCGGCACAAAGCG-1,Young,FAP1,1.60065473764348e-06,0,-6.58359405703831,6.37669374779559,TRUE,TRUE
Young_1_CGTGCACAGTAGAGGC-1,Young,FAP1,1.62352123389553e-06,0,-6.45229599185276,6.39172508553363,TRUE,TRUE
Young_1_CCTTGTTCAGGTTAAA-1,Young,FAP1,1.64638773014758e-06,0.693147180559945,-6.4374053210764,6.42739870385028,TRUE,TRUE
Young_1_CCAGGATGTCTAACAG-1,Young,FAP1,1.66925422639963e-06,1.09861228866811,-6.86260292239475,6.64564277962543,TRUE,TRUE
Young_1_CCAACCAAGGGCTTAT-1,Young,FAP1,1.69212072265168e-06,0,-6.6655523509531,6.43977835015155,TRUE,TRUE
Young_1_CATTCATTCTCGCCCA-1,Young,FAP1,1.71498721890373e-06,0,-6.99359819598484,6.53536512688495,TRUE,TRUE
Young_1_CATAGGTTCTGCAACG-1,Young,FAP1,1.73785371515578e-06,0.693147180559945,-6.67238638110447,6.22662308052875,TRUE,TRUE
Young_1_CATAGGCGTGCGCATG-1,Young,FAP1,1.76072021140783e-06,0.693147180559945,-6.65577575869847,6.28183891610004,TRUE,TRUE
Young_1_CAGGGCTTCTTTGTAC-1,Young,FAP1,1.78358670765988e-06,0.693147180559945,-7.19790956683445,6.70117618874408,TRUE,TRUE
Young_1_CACAAGCGTTGCATCT-1,Young,FAP1,1.80645320391193e-06,0.693147180559945,-6.9853150577097,6.63273193672992,TRUE,TRUE
Young_1_ATGGTCTAGCCTAATA-1,Young,FAP1,1.82931970016398e-06,0.693147180559945,-7.12599346347141,6.60141231850482,TRUE,TRUE
Young_1_ATGCCTGAGTTTGAGC-1,Young,FAP1,1.85218619641603e-06,0,-6.7002317637949,6.12841703728534,TRUE,TRUE
Young_1_AGTGTGGCAAACTCAT-1,Young,FAP1,1.87505269266808e-06,0.693147180559945,-7.12338754840183,6.68237402275897,TRUE,TRUE
Young_1_AGTAACCTCGGGCCAT-1,Young,FAP1,1.89791918892013e-06,0,-6.78140327639866,6.12789919213153,TRUE,TRUE
Young_1_AGGCCCAGTTTCGCGC-1,Young,FAP1,1.92078568517218e-06,0.693147180559945,-7.00762722201634,6.50105955437518,TRUE,TRUE
Young_1_AGGATGCAGCTCATAA-1,Young,FAP1,1.94365218142423e-06,0,-6.90200063891697,6.31047394112445,TRUE,TRUE
Young_1_ACCCTGTTCTGTGAGT-1,Young,FAP1,1.96651867767628e-06,0,-6.99766227908421,6.37449934319354,TRUE,TRUE
Young_1_AAGGTGCAGTTTGCGG-1,Young,FAP1,1.98938517392833e-06,0.693147180559945,-7.1511652202158,6.71756222084857,TRUE,TRUE
Young_1_AAGCTCCCACAGAAAC-1,Young,FAP1,2.01225167018038e-06,0,-6.63849470324803,6.13357212380267,TRUE,TRUE
Young_1_AACTACTCAATCCTGA-1,Young,FAP1,2.03511816643243e-06,0,-6.64558145709324,6.06916334465839,TRUE,TRUE
Young_1_AAATCCGGTTCCGGGA-1,Young,FAP1,2.05798466268448e-06,0,-6.64534399218846,6.57617523506976,TRUE,TRUE
Young_2_AGTCTTGCACCATATG-1,Young,FAP1,4.2921741800761e-06,0,-6.74540207095433,1.20566412047244,TRUE,TRUE
Young_1_TTGACTAAGCGGCTGT-1,Young,FAP1,4.31504067632815e-06,0,-6.93489381976414,1.04520805910922,TRUE,TRUE
Young_1_TCCATCATCGATTTAG-1,Young,FAP1,4.3379071725802e-06,0,-6.75038549609471,1.23561664656497,TRUE,TRUE
Young_3_TGTTATGAGCAAGATG-1,Young,FAP1,1.80813417092196e-05,0,-7.22702142901707,2.85845854119159,TRUE,TRUE
Young_2_ACCCGGTAGGTGTCCA-1,Young,FAP1,3.97829223288682e-05,1.6094379124341,-5.60555383868504,5.83114578560687,TRUE,TRUE
Young_5_CAGCATGTCAGGCTAT-1,Young,FAP1,4.08778527343223e-05,0,-7.06257602877903,3.01993014649249,TRUE,TRUE
Young_4_CTTACTAGTTTACGTC-1,Young,FAP1,9.06942109249465e-05,0,-7.7693350047617,0.277069009698402,TRUE,TRUE
Young_3_CCTACTGGTAATAGCT-1,Young,FAP1,0.000103479510166871,0,-6.26849672503758,5.65942528084613,TRUE,TRUE
Young_5_TGATTCAAGTGCTGTG-1,Young,FAP1,0.000107950075198371,0,-7.39131853289891,3.20088770226337,TRUE,TRUE
Young_2_CTCATTAGTTATGTGG-1,Young,FAP3,0.000131017830383051,1.09861228866811,-8.51057836718846,2.89898421601154,FALSE,TRUE
Young_2_GATGAGGGTTGGTTCT-1,Young,FAP3,0.000131040696879303,1.09861228866811,-8.51846239276219,2.92614772156573,FALSE,TRUE
Young_3_TGAGCAAAGGGTGAGT-1,Young,FAP3,0.000131063563375555,0.693147180559945,-8.63646337695408,3.00483968094684,FALSE,TRUE
Young_4_ACCAGGGAGAGAGCCG-1,Young,FAP3,0.000131086429871807,0,-8.76285288043308,2.8773131592641,FALSE,TRUE
Young_5_GTGTGAGCATTAGGCC-1,Young,FAP2,0.000131109296368059,1.6094379124341,-8.80316278643894,2.85758259133197,FALSE,TRUE
Young_5_TGCTGGATCACTTTAC-1,Young,FAP3,0.000131132162864311,0,-8.48569700427342,2.90094663933612,FALSE,TRUE
Young_5_GTATCGCCAGCGCTTG-1,Young,FAP1,0.000145107826914792,1.09861228866811,-7.46190902896214,3.13095381096698,TRUE,TRUE
Young_4_AGGTCATTCCTAGTTT-1,Young,FAP1,0.000151650228531253,0,-7.00071451373387,3.06944062546588,TRUE,TRUE
Young_5_ACAAACTGTGTTAGCA-1,Young,FAP1,0.000156962225086654,0.693147180559945,-7.07286522097874,0.940931580818664,TRUE,TRUE
Young_2_AGCGCCTAGGCTCATG-1,Young,FAP1,0.000157050861913088,0,-6.93052694506932,3.15319421128131,TRUE,TRUE
Young_3_TGTTGGCCAGACAAAC-1,Young,FAP1,0.00015837626443016,0,-6.72148725695896,1.28241362408496,TRUE,TRUE
Young_3_CTCATGCTCCGGAACC-1,Young,FAP1,0.000264852976279872,0,-6.95008060641575,1.06759800747729,TRUE,TRUE
Young_3_GGTAGGAGTGTGTGGT-1,Young,FAP1,0.000280658000107792,0,-7.47654363818455,0.968871973312866,TRUE,TRUE
Young_2_AAAGGAGCAGCCTGCA-1,Young,FAP1,0.000293506770715601,0,-7.0153853625803,1.00610753134586,TRUE,TRUE
Young_5_GACCTGATCGTCATTT-1,Young,FAP1,0.000302676598663232,0,-6.75007602877903,1.16392239168979,TRUE,TRUE
Young_2_TTTAACCTCTTGGACG-1,Young,FAP1,0.000318507765321718,1.09861228866811,-7.0322892398386,0.991391979015838,TRUE,TRUE
Young_2_ATTACCCGTTGTCATC-1,Young,FAP1,0.000326056477130798,0,-8.39514181323338,0.793961189545166,TRUE,TRUE
Young_1_GGGAATATCAGGCCTA-1,Young,FAP1,0.00034841278226394,0,-7.01296779818821,1.01220699385501,TRUE,TRUE
Young_1_CCAAGTTAGTTAACCA-1,Young,FAP1,0.0003603811463877,0.693147180559945,-7.10778019137669,0.920907161987793,TRUE,TRUE
Young_5_CGGTAACGTTAGAGGG-1,Young,FAP1,0.000368245098530062,0.693147180559945,-7.31144258685398,1.12329205111362,TRUE,TRUE
Young_3_CGTTAAATCGGTCATG-1,Young,FAP1,0.000373433389567746,0,-7.2421657771616,1.53479316071368,TRUE,TRUE
Young_5_AGCTATATCCGCTAGA-1,Young,FAP1,0.000378265011238499,0.693147180559945,-7.79451105304051,1.68891134098865,TRUE,TRUE
Young_2_GTGAACAAGTACTGGT-1,Young,FAP1,0.000379665843707078,0,-6.73025390811253,1.28901579216815,TRUE,TRUE
Young_1_AGGACTAAGCTGAGGG-1,Young,FAP1,0.000414047217329738,0,-7.84573862262058,1.61527397469379,TRUE,TRUE
Young_2_ATTTAGGTCTTTGAGA-1,Young,FAP1,0.000418766888871769,0.693147180559945,-7.00637886233616,3.05000641182758,TRUE,TRUE
Young_2_TGAAACTGTCTCAGCC-1,Young,FAP1,0.000418951967531722,0,-7.29511997409153,2.77189209297992,TRUE,TRUE
Young_5_ACATCAATCGCATTAA-1,Young,FAP1,0.000495975256266767,0.693147180559945,-7.52813789553929,4.79634144142963,TRUE,TRUE
Young_3_GAGGCCTTCTTGCAAA-1,Young,FAP1,0.000519331547207402,1.09861228866811,-6.18157503314305,1.24496092633105,TRUE,TRUE
Young_5_AAGACAAGTTGAGGTC-1,Young,FAP1,0.000528161674008487,1.79175946922806,-7.21235773272801,2.90116526917316,TRUE,TRUE
Young_1_GAACCTTAGGCTAAGA-1,Young,FAP1,0.000570186867119737,0.693147180559945,-6.41277239032078,6.18155958489276,TRUE,TRUE
Young_3_CAGCTAAGTTAGTACG-1,Young,FAP1,0.000593958621460722,0,-6.74985763736058,0.824467234171402,TRUE,TRUE
Young_3_CGTCAATAGGAGGACT-1,Young,FAP1,0.000597217035133157,0.693147180559945,-8.6137420863657,1.11563416556216,TRUE,TRUE
Young_5_ACTGAAACATAATGTC-1,Young,FAP1,0.000606224630598451,0.693147180559945,-6.78874799914646,1.24767252043582,TRUE,TRUE
Young_5_TTTGGCTGTTAGGATT-1,Young,FAP1,0.00064426165194198,0,-8.6962501735239,1.0487038715253,TRUE,TRUE
Young_1_AATTGACGTCAAAGGG-1,Young,FAP1,0.00068509643304715,0,-7.01343271441746,3.10097529724933,TRUE,TRUE
Young_1_CAAACTGGTCCACAAA-1,Young,FAP1,0.000731542031362054,0.693147180559945,-6.26996204562474,5.66239502266742,TRUE,TRUE
Young_5_TCCCGTTAGGTCCTGA-1,Young,FAP1,0.000746133687060002,0,-7.54362890429783,3.02079012230731,TRUE,TRUE
Young_3_GCTAAGTTCCCTCATA-1,Young,FAP1,0.000752486426335519,0,-5.92225334353733,2.93065454796649,TRUE,TRUE
Young_3_CCTTCGGTCCTCAGCT-1,Young,FAP1,0.000753837132762669,0.693147180559945,-7.01357767291355,4.9154424889455,TRUE,TRUE
Young_2_GTGAGCGAGGTCGATT-1,Young,FAP1,0.000756489595685028,0,-8.0044309825449,0.348135683543455,TRUE,TRUE
Young_3_TGTAATGTCTCAATTC-1,Young,FAP1,0.00078436054745179,1.6094379124341,-6.23713276095677,4.66964676216937,TRUE,TRUE
Young_1_CCAGCTAAGGCCTAAT-1,Young,FAP1,0.000787226123342144,0,-7.51503536410618,4.80709316567279,TRUE,TRUE
Young_5_TGGTAAACAAGGTGCA-1,Young,FAP1,0.000826927549501644,0.693147180559945,-7.37925026126194,1.02605517939426,TRUE,TRUE
Young_3_GCTGGATGTGTTTGAG-1,Young,FAP1,0.000845262468396335,0,-8.50089857287693,1.2100066764722,TRUE,TRUE
Young_1_CATAACGGTAATCGTG-1,Young,FAP1,0.000854040865211125,0.693147180559945,-5.55553266711521,5.18474342659808,TRUE,TRUE
Young_5_GATTGTTCACGTTACA-1,Young,FAP1,0.000866835251031928,0.693147180559945,-7.37733909793186,1.02518518999911,TRUE,TRUE
Young_1_TCTAGCACACGGTACT-1,Young,FAP1,0.000910935520554546,0,-5.67236063189793,5.14419796303607,TRUE,TRUE
Young_5_GGTCAATTCATCCTCA-1,Young,FAP1,0.000915803379875957,0.693147180559945,-7.6106583804636,2.94735100106097,TRUE,TRUE
Young_2_ACATTGCAGTTCCCAC-1,Young,FAP1,0.000917178052465884,0,-7.74545118518162,0.457388169921409,TRUE,TRUE
Young_3_ATCCTGACATTTGCTC-1,Young,FAP1,0.000933012284899171,0.693147180559945,-6.37551424212742,6.25173523262836,TRUE,TRUE
Young_1_AAAGCGGGTTCATTTG-1,Young,FAP1,0.000937163374038485,0,-6.78521845050144,0.535326637185585,TRUE,TRUE
Young_1_AACAAAGGTCTATCGT-1,Young,FAP1,0.000937186240534738,0.693147180559945,-6.39696905322361,0.995392344749939,TRUE,TRUE
Young_1_AAGCTCCCATCAATCG-1,Young,FAP1,0.00093720910703099,1.38629436111989,-6.66829559512425,0.607785247124206,TRUE,TRUE
Young_1_ACACTAATCATGAGCT-1,Young,FAP1,0.000937231973527242,0,-6.32815954394627,1.00038393572665,TRUE,TRUE
Young_1_ACCAATATCAGGTCCA-1,Young,FAP1,0.000937254840023494,0,-5.90111229129124,1.1654258592496,TRUE,TRUE
Young_1_ACGGTACGTTTCGCCA-1,Young,FAP1,0.000937277706519746,0,-6.34825441546726,1.01505305603839,TRUE,TRUE
Young_1_ACTTAGTCATGTTGGC-1,Young,FAP1,0.000937300573015998,0,-6.46566936679173,0.936593852795135,TRUE,TRUE
Young_1_AGGGTTGCAAGGAATC-1,Young,FAP1,0.00093732343951225,0,-6.61698982425022,0.79088576868869,TRUE,TRUE
Young_1_AGTGCACGTGGATTAT-1,Young,FAP1,0.000937346306008502,0.693147180559945,-6.54341242022801,0.923307023800384,TRUE,TRUE
Young_1_ATTAGTCCATAGTCAT-1,Young,FAP1,0.000937369172504754,0,-6.18468973346043,1.03099807337619,TRUE,TRUE
Young_1_CCTTCAATCACCAATA-1,Young,FAP1,0.000937392039001006,0,-6.22295686908055,1.04614122942783,TRUE,TRUE
Young_1_CGCACACAGCCTAACG-1,Young,FAP1,0.000937414905497258,0,-5.95500442691136,1.20791055992938,TRUE,TRUE
Young_1_CGGCTCACAAACGGGC-1,Young,FAP1,0.00093743777199351,0.693147180559945,-6.77343532748509,0.776251368082535,TRUE,TRUE
Young_1_GAGGCTTGTGTTAAAC-1,Young,FAP1,0.000937460638489762,0.693147180559945,-6.75061151690769,0.593328498161804,TRUE,TRUE
Young_1_GCCCAAATCAATCATG-1,Young,FAP1,0.000937483504986014,0,-5.87571737475682,1.1933589203725,TRUE,TRUE
Young_1_GCTCTGTTCAGCACGC-1,Young,FAP1,0.000937506371482266,0,-6.03357670016575,1.12308772639133,TRUE,TRUE
Young_1_TAGCTAGGTTGCATCT-1,Young,FAP1,0.000937529237978518,0,-6.46007082171726,0.920018873966705,TRUE,TRUE
Young_1_TAGGTTATCCGTAAAC-1,Young,FAP1,0.00093755210447477,0,-5.98346969790745,1.00230392054416,TRUE,TRUE
Young_1_TCAGTAGGTACGGTAC-1,Young,FAP1,0.000937574970971022,0,-6.77530357547093,0.533802769936096,TRUE,TRUE
Young_1_TGAAGCAAGCGATAGA-1,Young,FAP1,0.000937597837467274,0,-6.58209774203587,0.652084342993271,TRUE,TRUE
Young_1_TGCTTGTGTTTCCGGC-1,Young,FAP1,0.000937620703963526,0,-6.20791504092503,1.05496092871524,TRUE,TRUE
Young_1_TGGCTATAGTAAAGGT-1,Young,FAP1,0.000937643570459779,0.693147180559945,-6.01816007800389,0.978928290165435,TRUE,TRUE
Young_1_TTGTCAAAGGTCCACA-1,Young,FAP1,0.000937666436956031,0,-6.86059639163304,0.629591367996704,TRUE,TRUE
Young_1_TTGTGCCTCTTTAAGG-1,Young,FAP1,0.000937689303452283,0,-6.38057634539891,0.841717205799591,TRUE,TRUE
Young_1_TTTAGCTTCCGCAAAT-1,Young,FAP1,0.000937712169948535,0,-6.43294880099583,1.03676196173526,TRUE,TRUE
Young_1_TTTGACTTCTGTGCAG-1,Young,FAP1,0.000937735036444787,0,-6.7168595523386,0.69298338130809,TRUE,TRUE
Young_2_AATCGCCCACAATGTT-1,Young,FAP1,0.000937757902941039,0,-6.54700395770359,0.708498261726867,TRUE,TRUE
Young_2_AATTCGTCACCAGGTT-1,Young,FAP1,0.000937780769437291,0,-6.18613311953831,1.1602795942197,TRUE,TRUE
Young_2_AATTCGTCAGAAATGC-1,Young,FAP1,0.000937803635933543,0,-6.63395569033909,0.73298662141658,TRUE,TRUE
Young_2_ACCCTCCCAGTTTGGC-1,Young,FAP1,0.000937826502429795,0,-6.5129120082407,0.677833162106048,TRUE,TRUE
Young_2_AGCAATTGTTGTGATG-1,Young,FAP1,0.000937849368926047,0,-6.62118408389378,0.851662002361786,TRUE,TRUE
Young_2_CAAACCGTCACCAATA-1,Young,FAP1,0.000937872235422299,0,-5.88758156009007,1.1124827487836,TRUE,TRUE
Young_2_CGGGCTTAGTAAACCC-1,Young,FAP1,0.000937895101918551,0,-6.7208878726511,0.724663756645691,TRUE,TRUE
Young_2_GCGGTTATCACGAATC-1,Young,FAP1,0.000937917968414803,0,-6.18608782000828,1.19455280140735,TRUE,TRUE
Young_2_GGATATTGTGCATTAG-1,Young,FAP1,0.000937940834911055,0,-6.39092800326634,1.06834908560611,TRUE,TRUE
Young_2_GTGCCTTTCACGAATC-1,Young,FAP1,0.000937963701407307,0,-6.75754711337376,0.662827722586166,TRUE,TRUE
Young_2_TAATTGCCAGGATAAC-1,Young,FAP1,0.000937986567903559,0.693147180559945,-6.33537599749851,0.865916870392334,TRUE,TRUE
Young_2_TAGTTTGAGCTGCACA-1,Young,FAP1,0.000938009434399811,0,-6.7963649959116,0.709226421869766,TRUE,TRUE
Young_2_TCCAGGATCTCATCAT-1,Young,FAP1,0.000938032300896063,0.693147180559945,-6.55315372653294,0.759931973970901,TRUE,TRUE
Young_2_TCCTTAGTCATCAGTA-1,Young,FAP1,0.000938055167392315,0,-6.26402828402806,0.86641683415271,TRUE,TRUE
Young_2_TTGCAACAGTATTGTG-1,Young,FAP1,0.000938078033888567,0,-6.42111656375218,0.79153444603778,TRUE,TRUE
Young_3_AAAGCACCAGAACCGA-1,Young,FAP1,0.00093810090038482,0,-6.36373398013401,0.954531930244934,TRUE,TRUE
Young_3_ACTTATCTCGTCCTTA-1,Young,FAP1,0.000938123766881072,0,-5.79907724566746,1.17839970425464,TRUE,TRUE
Young_3_AGGTTGCGTACAAAGA-1,Young,FAP1,0.000938146633377324,0,-6.54023096270848,0.693407110727798,TRUE,TRUE
Young_3_AGTCTTGCATTAGGTT-1,Young,FAP1,0.000938169499873576,0.693147180559945,-6.30688879199314,0.989165805138122,TRUE,TRUE
Young_3_CAATCGCCATCTAGCA-1,Young,FAP1,0.000938192366369828,0,-6.65254614062596,0.706262014664184,TRUE,TRUE
Young_3_CATGCATAGACTCGCA-1,Young,FAP1,0.00093821523286608,0.693147180559945,-6.410759660676,1.01533391312457,TRUE,TRUE
Young_3_CCATAAATCCCTCATA-1,Young,FAP1,0.000938238099362332,0.693147180559945,-6.42064497180271,0.947257123745453,TRUE,TRUE
Young_3_CGCACCACAAGGTACG-1,Young,FAP1,0.000938260965858584,0,-5.8957621783762,0.998778365410339,TRUE,TRUE
Young_3_CGCCACACATCTAGCA-1,Young,FAP1,0.000938283832354836,0,-6.22427341647434,1.14567651585437,TRUE,TRUE
Young_3_CTAATTGAGGCTATGT-1,Young,FAP1,0.000938306698851088,0,-6.39849254794407,0.831489793814193,TRUE,TRUE
Young_3_CTTCACTCACTGACCG-1,Young,FAP1,0.00093832956534734,0,-6.19162056155491,1.0853716953168,TRUE,TRUE
Young_3_CTTGCATGTTCGCGCT-1,Young,FAP1,0.000938352431843592,0,-6.39429447360325,0.936710081852447,TRUE,TRUE
Young_3_CTTTAGTTCTTAATGG-1,Young,FAP1,0.000938375298339844,0,-6.18693325228977,0.836463235176574,TRUE,TRUE
Young_3_GAGGTGAGTTCCAGGG-1,Young,FAP1,0.000938398164836096,1.38629436111989,-6.21500274844456,1.03542342022754,TRUE,TRUE
Young_3_GCTTACCTCAATAGCC-1,Young,FAP1,0.000938421031332348,0,-6.2127411098032,1.05568309859134,TRUE,TRUE
Young_3_GGTTTCCTCGTTCACC-1,Young,FAP1,0.0009384438978286,0,-6.23904869265843,1.09198554591037,TRUE,TRUE
Young_3_GTGCTGATCTGCAACG-1,Young,FAP1,0.000938466764324852,0,-5.96447870440769,1.1555923445592,TRUE,TRUE
Young_3_TAGTGTGGTGCATCGG-1,Young,FAP1,0.000938489630821104,0.693147180559945,-6.20293018527317,0.958471558846008,TRUE,TRUE
Young_3_TATTAGCCAACTAACT-1,Young,FAP1,0.000938512497317356,0.693147180559945,-6.65127107806492,0.762246630943786,TRUE,TRUE
Young_3_TGGTTCCTCACCTGCT-1,Young,FAP1,0.000938535363813608,1.09861228866811,-6.5209276408701,0.772653274096023,TRUE,TRUE
Young_3_TTGCACACATTGTGAT-1,Young,FAP1,0.000938558230309861,0,-6.31175253100682,0.912163279808532,TRUE,TRUE
Young_4_AGCGGACCAGCAACCT-1,Young,FAP1,0.000938581096806113,0,-6.56324312396336,0.781168423450958,TRUE,TRUE
Young_4_CTCACAACAGCACCAT-1,Young,FAP1,0.000938603963302365,0,-6.83867475695896,0.66198875740863,TRUE,TRUE
Young_5_AAAGCAAGTTTATGGG-1,Young,FAP1,0.000938626829798617,1.09861228866811,-6.25320884890843,1.10372128323413,TRUE,TRUE
Young_5_AAGTAGCCAGAAACGT-1,Young,FAP1,0.000938649696294869,0,-6.34950563617039,0.934074781692993,TRUE,TRUE
Young_5_ACTCACCTCTGGCATG-1,Young,FAP1,0.000938672562791121,0,-5.98319980807591,1.13027646378375,TRUE,TRUE
Young_5_ACTTACTTCCTTAAGA-1,Young,FAP1,0.000938695429287373,0.693147180559945,-6.55110666461277,0.826010428226959,TRUE,TRUE
Young_5_ATATGGTGTTCACCAT-1,Young,FAP1,0.000938718295783625,0.693147180559945,-6.02535650439549,1.02116759852267,TRUE,TRUE
Young_5_CACTAGCCACACTAAT-1,Young,FAP1,0.000938741162279877,0,-6.66247198291111,0.837043724812042,TRUE,TRUE
Young_5_CCGCTAAAGAGCCGGA-1,Young,FAP1,0.000938764028776129,0,-6.14600822634983,1.20049747065402,TRUE,TRUE
Young_5_CCGTTATGTAGTTACG-1,Young,FAP1,0.000938786895272381,0.693147180559945,-6.72117445178318,0.834887526787292,TRUE,TRUE
Young_5_CTGATCACAAGGTCGA-1,Young,FAP1,0.000938809761768633,0.693147180559945,-6.42750665850926,0.986411414898407,TRUE,TRUE
Young_5_GACTTGGTCAGCACCA-1,Young,FAP1,0.000938832628264885,0,-6.78941461749363,0.575430832661163,TRUE,TRUE
Young_5_GCAATATGTTAAGGCC-1,Young,FAP1,0.000938855494761137,0,-6.17220756717015,1.09014358357288,TRUE,TRUE
Young_5_GGTAACTTCGAGGAGT-1,Young,FAP1,0.000938878361257389,0,-6.38642713733006,1.04308124617435,TRUE,TRUE
Young_5_GTTACCTGTAGCCTCC-1,Young,FAP1,0.000938901227753641,1.09861228866811,-6.68206426806736,0.783146343983185,TRUE,TRUE
Young_5_GTTCATTTCTGTTGCC-1,Young,FAP1,0.000938924094249893,0,-6.748162004426,0.796539179838669,TRUE,TRUE
Young_5_GTTTCTAGTAGTTACG-1,Young,FAP1,0.000938946960746145,0.693147180559945,-6.13074896045017,0.862536333359253,TRUE,TRUE
Young_5_TCCGGAATCCGCCTAT-1,Young,FAP1,0.000938969827242397,0,-6.75505754657078,0.730322055376541,TRUE,TRUE
Young_5_TCCGGAATCTATCGCC-1,Young,FAP1,0.000938992693738649,0.693147180559945,-6.77563497729588,0.726339451826584,TRUE,TRUE
Young_5_TCGTTACGTTGGTTGA-1,Young,FAP1,0.000939015560234902,0.693147180559945,-6.46386310763645,0.791090421236526,TRUE,TRUE
Young_5_TTGGGTTAGAAAGGAA-1,Young,FAP1,0.000939038426731154,0.693147180559945,-6.63875028796482,0.689096622026931,TRUE,TRUE
Young_1_GGCCTTCGTCCGTGAG-1,Young,FAP1,0.00096320572874542,0.693147180559945,-7.6893093318491,1.2900311572919,TRUE,TRUE
Young_1_GTACACCCATCCATCT-1,Young,FAP1,0.000963228595241672,0,-7.6607014865427,1.5940975172887,TRUE,TRUE
Young_2_GAGGTACAGGCCGGAA-1,Young,FAP1,0.000963251461737924,0.693147180559945,-7.73880312152195,1.21973600224353,TRUE,TRUE
Young_2_GATCAGGCAGTTTGGC-1,Young,FAP1,0.000963274328234176,1.38629436111989,-7.64166662402439,1.44553425148822,TRUE,TRUE
Young_3_ACTTAGTCAAAGCTAA-1,Young,FAP1,0.000963297194730428,0.693147180559945,-7.67555734820652,1.27005811766483,TRUE,TRUE
Young_3_CGTAGCGGTTTGGGTA-1,Young,FAP1,0.00096332006122668,0,-7.89074442096043,1.39658012226916,TRUE,TRUE
Young_3_GAGTTGCGTGCTCACC-1,Young,FAP1,0.000963342927722932,1.6094379124341,-7.88844415850926,1.50497772530414,TRUE,TRUE
Young_3_TCTAGCACATTAAAGG-1,Young,FAP1,0.000963365794219184,0,-7.62409565158177,1.42059662178851,TRUE,TRUE
Young_3_TTTAAGCCACATTAAC-1,Young,FAP1,0.000963388660715436,0.693147180559945,-7.83899519152928,1.38481559590198,TRUE,TRUE
Young_4_AATTACCCAATGCGCT-1,Young,FAP1,0.000963411527211688,0,-7.77483770556736,1.35820295647479,TRUE,TRUE
Young_4_ACTATCCGTATTGGTG-1,Young,FAP1,0.00096343439370794,0,-7.62097236819554,1.6013007386098,TRUE,TRUE
Young_4_GTGTGCGGTCAAGTAT-1,Young,FAP2,0.000963457260204192,0,-7.72173616595555,1.59382715061999,FALSE,TRUE
Young_5_CTGCAATAGGACTAAG-1,Young,FAP1,0.000963480126700444,1.09861228866811,-7.70203039355564,1.63548185662128,TRUE,TRUE
Young_5_TAATGGTGTTAAGTGT-1,Young,FAP1,0.000998713143100183,0,-7.14053890414524,2.99496295288898,TRUE,TRUE
Young_5_ACTAATCCATAAGCAA-1,Young,FAP1,0.00106205098433065,0,-7.1753875941782,0.903188548840057,TRUE,TRUE
Young_5_CCTACTGGTGAACAAA-1,Young,FAP1,0.00108260565756291,0,-6.82785103030491,1.24224700764514,TRUE,TRUE
Young_2_ATACCGGTCCTTTACG-1,Young,FAP1,0.00112569264281803,0,-7.19887373156834,0.884718082703125,TRUE,TRUE
Young_3_CTAGCGGGTTGCGGAT-1,Young,FAP1,0.00113258865622501,0,-8.52655050463963,1.19167252615787,TRUE,TRUE
Young_2_GTTACGTAGCTCGCTT-1,Young,FAP1,0.00115235459323731,0,-7.78191587634373,0.186982937015068,TRUE,TRUE
Young_4_GGGAATATCCTTGCAC-1,Young,FAP1,0.00117325867006679,0,-7.24587080188084,0.842307709015381,TRUE,TRUE
Young_1_AATCGCCCAAATTCGT-1,Young,FAP1,0.001176485136825,0,-6.71195862002659,5.01460316017963,TRUE,TRUE
Young_1_GGACATAAGCTGGCTA-1,Young,FAP1,0.00117650800332125,0.693147180559945,-6.57067987628269,4.98431684807636,TRUE,TRUE
Young_1_TAAACAGCAGAGGCTA-1,Young,FAP1,0.0011765308698175,0,-6.59880373187351,4.84645988777972,TRUE,TRUE
Young_2_AATTGCTCATGAAGTA-1,Young,FAP1,0.00117655373631376,1.79175946922806,-6.75196668811131,5.01806070641376,TRUE,TRUE
Young_2_AGGATCCGTAAGTCGC-1,Young,FAP1,0.00117657660281001,0,-6.57133171267796,5.07597210244037,TRUE,TRUE
Young_2_GTTGCATAGGGATTAG-1,Young,FAP1,0.00117659946930626,0,-6.64383861728001,4.95273020104266,TRUE,TRUE
Young_3_ACAACACTCATGCTAA-1,Young,FAP1,0.00117662233580251,0,-6.74074384875584,4.95668556526996,TRUE,TRUE
Young_3_ACTTCGCTCAAACCTA-1,Young,FAP1,0.00117664520229877,0.693147180559945,-6.64946720309544,5.06666900948383,TRUE,TRUE
Young_3_GACCTAAGTTTACGTC-1,Young,FAP1,0.00117666806879502,0,-6.59800121493626,4.85785200432636,TRUE,TRUE
Young_3_GCTAGCGGTTAGGACC-1,Young,FAP1,0.00117669093529127,1.09861228866811,-6.51315948672581,5.05357935265399,TRUE,TRUE
Young_3_TCTAGCCTCGCTTGCT-1,Young,FAP1,0.00117671380178752,0.693147180559945,-6.6893617839365,5.03441717461444,TRUE,TRUE
Young_4_AACTCACAGTAGAGGC-1,Young,FAP1,0.00117673666828377,0,-6.65962097354222,5.02684881523944,TRUE,TRUE
Young_4_TCGTTATTCTAGCGTG-1,Young,FAP1,0.00117675953478003,0,-6.69418928332615,4.90781786278583,TRUE,TRUE
Young_5_ACGAACAAGCGCCTTT-1,Young,FAP1,0.00117678240127628,0.693147180559945,-6.74010154910374,5.04524090126849,TRUE,TRUE
Young_5_AGCTAAACAATGAATG-1,Young,FAP1,0.00117680526777253,0,-6.63919994540501,5.0329036934743,TRUE,TRUE
Young_5_TCGTCAACAGGCTTGT-1,Young,FAP1,0.00117682813426878,1.38629436111989,-6.60151979632664,4.9868421776662,TRUE,TRUE
Young_3_ACAGGTAAGAGCCGGA-1,Young,FAP1,0.00117849315244367,0.693147180559945,-6.3416382998972,2.36144878701068,TRUE,TRUE
Young_5_GTAGCGCTCCTTGAGG-1,Young,FAP1,0.00117986634297806,0,-6.84315941043186,1.23401864603854,TRUE,TRUE
Young_2_AAAGGAGCATAATTGC-1,Young,FAP1,0.00121747131560523,0,-7.1873037547617,0.902229033268463,TRUE,TRUE
Young_2_GATAATCGTCCCGGAA-1,Young,FAP1,0.00123212683474894,0,-7.17291757769871,0.917206548012268,TRUE,TRUE
Young_5_TGTTGTTTCTTTGAGA-1,Young,FAP1,0.00129620624807458,0,-7.07745096392918,1.01433803871967,TRUE,TRUE
Young_3_CGCTTACTCATGCATA-1,Young,FAP1,0.00138979581328247,0,-7.40371057696629,3.12187077835895,TRUE,TRUE
Young_1_TTGGATTCAGGCTAGA-1,Young,FAP1,0.00141653215331294,0,-7.20862886615086,0.895114801682007,TRUE,TRUE
Young_4_GAGGACTAGGGCCACT-1,Young,FAP1,0.00143758534694616,0,-7.01483032412815,5.23450949028827,TRUE,TRUE
Young_3_GCTTGTTGTGCAATGC-1,Young,FAP1,0.00144227917684436,0,-6.24076530642796,1.20662989453174,TRUE,TRUE
Young_4_ATGGCTTAGGCAGGTG-1,Young,FAP1,0.00145224579446002,0,-7.16928074069309,0.935784183300506,TRUE,TRUE
Young_5_TTTACGAAGCTAATCA-1,Young,FAP1,0.00145681595580061,0,-7.24720022387791,1.111290000237,TRUE,TRUE
Young_3_TCAGCAAGTCATCAAG-1,Young,FAP1,0.00146308134319706,0,-8.50937483020115,1.20869322851993,TRUE,TRUE
Young_3_ACCATTAAGCTGTACG-1,Young,FAP1,0.00146639223443357,0.693147180559945,-5.52187368579197,1.68541922406055,TRUE,TRUE
Young_5_ACTTACTTCTAATTGG-1,Young,FAP1,0.00147493304301061,0,-7.31747982211399,1.04177167252399,TRUE,TRUE
Young_2_TACTTGTTCGTAATCA-1,Young,FAP3,0.00148338874987397,1.09861228866811,-7.38219902224827,3.13769295052386,FALSE,TRUE
Young_3_TACTAAGTCCCTCATA-1,Young,FAP1,0.00153037164409531,0,-7.19223282046604,1.94443073109485,TRUE,TRUE
Young_1_AGTAACGAGACAGGTA-1,Young,FAP1,0.00156895973830462,0,-6.01103803820896,5.54260637596942,TRUE,TRUE
Young_5_CCTTGTTCAATCTCTC-1,Young,FAP1,0.00159544178971727,0,-7.27455684848118,0.843289814747345,TRUE,TRUE
Young_2_CTCGCTCCACGAATCC-1,Young,FAP1,0.00161125211030422,0,-7.3504855365305,1.0003862603078,TRUE,TRUE
Young_5_GGTCATTAGGAGGGTT-1,Young,FAP1,0.00162607285885019,0.693147180559945,-7.08050033755589,1.03392114476062,TRUE,TRUE
Young_5_CGTACGGGTACCAGGT-1,Young,FAP1,0.00162858259089305,0.693147180559945,-7.38321230120945,2.79419138268329,TRUE,TRUE
Young_3_CTGGTTTGTTACTTGC-1,Young,FAP1,0.00165705439059494,0,-7.00432130999851,3.16061546639301,TRUE,TRUE
Young_3_AATCTTGAGCAAGATG-1,Young,FAP3,0.001678417931128,0,-8.07178709216404,3.58573558167316,FALSE,TRUE
Young_5_GTTGGCCAGCCGCTTT-1,Young,FAP1,0.00168105454361434,1.09861228866811,-7.3574468822031,0.988852225101959,TRUE,TRUE
Young_3_TCCAGGTCAGTTTGGC-1,Young,FAP3,0.00169215222207253,0.693147180559945,-8.42587969012547,3.58529212311603,FALSE,TRUE
Young_5_AGTGGACAGTCAATCA-1,Young,FAP1,0.0016959908058497,0.693147180559945,-8.40032312579441,0.794892631329071,TRUE,TRUE
Young_5_TGTAAGTGTTACATCC-1,Young,FAP1,0.00171249060399159,0.693147180559945,-7.5368926257639,2.16368391350604,TRUE,TRUE
Young_2_GCTAAGCGTTTGTCTA-1,Young,FAP3,0.00172598965150694,0,-8.2718813151865,3.54063083962299,FALSE,TRUE
Young_3_CATGGATTCCGGTATG-1,Young,FAP1,0.00175087026450349,0,-7.34151718325901,2.84074833229877,TRUE,TRUE
Young_1_TATTACCTCGTTATAG-1,Young,FAP1,0.00176782782006679,1.38629436111989,-6.51372024722386,5.00322153405048,TRUE,TRUE
Young_2_CCTTATGTCCGTAAAC-1,Young,FAP1,0.00178466904932439,0,-7.3740484447031,0.965640447891723,TRUE,TRUE
Young_3_TTTGGTGCATAGCTGC-1,Young,FAP1,0.00178659973793482,0,-6.86952087588597,1.06658365563251,TRUE,TRUE
Young_1_CCGTTTGGTGCATTAG-1,Young,FAP1,0.00180276469716389,0,-6.90589115329075,5.74564459160663,TRUE,TRUE
Young_3_CACAATATCGCTCCAT-1,Young,FAP1,0.00181010051073871,0,-7.22235939212132,2.95861580208636,TRUE,TRUE
Young_5_TGGCCATCAAGACTCC-1,Young,FAP1,0.00182109880982551,0,-7.27958080478001,1.05493297413684,TRUE,TRUE
Young_4_AATTTCCTCGAGCTAT-1,Young,FAP1,0.00183448646013262,1.09861228866811,-7.27863380618382,0.855668447769653,TRUE,TRUE
Young_3_GATTCATCAATCTCTC-1,Young,FAP1,0.00183810445568566,1.09861228866811,-7.02393123812962,3.15119960144855,TRUE,TRUE
Young_2_CATGCGGGTTGTTGCT-1,Young,FAP1,0.00185300537746258,0,-7.14548942752171,1.18303181961871,TRUE,TRUE
Young_2_AAAGCCGCAAGGTGCA-1,Young,FAP1,0.00186033649933037,0,-5.91894552417088,5.25318720177509,TRUE,TRUE
Young_3_TCAAACCAGAGGAGGA-1,Young,FAP1,0.00189926956599651,0.693147180559945,-7.46631118960667,3.03491475418903,TRUE,TRUE
Young_4_ATCAAGCTCTTGCAAA-1,Young,FAP1,0.00196197694545575,0,-7.32587692446995,1.00032492712833,TRUE,TRUE
Young_1_GGTTGGTGTTTATCTG-1,Young,FAP1,0.00206082901010962,0,-6.18661853976536,4.3943767769704,TRUE,TRUE
Young_3_TACTCAAAGGACCAGG-1,Young,FAP1,0.00215760500835943,0,-7.69775221057224,0.466705150760185,TRUE,TRUE
Young_3_ACAACACTCGGGACTC-1,Young,FAP1,0.0022290066415076,1.38629436111989,-7.27098676867771,2.93370082215167,TRUE,TRUE
Young_3_ATCACTAAGGACACTT-1,Young,FAP1,0.00223563451274167,0,-6.50502893634129,5.99477913216449,TRUE,TRUE
Young_5_ATCTTTGGTTCTTTAG-1,Young,FAP1,0.00226068384690037,0,-7.30928823657322,0.996021769798767,TRUE,TRUE
Young_2_GGGTTATTCGCTAAGT-1,Young,FAP1,0.00227044583060088,0,-7.08547756381321,1.07313623265124,TRUE,TRUE
Young_5_CATTCCTCAACTCGCG-1,Young,FAP1,0.00228485314442817,0.693147180559945,-7.11509535022068,1.04534401730395,TRUE,TRUE
Young_5_AGCCGCTAGTGAACCT-1,Young,FAP1,0.00229803207621071,0,-7.22642395205784,3.24509789780475,TRUE,TRUE
Young_1_ACTATGTCAATCATGT-1,Young,FAP1,0.00232248549949965,0,-6.51799318499851,5.96927931145526,TRUE,TRUE
Young_5_TCTAACCGTGTGCACG-1,Young,FAP1,0.00232398593850713,0,-7.12140199847508,1.04189052418567,TRUE,TRUE
Young_5_CTGCTATGTTTCGCCA-1,Young,FAP1,0.00241892511838149,0.693147180559945,-6.14247867770481,5.45427896813251,TRUE,TRUE
Young_5_CGTTATTTCATTGTCT-1,Young,FAP1,0.00241894798487774,1.09861228866811,-6.15876314349461,5.43503811196185,TRUE,TRUE
Young_5_CATAATCCAACCTGGT-1,Young,FAP1,0.00241897085137399,0,-6.08126947589207,5.51590730980731,TRUE,TRUE
Young_5_ATCCAACAGGAGGGTT-1,Young,FAP1,0.00241899371787024,0,-6.05359766192723,5.5323047860036,TRUE,TRUE
Young_3_TTGGATTCAATTAGGA-1,Young,FAP1,0.0024190165843665,0.693147180559945,-6.16381857104588,5.57099439934589,TRUE,TRUE
Young_3_TCGGTTCTCTTGCATT-1,Young,FAP1,0.00241903945086275,2.07944154167984,-6.12080356784153,5.52145149544574,TRUE,TRUE
Young_3_ATGCAAACATACCCGG-1,Young,FAP1,0.002419062317359,0,-6.05357334323216,5.46855499581195,TRUE,TRUE
Young_3_ATCGCCCGTAACCACA-1,Young,FAP1,0.00241908518385525,0,-6.06812212176609,5.55138923958636,TRUE,TRUE
Young_3_ACGCCTTTCATGCATA-1,Young,FAP1,0.0024191080503515,1.09861228866811,-6.09484789080906,5.46912672356464,TRUE,TRUE
Young_2_TTCATTCAGGAACGCG-1,Young,FAP1,0.00241913091684776,2.07944154167984,-6.08354494281101,5.46281530693866,TRUE,TRUE
Young_2_GCCACAATCGGGATTT-1,Young,FAP1,0.00241915378334401,0.693147180559945,-6.05350610919285,5.62107660607196,TRUE,TRUE
Young_2_CTCCGGACAGCTTACA-1,Young,FAP1,0.00241917664984026,0.693147180559945,-6.12381241030979,5.58869888619281,TRUE,TRUE
Young_1_TCTCAAGCACCTAAGC-1,Young,FAP1,0.00241919951633651,0.693147180559945,-6.08902141757298,5.5444421990285,TRUE,TRUE
Young_1_CTAATCCGTTATAGCG-1,Young,FAP1,0.00241922238283276,0,-6.0470597476511,5.46413376168109,TRUE,TRUE
Young_1_CGTTTCTCAAGGAATC-1,Young,FAP1,0.00241924524932902,0.693147180559945,-6.05405256457615,5.54225208596088,TRUE,TRUE
Young_1_AGAGAGGAGTAGCGCC-1,Young,FAP1,0.00241926811582527,0,-6.07849476046849,5.59189035729266,TRUE,TRUE
Young_1_AATAACCGTAAGTCGC-1,Young,FAP1,0.00241929098232152,0,-6.20248815722752,5.43631365136005,TRUE,TRUE
Young_1_GGTATTGGTTAGCATG-1,Young,FAP1,0.0024254560233663,0,-6.03054878421116,5.45956375435687,TRUE,TRUE
Young_5_AACTAGCTCACTAATG-1,Young,FAP1,0.00247433689829091,0.693147180559945,-7.36990759082127,0.922520778931152,TRUE,TRUE
Young_5_GCAGGACCAGGCTGTT-1,Young,FAP1,0.00250110191160147,0.693147180559945,-7.00361702151585,3.20546152428485,TRUE,TRUE
Young_2_TGACCAAGTACCGTTT-1,Young,FAP1,0.00252088499623948,0,-7.11259195514012,1.16933914259769,TRUE,TRUE
Young_3_ATTGGTTCATGCATAT-1,Young,FAP1,0.00253550984701789,0,-7.17877695269871,3.27856256798602,TRUE,TRUE
Young_2_AGGCCCAGTTCACCAT-1,Young,FAP1,0.00254282770974612,0,-6.41254493899632,6.1719851715932,TRUE,TRUE
Young_5_CTTCTCAAGACACTTA-1,Young,FAP1,0.00254964910831568,0,-7.4194905490427,4.88364746407367,TRUE,TRUE
Young_5_TTTACGCGTGGTGAGA-1,Young,FAP1,0.00257987936183746,0,-7.36448499865818,2.86200716332294,TRUE,TRUE
Young_4_TTGCTTAGTCTTACTA-1,Young,FAP1,0.00258473108209056,0,-6.55636141009617,4.87660410240985,TRUE,TRUE
Young_2_CAACCGGGTTCAAGAT-1,Young,FAP3,0.00261525506286153,0.693147180559945,-7.98067781634617,3.64635279015399,FALSE,TRUE
Young_5_AGGCAATCAAGGTCGA-1,Young,FAP1,0.00265918095407225,0.693147180559945,-8.23639795489597,0.561353526867401,TRUE,TRUE
Young_3_GCTTTGTGTCCTTTAA-1,Young,FAP1,0.0026592038205685,0,-8.15985128588963,0.540338732160103,TRUE,TRUE
Young_5_CCTTTAGTCCGTTATT-1,Young,FAP1,0.00272649989726015,0.693147180559945,-7.28471872515965,0.910734675682556,TRUE,TRUE
Young_5_ACTTATCTCTATGACA-1,Young,FAP1,0.00274822555548226,0.693147180559945,-5.52724287219334,5.18839266136981,TRUE,TRUE
Young_5_CTTGACGAGGCATGAA-1,Young,FAP2,0.00277257407731124,1.38629436111989,-8.81629297442722,4.27430584267474,FALSE,TRUE
Young_3_TAGTTTGAGGCCTTAG-1,Young,FAP1,0.00277775096915611,1.09861228866811,-7.31276819415379,0.886985085762512,TRUE,TRUE
Young_1_GCAAACAAGGTGAGAC-1,Young,FAP1,0.00277961445566444,0,-5.8752920360117,2.96289565399982,TRUE,TRUE
Young_2_TTAAGCCAGTAAAGGT-1,Young,FAP1,0.00286690531274691,0.693147180559945,-7.30676099963474,0.898915134228241,TRUE,TRUE
Young_1_CGTTAGGTCGCTAGAT-1,Young,FAP3,0.00288715628788205,0.693147180559945,-8.06925317950535,3.1554315312276,FALSE,TRUE
Young_1_GTATGTGGTGTTAAAC-1,Young,FAP3,0.00288717915437831,0.693147180559945,-8.07368204303074,3.39101841286517,FALSE,TRUE
Young_1_GTGGTTAGTCTTGCAT-1,Young,FAP3,0.00288720202087456,0,-8.14592382617283,3.36581280068256,FALSE,TRUE
Young_2_ATAACGACACAGCCTG-1,Young,FAP3,0.00288722488737081,0.693147180559945,-8.12482664294529,3.34170391396381,FALSE,TRUE
Young_2_TTCACTGTCTAGCTAA-1,Young,FAP3,0.00288724775386706,1.38629436111989,-7.95672342486668,3.17119862870074,FALSE,TRUE
Young_2_TTCGGTACACCTACTT-1,Young,FAP3,0.00288727062036331,0,-8.04404279895115,3.35309197739459,FALSE,TRUE
Young_3_ACGCAAGCATTTAAGC-1,Young,FAP3,0.00288729348685957,0,-8.15057298846531,3.34211757019855,FALSE,TRUE
Young_3_GCACCTAAGTAAGTCC-1,Young,FAP3,0.00288731635335582,0,-7.90692255206394,3.29821588829852,FALSE,TRUE
Young_3_TATCACAAGGCTCATG-1,Young,FAP3,0.00288733921985207,0,-8.2252618999033,3.19519927338458,FALSE,TRUE
Young_5_AAGTTACGTAAGGTTT-1,Young,FAP3,0.00288736208634832,0,-8.12964079089451,3.39387776688434,FALSE,TRUE
Young_5_ACGCCTTTCCGGAACC-1,Young,FAP1,0.00288738495284457,0,-7.82026979632664,3.21713020638324,TRUE,TRUE
Young_5_ATTGCAGGTCCACAAA-1,Young,FAP3,0.00288740781934083,0,-8.01469824023533,3.20354654625751,FALSE,TRUE
Young_5_GCTCCTTAGGCGGATG-1,Young,FAP3,0.00288743068583708,0,-8.17633650012303,3.34250690773822,FALSE,TRUE
Young_5_TGAGAACCATGAAGTA-1,Young,FAP3,0.00288745355233333,0,-8.09563276477146,3.11889149979449,FALSE,TRUE
Young_3_GATCGAGCAGGCCATT-1,Young,FAP1,0.00295919675304923,0,-7.01577350802708,1.18793686465121,TRUE,TRUE
Young_3_TCTTGACGTCATAGAT-1,Young,FAP1,0.00296220963643234,0,-7.25010368533421,2.99218370751239,TRUE,TRUE
Young_3_CCGGTTAAGCAGGTTT-1,Young,FAP1,0.00298564360136711,0.693147180559945,-7.20120165057469,3.2334070427785,TRUE,TRUE
Young_5_TTTGGCTGTAGCTAGC-1,Young,FAP1,0.00303817391612826,1.09861228866811,-6.97802135653782,3.25821878746844,TRUE,TRUE
Young_4_TGCGGTTCACTAAATC-1,Young,FAP1,0.00304126752880851,1.38629436111989,-6.61199304766941,5.40286114052631,TRUE,TRUE
Young_1_TAGCTTAAGGCGGATG-1,Young,FAP1,0.00304270192457778,0.693147180559945,-6.00449249453831,5.51157047585345,TRUE,TRUE
Young_5_TCATCCATCCGTGACA-1,Young,FAP1,0.00306381994938654,0,-7.26252672381687,0.955351017273437,TRUE,TRUE
Young_1_GATGAGGGTGATGATT-1,Young,FAP1,0.00308697333493413,0,-6.39589426226902,6.20140745476581,TRUE,TRUE
Young_5_GGCTAGACATCCTGAA-1,Young,FAP1,0.0031650622349636,1.38629436111989,-6.35348770327854,1.13342400626041,TRUE,TRUE
Young_5_CTAATCTTCAGCTAAC-1,Young,FAP1,0.00319001504358329,0,-5.53505155749607,4.27487923935748,TRUE,TRUE
Young_3_TCCCGGACAGTAGCCT-1,Young,FAP1,0.00319003791007955,0,-5.62784025378514,4.45871403054095,TRUE,TRUE
Young_3_GTGCCTTTCTATGACA-1,Young,FAP1,0.0031900607765758,0,-5.59671852298069,4.46480371788837,TRUE,TRUE
Young_3_CATAAGCTCAAGCCTG-1,Young,FAP1,0.00319008364307205,1.6094379124341,-5.47781870074558,4.41826345757343,TRUE,TRUE
Young_2_CGCATTTGTACAAAGA-1,Young,FAP1,0.0031901065095683,1.38629436111989,-5.55201456256199,4.30141689614154,TRUE,TRUE
Young_2_CGAGCGAAGCGATACT-1,Young,FAP1,0.00319012937606455,0,-5.65429708667088,4.50842716530658,TRUE,TRUE
Young_1_TCGGTTTGTGTTGTAG-1,Young,FAP1,0.00319015224256081,0,-5.56330368228245,4.27932979897357,TRUE,TRUE
Young_1_TCCTGGTTCTGTGAGT-1,Young,FAP1,0.00319017510905706,0,-5.52105686373997,4.43484785393573,TRUE,TRUE
Young_3_GCGAAGTAGGAAGCAC-1,Young,FAP1,0.00319650759749912,0,-5.77647707171726,5.41199447945453,TRUE,TRUE
Young_2_TACCGAAGTACCGTTT-1,Young,FAP1,0.00326456921755636,0.693147180559945,-5.40070602603245,4.44557478264667,TRUE,TRUE
Young_2_TGCCATTGTTTAGCTC-1,Young,FAP1,0.00326924155741692,0,-7.9999315471201,0.816684655703079,TRUE,TRUE
Young_3_TAGTACGGTCTCAGCC-1,Young,FAP3,0.00334431240485689,1.38629436111989,-8.00033781237888,3.61404301956989,FALSE,TRUE
Young_3_AGCGCTCAGTTGCCTC-1,Young,FAP1,0.00337810321938781,1.38629436111989,-7.18259594149876,3.07896854714252,TRUE,TRUE
Young_3_AACATCATCCGGAACC-1,Young,FAP1,0.00340971826913794,0.693147180559945,-6.57714435763645,5.84942486122943,TRUE,TRUE
Young_5_CGTTTGTGTTTATCGC-1,Young,FAP1,0.00344256738666848,0.693147180559945,-7.23234293170262,3.03442647293903,TRUE,TRUE
Young_4_GTTTGTCGTATCTGGA-1,Young,FAP1,0.00353002454228912,1.79175946922806,-7.41134283252049,3.00251676873065,TRUE,TRUE
Young_3_CTTTAGTTCGCATCCT-1,Young,FAP1,0.00354022377199748,0,-7.23858616061497,3.16837766007281,TRUE,TRUE
Young_3_ACTTATCTCCTCATGC-1,Young,FAP1,0.00358300314860593,0.693147180559945,-7.60212156482029,0.489845819629204,TRUE,TRUE
Young_3_ACGGTTTAGAGGAGTC-1,Young,FAP1,0.00361558856514871,0,-8.1209614009409,0.315332559726607,TRUE,TRUE
Young_3_GCACGGTTCATTGACA-1,Young,FAP1,0.00362080209038851,0,-7.08387586779881,1.84304489926196,TRUE,TRUE
Young_5_GATCGAGCATAGCGGA-1,Young,FAP1,0.00363888185710937,0,-7.78839800067234,1.76634003952838,TRUE,TRUE
Young_1_ACAAAGGTCCCTGGAA-1,Young,FAP1,0.00365659884854974,0,-6.56753465838719,5.43008329705096,TRUE,TRUE
Young_2_GGGTTTGTCATGACCG-1,Young,FAP1,0.00371907858660858,0.693147180559945,-6.16063377566624,3.61200978592731,TRUE,TRUE
Young_3_GAAAGGCTCGGTTCCT-1,Young,FAP1,0.00376931363359656,1.79175946922806,-5.50913498111058,5.19293691948749,TRUE,TRUE
Young_5_AGGGCTACATTGTGAT-1,Young,FAP1,0.00379286426887759,0,-7.29358265109349,2.99377419785358,TRUE,TRUE
Young_2_TTCCTCAAGCACTTGG-1,Young,FAP1,0.00385338180120964,1.09861228866811,-7.08705970950413,3.29793479279376,TRUE,TRUE
Young_2_TCGCCCATCGGTCAGC-1,Young,FAP1,0.00386347814060706,0,-6.34160301394749,2.83642461136676,TRUE,TRUE
Young_5_AGACACGCAGTAATAG-1,Young,FAP1,0.00391043367718424,0.693147180559945,-7.23203680224705,3.15531303719379,TRUE,TRUE
Young_1_CAATCCTGTGTGTGGT-1,Young,FAP2,0.00394014539844001,0,-9.14437505908299,4.56502010659076,FALSE,TRUE
Young_5_CGTTGCAAGGCCCAGT-1,Young,FAP1,0.00405481270007213,0,-7.31066724963474,2.99102690056659,TRUE,TRUE
Young_4_GTTAAACGTTCAAGAT-1,Young,FAP1,0.00412413351382179,0,-6.76822826571751,3.65571000412799,TRUE,TRUE
Young_3_GGGTTATTCCTGGTGA-1,Young,FAP1,0.00415758790931786,1.09861228866811,-6.14481947131443,4.95121385887958,TRUE,TRUE
Young_3_TACAACATCGCTAGTG-1,Young,FAP3,0.00416492424072024,1.09861228866811,-8.25745413012791,3.54169204071857,FALSE,TRUE
Young_1_AGAAGGTGTTACCGGG-1,Young,FAP3,0.00416829542872499,0,-7.00657818026829,3.28985335663654,FALSE,TRUE
Young_2_ATGTAAGCACATGCTA-1,Young,FAP1,0.00418658150852558,1.09861228866811,-7.22543785281468,3.14721777275897,TRUE,TRUE
Young_5_AGCACAGCAGAAACGT-1,Young,FAP1,0.00421612983685971,1.38629436111989,-7.08765623278904,1.83851291970111,TRUE,TRUE
Young_3_TCTAGCACAAACGGGC-1,Young,FAP1,0.00431033181766249,1.38629436111989,-5.85176727481175,5.98130752877094,TRUE,TRUE
Young_5_AAAGGCTCAGCCTGCA-1,Young,FAP3,0.00438783857970559,0,-8.54198572345066,2.86317207650043,FALSE,TRUE
Young_3_GGTTCTTGTGAGGTGA-1,Young,FAP1,0.00441409761399125,1.09861228866811,-6.00881311602879,6.15825750664569,TRUE,TRUE
Young_2_CCGTTGCGTCTTGCTG-1,Young,FAP1,0.00442482375120434,1.09861228866811,-6.58115932650852,5.41129877404071,TRUE,TRUE
Young_3_GCGTAACGTATCTGGA-1,Young,FAP1,0.00443393895981714,0,-6.01953670687962,6.17926122979022,TRUE,TRUE
Young_2_AGCACAGCAGCAAGGC-1,Young,FAP1,0.00446445115007982,0.693147180559945,-7.54314968295384,0.0915322078833692,TRUE,TRUE
Young_1_TTAAGGACACAACAAA-1,Young,FAP1,0.00452410760607735,0,-8.01111337847996,0.352113373435508,TRUE,TRUE
Young_2_GAAGGCCCATACTCCT-1,Young,FAP3,0.00454002399191822,0.693147180559945,-8.22062513537693,4.07332589463092,FALSE,TRUE
Young_4_GTTCTTAGTGTTTGTC-1,Young,FAP1,0.004572035903462,0,-6.99485037036228,3.71956994370319,TRUE,TRUE
Young_3_AACCTAATCTTAGGAC-1,Young,FAP1,0.0045786436041535,0.693147180559945,-7.50246259875584,5.58002140358783,TRUE,TRUE
Young_1_GACTATTCAGGATGGC-1,Young,FAP1,0.00458107293238363,0,-8.67639944262791,1.10063519314624,TRUE,TRUE
Young_5_TAAGCTATCGTTAAGC-1,Young,FAP1,0.00459956458553723,0.693147180559945,-7.59042427249241,5.41798784569598,TRUE,TRUE
Young_3_AGCTAAACAACTGGGA-1,Young,FAP1,0.00461745094902577,0.693147180559945,-7.33177301593113,3.0001421196828,TRUE,TRUE
Young_3_GCGGAACCAGCTAACC-1,Young,FAP1,0.0046701956801023,0,-7.17788574405003,3.15112044648029,TRUE,TRUE
Young_5_CAAGACAAGTGAACCT-1,Young,FAP1,0.00471450405072282,0,-7.22813389010716,3.10504081086017,TRUE,TRUE
Young_2_GAGTCATTCATGCTCC-1,Young,FAP1,0.00472122920383455,0.693147180559945,-6.37341520495701,4.10801555947162,TRUE,TRUE
Young_3_GTGCTGGGTGCTCCAC-1,Young,FAP1,0.00477768577342097,0.693147180559945,-6.25495645709324,5.6356253846059,TRUE,TRUE
Young_3_GTGGCTTCATGCAACC-1,Young,FAP1,0.00479832720312112,0.693147180559945,-7.43377515979099,2.91453935936786,TRUE,TRUE
Young_5_GTGCAAGCAATTATGC-1,Young,FAP1,0.00482464605203781,0.693147180559945,-7.17198059268284,2.60187628105975,TRUE,TRUE
Young_1_CATTATGAGTGAGCGG-1,Young,FAP1,0.00487566208907797,0,-6.00507614321995,6.15017130211688,TRUE,TRUE
Young_3_TTAGCAATCAATTGGC-1,Young,FAP3,0.00492164019504049,0,-8.22853204913426,3.52617289856769,FALSE,TRUE
Young_5_TGCGGTTCATTTAAGC-1,Young,FAP1,0.00501731737562627,0.693147180559945,-7.94252321429539,1.62635495499469,TRUE,TRUE
Young_3_TAGCTAGGTTACAAAC-1,Young,FAP1,0.00502645344883312,0,-5.80614301867771,3.56051518753864,TRUE,TRUE
Young_1_AGGTGAATCTTACTCG-1,Young,FAP1,0.00503363323061012,0.693147180559945,-6.6301257342844,0.939673028744232,TRUE,TRUE
Young_1_GAAGCTAAGAATCTCA-1,Young,FAP1,0.00503589363207191,0,-7.96162721820164,0.36884963125683,TRUE,TRUE
Young_4_ATCCTGACAATAACGA-1,Young,FAP1,0.00519672721836884,0,-7.66570827670384,2.12041237191058,TRUE,TRUE
Young_5_GTGAATCTCAGCACGC-1,Young,FAP1,0.0052088446169547,0,-5.23999712176609,1.89005162552692,TRUE,TRUE
Young_5_CACTTTGTCACATTGA-1,Young,FAP1,0.00528400778254923,0,-7.69772932238865,0.477519236362945,TRUE,TRUE
Young_2_TCGTAATCACAATACT-1,Young,FAP3,0.00534846429398872,0.693147180559945,-8.26400873370457,4.03560974434711,FALSE,TRUE
Young_5_TGTTGGCCACGAACAG-1,Young,FAP1,0.00539610694106152,0,-8.06836912341404,1.99716725186206,TRUE,TRUE
Young_2_ACGTCCAAGGCACAGG-1,Young,FAP1,0.00540836205275186,0.693147180559945,-6.56328222461033,3.3222639782796,TRUE,TRUE
Young_5_GATTACGGTTAATCGG-1,Young,FAP1,0.00542007582977233,0.693147180559945,-7.25269052691746,0.44518626467086,TRUE,TRUE
Young_1_GTCAATATCGCTCCAT-1,Young,FAP1,0.0054388293297194,0,-6.06680462069798,6.27034046486713,TRUE,TRUE
Young_3_GGGTCAACACAGGAAT-1,Young,FAP1,0.00552210154701838,0,-6.83580372042942,1.06924667195178,TRUE,TRUE
Young_4_ACAAAGGTCTCAATAG-1,Young,FAP1,0.00565564113837613,0,-6.41942951388645,5.0931220276723,TRUE,TRUE
Young_5_TCAGTAGGTCCTAACT-1,Young,FAP1,0.0057595434658162,1.38629436111989,-7.54352829165745,2.22479500607349,TRUE,TRUE
Young_4_GTATGTTCATTTAAGC-1,Young,FAP1,0.00579648488139961,0,-8.01924154467869,1.55869176224567,TRUE,TRUE
Young_3_GCGGAACCATCGCTCC-1,Young,FAP1,0.0058281746664397,0,-7.51739332385349,4.83121588066913,TRUE,TRUE
Young_2_AGCCAGTGTGCTGTAA-1,Young,FAP1,0.00583512674879483,0,-8.21422121234226,0.567328818000328,TRUE,TRUE
Young_1_TTGGGTTAGTAAGTCC-1,Young,FAP1,0.00586296963445632,0.693147180559945,-5.75187275119114,3.00613715485431,TRUE,TRUE
Young_5_CGTTTGGAGCAAGGTA-1,Young,FAP1,0.0059314110444415,1.09861228866811,-5.83753273196507,5.71368410424091,TRUE,TRUE
Young_1_TGTTAGCAGCAAGATG-1,Young,FAP1,0.00594350245094977,0,-8.29368231005955,1.78641035393573,TRUE,TRUE
Young_2_ACAAACTGTTAGCATG-1,Young,FAP1,0.00605984491595635,0,-6.17754480548191,3.6604957802663,TRUE,TRUE
Young_2_ACTGAAACAGCTAATT-1,Young,FAP1,0.00606137989279088,0,-5.58688566394139,4.50011303261615,TRUE,TRUE
Young_3_AAGCTATGTTAAGCCA-1,Young,FAP1,0.00609512083394392,0.693147180559945,-5.78624937243748,5.45469715432025,TRUE,TRUE
Young_3_ATCTATGAGTGAACCT-1,Young,FAP1,0.00613133799837584,0,-8.03974172778416,1.54335667923785,TRUE,TRUE
Young_5_AATGTCCAGGCGAATA-1,Young,FAP1,0.0061536098956223,0,-6.06436369128514,5.44821026162006,TRUE,TRUE
Young_5_CCTGATGAGCTTATGA-1,Young,FAP1,0.00624231134574149,1.09861228866811,-8.25469419665623,5.45900251702167,TRUE,TRUE
Young_1_AGTGCACGTACCCACC-1,Young,FAP1,0.00626134768945974,0,-6.45137188144016,5.41882374123431,TRUE,TRUE
Young_1_CATCAATCATTGTCAG-1,Young,FAP1,0.00626137055595599,0,-6.53427049823094,5.28818800286151,TRUE,TRUE
Young_1_CCCAAATAGGTTAGAG-1,Young,FAP1,0.00626139342245224,0,-6.46098348803807,5.38781025246478,TRUE,TRUE
Young_1_CTAACCTGTCACTCGC-1,Young,FAP1,0.0062614162889485,0,-6.61912891574192,5.1798148377309,TRUE,TRUE
Young_1_GGATACTTCAGGAAGC-1,Young,FAP1,0.00626143915544475,0,-6.65305969424534,5.35295679406024,TRUE,TRUE
Young_2_AAGCGGGTCGTTAGCG-1,Young,FAP1,0.006261462021941,0.693147180559945,-6.60622999377537,5.19152929619647,TRUE,TRUE
Young_2_AAGGATGTCATGGCCA-1,Young,FAP1,0.00626148488843725,0.693147180559945,-6.48221895404148,5.31820967034198,TRUE,TRUE
Young_2_ACCGCAATCATTAGTG-1,Young,FAP1,0.0062615077549335,0.693147180559945,-6.60765669055271,5.31218960121967,TRUE,TRUE
Young_3_ACCCGGTAGTTTGCGG-1,Young,FAP1,0.00626153062142976,0.693147180559945,-6.49160644717503,5.28740789727069,TRUE,TRUE
Young_3_AGCCTCCGTGATGAGG-1,Young,FAP1,0.00626155348792601,0,-6.56374475665379,5.35281565026141,TRUE,TRUE
Young_3_CAAGGGAGTGTTAGCA-1,Young,FAP1,0.00626157635442226,0.693147180559945,-6.65719816394139,5.3806991799245,TRUE,TRUE
Young_3_GACGCCTAGCTCAAAC-1,Young,FAP1,0.00626159922091851,0,-6.634308072999,5.28682043389178,TRUE,TRUE
Young_3_TAGTAACGTGTTGCAA-1,Young,FAP1,0.00626162208741476,2.07944154167984,-6.44701549716282,5.40578605965472,TRUE,TRUE
Young_3_TGGTTGAGTTAAATGC-1,Young,FAP1,0.00626164495391102,1.38629436111989,-6.49741718478489,5.3430261834035,TRUE,TRUE
Young_4_TCGTAATCAAGCTTTG-1,Young,FAP1,0.00626166782040727,0.693147180559945,-6.55527851290989,5.28607799843646,TRUE,TRUE
Young_5_AATTAGGCAGTAAAGC-1,Young,FAP1,0.00626169068690352,0,-6.57213709063816,5.30417396859027,TRUE,TRUE
Young_5_ACACTTAAGTTCCCAC-1,Young,FAP1,0.00626171355339977,0,-6.61673423953343,5.21940185860492,TRUE,TRUE
Young_5_AGACCCGGTGAGCACT-1,Young,FAP1,0.00626173641989603,0,-6.51645395465183,5.25786545113422,TRUE,TRUE
Young_5_AGTAAACAGTCCTTTG-1,Young,FAP1,0.00626175928639228,0,-6.48250553317356,5.28910448387958,TRUE,TRUE
Young_5_CACTTAAAGCAAGATG-1,Young,FAP1,0.00626178215288853,0,-6.56945392794895,5.37845041588641,TRUE,TRUE
Young_5_CGGGCTTAGCAACAAG-1,Young,FAP1,0.00626180501938478,0,-6.62609312243748,5.26827289894916,TRUE,TRUE
Young_5_TTAGAAGCATACTCCT-1,Young,FAP1,0.00626182788588103,0.693147180559945,-6.59585973925877,5.11930420235492,TRUE,TRUE
Young_5_TTAGTCAAGCCAGGTC-1,Young,FAP1,0.00626185075237729,0,-6.61079523272801,5.26741125420428,TRUE,TRUE
Young_3_ACGTCAAGTTCCTGTG-1,Young,FAP1,0.00626398629794167,0,-7.57907697863865,2.20037188366748,TRUE,TRUE
Young_3_GATTCAATCAATGACC-1,Young,FAP3,0.00631637879385849,0,-7.95885297961521,3.62983085945941,FALSE,TRUE
Young_5_AGTACGCGTTACCGGG-1,Young,FAP1,0.00634691605753179,0.693147180559945,-7.85540125079441,4.22809507683612,TRUE,TRUE
Young_1_CGCATATAGCCTTAAA-1,Young,FAP1,0.00639296415274071,0,-6.18697378344822,3.71374847725726,TRUE,TRUE
Young_1_TGGTCCTTCCATAAGC-1,Young,FAP1,0.00639736445273353,0.693147180559945,-5.68196317858982,5.12829401329852,TRUE,TRUE
Young_1_CCATATTTCAAACACC-1,Young,FAP1,0.00642246063666185,0.693147180559945,-5.35277721591282,4.79100658730365,TRUE,TRUE
Young_1_GGATTGCGTTAGCTGA-1,Young,FAP1,0.00642248350315811,0,-5.49097606845188,4.88318302468158,TRUE,TRUE
Young_2_TCTCAAGCAACCTGGT-1,Young,FAP1,0.00643919038442287,0,-8.13081476397801,0.517506547130119,TRUE,TRUE
Young_4_TGAGTTTCACACAATT-1,Young,FAP1,0.00644783681146954,0,-6.95608255572605,0.974624238766205,TRUE,TRUE
Young_2_CTATGTTTCTCACATT-1,Young,FAP1,0.00648425399551444,0.693147180559945,-7.990997526124,0.813336483992111,TRUE,TRUE
Young_1_AATCCGTAGTTGTCCC-1,Young,FAP1,0.00652303986820257,0,-6.00344345279026,6.14427187279559,TRUE,TRUE
Young_1_CTTCAATTCTCAATTC-1,Young,FAP1,0.0065305311149082,0,-5.61871216006565,4.50942852333881,TRUE,TRUE
Young_3_TTGCTTAGTCCGGTTC-1,Young,FAP1,0.00655407441245215,0.693147180559945,-5.82570812411595,2.96285917595721,TRUE,TRUE
Young_3_CAAGAACCAAACCCTA-1,Young,FAP1,0.00659111904865206,0,-6.18739721484471,4.94120170906879,TRUE,TRUE
Young_3_TCCACAACAGTATGTT-1,Young,FAP1,0.00669643904498507,0,-5.81225988574314,5.80372621849872,TRUE,TRUE
Young_1_CCCGCAACAATCGCAC-1,Young,FAP1,0.00672495840957454,0.693147180559945,-5.20567056842137,2.02452149227954,TRUE,TRUE
Young_3_AAGCGGGTCGTGCTAG-1,Young,FAP1,0.00684413254655159,0,-6.41605493731785,6.14336445168353,TRUE,TRUE
Young_1_TATGACATCCCTCTAA-1,Young,FAP1,0.00685794487439617,0,-5.89600822634983,2.92270519570209,TRUE,TRUE
Young_3_AATTGTGTCAATCTAG-1,Young,FAP1,0.00687451551943941,1.09861228866811,-7.94766733355808,5.21288540200092,TRUE,TRUE
Young_3_GACCTTTGTTCTTTAG-1,Young,FAP1,0.00697968384947245,0.693147180559945,-6.07470915026951,4.05694987610675,TRUE,TRUE
Young_3_TACCTTAGTATTTGGG-1,Young,FAP1,0.00701891765349316,0,-7.55794593997288,5.50588037804462,TRUE,TRUE
Young_2_TGCTGGATCCCGAAGC-1,Young,FAP1,0.00703854586967811,0,-7.73339769549656,0.820712946213257,TRUE,TRUE
Young_3_CAGGGTGAGTTAGCCG-1,Young,FAP1,0.00706946689105847,0,-6.20626089282322,1.43725480870105,TRUE,TRUE
Young_3_TGTGCGGGTGGACATC-1,Young,FAP1,0.00710744624882653,0,-6.80425665087986,1.08314528302051,TRUE,TRUE
Young_1_AACGCCCAGTGTTGTA-1,Young,FAP1,0.00714113841319364,0,-5.7544514865427,3.59495713547565,TRUE,TRUE
Young_3_TGAAACTGTAATGACT-1,Young,FAP1,0.00723108963474139,1.09861228866811,-7.36039039798069,4.30572678879596,TRUE,TRUE
Young_1_GAGTAATAGAACCTGT-1,Young,FAP1,0.0072432563686935,0,-7.63436958499241,0.52357200518943,TRUE,TRUE
Young_2_TCACCGGCACAGCCAT-1,Young,FAP1,0.00724327923518975,0.693147180559945,-7.64326355166722,0.526031054414283,TRUE,TRUE
Young_3_GATTCAATCATGCAAC-1,Young,FAP1,0.007243302101686,0,-7.76932737536717,0.671599380529892,TRUE,TRUE
Young_3_GGCTGGTTCGTGCCTT-1,Young,FAP1,0.00724332496818225,0,-7.76881334491062,0.588798723972809,TRUE,TRUE
Young_5_CTAATAGTCCTTGCGT-1,Young,FAP1,0.0072433478346785,1.09861228866811,-7.75353643603611,0.551807977117073,TRUE,TRUE
Young_5_GGTGTGACATTTAAGC-1,Young,FAP1,0.00724337070117476,0,-7.78900835223484,0.565178803957473,TRUE,TRUE
Young_5_TACCTCATCCACCTTA-1,Young,FAP1,0.00724339356767101,0,-7.75421831317234,0.580045662678253,TRUE,TRUE
Young_5_TGTTGTTTCAGCACGC-1,Young,FAP1,0.00724341643416726,0.693147180559945,-7.66409179873753,0.576647989309799,TRUE,TRUE
Young_3_TTAAAGGCAAGCTTAT-1,Young,FAP3,0.00727521442715773,0,-8.27118322558689,4.01806332901813,FALSE,TRUE
Young_2_GCGAAGTAGTAGCCAT-1,Young,FAP1,0.00728059501192746,0,-7.39881441302586,2.35603430107928,TRUE,TRUE
Young_2_ACACTAATCCTAGTCC-1,Young,FAP1,0.00729243414459751,0.693147180559945,-7.59399244494724,0.486601374901306,TRUE,TRUE
Young_5_CTGATCACAATTGAGA-1,Young,FAP1,0.00738104129120876,1.09861228866811,-8.04515287585545,1.56448640660144,TRUE,TRUE
Young_3_GTCATCCTCCTGATGG-1,Young,FAP1,0.0074277302916328,0,-6.71826812930393,2.32672145203448,TRUE,TRUE
Young_1_AGGCAATCACCTGTAA-1,Young,FAP1,0.00750200210363694,0,-8.32618925280857,0.848809324062835,TRUE,TRUE
Young_5_TCCTTGCAGGATCCGC-1,Young,FAP1,0.00757123870999177,0,-7.35734626956272,4.46447565392352,TRUE,TRUE
Young_3_TCGGTTTGTTACATCC-1,Young,FAP1,0.00757126157648802,1.38629436111989,-7.31214592166233,4.33741953209735,TRUE,TRUE
Young_3_TCAGTAGGTAAGCTCA-1,Young,FAP1,0.00757128444298427,1.38629436111989,-7.29151937670994,4.49679806069232,TRUE,TRUE
Young_3_AGCGGATAGCCACAAT-1,Young,FAP1,0.00757130730948052,0,-7.32624647326756,4.48194172219135,TRUE,TRUE
Young_2_GGGCGAATCCAAGTGT-1,Young,FAP1,0.00757133017597678,1.38629436111989,-7.34275314517308,4.51773693398334,TRUE,TRUE
Young_2_ACTTTGTTCGCTAAGT-1,Young,FAP1,0.00757135304247303,1.79175946922806,-7.46045658297825,4.39295723275043,TRUE,TRUE
Young_1_GTGCTGGGTCCAAATG-1,Young,FAP1,0.00757137590896928,0.693147180559945,-7.40667650409031,4.39069797829486,TRUE,TRUE
Young_2_GACTATTCAGACAAAC-1,Young,FAP1,0.00759060247133814,0.693147180559945,-6.56329700656224,4.83192970589496,TRUE,TRUE
Young_2_CAACTAATCTGCAACG-1,Young,FAP1,0.00764005854735234,0.693147180559945,-7.76453516192723,0.0610283537278287,TRUE,TRUE
Young_3_ATTGCGCCAAGGTGGC-1,Young,FAP1,0.00764008141384859,0.693147180559945,-7.78009245105076,0.112423918999206,TRUE,TRUE
Young_5_TCGTTAAAGGACAACA-1,Young,FAP1,0.00764010428034484,0,-7.76132604785252,0.167369849837791,TRUE,TRUE
Young_5_GTGCGGTTCCCAGTAG-1,Young,FAP2,0.00765189616914608,1.09861228866811,-8.02795526690769,3.53051783875323,FALSE,TRUE
Young_1_ACGCACGGTTACAAAC-1,Young,FAP1,0.00765328361687789,0,-7.40428707309056,5.79551079110004,TRUE,TRUE
Young_3_CTATGTTTCAGGCCTA-1,Young,FAP1,0.00769980410205295,0,-6.383171770051,1.13852211073734,TRUE,TRUE
Young_5_TATGCATCAGCCAGTT-1,Young,FAP1,0.00771128689145784,0,-7.6945640773325,0.459479622400772,TRUE,TRUE
Young_5_CAACTAGGTGTTGTGA-1,Young,FAP1,0.00771737273051065,1.09861228866811,-7.23092338748265,0.473543189323913,TRUE,TRUE
Young_3_CAAGGTAAGGTTTGCG-1,Young,FAP1,0.00776044416394928,0,-7.14681360431004,0.825505666292679,TRUE,TRUE
Young_5_TGGCCAATCCTCCATA-1,Young,FAP3,0.00783123335292579,0.693147180559945,-8.00930521197605,3.55105211571552,FALSE,TRUE
Young_2_CAATCCCTCAATTACG-1,Young,FAP1,0.00783507807768369,0,-6.31098005481053,1.19280394152499,TRUE,TRUE
Young_2_AGTAACACACAGGGAC-1,Young,FAP1,0.0078477866201121,1.09861228866811,-5.86762306399632,5.67675497368671,TRUE,TRUE
Young_5_CAAGACAAGTCAGTAC-1,Young,FAP1,0.00786500484768127,0,-6.90091821856785,1.00702133015491,TRUE,TRUE
Young_3_GTCAGGCTCGCTTGCT-1,Young,FAP1,0.00792074361080175,0.693147180559945,-6.4163396091013,6.13734867409564,TRUE,TRUE
Young_2_GTCTAGCCATTATGAC-1,Young,FAP1,0.00794233318081972,0,-6.67601225085545,2.3292973263631,TRUE,TRUE
Young_5_ATTAACCCATGAAGTA-1,Young,FAP1,0.0080205032812305,0,-7.12271997638035,0.841799281395447,TRUE,TRUE
Young_4_TGGTTAATCCGTCCAT-1,Young,FAP1,0.00817600803394147,0,-7.99189588733006,1.64041855172015,TRUE,TRUE
Young_3_GCTTGTTGTAACCTAG-1,Young,FAP1,0.00818193323267924,1.09861228866811,-8.31733152575779,0.616895221031677,TRUE,TRUE
Young_1_AATGTCATCCCTGTTA-1,Young,FAP1,0.00821859360319621,0.693147180559945,-8.14313146777439,2.05139305428363,TRUE,TRUE
Young_5_TTCTTAGGTTGTTGGA-1,Young,FAP1,0.0082399987930275,0,-7.24886009402561,0.437614649392139,TRUE,TRUE
Young_3_GTCGCAATCGGCTAGC-1,Young,FAP1,0.00824252355734778,0,-5.98392555423069,6.1031694634328,TRUE,TRUE
Young_1_TGTTGTAAGCGAAGTA-1,Young,FAP1,0.00825563492278902,0,-6.62458870120335,0.963019035614502,TRUE,TRUE
Young_3_TCAGGTTAGTCCTGAG-1,Young,FAP1,0.00826998152555536,0,-6.20837042041111,6.02297212914325,TRUE,TRUE
Young_1_CGCTTCTAGTCATCCC-1,Young,FAP1,0.00827271602038771,0.693147180559945,-7.02247402377415,4.96844866112567,TRUE,TRUE
Young_2_TCATACTTCCGTAAAC-1,Young,FAP1,0.00833113092183124,1.09861228866811,-5.42051145739842,2.16533925370074,TRUE,TRUE
Young_2_TCACTGACAGCTACGT-1,Young,FAP1,0.00835177221937144,0,-7.05999633975315,0.886281512535583,TRUE,TRUE
Young_2_GGTGTCCAGCTCAATA-1,Young,FAP1,0.0084786678266271,1.09861228866811,-6.27883979983616,5.66330101326801,TRUE,TRUE
Young_5_TCGTCAACACAGAAAC-1,Young,FAP1,0.00848213813953791,0.693147180559945,-5.46813890643406,4.46887018517352,TRUE,TRUE
Young_5_ACGGTTAGTAACCTAG-1,Young,FAP1,0.00850376502399586,0.693147180559945,-7.97356722064305,1.66772498921252,TRUE,TRUE
Young_3_TGGGCCTAGAATGACG-1,Young,FAP1,0.00858719489651061,0.693147180559945,-8.71900770373631,1.48965039090015,TRUE,TRUE
Young_3_ACCAGGACATAGACTT-1,Young,FAP1,0.0086415971456042,0,-6.9962055415659,0.931801758564483,TRUE,TRUE
Young_5_TTACCGTGTCTATCGT-1,Young,FAP1,0.00871236127245734,1.38629436111989,-6.58550951190281,5.80633594826556,TRUE,TRUE
Young_3_GTTTCCTCAAGTTATC-1,Young,FAP1,0.00875042838845919,0,-7.90644094653416,0.809198401726257,TRUE,TRUE
Young_5_TGCACACCAAACTGTT-1,Young,FAP1,0.0087533296822907,0,-6.66207573123265,1.17863174513675,TRUE,TRUE
Young_5_GTGAGGAGTTGTGACA-1,Young,FAP1,0.00876257200838637,0,-5.98140356250096,5.24996330574847,TRUE,TRUE
Young_3_TGACCAAGTAATAACC-1,Young,FAP3,0.00877730720296732,0,-8.02783510394383,3.71069528893329,FALSE,TRUE
Young_2_ATGATGACAGCAAGTG-1,Young,FAP3,0.00883353247490337,0,-8.00720140643406,3.54196169213153,FALSE,TRUE
Young_1_ACGGGAAGTTGCATCT-1,Young,FAP1,0.00883724908197525,1.09861228866811,-5.91472837634373,4.91952278450824,TRUE,TRUE
Young_2_GCCAGGTTCTGTGCAG-1,Young,FAP1,0.0088372719484715,0,-5.90783664889622,4.92183973625995,TRUE,TRUE
Young_3_AAACCGCGTCATCCTG-1,Young,FAP1,0.00883729481496776,1.38629436111989,-6.029900285676,4.85201551750995,TRUE,TRUE
Young_3_ACTTACAAGTTTGCGG-1,Young,FAP1,0.00883731768146401,0,-5.8973023623972,4.9075751526723,TRUE,TRUE
Young_3_AGCATCCCAGATTCAT-1,Young,FAP1,0.00883734054796026,0,-6.13591263003636,4.91609575585223,TRUE,TRUE
Young_3_CGCAATAGTTTATTCG-1,Young,FAP1,0.00883736341445651,0.693147180559945,-5.993842813447,4.93255760506488,TRUE,TRUE
Young_3_GGTTATATCTCATCAT-1,Young,FAP1,0.00883738628095276,0.693147180559945,-5.92392227359104,4.81606247261859,TRUE,TRUE
Young_3_TTAGCGGTCATGCTCC-1,Young,FAP1,0.00883740914744902,0.693147180559945,-5.99330398745823,4.83142807320453,TRUE,TRUE
Young_4_TAGGTGCGTTTGCAGA-1,Young,FAP1,0.00883743201394527,0.693147180559945,-5.93876192279148,4.8540091736684,TRUE,TRUE
Young_5_AGGGCCTTCTCCTCTT-1,Young,FAP1,0.00883745488044152,0,-6.02586052127171,4.91685201958514,TRUE,TRUE
Young_5_AGGTTAGAGTCACCAG-1,Young,FAP1,0.00883747774693777,0,-6.05781147189427,4.95547296837665,TRUE,TRUE
Young_5_CCGTGCTGTTTAGCTC-1,Young,FAP1,0.00883750061343402,0,-5.88580248065281,4.89055301979877,TRUE,TRUE
Young_5_CGTGCACAGGTTTACA-1,Young,FAP1,0.00883752347993028,0,-5.9824468822031,4.926644347466,TRUE,TRUE
Young_5_GCCACAATCACCATTT-1,Young,FAP1,0.00883754634642653,0.693147180559945,-6.11281511493016,4.88731005028583,TRUE,TRUE
Young_5_GCCTGCTGTATGTGGC-1,Young,FAP1,0.00883756921292278,0,-5.9068877429514,4.80257656411029,TRUE,TRUE
Young_5_TAAGGCTTCAGAAACG-1,Young,FAP1,0.00883759207941903,1.09861228866811,-5.96246692843724,4.88403656319476,TRUE,TRUE
Young_5_TCCTCTAAGGCTGGCT-1,Young,FAP1,0.00883761494591528,0,-6.08465311236668,4.91055872277118,TRUE,TRUE
Young_5_TCTTAGTTCTTAGGAC-1,Young,FAP1,0.00883763781241154,0,-5.98670360751438,4.85652067498065,TRUE,TRUE
Young_1_GTCTAGCCACTAAATC-1,Young,FAP1,0.00892474432783708,0,-8.10310861773777,4.92699100808002,TRUE,TRUE
Young_1_GAACCTGTCCTCATCA-1,Young,FAP1,0.00897881851968529,0.693147180559945,-8.03839323230076,1.60657563046313,TRUE,TRUE
Young_1_AAGCGTTTCTCCTCAA-1,Young,FAP1,0.00904603606200549,0,-5.57799360461521,4.83609058693744,TRUE,TRUE
Young_3_TCCTCTAAGTTATCCT-1,Young,FAP1,0.00906360161986763,0,-7.52902242846775,0.770037017620575,TRUE,TRUE
Young_1_CGCAAATTCTTAGGGT-1,Young,FAP1,0.00906895262010043,0.693147180559945,-7.98761484332371,0.236075460768711,TRUE,TRUE
Young_2_ACGAGTAAGTGAGCAA-1,Young,FAP1,0.00906897548659669,1.6094379124341,-8.10307810015965,0.255806729055416,TRUE,TRUE
Young_2_GAACTTATCGTGCCTT-1,Young,FAP1,0.00906899835309294,0,-8.00743887133885,0.194136105335724,TRUE,TRUE
Young_2_TTAGACTCACAAACTT-1,Young,FAP1,0.00906902121958919,0,-8.05667326159763,0.312948791168105,TRUE,TRUE
Young_3_CATATCGCAACATAAG-1,Young,FAP1,0.00906904408608544,1.09861228866811,-8.09016439624119,0.194967947758209,TRUE,TRUE
Young_3_CCACTTGGTTATCCTA-1,Young,FAP1,0.00906906695258169,0,-8.00029585070896,0.324044218144786,TRUE,TRUE
Young_3_CGTTTGGAGACAAACG-1,Young,FAP1,0.00906908981907795,0,-8.05235407061863,0.182939462221634,TRUE,TRUE
Young_3_CTTTAGGCAGTAATAG-1,Young,FAP1,0.0090691126855742,0,-8.0923101634531,0.205467857278358,TRUE,TRUE
Young_3_TAGTAGGAGGTCCACA-1,Young,FAP1,0.00906913555207045,0,-7.99733183093357,0.163579098738205,TRUE,TRUE
Young_3_TGGAACAAGGTACCGC-1,Young,FAP1,0.0090691584185667,0,-7.99802896685887,0.249214395738613,TRUE,TRUE
Young_4_CAAGGCCTCGAGGAGT-1,Young,FAP1,0.00906918128506295,0,-8.09775564379978,0.277386486388218,TRUE,TRUE
Young_2_GCCCATAAGCAATAGG-1,Young,FAP1,0.00909615234295535,0.693147180559945,-7.14091274447727,1.42841424778796,TRUE,TRUE
Young_5_TCAGGTTAGGGTGGAT-1,Young,FAP1,0.00910429891739772,1.38629436111989,-8.07979318805027,1.56366648510791,TRUE,TRUE
Young_2_TCTTCAAGTACGATTG-1,Young,FAP1,0.00910454953262141,0,-8.04719946093846,0.540046147860061,TRUE,TRUE
Young_1_GGCCTCTGTCCAAGAC-1,Young,FAP1,0.00911147970506132,0,-5.64042637057591,5.7506795151601,TRUE,TRUE
Young_3_ACCCTGTTCCTTAAGA-1,Young,FAP1,0.00911505530499412,0,-7.09794351764012,0.853614531315338,TRUE,TRUE
Young_3_GTTTACCGTCAGGAAG-1,Young,FAP1,0.00912706829771892,0.693147180559945,-6.66850969500828,5.40407898262836,TRUE,TRUE
Young_5_TGTGATCAGTGACCTG-1,Young,FAP1,0.00918545184638964,0,-5.41459772296238,2.08835758999683,TRUE,TRUE
Young_1_TCCTAGTGTATTTGGG-1,Young,FAP1,0.00924844953087867,0,-7.95690557666111,0.568831555403244,TRUE,TRUE
Young_5_GTGCAAGCAAGGTCGA-1,Young,FAP1,0.00926810541798062,0.693147180559945,-5.99252483554173,2.99984361962177,TRUE,TRUE
Young_5_GTCCGTAAGCCACAAT-1,Young,FAP1,0.00940454571131522,0.693147180559945,-6.43232319064427,2.36621525124408,TRUE,TRUE
Young_3_GCACGAACAATGAATG-1,Young,FAP1,0.0094559752575103,0.693147180559945,-5.51701233096409,1.65933873490192,TRUE,TRUE
Young_2_ATCAATCCATAATCAC-1,Young,FAP1,0.00946338965232751,1.09861228866811,-5.40385172076512,2.24144353703357,TRUE,TRUE
Young_5_AGCTGCTCACCCACCT-1,Young,FAP1,0.00959605283009513,1.09861228866811,-5.93580743975926,5.72775366143085,TRUE,TRUE
Young_5_AAAGCCCGTGAGGTGA-1,Young,FAP1,0.00959607569659138,0,-5.87459203906346,5.76767494515277,TRUE,TRUE
Young_4_CCTAAGCCAAGTAAGC-1,Young,FAP1,0.00959609856308763,0.693147180559945,-5.87608740039158,5.7510605080495,TRUE,TRUE
Young_3_TGTCAATCAACTAGGG-1,Young,FAP1,0.00959612142958388,1.38629436111989,-5.91385862536717,5.66158010796405,TRUE,TRUE
Young_3_GACTATTCAGCCTTGG-1,Young,FAP1,0.00959614429608013,0.693147180559945,-5.89226362414646,5.7199006302724,TRUE,TRUE
Young_2_TTAGTCAAGCGATAAG-1,Young,FAP1,0.00959616716257639,0.693147180559945,-5.91795131869602,5.65298225716449,TRUE,TRUE
Young_2_TCAAGTATCCTCCTAA-1,Young,FAP1,0.00959619002907264,1.79175946922806,-5.86950800128269,5.71509792641498,TRUE,TRUE
Young_2_GTGTCCAAGCCTGTGA-1,Young,FAP1,0.00959621289556889,0.693147180559945,-5.95539829440403,5.7277622444997,TRUE,TRUE
Young_2_GCAAGTGCAGCATGAG-1,Young,FAP1,0.00959623576206514,0,-5.96338722415257,5.71927740410663,TRUE,TRUE
Young_2_GATTGGTTCGCGCTAA-1,Young,FAP1,0.00959625862856139,0,-5.99062940783787,5.6656751854787,TRUE,TRUE
Young_2_CTGGTCAAGCCGCTTT-1,Young,FAP1,0.00959628149505765,0,-5.90532324023533,5.64509250954486,TRUE,TRUE
Young_1_TTAGTCAAGGCTTAGT-1,Young,FAP1,0.0095963043615539,0.693147180559945,-5.89785883136082,5.67290689782001,TRUE,TRUE
Young_1_CAATAGCTCTAATCAG-1,Young,FAP1,0.00959632722805015,0.693147180559945,-5.96647760577488,5.73283865288593,TRUE,TRUE
Young_2_AGTTGCGTCGATTCTT-1,Young,FAP1,0.00960377344581353,0,-6.61206791110325,1.21059419945575,TRUE,TRUE
Young_1_TGTAAAGCATAATGTC-1,Young,FAP1,0.0096178146946686,0,-5.93570158191014,6.00631859139301,TRUE,TRUE
Young_2_AATTGGACACAATGTT-1,Young,FAP1,0.00968115641924561,0,-8.06356928057957,1.59405376747943,TRUE,TRUE
Young_4_CGCAATCCAGCCGCTA-1,Young,FAP1,0.00970289760697551,0,-7.9956533641367,1.66937842205859,TRUE,TRUE
Young_1_CCGACAGGTAATGACT-1,Young,FAP1,0.0097064516816614,0.693147180559945,-5.33192941851902,2.54303695992328,TRUE,TRUE
Young_3_GAGTAATAGCGGGCAA-1,Young,FAP1,0.00981716389945841,0,-6.05984565921116,6.24952223137714,TRUE,TRUE
Young_3_ACATCAATCGGGATTT-1,Young,FAP1,0.00984599558253424,0,-8.13019296832371,0.322494949072074,TRUE,TRUE
Young_2_CAAAGTGAGCTTCCCG-1,Young,FAP1,0.00990276551302482,0,-8.69256326861668,1.13573380545474,TRUE,TRUE
Young_1_TCTCAATTCCAAGTGT-1,Young,FAP1,0.00990468969762226,0,-8.0481846065073,1.61585535839893,TRUE,TRUE
Young_5_GTGCGGTTCACTAATG-1,Young,FAP1,0.00994798502161465,0.693147180559945,-7.11088535495091,0.839053414619934,TRUE,TRUE
Young_1_CATCATGCAGCTTACA-1,Young,FAP1,0.0100121137569865,0,-6.33665201373387,1.18679132298328,TRUE,TRUE
Young_4_GAGGTAGGTTGAGCCG-1,Young,FAP3,0.0100469401475913,0,-8.89897176928806,2.56893756226398,FALSE,TRUE
Young_1_ACCAGCTCAATAACGA-1,Young,FAP1,0.0100813275077014,0,-6.47283384509373,4.10047151879169,TRUE,TRUE
Young_1_AGGATATAGGCTTAGT-1,Young,FAP1,0.0100813503741977,0,-6.23826238818455,3.96879079178668,TRUE,TRUE
Young_1_AGTAACACAAGGTGCA-1,Young,FAP1,0.0100813732406939,0,-6.47928688235569,4.06475307778217,TRUE,TRUE
Young_1_ATTCACTTCAAATCGC-1,Young,FAP1,0.0100813961071902,1.09861228866811,-6.34452554889012,3.85995843247272,TRUE,TRUE
Young_1_CTGGTCAAGAATGACG-1,Young,FAP1,0.0100814189736864,0.693147180559945,-6.40372488208103,3.88512661293842,TRUE,TRUE
Young_1_GCAGGATAGAGGAGGA-1,Young,FAP1,0.0100814418401827,0.693147180559945,-6.46347734637547,4.01955296830035,TRUE,TRUE
Young_1_GCTGTGATCCTAAATG-1,Young,FAP1,0.0100814647066789,0,-6.40690300174046,4.03651382759906,TRUE,TRUE
Young_1_GGAACGGTCTAAGGTC-1,Young,FAP1,0.0100814875731752,0,-6.22586462207127,3.86519481972552,TRUE,TRUE
Young_1_GGTTGCATCCTGAGTG-1,Young,FAP1,0.0100815104396714,0,-6.08586189456272,3.85574724511005,TRUE,TRUE
Young_1_GTGGTTAGTCCTCCAA-1,Young,FAP1,0.0100815333061677,0,-6.34131262011814,3.91946246460773,TRUE,TRUE
Young_1_TTTCCTGAGCCAAATC-1,Young,FAP1,0.0100815561726639,0.693147180559945,-6.30411836810398,4.07994963959552,TRUE,TRUE
Young_2_AACAGATAGTGAGGTA-1,Young,FAP1,0.0100815790391602,0,-6.1044327945261,3.95898058251239,TRUE,TRUE
Young_2_ATGACGAAGTGGACAA-1,Young,FAP1,0.0100816019056564,0.693147180559945,-6.47167322345066,4.03506328896381,TRUE,TRUE
Young_2_CCGCTTAGTGGGTGAA-1,Young,FAP1,0.0100816247721527,0,-6.14440176196385,3.91023232773639,TRUE,TRUE
Young_2_CGAGCTGGTATTGAGT-1,Young,FAP1,0.0100816476386489,0,-6.25894853778172,4.00774981812335,TRUE,TRUE
Young_2_GCAGCAACATCACAGC-1,Young,FAP1,0.0100816705051452,0,-6.46090480990696,3.89452769593097,TRUE,TRUE
Young_2_GGTCCGTAGTGTTGCG-1,Young,FAP1,0.0100816933716414,1.6094379124341,-6.32749483294773,3.9918310864339,TRUE,TRUE
Young_2_TCTAACTTCTCTAGCC-1,Young,FAP1,0.0100817162381377,1.09861228866811,-6.52151796527195,3.91452910736896,TRUE,TRUE
Young_3_AATACCGGTCATCCTG-1,Young,FAP1,0.0100817391046339,0,-6.31607172198582,4.07590296105243,TRUE,TRUE
Young_3_AATACCGGTTACTTGC-1,Young,FAP1,0.0100817619711302,0.693147180559945,-6.47193882174778,3.97760536507465,TRUE,TRUE
Young_3_AGGCAGGTCTTGAGCG-1,Young,FAP1,0.0100817848376265,0,-6.4402744502573,4.08632924393512,TRUE,TRUE
Young_3_CACCGGTAGCGAGGTG-1,Young,FAP1,0.0100818077041227,1.38629436111989,-6.22647640414524,4.06776859597064,TRUE,TRUE
Young_3_CTGCAATAGAACCTAC-1,Young,FAP1,0.010081830570619,0.693147180559945,-6.19506761737156,3.89640047386981,TRUE,TRUE
Young_3_GGAGCAAGTCGCAATA-1,Young,FAP1,0.0100818534371152,0,-6.54480573840428,4.03677108124591,TRUE,TRUE
Young_3_TCGTCAACATTATGGT-1,Young,FAP1,0.0100818763036115,0,-6.33322832293797,3.91589715317584,TRUE,TRUE
Young_3_TCTTAGCGTCAAACTG-1,Young,FAP1,0.0100818991701077,0,-6.11301014132786,4.03999664620258,TRUE,TRUE
Young_3_TGGACCGGTCAAAGGG-1,Young,FAP1,0.010081922036604,0,-6.23006651110935,3.96661283806659,TRUE,TRUE
Young_3_TTTCCTGAGCCTGACA-1,Young,FAP1,0.0100819449031002,1.09861228866811,-6.16545698352146,4.01906897858478,TRUE,TRUE
Young_5_AAACCGCGTGAGGTAG-1,Young,FAP1,0.0100819677695965,1.09861228866811,-6.28618547625828,3.9717784150014,TRUE,TRUE
Young_5_ACATTAGTCTTGCATT-1,Young,FAP1,0.0100819906360927,0,-6.20368406482029,3.92316272095538,TRUE,TRUE
Young_5_ACCAGGGAGTGAGGTA-1,Young,FAP1,0.010082013502589,0,-6.33700201220799,3.90577246979572,TRUE,TRUE
Young_5_ACCGAAGCATGTCAAT-1,Young,FAP1,0.0100820363690852,0,-6.24614593692112,4.03651358918048,TRUE,TRUE
Young_5_ACCGCAATCCAGCACA-1,Young,FAP1,0.0100820592355815,0,-6.59968206591892,3.91888167694904,TRUE,TRUE
Young_5_AGGGCTACATCCTAGA-1,Young,FAP1,0.0100820821020777,0.693147180559945,-6.2862331599741,4.04271318749286,TRUE,TRUE
Young_5_AGTAACACATAGCGGA-1,Young,FAP1,0.010082104968574,0,-6.21406099505711,3.88079430893756,TRUE,TRUE
Young_5_CCTCCTCTCGCCTAAG-1,Young,FAP1,0.0100821278350702,1.09861228866811,-6.13559314914036,3.9942074044118,TRUE,TRUE
Young_5_CCTTACTCAAGGATTA-1,Young,FAP1,0.0100821507015665,0,-6.15452310748387,3.95806529358722,TRUE,TRUE
Young_5_CGCTTCTAGCAAGATG-1,Young,FAP1,0.0100821735680627,0,-6.24192592807102,3.8139906151662,TRUE,TRUE
Young_5_CTATGACAGCTTAGTA-1,Young,FAP1,0.010082196434559,0,-6.15876695819187,3.85964467362262,TRUE,TRUE
Young_5_CTTTATGGTTCGCTTG-1,Young,FAP1,0.0100822193010552,0,-6.38163349337864,3.90039255455829,TRUE,TRUE
Young_5_GCCTGAGGTGAAACAA-1,Young,FAP1,0.0100822421675515,0,-6.3679940433054,4.07073237732745,TRUE,TRUE
Young_5_GCGAAGCCAATCTCTC-1,Young,FAP1,0.0100822650340477,0,-6.40706846423435,3.96251418427325,TRUE,TRUE
Young_5_TACCAAATCACAGCCA-1,Young,FAP1,0.010082287900544,0,-6.10671541400242,3.89213635758258,TRUE,TRUE
Young_5_TGGCCTGCATCCCGCT-1,Young,FAP1,0.0100823107670402,0,-6.14434883303929,4.00590946511127,TRUE,TRUE
Young_5_TGCCATTGTGATGAAA-1,Young,FAP1,0.0101439678635511,0,-8.10717508502293,0.569111995256912,TRUE,TRUE
Young_3_GCTTTATTCGATTCTT-1,Young,FAP1,0.0101906883088594,1.38629436111989,-6.55967924304295,5.84875919655658,TRUE,TRUE
Young_1_CATCCTGGTAGCTAGC-1,Young,FAP1,0.0102236488447938,0.693147180559945,-5.62387249179173,3.06465389565326,TRUE,TRUE
Young_5_CGGTTGGGTCAAACTG-1,Young,FAP1,0.0102799330439289,0.693147180559945,-5.79173347659397,3.06162884072162,TRUE,TRUE
Young_3_AGGACGTAGCTCAAAC-1,Young,FAP2,0.0102816360376452,0,-7.81273100085545,2.61887767151691,FALSE,TRUE
Young_3_ATTAGCTCAGCACCAT-1,Young,FAP1,0.0103327251063443,0.693147180559945,-7.04959222979832,2.53480985001422,TRUE,TRUE
Young_5_TTTAGCAAGCTGGCTA-1,Young,FAP1,0.0104338320840025,0.693147180559945,-6.6203019351511,2.33072426155902,TRUE,TRUE
Young_2_ACCAGCTCATCATGGC-1,Young,FAP1,0.0104353755858722,0,-8.0607750148325,1.6134838087926,TRUE,TRUE
Young_5_AACGACAAGCGGTTAT-1,Young,FAP1,0.0104545712506106,0,-7.01849243350315,0.904465161121856,TRUE,TRUE
Young_1_TTAGAAGCATTCAGCA-1,Young,FAP1,0.0105177721634844,0,-7.56579277224827,4.82099582985736,TRUE,TRUE
Young_1_AAACCGAAGAACAAGT-1,Young,FAP1,0.0106389539337046,0,-7.92460367389012,5.68105509117938,TRUE,TRUE
Young_1_AACCCGCAGTTCCCAC-1,Young,FAP1,0.0106389768002009,0,-7.89236757464695,5.91009094551898,TRUE,TRUE
Young_1_AACGCTAGTAGGTTGC-1,Young,FAP1,0.0106389996666971,0,-7.60599872775364,5.96680643395282,TRUE,TRUE
Young_1_AATTTCCTCGCCTAAG-1,Young,FAP1,0.0106390225331934,0,-8.04538175769138,5.99522259072162,TRUE,TRUE
Young_1_ACACTAGGTTGGATAT-1,Young,FAP1,0.0106390453996896,0,-7.84111711688328,5.95619537667133,TRUE,TRUE
Young_1_ACAGGATCAGTTATCG-1,Young,FAP1,0.0106390682661859,0,-7.79043218798924,5.59968283013202,TRUE,TRUE
Young_1_ACTGAAACACATAGCC-1,Young,FAP1,0.0106390911326821,0,-7.86590406604099,6.33061029747821,TRUE,TRUE
Young_1_AGCTTGGTCCAACTGG-1,Young,FAP1,0.0106391139991784,0.693147180559945,-7.64347097583103,6.09110929802753,TRUE,TRUE
Young_1_AGCTTGGTCGTTTCCA-1,Young,FAP1,0.0106391368656746,0.693147180559945,-7.65044710345555,6.00547745064594,TRUE,TRUE
Young_1_ATCTTTGGTTGAGCCG-1,Young,FAP1,0.0106391597321709,0,-7.49912998385716,6.06788494423724,TRUE,TRUE
Young_1_ATGTTTGAGTTCCTGC-1,Young,FAP1,0.0106391825986671,0,-7.69549486346531,6.00702001885272,TRUE,TRUE
Young_1_ATTAGCGGTTAGACCA-1,Young,FAP1,0.0106392054651634,0,-7.76513120837498,5.71584846810199,TRUE,TRUE
Young_1_ATTGCTCGTCAAACTG-1,Young,FAP1,0.0106392283316596,0,-7.48964998431492,6.06342937783099,TRUE,TRUE
Young_1_CAAATCATCAAGCGCC-1,Young,FAP1,0.0106392511981559,0,-7.9410707683115,5.88246300057269,TRUE,TRUE
Young_1_CAAGAACCATAATCAC-1,Young,FAP1,0.0106392740646521,0,-7.71624872393894,5.7704844696889,TRUE,TRUE
Young_1_CAAGGTAAGCATTATG-1,Young,FAP1,0.0106392969311484,0,-7.5651056499033,5.58903982476093,TRUE,TRUE
Young_1_CACTAGCCACTTAGGC-1,Young,FAP1,0.0106393197976447,0,-7.64121219821263,5.84029915169574,TRUE,TRUE
Young_1_CATAGGTTCGAAGCGG-1,Young,FAP1,0.0106393426641409,0,-7.54036829181004,5.84936764077045,TRUE,TRUE
Young_1_CCCATAACAATAATCC-1,Young,FAP1,0.0106393655306372,0,-7.60142585940647,6.07259037331439,TRUE,TRUE
Young_1_CCCTGGACACAAAGGT-1,Young,FAP1,0.0106393883971334,0,-7.77122614093113,5.70492031411029,TRUE,TRUE
Young_1_CCGTTATGTCACAGCG-1,Young,FAP1,0.0106394112636297,0,-7.63618919558811,6.02640392617084,TRUE,TRUE
Young_1_CCTAAAGGTAATGGAA-1,Young,FAP1,0.0106394341301259,0,-7.58083316989231,6.21800281838275,TRUE,TRUE
Young_1_CGAATATGTTGAGCCG-1,Young,FAP1,0.0106394569966222,1.09861228866811,-7.77077314563084,6.06208660439349,TRUE,TRUE
Young_1_CGCAATTAGTTAGTGC-1,Young,FAP1,0.0106394798631184,0,-7.73795244403172,5.86359407738544,TRUE,TRUE
Young_1_CGCACAATCTTGCAGG-1,Young,FAP1,0.0106395027296147,0,-7.82583257861424,5.82382538155414,TRUE,TRUE
Young_1_CGCTAATAGCGCTCAA-1,Young,FAP1,0.0106395255961109,0,-7.70808145709324,6.20350696877338,TRUE,TRUE
Young_1_CGGTGAACATATTGAC-1,Young,FAP1,0.0106395484626072,0,-7.71706316180516,5.52579595879413,TRUE,TRUE
Young_1_CGTAATGGTCTTGCAT-1,Young,FAP1,0.0106395713291034,0,-7.63290188021946,6.03685190514423,TRUE,TRUE
Young_1_CGTTAAATCCCTGACT-1,Young,FAP1,0.0106395941955997,0,-7.69884607501316,6.23520710305072,TRUE,TRUE
Young_1_CTATGAGGTAAAGCGG-1,Young,FAP1,0.0106396170620959,0,-7.72646925158787,6.59665777520038,TRUE,TRUE
Young_1_CTATGAGGTACAAAGA-1,Young,FAP1,0.0106396399285922,0,-7.82857534594822,6.06641342476703,TRUE,TRUE
Young_1_CTCATGACAGCCAGAA-1,Young,FAP1,0.0106396627950884,0,-7.55717203326512,5.86614277199603,TRUE,TRUE
Young_1_CTTAATGAGTTATTCC-1,Young,FAP1,0.0106396856615847,0,-7.86065504260349,6.44453003243304,TRUE,TRUE
Young_1_CTTGAATCAAGGTCGA-1,Young,FAP1,0.0106397085280809,0,-7.95434496112156,5.62157728508807,TRUE,TRUE
Young_1_GAAGCTAAGCCACAAT-1,Young,FAP1,0.0106397313945772,0,-7.43852112002659,6.01447441414691,TRUE,TRUE
Young_1_GAGGCCTTCATGACCG-1,Young,FAP1,0.0106397542610734,0,-7.61615583606053,5.9912367089162,TRUE,TRUE
Young_1_GCACTAAGTGACCTGG-1,Young,FAP1,0.0106397771275697,0.693147180559945,-7.80097696490574,5.52832796410419,TRUE,TRUE
Young_1_GCCTTAACAATGAAGC-1,Young,FAP1,0.0106397999940659,0,-7.70876333422947,5.84093572930194,TRUE,TRUE
Young_1_GCTTAAATCAAAGGCA-1,Young,FAP1,0.0106398228605622,0,-7.44525978274632,6.0470981819997,TRUE,TRUE
Young_1_GGCTCAATCGGGATTT-1,Young,FAP1,0.0106398457270585,0,-7.49248001284886,5.84321071938373,TRUE,TRUE
Young_1_GGTTACTAGCCACATG-1,Young,FAP1,0.0106398685935547,0.693147180559945,-7.62135145373631,5.52446701363422,TRUE,TRUE
Young_1_GGTTTCCTCCGTGACA-1,Young,FAP1,0.010639891460051,0,-7.55298731036473,5.97954370812274,TRUE,TRUE
Young_1_GTACTAGGTGGGTACT-1,Young,FAP1,0.0106399143265472,1.09861228866811,-7.85606405444432,5.76457550362445,TRUE,TRUE
Young_1_GTAGCGCTCCACCCTG-1,Young,FAP1,0.0106399371930435,0,-7.50592586703587,5.75964643792011,TRUE,TRUE
Young_1_GTGAACAAGCTTACTT-1,Young,FAP1,0.0106399600595397,0.693147180559945,-7.82735750384617,6.22090675667621,TRUE,TRUE
Young_1_GTTCGCGCAAGTAAGC-1,Young,FAP1,0.010639982926036,0,-7.6686007709055,6.50014355019428,TRUE,TRUE
Young_1_GTTCGCTTCAATGTGC-1,Young,FAP1,0.0106400057925322,0,-7.78110429950047,6.12106039360858,TRUE,TRUE
Young_1_GTTTCAGCACATTGCA-1,Young,FAP1,0.0106400286590285,0,-7.57110426135349,5.92471315697528,TRUE,TRUE
Young_1_GTTTGCTGTGTTGTAG-1,Young,FAP1,0.0106400515255247,0.693147180559945,-7.61113950915623,6.21778919533588,TRUE,TRUE
Young_1_TAGGAGTCAGTAAAGC-1,Young,FAP1,0.010640074392021,0.693147180559945,-7.51951095767308,5.88747265175678,TRUE,TRUE
Young_1_TAGGCTGTCTGTAAGC-1,Young,FAP1,0.0106400972585172,0,-7.65950414843846,5.99311735466815,TRUE,TRUE
Young_1_TCCGCCATCTTGCAGG-1,Young,FAP1,0.0106401201250135,0,-7.6930296153574,5.78363897637225,TRUE,TRUE
Young_1_TCGATTAAGGCAAGTA-1,Young,FAP1,0.0106401429915097,0,-7.57611725039768,5.56556656197406,TRUE,TRUE
Young_1_TGATCACAGCATTAGC-1,Young,FAP1,0.010640165858006,0,-7.69832346148777,5.73658468560077,TRUE,TRUE
Young_1_TGCAATATCAAGACTC-1,Young,FAP1,0.0106401887245022,0,-7.50164577670384,6.02322389916278,TRUE,TRUE
Young_1_TGCTGGATCAATGAGG-1,Young,FAP1,0.0106402115909985,0,-7.89508554644871,5.78785803154803,TRUE,TRUE
Young_1_TGGTTCCTCGCTAGCA-1,Young,FAP1,0.0106402344574947,0,-7.56037018008518,5.5434508545766,TRUE,TRUE
Young_1_TGTTACTTCCTGAGTG-1,Young,FAP1,0.010640257323991,0,-8.03139421649265,5.80238535240985,TRUE,TRUE
Young_1_TTCGGTACATAATGTC-1,Young,FAP1,0.0106402801904872,0,-7.71725103564549,5.93249275521136,TRUE,TRUE
Young_1_TTGCAATCAAGTGTCC-1,Young,FAP1,0.0106403030569835,0,-7.76530573077488,5.68747093514301,TRUE,TRUE
Young_1_TTGGATATCAGGAAGC-1,Young,FAP1,0.0106403259234797,1.09861228866811,-7.58396932788182,6.0567097885976,TRUE,TRUE
Young_1_TTGGATTCACCTGTAA-1,Young,FAP1,0.010640348789976,0,-7.92728540606785,5.68606617287494,TRUE,TRUE
Young_1_TTGTGTGCATTAAAGG-1,Young,FAP1,0.0106403716564722,0,-7.75565645404148,6.39423134163715,TRUE,TRUE
Young_2_GCAATGTTCGGTCAGC-1,Young,FAP1,0.0106403945229685,0,-7.68269369311619,5.48272039727069,TRUE,TRUE
Young_2_TATTACCTCAGTGAAG-1,Young,FAP1,0.0106404173894648,0.693147180559945,-7.55533764071751,6.12002708748676,TRUE,TRUE
Young_2_TATTTGGAGAATCGCT-1,Young,FAP1,0.010640440255961,0.693147180559945,-7.69092771716404,5.46442653969623,TRUE,TRUE
Young_2_TCCTGTTCAATCGCAC-1,Young,FAP1,0.0106404631224573,0,-7.67025873370457,6.64309456185199,TRUE,TRUE
Young_2_TGCCGGTAGTTTGTCT-1,Young,FAP1,0.0106404859889535,0,-7.49482032962132,5.93587829903461,TRUE,TRUE
Young_3_ACAGGATCACATGCTA-1,Young,FAP1,0.0106405088554498,2.19722457733622,-7.53626033969212,6.22720672921039,TRUE,TRUE
Young_3_ACTTAGGGTAATCGGC-1,Young,FAP1,0.010640531721946,0,-7.75331327624607,6.68210413292743,TRUE,TRUE
Young_3_ATAAGCCTCTACTAAG-1,Young,FAP1,0.0106405545884423,0.693147180559945,-7.59149477191258,5.80117275551654,TRUE,TRUE
Young_3_ATCGGCCAGCGGATTT-1,Young,FAP1,0.0106405774549385,2.07944154167984,-7.48717424578953,6.2001686318288,TRUE,TRUE
Young_3_CATTGTGCATGAGCAG-1,Young,FAP1,0.0106406003214348,0.693147180559945,-7.64549133487034,6.62104465798236,TRUE,TRUE
Young_3_CCACTTGGTCACCAAA-1,Young,FAP1,0.010640623187931,0,-7.61415025897312,5.63420822457172,TRUE,TRUE
Young_3_CCTATTGTCTTAATGG-1,Young,FAP1,0.0106406460544273,0.693147180559945,-7.94415018267918,6.45086099938251,TRUE,TRUE
Young_3_CCTGAATAGCAAGACA-1,Young,FAP1,0.0106406689209235,0,-7.90249178118992,6.10177042321063,TRUE,TRUE
Young_3_CCTGCTCCAGTGAACG-1,Young,FAP1,0.0106406917874198,1.38629436111989,-7.70670339770603,5.42006542519428,TRUE,TRUE
Young_3_CTCCTGAGTTAAATGC-1,Young,FAP1,0.010640714653916,0,-7.66981432147312,6.31517031029559,TRUE,TRUE
Young_3_CTGATCACATGGCCTG-1,Young,FAP1,0.0106407375204123,0.693147180559945,-7.62873813815403,5.54870893792011,TRUE,TRUE
Young_3_CTTAATGAGCATGTCG-1,Young,FAP1,0.0106407603869085,0,-7.42266771502781,5.85246660546161,TRUE,TRUE
Young_3_GAGGTAGGTTACCGGG-1,Young,FAP1,0.0106407832534048,2.19722457733622,-7.71370718188572,6.61907484368182,TRUE,TRUE
Young_3_GATTAAGCACCTCAGG-1,Young,FAP1,0.010640806119901,0,-7.61321470446873,6.17728950814105,TRUE,TRUE
Young_3_GGCAAGCCACAGAACG-1,Young,FAP1,0.0106408289863973,0,-7.55946895785618,5.5505628807912,TRUE,TRUE
Young_3_TACCGAAGTCATTACC-1,Young,FAP1,0.0106408518528935,0.693147180559945,-7.45105812259007,5.85358002022601,TRUE,TRUE
Young_3_TAGAGCCGTGCTCACC-1,Young,FAP1,0.0106408747193898,0.693147180559945,-7.67290804095555,6.57783510521747,TRUE,TRUE
Young_5_AGCTAACTCGGTTACG-1,Young,FAP1,0.010640897585886,0,-7.58019754596043,5.72386171654559,TRUE,TRUE
Young_5_CCCTCAGTCTATTGTC-1,Young,FAP1,0.0106409204523823,0.693147180559945,-7.65670320697117,5.4600506050954,TRUE,TRUE
Young_5_CCGCACACAGTTGCGT-1,Young,FAP1,0.0106409433188785,0,-7.63512203402806,6.07562115029193,TRUE,TRUE
Young_5_CGTTGCGCAAACGCGA-1,Young,FAP1,0.0106409661853748,0.693147180559945,-7.52523777194309,6.08165457085468,TRUE,TRUE
Young_5_GCTGTACCAATCTCTC-1,Young,FAP1,0.0106409890518711,1.38629436111989,-7.76851007647801,6.50322153405048,TRUE,TRUE
Young_5_GGTCTTTGTAACTACG-1,Young,FAP1,0.0106410119183673,1.38629436111989,-7.71616193957615,5.45918896035053,TRUE,TRUE
Young_5_GTCGGTTCAAGTGAAC-1,Young,FAP1,0.0106410347848636,0,-7.58551475711155,6.41506006554462,TRUE,TRUE
Young_1_GGCAAGCCAATTAGGA-1,Young,FAP1,0.0106869426782144,0.693147180559945,-5.84783909030247,5.64929010704852,TRUE,TRUE
Young_4_GGGCAATAGGCATGAA-1,Young,FAP1,0.0107072716120751,0,-8.0579559535532,1.62248518303729,TRUE,TRUE
Young_3_AAGGATCCAGGCTTCG-1,Young,FAP1,0.010874012102958,0,-8.28637144274998,3.98394586876727,TRUE,TRUE
Young_2_CAATCTAAGCCGCTTT-1,Young,FAP1,0.0110616683396518,0,-5.64409134097386,5.74766638115741,TRUE,TRUE
Young_4_CCTAATAAGCGAGGTG-1,Young,FAP1,0.0110871937704893,0,-7.01688120074558,3.71174528435565,TRUE,TRUE
Young_5_TAAGTGCTCAATACGC-1,Young,FAP1,0.0111042243524584,0,-8.19442770190525,1.28131236866809,TRUE,TRUE
Young_1_AATTTCCTCCTGGTGA-1,Young,FAP1,0.0111060162571148,0,-6.46363804049778,1.0992637498746,TRUE,TRUE
Young_1_CATGGCGGTCCGGTTC-1,Young,FAP1,0.0111603075539978,0,-8.24430105395603,0.473357982791435,TRUE,TRUE
Young_1_ATTGAAGCACAAACTT-1,Young,FAP1,0.0112335615884331,0,-6.62334081836033,1.38636770085193,TRUE,TRUE
Young_1_AAACCGCGTTGACTTC-1,Young,FAP1,0.0112910361030885,0,-6.18715641207981,1.94245674446918,TRUE,TRUE
Young_1_AACGACAAGGTATTGC-1,Young,FAP1,0.0112910589695847,0.693147180559945,-5.69212553210545,1.36127235726215,TRUE,TRUE
Young_1_ACCGGTTCAGCCAGTT-1,Young,FAP1,0.011291081836081,0,-5.95915481753636,1.9892926438222,TRUE,TRUE
Young_1_ACCTTCATCGTGCTTC-1,Young,FAP1,0.0112911047025772,0,-5.86127063937474,1.35184373692371,TRUE,TRUE
Young_1_AGCCGCTAGAGGGACT-1,Young,FAP1,0.0112911275690735,0,-6.0215732783823,1.47991885975696,TRUE,TRUE
Young_1_AGCCTAGTCGCTAGTG-1,Young,FAP1,0.0112911504355697,0.693147180559945,-6.19826051898289,1.64526619747974,TRUE,TRUE
Young_1_AGTCCTGAGCCTAACG-1,Young,FAP1,0.011291173302066,1.09861228866811,-6.01683304019261,1.99350156620837,TRUE,TRUE
Young_1_ATACCTGCATTTAAGC-1,Young,FAP1,0.0112911961685622,0,-5.92018053241062,1.26581402853824,TRUE,TRUE
Young_1_GAACCTGTCAAACACC-1,Young,FAP1,0.0112912190350585,0,-5.79001781649876,1.58426787690021,TRUE,TRUE
Young_1_GATGCAGCAGGTTAAA-1,Young,FAP1,0.0112912419015547,0.693147180559945,-5.820343229249,1.49289216832019,TRUE,TRUE
Young_1_GCAATCTAGTCATCCC-1,Young,FAP1,0.011291264768051,0.693147180559945,-6.51867363162327,1.99165179566241,TRUE,TRUE
Young_1_GTCGGTTCATTGTGCA-1,Young,FAP1,0.0112912876345472,0,-6.45595476336766,1.75341024235583,TRUE,TRUE
Young_1_TATGGATGTCAAAGGG-1,Young,FAP1,0.0112913105010435,0.693147180559945,-5.88067695803929,1.28105970457889,TRUE,TRUE
Young_1_TGAGCACGTTGGATCA-1,Young,FAP1,0.0112913333675397,0,-6.20220634646702,2.0138254387746,TRUE,TRUE
Young_1_TTATTGCTCGCCTGTT-1,Young,FAP1,0.011291356234036,0,-5.69625637240696,1.22652044133044,TRUE,TRUE
Young_1_TTCTTAGGTGCTGGTG-1,Young,FAP1,0.0112913791005322,0,-5.96957418628025,1.30648263529636,TRUE,TRUE
Young_1_TTGATGTCAGGATGGC-1,Young,FAP1,0.0112914019670285,0,-5.82013151355076,1.50364484623767,TRUE,TRUE
Young_2_AATAACCGTGGAGCAA-1,Young,FAP1,0.0112914248335247,0,-5.90741274066258,1.39159073666431,TRUE,TRUE
Young_2_ACAGTATGTTGCCTCA-1,Young,FAP1,0.011291447700021,0,-6.21559116549778,1.96368470028735,TRUE,TRUE
Young_2_AGCAAATAGTAACCCG-1,Young,FAP1,0.0112914705665172,0.693147180559945,-5.90402815051365,1.76505317524768,TRUE,TRUE
Young_2_CCAAGTTAGTAAGAAC-1,Young,FAP1,0.0112914934330135,0,-6.31319973178196,1.82473006085254,TRUE,TRUE
Young_2_CCGCAAGGTAGCTGCG-1,Young,FAP1,0.0112915162995098,0,-5.9064838618784,1.24184056357242,TRUE,TRUE
Young_2_CGTAACCCACAACAGG-1,Young,FAP1,0.011291539166006,0,-6.03354427523899,1.94854643181659,TRUE,TRUE
Young_2_CGTATTGCACAAAGGT-1,Young,FAP1,0.0112915620325023,1.38629436111989,-5.93624994464207,1.82101239994861,TRUE,TRUE
Young_2_GAGTTGCGTTGTAAAC-1,Young,FAP1,0.0112915848989985,0,-6.00752708621311,1.96381368473865,TRUE,TRUE
Young_2_GATCACTAGAGAGGCT-1,Young,FAP1,0.0112916077654948,0,-6.31767914004612,1.84908475712634,TRUE,TRUE
Young_2_GTTGCCCGTAGTTAAC-1,Young,FAP1,0.011291630631991,0.693147180559945,-6.67914888568211,1.98629441098071,TRUE,TRUE
Young_2_TAAAGCCTCACAGCCA-1,Young,FAP1,0.0112916534984873,0,-5.72791740603733,1.54189433888293,TRUE,TRUE
Young_2_TATTCGTTCCTCAGTC-1,Young,FAP1,0.0112916763649835,0,-5.84160015292454,1.75478508309222,TRUE,TRUE
Young_2_TTGGCGGGTGATCAGC-1,Young,FAP1,0.0112916992314798,0,-6.31596300311375,1.82331206635333,TRUE,TRUE
Young_3_ACTATCCGTGCTCCAC-1,Young,FAP1,0.011291722097976,0,-5.92945310778904,1.33872904614307,TRUE,TRUE
Young_3_ATTCGTTTCATTAGTG-1,Young,FAP1,0.0112917449644723,0.693147180559945,-6.0345127315073,1.4129371865163,TRUE,TRUE
Young_3_ATTTGCAAGTTTCCTG-1,Young,FAP1,0.0112917678309685,0.693147180559945,-6.09375164218235,1.34134974316455,TRUE,TRUE
Young_3_CCTGAATAGAACCTGT-1,Young,FAP1,0.0112917906974648,0,-6.53997251696873,1.90158619717456,TRUE,TRUE
Young_3_CGTTAGTAGCAGCTAT-1,Young,FAP1,0.011291813563961,0,-5.97024318881321,1.51422622040607,TRUE,TRUE
Young_3_CTCCGTCCAAACAACA-1,Young,FAP1,0.0112918364304573,0.693147180559945,-6.32833120532322,1.74033548668719,TRUE,TRUE
Young_3_GCAAGCCTCCTAGTAA-1,Young,FAP1,0.0112918592969535,1.09861228866811,-6.03446409411717,1.96324565247394,TRUE,TRUE
Young_3_GCATATATCGTGCTAG-1,Young,FAP1,0.0112918821634498,0,-5.84441826052952,1.35598971680499,TRUE,TRUE
Young_3_GCGCTAGGTTATAGCG-1,Young,FAP1,0.011291905029946,0,-6.68039295382786,1.98860671357013,TRUE,TRUE
Young_3_GCTGTGATCTGTGCCT-1,Young,FAP1,0.0112919278964423,0.693147180559945,-5.74531671710301,1.39586319760181,TRUE,TRUE
Young_3_GTTTGCTGTTGCATCT-1,Young,FAP1,0.0112919507629385,0,-6.11688825793553,1.37741985157825,TRUE,TRUE
Young_3_TGTTGTTTCATTAGTG-1,Young,FAP1,0.0112919736294348,0,-6.07633707232762,1.32307329014636,TRUE,TRUE
Young_4_GGAGCGATCCGCCAAA-1,Young,FAP1,0.011291996495931,0,-6.35088894076634,1.83469786480762,TRUE,TRUE
Young_5_ACCAAGTTCCGCTAGA-1,Young,FAP1,0.0112920193624273,0,-6.3016664714365,1.57206048802234,TRUE,TRUE
Young_5_ATGTGAGAGTAGCGCC-1,Young,FAP1,0.0112920422289236,0,-5.95647880740452,1.41122653321124,TRUE,TRUE
Young_5_ATTATCCTCGCTAAAC-1,Young,FAP1,0.0112920650954198,0,-6.17171451754856,1.92249431446887,TRUE,TRUE
Young_5_CCTGGTAAGGGTGAAC-1,Young,FAP1,0.0112920879619161,1.09861228866811,-5.89731809802342,1.4206321461568,TRUE,TRUE
Young_5_GACCTAAGTAATAACC-1,Young,FAP1,0.0112921108284123,0,-6.26719448275852,1.58933760956622,TRUE,TRUE
Young_5_GGGCAATAGATGGACA-1,Young,FAP1,0.0112921336949086,0,-6.03834793277073,1.30317106083728,TRUE,TRUE
Young_5_GGTCAGGAGATGCCTG-1,Young,FAP1,0.0112921565614048,0.693147180559945,-5.89350721545506,1.74231781796313,TRUE,TRUE
Young_5_GTCATCCTCCTAGTAA-1,Young,FAP1,0.0112921794279011,0,-5.68416807360935,1.33935024575092,TRUE,TRUE
Young_5_GTTCTCATCCCTCTAA-1,Young,FAP1,0.0112922022943973,0,-6.39401409335423,1.86610641316272,TRUE,TRUE
Young_5_TAAACAGCAAACTCAT-1,Young,FAP1,0.0112922251608936,0,-5.99004099078465,1.57376684979297,TRUE,TRUE
Young_5_TACAGGTTCTGTAAGC-1,Young,FAP1,0.0112922480273898,0,-6.08840009875584,1.88674249485828,TRUE,TRUE
Young_5_TATGACTCATGAATCT-1,Young,FAP1,0.0112922708938861,0.693147180559945,-5.86454174228001,1.33855798081256,TRUE,TRUE
Young_5_TGACCAAGTTTATGGG-1,Young,FAP1,0.0112922937603823,0,-5.79839966006565,1.45428457096912,TRUE,TRUE
Young_5_TCTAACCGTACTTCAC-1,Young,FAP1,0.0112960087033239,0,-7.22983572192478,0.57442989186145,TRUE,TRUE
Young_2_CGCTTCTAGAGCCGCT-1,Young,FAP1,0.0113968316780401,0,-8.02714559741306,0.542764521993171,TRUE,TRUE
Young_2_AAAGGCTCAGGATTAA-1,Young,FAP1,0.011401342962348,0,-8.31472704119969,0.62565498784877,TRUE,TRUE
Young_2_TAGTAGGAGTCATGCG-1,Young,FAP3,0.0115002256346615,0.693147180559945,-8.06106397815037,3.4456680043111,FALSE,TRUE
Young_5_TTGCCCGTCCTCCATA-1,Young,FAP1,0.0115178021261476,0.693147180559945,-6.88884660907078,0.78676196173526,TRUE,TRUE
Young_3_TGATTCAAGCACTAGT-1,Young,FAP1,0.011539969557508,0.693147180559945,-5.60876867480564,5.88196518257953,TRUE,TRUE
Young_1_AAACCAACATCTAGCA-1,Young,FAP1,0.0116072228234518,0,-5.19141027636814,2.19043733910419,TRUE,TRUE
Young_3_AGCCTAGTCCTCATGC-1,Young,FAP3,0.0116692507115355,0,-8.29194662280369,3.97473862007953,FALSE,TRUE
Young_5_GCCTTACTCAGGAAGC-1,Young,FAP1,0.011706378263199,0.693147180559945,-7.55307743258763,0.292727570838701,TRUE,TRUE
Young_2_CTGTTCATCATAACTG-1,Young,FAP1,0.0117249915072201,0,-7.77182981677342,0.364616438604366,TRUE,TRUE
Young_2_CTATGAGGTTTGGCTT-1,Young,FAP1,0.0117346176453141,1.09861228866811,-5.4280674190073,5.20744659737445,TRUE,TRUE
Young_1_GCCAGGAAGGAACGCG-1,Young,FAP1,0.0117376182596578,0,-6.27073976702976,4.09592869118549,TRUE,TRUE
Young_4_CGGAATCGTATTCGCT-1,Young,FAP1,0.0117379319918305,0,-8.02506277270603,1.68108322457172,TRUE,TRUE
Young_5_AACTACTCACAACAAA-1,Young,FAP1,0.0117824728428096,0,-8.15411112017918,0.501332454241287,TRUE,TRUE
Young_5_TTGTGAGGTTCCGGCT-1,Young,FAP1,0.0117994904199485,0,-7.16524574466038,1.94072475270129,TRUE,TRUE
Young_1_CCTAGTTGTCCGCTGT-1,Young,FAP3,0.011881514893854,0,-8.85186884112644,4.38881447151996,FALSE,TRUE
Young_2_AGCTACGTCGGGCCAT-1,Young,FAP1,0.0119428167933364,0,-5.81008741565037,5.78317406014301,TRUE,TRUE
Young_3_CTGAATATCCTGGCTT-1,Young,FAP1,0.011965975162977,1.38629436111989,-6.53133651919651,5.89453127220966,TRUE,TRUE
Young_1_GTCGGTTCAATACTGT-1,Young,FAP1,0.0120256318304355,0,-7.61173793978977,4.79623272255756,TRUE,TRUE
Young_1_GTTTCTAGTACGGTAC-1,Young,FAP1,0.0120317820015634,0,-6.22260353274632,4.39203264550067,TRUE,TRUE
Young_3_TTGCTTAGTGAACAAA-1,Young,FAP3,0.012061632461037,0,-8.20337602801609,3.35651924446918,FALSE,TRUE
Young_3_CCAATATCATGGCCTG-1,Young,FAP1,0.0121355127930296,0,-7.38770410723973,2.40828420952655,TRUE,TRUE
Young_1_CTGCAATAGTCATTTC-1,Young,FAP1,0.0121439607832901,0,-8.24194643206883,0.574130557335388,TRUE,TRUE
Young_3_GCGCAATGTTATCCGT-1,Young,FAP1,0.0121467379801797,0,-6.35680792041111,1.18461110428668,TRUE,TRUE
Young_3_TTGGGTTAGCGCCTTT-1,Young,FAP1,0.0121535162635986,0.693147180559945,-5.75459835238743,5.36248256996967,TRUE,TRUE
Young_2_AGAGATTAGTCTGGGC-1,Young,FAP3,0.0122267369308866,0,-8.3418972224741,3.57140686348773,FALSE,TRUE
Young_1_AACAAAGGTTCATCTA-1,Young,FAP1,0.0122391917882139,0,-5.81733295626927,5.97967388466693,TRUE,TRUE
Young_3_CTATGTTTCAATCTAG-1,Young,FAP1,0.0122442937954768,0,-6.43099806018162,5.07841064766742,TRUE,TRUE
Young_5_TGACTCCTCATAACCA-1,Young,FAP1,0.0122470690576515,0.693147180559945,-6.74435827441502,4.44667293862201,TRUE,TRUE
Young_2_TAGCATATCAATTACG-1,Young,FAP1,0.0123464127048152,0,-6.29602882571507,5.68177749947406,TRUE,TRUE
Young_2_CTCCGGACAAGCTAAA-1,Young,FAP1,0.0123703266328681,0.693147180559945,-6.66775152392674,1.90422322586871,TRUE,TRUE
Young_1_CCCATAACAGAGAGCC-1,Young,FAP1,0.0124518945404115,0.693147180559945,-6.38051435656834,2.34632112816669,TRUE,TRUE
Young_3_AGGCTAAAGCATCCAG-1,Young,FAP1,0.0125549762243731,1.6094379124341,-5.71319076724339,4.0927238686452,TRUE,TRUE
Young_1_ATACCGGTCCCATAAA-1,Young,FAP3,0.012654622381262,0,-8.1274778575449,3.6602356655965,FALSE,TRUE
Young_3_TTGGATATCTCGACCT-1,Young,FAP1,0.0126676587587635,0.693147180559945,-7.00109455294895,5.09562971428729,TRUE,TRUE
Young_2_CGTGGTTCAACCTAAT-1,Young,FAP1,0.0128411073587675,0.693147180559945,-8.10056039996433,1.62179007366992,TRUE,TRUE
Young_1_GTTTGTTTCGATTATG-1,Young,FAP1,0.0129423575485954,0,-5.69942352481175,3.09345390633441,TRUE,TRUE
Young_4_ATTTGTGAGGATAAAC-1,Young,FAP1,0.0130539031703845,0,-7.97916528888035,1.94598152474261,TRUE,TRUE
Young_2_CGATTGAGTAGCAGCT-1,Young,FAP1,0.0130957770726576,0.693147180559945,-5.58899233050633,4.29586078957416,TRUE,TRUE
Young_5_TCGGTAAGTCAAGTAT-1,Young,FAP1,0.0131069144894758,0,-5.71408626742649,4.06918384865619,TRUE,TRUE
Young_2_GCGCAAACATTTAAGC-1,Young,FAP1,0.0131600763390769,0,-5.52493736453343,1.60476388768054,TRUE,TRUE
Young_5_TTGCGAGTCGATCAGT-1,Young,FAP1,0.0131800641495688,1.09861228866811,-7.55472061343479,0.289311680800688,TRUE,TRUE
Young_1_TGTGTTAAGGGCTTTG-1,Young,FAP1,0.0132247616881118,1.09861228866811,-5.61445781894016,4.35165741280414,TRUE,TRUE
Young_2_CTGGCTAAGGCACAGG-1,Young,FAP1,0.0132619904984219,0.693147180559945,-8.32580873675633,0.864252112663757,TRUE,TRUE
Young_2_GATTTGCAGTGAACGA-1,Young,FAP1,0.0133860927049581,0,-8.09570047564793,5.33777048424579,TRUE,TRUE
Young_2_GCGGTTATCCTTCAAT-1,Young,FAP1,0.0134895018530795,0,-7.77418157763767,0.362226990840804,TRUE,TRUE
Young_2_AGATGAAGTGAACAAA-1,Young,FAP1,0.0136204663361328,0,-5.63465759463597,4.39538099602557,TRUE,TRUE
Young_5_TTGCACACACTCAACA-1,Young,FAP1,0.0137059029804268,0,-6.83695671267796,1.0195125563512,TRUE,TRUE
Young_5_CTAATAGTCTTGTCCA-1,Young,FAP1,0.0137822085744004,0.693147180559945,-5.37329361148167,2.39404990509845,TRUE,TRUE
Young_3_ACCTCACTCATGCTTT-1,Young,FAP1,0.0137982524438771,0,-7.16768715091038,1.94524600342609,TRUE,TRUE
Young_3_GGAAACTCAAAGGCCA-1,Young,FAP3,0.0138044036193765,0,-8.0473243922739,3.43556668595172,FALSE,TRUE
Young_5_TACGTAATCGATAACC-1,Young,FAP1,0.013808155502071,0,-9.01137373156834,1.45622958973743,TRUE,TRUE
Young_2_TGCTATGCAAACATAG-1,Young,FAP1,0.0138081783685673,1.38629436111989,-9.00508329577732,1.32455142573215,TRUE,TRUE
Young_2_CGAAGCGAGTAACCAC-1,Young,FAP1,0.0138082012350635,0,-8.9698793620615,1.43559052780963,TRUE,TRUE
Young_2_AGGTTAACAATGCCCG-1,Young,FAP1,0.0138082241015598,0,-8.87664911456394,1.45286800698138,TRUE,TRUE
Young_2_TCGCATTGTGAAACAA-1,Young,FAP1,0.0138501295680411,0,-8.08171388812351,0.521238453544151,TRUE,TRUE
Young_3_ACATAGCTCCGTCCAT-1,Young,FAP1,0.0140875186758191,1.09861228866811,-6.8746382922678,1.64560534790851,TRUE,TRUE
Young_2_GTAGTTATCATGCATA-1,Young,FAP1,0.0140993508778364,1.38629436111989,-6.18219015307713,3.79081871346332,TRUE,TRUE
Young_3_TTAGGCTAGTTATCTC-1,Young,FAP1,0.0141043783241605,0.693147180559945,-7.0911123485117,0.828873984373581,TRUE,TRUE
Young_5_GTTTATCTCGCTATGG-1,Young,FAP1,0.0141081068592184,0,-7.08701917834568,0.831883750713836,TRUE,TRUE
Young_3_AATCTTGAGCATTAGC-1,Young,FAP2,0.0141482104615962,1.09861228866811,-9.36609766192722,4.96267988518573,FALSE,TRUE
Young_3_GGGAATATCATGCAAC-1,Young,FAP1,0.014226149836527,0,-8.17237493701267,1.57266726330615,TRUE,TRUE
Young_2_ACCCGTAAGATTCCTT-1,Young,FAP1,0.0143649516605366,0,-7.65885278888035,2.20759370163776,TRUE,TRUE
Young_2_GTTTAACCAGACAAAC-1,Young,FAP1,0.0144137752252709,0,-7.25630638308811,0.541630707539093,TRUE,TRUE
Young_4_TTAAGTGTCGCTAGCA-1,Young,FAP1,0.0144278185266269,0,-7.66787121005345,2.20081808403827,TRUE,TRUE
Young_1_AGCCTAAGTACAATGT-1,Young,FAP1,0.0145127271739496,0,-8.14960214801121,1.60397901371814,TRUE,TRUE
Young_3_CGTTGCAAGGACTTAC-1,Young,FAP1,0.0145542654662574,1.09861228866811,-6.2361466617136,6.08774711922504,TRUE,TRUE
Young_3_TTAGCGGTCTGTTCAT-1,Young,FAP1,0.01458434928097,0,-8.44065878100681,0.808029375828277,TRUE,TRUE
Young_5_TTTCGTCCAAAGGCCA-1,Young,FAP1,0.0145899179220628,0,-6.77576372332859,1.05955972508289,TRUE,TRUE
Young_1_AGTGCACGTGCCTCAC-1,Young,FAP1,0.0146559993281441,0.693147180559945,-7.39789697833348,5.77666761711932,TRUE,TRUE
Young_2_TTCATCCCAATGCGCT-1,Young,FAP1,0.0146781100186253,0,-8.05633947558689,4.72985937432147,TRUE,TRUE
Young_3_TCAGCCTTCATTAGTG-1,Young,FAP1,0.0146996528020358,0,-6.19434568591404,6.00598528221942,TRUE,TRUE
Young_5_CGAAGCCTCTTTGAGA-1,Young,FAP1,0.0147022489811224,0,-8.78258535571385,1.10579778984882,TRUE,TRUE
Young_3_CGCTGTGCAGGATAAC-1,Young,FAP1,0.0147151054733135,0,-5.55039570040989,5.15976621941425,TRUE,TRUE
Young_5_TACTAAGTCTTGAGGT-1,Young,FAP1,0.0147410276751956,0,-7.78211900897312,0.310758165873062,TRUE,TRUE
Young_3_GGCGCTAGTTAAGGTT-1,Young,FAP1,0.0147586239738124,1.09861228866811,-7.8035557002573,0.140729792274009,TRUE,TRUE
Young_2_CTTTAGTTCGCTCACT-1,Young,FAP1,0.0147931521406044,0,-8.08589956469822,1.68026830986835,TRUE,TRUE
Young_3_ACTTAGTCATTTAAGC-1,Young,FAP1,0.0148612028824129,1.09861228866811,-7.40136215396214,4.95944788292743,TRUE,TRUE
Young_5_TTACACCGTTTGGTTC-1,Young,FAP1,0.0148680067084979,0,-7.96244260974217,0.557915918386947,TRUE,TRUE
Young_1_ATATGCTCATTGTGAT-1,Young,FAP1,0.0149031735965499,0.693147180559945,-8.2189027995615,1.53606309727527,TRUE,TRUE
Young_1_TAGCGGCTCGGTACGC-1,Young,FAP1,0.0149522535523604,0,-6.60088512606907,1.02057500914432,TRUE,TRUE
Young_5_ATTGCGCCACAACAGG-1,Young,FAP1,0.0149539599301285,0,-8.4219228953867,0.818750314272415,TRUE,TRUE
Young_5_GGGTCAACAGCAAGTG-1,Young,FAP1,0.0150502356528444,0,-5.45840666003514,5.19119217232562,TRUE,TRUE
Young_5_CTCTAGCTCGTTAAGC-1,Young,FAP1,0.0151088285235819,0,-7.56764576144505,2.28839638069965,TRUE,TRUE
Young_5_GATTACTCACCACAAC-1,Young,FAP2,0.0151708974076303,0,-9.31561014361668,4.91266634301044,FALSE,TRUE
Young_5_TGGCCAATCGAAGCGG-1,Young,FAP1,0.0152670567765648,1.38629436111989,-7.30341264910984,0.458847693956863,TRUE,TRUE
Young_3_GCCTACTTCGGGCCAT-1,Young,FAP1,0.0153340346717217,0,-5.71495697207737,4.16664769486285,TRUE,TRUE
Young_2_GGCTGTCAGGATAAAC-1,Young,FAP1,0.0153441009937552,0.693147180559945,-7.02027723498631,0.87393864230014,TRUE,TRUE
Young_1_TAGGTTATCTCCATAT-1,Young,FAP1,0.0153658573466382,0,-6.68192646212864,5.4101705773244,TRUE,TRUE
Young_5_CTAATTGAGGAGGTTA-1,Young,FAP1,0.0154330066586437,0,-5.53513166613865,1.54902412728168,TRUE,TRUE
Young_5_TGCACTTGTCGTAATG-1,Young,FAP1,0.0154341668893893,0,-7.59986707873631,0.473227761543762,TRUE,TRUE
Young_3_CACAGGCTCCTTAAGA-1,Young,FAP1,0.0154364476177097,0.693147180559945,-8.32236120410252,0.843234620846283,TRUE,TRUE
Young_2_CTCGCTCCAATGCCCG-1,Young,FAP3,0.0154568630931626,0.693147180559945,-8.27566358752537,3.96309139565326,FALSE,TRUE
Young_3_GTATGTGGTTTAACGG-1,Young,FAP1,0.0154682482708877,0,-7.00580713458348,0.883915565765869,TRUE,TRUE
Young_3_CCTTATGTCCTAAGTA-1,Young,FAP1,0.0155016892349975,0.693147180559945,-6.25067159838963,4.93507911995746,TRUE,TRUE
Young_3_GTCGGTTCACGAATTT-1,Young,FAP3,0.0155438828751535,0,-7.89959547229099,3.59451439217426,FALSE,TRUE
Young_1_GGTACTAGTAATGACT-1,Young,FAP1,0.0156648922349323,0.693147180559945,-8.04606554217625,3.74043061570026,TRUE,TRUE
Young_3_TAGGGTTTCGGTCAGC-1,Young,FAP1,0.0156813654902757,0,-7.51700660891819,2.33467891053058,TRUE,TRUE
Young_5_TAGCTTAAGTCCTTCA-1,Young,FAP1,0.0156832602770662,1.09861228866811,-7.22010776706028,0.615255974091064,TRUE,TRUE
Young_5_GAGCCTTCAACTGGGA-1,Young,FAP1,0.0157942711722718,1.09861228866811,-5.60680315203953,5.13828756646014,TRUE,TRUE
Young_5_CAAGGCTGTAATCGGC-1,Young,FAP1,0.0159715137060595,0,-6.83458492465306,1.00773771838046,TRUE,TRUE
Young_5_CAGTACCCAGGAACCA-1,Young,FAP1,0.0159853389888487,1.09861228866811,-7.05512878604222,2.45590903595782,TRUE,TRUE
Young_5_AGCAAGGGTTTGTCTA-1,Young,FAP1,0.0160229576171291,0,-6.5701629848032,5.79888632134296,TRUE,TRUE
Young_4_TACTTGTTCTCACAAA-1,Young,FAP1,0.0161791126565545,0.693147180559945,-6.54241630740452,5.46059849099017,TRUE,TRUE
Young_3_CCCTCATAGTGAGCGG-1,Young,FAP3,0.016197798086194,0.693147180559945,-7.93270227618504,3.82902195290424,FALSE,TRUE
Young_4_TGGAACAAGGATAAAC-1,Young,FAP1,0.0162074941283397,0.693147180559945,-7.59200069613743,4.83157875374652,TRUE,TRUE
Young_5_CGCCACACAAGGTGGC-1,Young,FAP1,0.0162245124529852,0,-5.39070675082493,2.33554723099567,TRUE,TRUE
Young_5_CGGGACAAGGGTGAAC-1,Young,FAP1,0.0163263551562201,0.693147180559945,-8.10915682025242,0.575205139673721,TRUE,TRUE
Young_1_TGTAAGCTCCCGCATT-1,Young,FAP1,0.0163475574874576,0.693147180559945,-7.44936344332981,4.93312122658588,TRUE,TRUE
Young_5_TTGCGTCTCACCAATA-1,Young,FAP1,0.0163514168807218,0.693147180559945,-7.52893850512791,0.147269897020828,TRUE,TRUE
Young_2_TAATCACCATAGACCC-1,Young,FAP1,0.0164379801287415,0,-7.40445110507298,2.43295862511493,TRUE,TRUE
Young_5_GTGCTGATCATGTTTC-1,Young,FAP1,0.0164592794265395,0.693147180559945,-6.98968908496189,0.741580776728164,TRUE,TRUE
Young_2_TCATACTTCATGCTCC-1,Young,FAP1,0.0165861358538022,0.693147180559945,-6.15656635470677,6.42817594841815,TRUE,TRUE
Young_2_TGGTTCTGTCAAAGGG-1,Young,FAP1,0.0166849237551086,0,-8.18983099170017,2.07925810650684,TRUE,TRUE
Young_1_GTCTTTGTCCCTCAGT-1,Young,FAP1,0.0166931461180384,0,-6.71446535296726,0.946841738976013,TRUE,TRUE
Young_5_ATGACGAAGGTCAAAG-1,Young,FAP1,0.0167394054142374,0,-8.21710130877781,1.57785847023822,TRUE,TRUE
Young_1_AAGCCACGTGTCCAGG-1,Young,FAP2,0.0168260494280466,0,-8.82268736071873,5.18316128090717,FALSE,TRUE
Young_1_AAGCCTCCAAATGCCC-1,Young,FAP3,0.0168260722945428,0.693147180559945,-8.64599535174656,4.77558090523578,FALSE,TRUE
Young_1_AGTAATCGTTTGCAGA-1,Young,FAP2,0.0168260951610391,1.09861228866811,-8.9447910518198,4.94251539543964,FALSE,TRUE
Young_1_AGTTGCGTCCCGCAAA-1,Young,FAP2,0.0168261180275353,0.693147180559945,-9.21731397815037,4.84362890557147,FALSE,TRUE
Young_1_CCTGACTTCTTGGATA-1,Young,FAP2,0.0168261408940316,0,-9.14827081866551,4.69154980019428,FALSE,TRUE
Young_1_CGACAAGCATTATGAC-1,Young,FAP2,0.0168261637605278,0,-9.05253336139011,4.84362795189716,FALSE,TRUE
Young_1_CGTCATTGTTTGTTGC-1,Young,FAP1,0.0168261866270241,0,-8.629181119874,5.02551081017352,TRUE,TRUE
Young_1_CTATGACAGTCATTTC-1,Young,FAP2,0.0168262094935203,0,-8.75370237536717,5.16768505410053,FALSE,TRUE
Young_1_CTGTTTAGTGATGGCT-1,Young,FAP2,0.0168262323600166,0,-8.69210169024754,4.94806434944965,FALSE,TRUE
Young_1_GCTCCTTAGTTGTCCC-1,Young,FAP2,0.0168262552265128,0.693147180559945,-8.8057062358408,4.98537590340472,FALSE,TRUE
Young_1_GTTAAGTGTGCTAGAC-1,Young,FAP2,0.0168262780930091,0,-8.84678671069431,4.60982277230121,FALSE,TRUE
Young_1_TAAACAGCATGTTTGG-1,Young,FAP2,0.0168263009595053,0,-8.85381529040623,4.73925354317523,FALSE,TRUE
Young_1_TAGCATATCCGTAAAC-1,Young,FAP2,0.0168263238260016,0.693147180559945,-8.83864900775242,5.1860175354848,FALSE,TRUE
Young_1_TAGCTAGGTGTTCCCA-1,Young,FAP2,0.0168263466924978,0.693147180559945,-9.08209345050144,4.69495680168964,FALSE,TRUE
Young_1_TAGTAAGCAACTAGAA-1,Young,FAP2,0.0168263695589941,0.693147180559945,-8.9216844768076,5.02405168846942,FALSE,TRUE
Young_1_TATCCAGCATAATTGC-1,Young,FAP2,0.0168263924254903,0,-9.18082735247898,4.89663746193744,FALSE,TRUE
Young_1_TCGGTTTGTGACATAT-1,Young,FAP2,0.0168264152919866,1.09861228866811,-8.90559503741551,4.49879124001361,FALSE,TRUE
Young_1_TGTAACTCACATAGCC-1,Young,FAP2,0.0168264381584828,0,-8.97916433520603,4.48807051018573,FALSE,TRUE
Young_1_TTCAACCGTCCCGAAG-1,Young,FAP2,0.0168264610249791,0,-8.86152860827732,5.1040125115285,FALSE,TRUE
Young_1_TTCCTTCTCCCTGGAA-1,Young,FAP2,0.0168264838914753,0,-9.0547878474741,4.82484676674701,FALSE,TRUE
Young_1_TTGACTAAGGACAACA-1,Young,FAP2,0.0168265067579716,0,-8.64550897784519,4.8451915009389,FALSE,TRUE
Young_2_CAGCTAAGTCCTAATC-1,Young,FAP2,0.0168265296244678,0,-9.33441755481052,4.98358776406146,FALSE,TRUE
Young_2_CTAGTTGCACATACTG-1,Young,FAP2,0.0168265524909641,1.09861228866811,-8.69455072589207,4.92256309822894,FALSE,TRUE
Young_2_CTATTACTCATCCTGC-1,Young,FAP2,0.0168265753574604,1.6094379124341,-8.74418089099217,4.85737087563373,FALSE,TRUE
Young_2_GACCTGCAGGTCATTA-1,Young,FAP2,0.0168265982239566,0,-8.60769197650242,5.11073496178485,FALSE,TRUE
Young_2_GCATATATCGCTTCTA-1,Young,FAP2,0.0168266210904529,0.693147180559945,-9.3166753978281,5.00605537728168,FALSE,TRUE
Young_2_GGTGAGGTCACAGCCA-1,Young,FAP2,0.0168266439569491,1.38629436111989,-9.15224859423924,5.15363266304828,FALSE,TRUE
Young_2_GTTGGCCAGCACGATT-1,Young,FAP2,0.0168266668234454,1.38629436111989,-8.85940286822605,5.16282226876117,FALSE,TRUE
Young_2_TGCCATTGTGGATTGC-1,Young,FAP2,0.0168266896899416,1.09861228866811,-9.04456159777927,4.87426283196307,FALSE,TRUE
Young_2_TGGCTTTGTTCCGGCT-1,Young,FAP2,0.0168267125564379,2.39789527279837,-9.22973367877293,5.02157451943256,FALSE,TRUE
Young_2_TGGTCAAGTGCCTCAC-1,Young,FAP2,0.0168267354229341,1.79175946922806,-9.18290254779148,5.18786480263568,FALSE,TRUE
Young_2_TTTGTGTTCCCTCATA-1,Young,FAP2,0.0168267582894304,1.38629436111989,-8.88895342059422,4.9307627900014,FALSE,TRUE
Young_3_AAACGTACAGGTTCAC-1,Young,FAP2,0.0168267811559266,0,-9.19036504931736,4.81957628563739,FALSE,TRUE
Young_3_AAGCGCTGTTATTGCC-1,Young,FAP2,0.0168268040224229,0,-9.19945070452976,4.83757879570819,FALSE,TRUE
Young_3_AATAACCGTCCGGTTC-1,Young,FAP2,0.0168268268889191,0,-9.01441309161472,4.71236851052142,FALSE,TRUE
Young_3_ACAGCCGGTTTAACGG-1,Young,FAP2,0.0168268497554154,0.693147180559945,-9.2596332759409,4.82998468712665,FALSE,TRUE
Young_3_AGCTGCTCATTAGCGC-1,Young,FAP2,0.0168268726219116,0,-8.6462824077158,4.87660362557269,FALSE,TRUE
Young_3_ATTGCAGGTTTGCAGA-1,Young,FAP2,0.0168268954884079,0.693147180559945,-8.7109272212534,5.12556459740497,FALSE,TRUE
Young_3_CAAGTAACACGGTTTA-1,Young,FAP2,0.0168269183549041,0.693147180559945,-8.9227831096201,4.81195261315204,FALSE,TRUE
Young_3_CAGCTCAAGCGCCTAA-1,Young,FAP2,0.0168269412214004,1.6094379124341,-9.01030657000828,4.47858192757465,FALSE,TRUE
Young_3_CCTAAGGTCACATTGA-1,Young,FAP2,0.0168269640878966,0.693147180559945,-8.79289076037693,4.83036615685321,FALSE,TRUE
Young_3_CGTGAGGAGCAAGATG-1,Young,FAP2,0.0168269869543929,1.09861228866811,-8.77660486407566,4.91435625389911,FALSE,TRUE
Young_3_CTATGGCCACGTAAGG-1,Young,FAP2,0.0168270098208891,0,-8.70379087634373,5.12396528557636,FALSE,TRUE
Young_3_GCAAACCGTGCCGCAA-1,Young,FAP2,0.0168270326873854,0.693147180559945,-9.18512746997166,4.747520468987,FALSE,TRUE
Young_3_GCCATGATCGTTTCGC-1,Young,FAP2,0.0168270555538816,0.693147180559945,-9.2959520549326,5.06779005364276,FALSE,TRUE
Young_3_GTACTAATCACGCATG-1,Young,FAP2,0.0168270784203779,0,-8.95866510577488,5.25740673378803,FALSE,TRUE
Young_3_GTAGGTGCAACAGGAT-1,Young,FAP2,0.0168271012868741,0,-9.04369470782566,4.78614570931293,FALSE,TRUE
Young_3_GTCCAGGGTTATGTGG-1,Young,FAP2,0.0168271241533704,0,-8.69843980975437,4.75106384590961,FALSE,TRUE
Young_3_GTGTTACAGGGCCACT-1,Young,FAP2,0.0168271470198667,0,-8.99938127703953,4.53316118553973,FALSE,TRUE
Young_3_TCACCGGCACGCAACT-1,Young,FAP2,0.0168271698863629,1.38629436111989,-9.35672971911717,5.00720789269305,FALSE,TRUE
Young_3_TCCATAAAGTGGCGGA-1,Young,FAP2,0.0168271927528592,1.09861228866811,-8.95385858722019,4.97521641091205,FALSE,TRUE
Young_3_TGAACAGAGACAACGA-1,Young,FAP2,0.0168272156193554,0,-8.82590315051365,5.11094381646014,FALSE,TRUE
Young_3_TGACCAAGTAGCTGCG-1,Young,FAP2,0.0168272384858517,0.693147180559945,-8.93201849170017,5.01918890313007,FALSE,TRUE
Young_3_TGCCTGTTCGCTAAAC-1,Young,FAP2,0.0168272613523479,0.693147180559945,-8.79893896289158,5.04235365227557,FALSE,TRUE
Young_3_TGGATTGGTTCCTGTG-1,Young,FAP2,0.0168272842188442,1.6094379124341,-9.05615160174656,4.94329264000751,FALSE,TRUE
Young_3_TTCAGCACAGAGGGAG-1,Young,FAP2,0.0168273070853404,1.6094379124341,-8.86166307635594,4.98779060677386,FALSE,TRUE
Young_3_TTGACATCACCATATG-1,Young,FAP2,0.0168273299518367,0,-8.89036771960545,5.02040817574359,FALSE,TRUE
Young_5_CACTAGCCATTATGGT-1,Young,FAP2,0.0168273528183329,0,-9.00212213702488,4.57415344551898,FALSE,TRUE
Young_5_CGTTAGTAGTGAACGA-1,Young,FAP3,0.0168273756848292,1.6094379124341,-8.74073240466404,4.61206438378192,FALSE,TRUE
Young_5_CTCATGCTCGCATCCT-1,Young,FAP2,0.0168273985513254,0.693147180559945,-9.25716707415867,4.88876917198993,FALSE,TRUE
Young_5_GAGCAAATCACATTGA-1,Young,FAP2,0.0168274214178217,1.09861228866811,-8.77480241961765,5.06748010948993,FALSE,TRUE
Young_5_GCGAAGCCATAATCGT-1,Young,FAP1,0.0168274442843179,0,-8.79179498858738,4.82670214012958,TRUE,TRUE
Young_5_GTGCAAGCAGCTCATA-1,Young,FAP2,0.0168274671508142,0.693147180559945,-8.95641252703953,4.49405863121844,FALSE,TRUE
Young_5_TCTACTAGTAGGTGTC-1,Young,FAP2,0.0168274900173104,1.09861228866811,-9.12624761767674,4.83447029427386,FALSE,TRUE
Young_5_TGGCCAATCCCTCAAC-1,Young,FAP2,0.0168275128838067,0.693147180559945,-8.92913267321873,4.62650158242084,FALSE,TRUE
Young_5_TTGTTTGGTTAAGCCA-1,Young,FAP2,0.0168275357503029,0.693147180559945,-9.08584329791355,4.83383753136493,FALSE,TRUE
Young_2_CTTACCGGTAAGGTCC-1,Young,FAP1,0.0170007764793578,0,-8.01355859942722,0.371611997343075,TRUE,TRUE
Young_5_ATGATGGAGTTAGACC-1,Young,FAP2,0.0170530160558258,1.09861228866811,-9.35384008593845,4.93441488579608,FALSE,TRUE
Young_3_GCCTGCTGTAAGCTTG-1,Young,FAP1,0.0170703980359088,0,-6.55986425586033,1.2046658022771,TRUE,TRUE
Young_4_ACCTTCATCTGGTCCT-1,Young,FAP1,0.0171140023050496,0.693147180559945,-8.15035364337254,0.493872158087265,TRUE,TRUE
Young_3_CGTAGTTAGGTCCACA-1,Young,FAP1,0.0171510329572524,1.09861228866811,-8.02801248736668,0.574168287075531,TRUE,TRUE
Young_5_CATTCATTCCTAAATG-1,Young,FAP1,0.0171627076843291,0,-8.31933901019383,0.877940259731781,TRUE,TRUE
Young_3_CTCGACAAGTTTAACG-1,Young,FAP1,0.017319858633444,0,-5.94935390658665,6.02049209908344,TRUE,TRUE
Young_1_CGGGACAAGGCCCAGT-1,Young,FAP1,0.0174001367556951,0,-7.41778299517918,5.71675064400531,TRUE,TRUE
Young_1_CTTAACAAGTCCTGAG-1,Young,FAP1,0.0174784646169024,0,-7.26885864444065,0.534326039112579,TRUE,TRUE
Young_2_GATGCAGCATGTCAGC-1,Young,FAP1,0.0175457781680315,1.38629436111989,-6.22448465533543,6.06976702050067,TRUE,TRUE
Young_5_CAGCTATAGTCACCAG-1,Young,FAP1,0.0176508201790853,0.693147180559945,-7.57495662875462,2.30507590607501,TRUE,TRUE
Young_3_CGTTAGGTCGGTTCCT-1,Young,FAP1,0.0176712004102306,0.693147180559945,-7.46775314517308,2.39244940117694,TRUE,TRUE
Young_4_TGGACGGAGAGGCTAA-1,Young,FAP1,0.0176760131284666,0,-8.50970670886326,1.35555412606097,TRUE,TRUE
Young_3_CCTAGTTGTAACCAGC-1,Young,FAP1,0.0176784673833192,0,-5.58988973803807,1.51265361145831,TRUE,TRUE
Young_2_TTTGACTTCGCTATGG-1,Young,FAP1,0.0177170931092527,0.693147180559945,-6.56323835559178,1.19830396012164,TRUE,TRUE
Young_5_ACCAAGCGTCGAAGTC-1,Young,FAP1,0.0177216224218739,0.693147180559945,-5.72480938144016,5.09392120674945,TRUE,TRUE
Young_2_ATTAGTCCAATCCCTT-1,Young,FAP1,0.0177453602785431,0,-6.42241451449681,1.16945489481784,TRUE,TRUE
Young_1_AATCCGTAGTCCTTCA-1,Young,FAP3,0.0177764649624237,0,-8.44814893908787,2.8594315274129,FALSE,TRUE
Young_2_GGCGATACAGGTTCAC-1,Young,FAP1,0.017804323548444,0,-6.04909155078221,6.21535160378314,TRUE,TRUE
Young_3_TCCGGTTTCCCATAGG-1,Young,FAP1,0.0178678797665979,0,-6.49935075946141,1.24472638205386,TRUE,TRUE
Young_1_ACTATGTCAGGCATCT-1,Young,FAP1,0.0178921313999334,0,-6.4913375110178,5.94176151589252,TRUE,TRUE
Young_1_GTCAAACTCCGCCTAT-1,Young,FAP1,0.0179589311683168,0.693147180559945,-5.7727849216013,5.31336834267474,TRUE,TRUE
Young_3_GGTGAGTAGTTAGGCT-1,Young,FAP1,0.0179780555166946,0,-6.58600923724461,2.36412551239825,TRUE,TRUE
Young_2_AGTGATGAGCTCCTTA-1,Young,FAP1,0.0179899235432845,0.693147180559945,-7.52152607150364,4.89051391915179,TRUE,TRUE
Young_3_TCAGCGATCGATTTGA-1,Young,FAP1,0.0180795223113743,0.693147180559945,-5.39274189181614,2.12795784310199,TRUE,TRUE
Young_3_GAGGCTTGTGTTTGTC-1,Young,FAP1,0.0180989506414199,0,-7.14583131976414,0.764484099901687,TRUE,TRUE
Young_5_CAAGGTTTCGGGATTT-1,Young,FAP1,0.0181462250956712,0,-5.39591905780125,2.32494571045734,TRUE,TRUE
Young_5_TGAGCTTAGCATTTCT-1,Young,FAP1,0.0181543345800179,0,-7.13252851672459,0.774007104195129,TRUE,TRUE
Young_1_GCTTTATTCAAGTGAG-1,Young,FAP1,0.0183672058564325,0.693147180559945,-7.52556726641941,0.185037769235145,TRUE,TRUE
Young_3_TCTACTAGTGCATTAG-1,Young,FAP1,0.0184186271710978,1.09861228866811,-6.4939124316721,5.93411161736346,TRUE,TRUE
Young_1_GCAATAGAGGGTTATC-1,Young,FAP1,0.0184646387226417,0,-5.71171877093601,5.09719803170062,TRUE,TRUE
Young_5_GGATGTAAGATAACCC-1,Young,FAP1,0.0184809575488059,2.30258509299405,-5.68833324618626,6.01419689492084,TRUE,TRUE
Young_5_CTTTATGGTCGCAAAC-1,Young,FAP1,0.018522113649913,0,-6.55302927203465,1.31179823712207,TRUE,TRUE
Young_5_GATTCCTGTGATGAGG-1,Young,FAP3,0.0185433774819086,0,-7.94922849841404,3.49948432282306,FALSE,TRUE
Young_1_TTTAAGCCAGAAACGT-1,Young,FAP1,0.0186390414629753,0,-8.23355886645603,0.464651666439545,TRUE,TRUE
Young_3_TGATGACTCCTTGCGT-1,Young,FAP1,0.0187102337691476,1.09861228866811,-8.47674009509373,1.39185240105487,TRUE,TRUE
Young_4_CTACCGGCAAGCTACC-1,Young,FAP3,0.0187131038575807,0,-8.23062345691013,3.51509334877826,FALSE,TRUE
Young_1_GAAGGCTAGCCTAACG-1,Young,FAP3,0.0187182262417949,1.09861228866811,-8.17318365283299,3.66411688164569,FALSE,TRUE
Young_1_CATAACGGTAAGCACC-1,Young,FAP1,0.0187484704062746,0,-7.88677141375828,0.57592693702079,TRUE,TRUE
Young_1_CCCAACCGTTAGCGTA-1,Young,FAP1,0.0187760145000939,0,-8.30670759387303,3.91881682709552,TRUE,TRUE
Young_3_CGATCCTTCCTGCGAA-1,Young,FAP1,0.0188421680514579,0,-5.29826709933567,2.51784207657672,TRUE,TRUE
Young_5_CTTTGTCCAGCTACGT-1,Young,FAP1,0.0188494276145006,0.693147180559945,-6.05718347735691,5.74371101693011,TRUE,TRUE
Young_5_GCGCCTTGTCTAACAG-1,Young,FAP1,0.0188828234854581,0,-7.58610841937351,4.84943058327533,TRUE,TRUE
Young_1_CCCTCATAGCACAGCC-1,Young,FAP3,0.0188919567411476,0,-8.46743128009129,2.85570599869586,FALSE,TRUE
Young_1_AGAACCGCATTGTCCT-1,Young,FAP1,0.018930237201471,1.09861228866811,-7.32374021716404,5.04470970467426,TRUE,TRUE
Young_1_CTAACCCTCCTAACGG-1,Young,FAP1,0.0189302600679673,0,-7.38591167636204,5.03040554360248,TRUE,TRUE
Young_3_AACATTGTCTCATCAT-1,Young,FAP1,0.0189302829344635,0.693147180559945,-7.31670782275486,5.14064838723041,TRUE,TRUE
Young_3_CAAGAACCACATGCTA-1,Young,FAP1,0.0189303058009598,0.693147180559945,-7.35551283068943,4.97712519005634,TRUE,TRUE
Young_3_TTATCCTAGGGCTTTG-1,Young,FAP1,0.018930328667456,1.09861228866811,-7.38715622134495,5.02062465981342,TRUE,TRUE
Young_5_ACCTTGTGTATTGCAG-1,Young,FAP1,0.0189303515339523,0,-7.31654283709812,5.0693240387807,TRUE,TRUE
Young_1_GTAGGATCAGCTTAAT-1,Young,FAP1,0.0189911772394269,0,-8.7716314525156,2.383995078362,TRUE,TRUE
Young_3_ACGTCCTTCTCAATTC-1,Young,FAP1,0.0190674802983377,0,-8.8094207973032,1.38461663559772,TRUE,TRUE
Young_4_CTCCTGAGTTGCTGGG-1,Young,FAP1,0.0190767532470808,0,-8.19984743304539,1.64754917458392,TRUE,TRUE
Young_5_ATTACCGCAGCAAGAT-1,Young,FAP1,0.019167962650505,0,-5.50063583560276,3.10689713791705,TRUE,TRUE
Young_3_GCAATGTTCGATTTAG-1,Young,FAP1,0.0191778958889355,0.693147180559945,-7.05086490817356,2.45833613709308,TRUE,TRUE
Young_2_CAGGACACATCGCTTT-1,Young,FAP1,0.0192009474754178,0,-6.38716432757664,6.13647701577045,TRUE,TRUE
Young_3_TGTCAGTAGTCAATCA-1,Young,FAP1,0.0192441388832929,0,-8.56937429614353,1.32107373312808,TRUE,TRUE
Young_5_AATTTGCCATGGTTAT-1,Young,FAP1,0.0192496076131933,0.693147180559945,-7.20746061511326,0.657218389070999,TRUE,TRUE
Young_5_CCACATTGTGAGACTC-1,Young,FAP1,0.0192644607986981,0.693147180559945,-7.18685791201878,0.695442668951523,TRUE,TRUE
Young_5_CAGAACCGTGTTTGAG-1,Young,FAP1,0.019300226119586,0,-8.71964571185398,1.45579423741199,TRUE,TRUE
Young_3_GGATGTAAGCTACTGG-1,Young,FAP1,0.0193955106908295,0,-8.84334966845799,1.35394170121051,TRUE,TRUE
Young_3_CTACCGGCAAACTCAT-1,Young,FAP1,0.0193981118418216,0,-6.39502546496678,1.19961430863239,TRUE,TRUE
Young_1_TTGCTCTCACTCAACA-1,Young,FAP1,0.0194345795580508,0,-6.22697326846409,6.07774069146014,TRUE,TRUE
Young_3_GAGTCATTCTGCAACG-1,Young,FAP1,0.0194465033148198,0.693147180559945,-6.72523328967381,1.06798156336642,TRUE,TRUE
Young_3_GTCATCACATTATGCG-1,Young,FAP3,0.0194477526439165,0.693147180559945,-8.24975607104588,3.95739819840289,FALSE,TRUE
Young_4_TACCGTTGTCCGTAGG-1,Young,FAP1,0.0194700149536631,0,-8.15206739611912,1.70873572663165,TRUE,TRUE
Young_5_CGTTTGTGTTGCTTCG-1,Young,FAP1,0.0194747167538551,0,-8.17217752642918,1.68667270974017,TRUE,TRUE
Young_5_GATAGACCACCTACGG-1,Young,FAP1,0.0195114400757292,0,-6.09498521991062,5.81894924477435,TRUE,TRUE
Young_2_CGCCACACACCAGGTT-1,Young,FAP1,0.0195336133602799,2.56494935746154,-6.55170366473484,5.81674482659198,TRUE,TRUE
Young_3_TTAGCCTGTTTGAGGC-1,Young,FAP1,0.0195501639087521,1.09861228866811,-5.80242559619236,5.97224809960223,TRUE,TRUE
Young_1_GATGAGGGTGGTGAGA-1,Young,FAP1,0.0196572122121861,0,-6.356560441926,5.09069063500262,TRUE,TRUE
Young_1_TTAATCGAGGGTGAAC-1,Young,FAP1,0.0197002245012068,0,-5.77280304141331,3.5476696713338,TRUE,TRUE
Young_3_GCAGGCTTCATGTTTC-1,Young,FAP1,0.0197286425814402,0,-7.47641823001194,2.40371491745807,TRUE,TRUE
Young_3_ACCGGCTAGGATCCGC-1,Young,FAP1,0.0197826460593998,0,-7.55156585879612,0.762527577436935,TRUE,TRUE
Young_1_CATAATCCATGGAGGC-1,Young,FAP1,0.019794425906583,0,-7.08476803012181,0.799588344849121,TRUE,TRUE
Young_1_CCTCAGTTCTCACACC-1,Young,FAP1,0.0199320636679046,0,-7.87140390582371,2.64893414810992,TRUE,TRUE
Young_5_TATCACAAGCTACTGG-1,Young,FAP1,0.0199605589182589,0,-8.31227228350926,0.733673088110458,TRUE,TRUE
Young_2_GCTGCATCATAAAGCA-1,Young,FAP3,0.0199928394401261,0.693147180559945,-7.86720869250584,3.58211471871234,FALSE,TRUE
Young_4_CGGGTATGTGTTCCCA-1,Young,FAP1,0.0200238389064973,0,-8.24305746264744,1.62045683697559,TRUE,TRUE
Young_1_CTAATCGCATGAGCAG-1,Young,FAP1,0.0200872536186267,0,-7.47822258181858,6.48132898644305,TRUE,TRUE
Young_5_CAAATCATCAAATCGC-1,Young,FAP1,0.0201370223875001,0,-6.40685770221043,1.19526328877307,TRUE,TRUE
Young_5_GGTGTCCAGACAGGCG-1,Young,FAP1,0.0201404095464621,0,-8.05073282428074,0.801334045685302,TRUE,TRUE
Young_2_CAGGGTGAGCTCATAA-1,Young,FAP1,0.0201454102387333,0,-8.74860593982029,1.42448236779071,TRUE,TRUE
Young_5_TACAGGTTCATCAGTA-1,Young,FAP1,0.0201504543345461,0.693147180559945,-5.89182541079808,5.28198530510761,TRUE,TRUE
Young_3_TGCTCCGTCTTGTCCA-1,Young,FAP1,0.0201797128768986,0.693147180559945,-6.56234380908299,5.79289820031024,TRUE,TRUE
Young_3_GCGGGTTTCGGCTATG-1,Young,FAP1,0.0201897439652152,0,-6.58408567614842,1.3544016106496,TRUE,TRUE
Young_1_TTAGCTGCATAGCAGG-1,Young,FAP1,0.0202572579413043,0,-8.54698011584568,1.34854950741626,TRUE,TRUE
Young_4_CCACACAAGTTTAACG-1,Young,FAP1,0.0202813898500539,0.693147180559945,-6.79552623935032,0.908230207718383,TRUE,TRUE
Young_2_TGGTCAAGTTCCATTA-1,Young,FAP1,0.0202988279695284,0,-7.04661819644261,0.824834100759994,TRUE,TRUE
Young_1_CGTTAAATCCGCTAGA-1,Young,FAP1,0.0202990968255181,0,-7.18137666888523,1.91262891129352,TRUE,TRUE
Young_2_CAAAGCGCAGGATTAA-1,Young,FAP1,0.0203106740346204,0.693147180559945,-6.05165264315891,6.21627285317279,TRUE,TRUE
Young_4_TGTTAGCAGCGGATAA-1,Young,FAP1,0.0203375801971859,0,-8.15288850970554,1.7266384585271,TRUE,TRUE
Young_5_TTAATCGAGGTTACAC-1,Young,FAP1,0.0203734279011087,0,-8.33776781268406,1.52364971474506,TRUE,TRUE
Young_1_AATTACCCAGCGCTTG-1,Young,FAP1,0.0204128655111805,0.693147180559945,-7.69481489367771,0.628413252390396,TRUE,TRUE
Young_3_TACCAGGTCTGTTCAT-1,Young,FAP1,0.0204222433672209,1.38629436111989,-6.87942764468479,0.846923790730011,TRUE,TRUE
Young_2_GGTCAGGAGCTATGAC-1,Young,FAP1,0.0204677204271937,1.09861228866811,-8.20910570330906,1.66749896839954,TRUE,TRUE
Young_3_GTCTTTGTCGTTTCCA-1,Young,FAP1,0.0205641376352004,0,-7.42986223407078,2.44901707009174,TRUE,TRUE
Young_5_GGCGTTATCACTAAGC-1,Young,FAP1,0.0205812108768235,0,-8.21544954486179,1.66296710804797,TRUE,TRUE
Young_2_TTGTCAAAGTGGCGGA-1,Young,FAP3,0.0206012398555018,0,-7.95833799548435,3.83752157524921,FALSE,TRUE
Young_2_TACTTGTTCGGGACTC-1,Young,FAP1,0.0206157955210252,1.09861228866811,-7.24565670199681,0.593600205935013,TRUE,TRUE
Young_5_ATGAAGTAGGTCCTAG-1,Young,FAP1,0.0206618324849703,0,-6.13382789798069,5.89702894524432,TRUE,TRUE
Young_5_GTGCTCCGTCTTACTA-1,Young,FAP1,0.0206903557595428,0.693147180559945,-6.27313873477268,4.71313860253192,TRUE,TRUE
Young_2_GGCTATGTCATGTGGT-1,Young,FAP1,0.0207226678482476,0,-6.52625152774143,1.11032333210803,TRUE,TRUE
Young_5_ATATGTCCAGAACCGA-1,Young,FAP1,0.0207463178752147,0,-8.34391138263035,1.52496149376727,TRUE,TRUE
Young_3_AAGACCAAGGATCACT-1,Young,FAP1,0.0208157726756752,0,-5.61923763461399,5.12532951668597,TRUE,TRUE
Young_2_ATACCGGTCATGCAAC-1,Young,FAP1,0.0208388839809404,0,-7.86515161700535,0.579476706541549,TRUE,TRUE
Young_5_GCTAGCTCAGCAATAA-1,Young,FAP1,0.0209284230520685,0,-6.7666289538889,1.02846779660083,TRUE,TRUE
Young_5_TGAGGGCCAAGGTATA-1,Young,FAP3,0.0210080674086344,0,-8.32873365588474,3.5752518399129,FALSE,TRUE
Young_5_CCTCCTCTCGTTTCCA-1,Young,FAP1,0.0210396486624829,0.693147180559945,-5.46881076998997,5.17727663353778,TRUE,TRUE
Young_2_CTTTGGTGTTAGCAGC-1,Young,FAP1,0.0210414765665702,0.693147180559945,-6.72244903750706,1.06051769093372,TRUE,TRUE
Young_2_GAGGACTAGAGGAGGA-1,Young,FAP1,0.0211046085721689,0,-6.11684772677708,4.60099413231708,TRUE,TRUE
Young_2_CCAAACCCAGTTAAAG-1,Young,FAP3,0.0212274050926964,0,-7.93552992053318,3.48492147759296,FALSE,TRUE
Young_2_CTAGATTCATGTTTGG-1,Young,FAP1,0.0213676530933951,0,-5.64154836840916,5.81342985466815,TRUE,TRUE
Young_1_GGTGCTGGTGGATTAT-1,Young,FAP1,0.0213709817225443,0,-5.60935423083592,5.93347122506,TRUE,TRUE
Young_2_ACCCGGTAGTAGCGGG-1,Young,FAP3,0.0214146669843509,0.693147180559945,-8.39237138934422,2.86222936943866,FALSE,TRUE
Young_3_GAGTGAGGTGATTACG-1,Young,FAP1,0.0214919234523738,0,-6.78216335482884,2.69090964630939,TRUE,TRUE
Young_2_GCACCTAAGCAAGACA-1,Young,FAP3,0.0215138769194829,0,-8.08588430590916,3.74738409355975,FALSE,TRUE
Young_1_CGGATAAAGGTCTTGG-1,Young,FAP3,0.0215759860337039,1.09861228866811,-7.81763384051609,4.17714621857501,FALSE,TRUE
Young_5_TTGTGTGCATGTCAAT-1,Young,FAP1,0.0215816789986691,1.38629436111989,-5.9972231120615,5.56502964333392,TRUE,TRUE
Young_5_TTGTCCCAGGACACTT-1,Young,FAP1,0.0216287898527726,1.09861228866811,-6.508575651124,1.12882836893893,TRUE,TRUE
Young_2_AGTAAGTAGACAGGCG-1,Young,FAP1,0.0216515023311539,1.09861228866811,-6.76260206408787,5.39271070793964,TRUE,TRUE
Young_3_CCAGCCTGTTTGACCT-1,Young,FAP3,0.0216537447398735,0,-7.83141824908543,3.60622670487262,FALSE,TRUE
Young_2_GTACCGGGTAAGGTCC-1,Young,FAP1,0.021656909020014,0.693147180559945,-6.0984365672617,6.3058438523183,TRUE,TRUE
Young_3_TCTCAATTCATGCTAA-1,Young,FAP3,0.0216829118393362,0,-8.0381805629282,3.78431536988116,FALSE,TRUE
Young_1_CACCGGTAGCGGCTGT-1,Young,FAP2,0.0217125924980461,0.693147180559945,-9.27109739489842,4.76766254738666,FALSE,TRUE
Young_3_AATAGAGGTATTCGTC-1,Young,FAP1,0.0217406723761213,0.693147180559945,-6.11638281054783,6.34091141060687,TRUE,TRUE
Young_4_TACCGAAGTTTGACCT-1,Young,FAP1,0.0218669209970246,0,-8.15839502520847,1.75372376278735,TRUE,TRUE
Young_3_GGCGATACAAAGGTAC-1,Young,FAP1,0.0218689911423553,0.693147180559945,-7.65041706271458,6.6984367592702,TRUE,TRUE
Young_4_ATGGCTGTCTCCATGC-1,Young,FAP1,0.0218859802680917,1.09861228866811,-6.20593998141575,6.04049303368427,TRUE,TRUE
Young_3_TAGCGCGGTTAGTTGG-1,Young,FAP1,0.0218931518436821,0,-7.92173311419773,0.55957812801696,TRUE,TRUE
Young_5_GATTAAGCACAAAGCG-1,Young,FAP1,0.0220206610796465,0,-6.42468092150974,6.04964544609882,TRUE,TRUE
Young_2_CGCTTGCGTTAGCATG-1,Young,FAP1,0.0220588643154895,0,-6.66899559207249,1.0125705225835,TRUE,TRUE
Young_5_TTGCGAGTCATGGTTA-1,Young,FAP1,0.0220641565073394,1.38629436111989,-6.67570612139988,1.42597188786365,TRUE,TRUE
Young_5_TGTTGTTTCGCGACAC-1,Young,FAP1,0.0220831059439131,0,-6.13696357913304,3.56809594467975,TRUE,TRUE
Young_2_GGGTATTTCAAACACC-1,Young,FAP1,0.0221777853859668,0,-7.9232542247324,1.40680219963885,TRUE,TRUE
Young_3_GGGCATGAGCTAATTG-1,Young,FAP1,0.0223170268613648,1.09861228866811,-5.61797973819065,5.90648081139423,TRUE,TRUE
Young_1_GTGATCAGTCAGGCCA-1,Young,FAP1,0.0223217522646637,0.693147180559945,-6.68712780185032,5.24901201561786,TRUE,TRUE
Young_1_GTAGTTTCATTGCGGT-1,Young,FAP2,0.0223460417399237,0.693147180559945,-8.58798238940525,1.33403208092548,FALSE,TRUE
Young_1_AAAGGTTAGTCAATCA-1,Young,FAP1,0.0223528728262554,0,-5.71523306079197,3.56080343560077,TRUE,TRUE
Young_3_GGTTAGCGTGGTTAGC-1,Young,FAP1,0.0224451683220712,0,-6.06641218371678,5.42684461907245,TRUE,TRUE
Young_2_AGACAATAGGTCGAGG-1,Young,FAP3,0.0224706149139835,0,-8.20282671160984,3.40960337952472,FALSE,TRUE
Young_5_CCCGTTGTCACATTGA-1,Young,FAP1,0.0224968126273568,0,-6.51587984271336,5.87094690636493,TRUE,TRUE
Young_3_CGGTTCCGTGTTAAAC-1,Young,FAP1,0.0225075416611142,1.6094379124341,-5.70666763491917,6.00077822045184,TRUE,TRUE
Young_2_GTTAAGTGTAGCCTAA-1,Young,FAP1,0.0225537903072113,0,-8.18129656024265,1.74337389305926,TRUE,TRUE
Young_5_ACTCACCTCAGGCTAT-1,Young,FAP1,0.0227011424607781,1.09861228866811,-7.19344732470799,0.701113127029907,TRUE,TRUE
Young_5_GTCTTTAGTCATTGTC-1,Young,FAP1,0.0227028182907425,0,-5.74067423053074,5.98848869637347,TRUE,TRUE
Young_5_GATCAGGCACCTGGTG-1,Young,FAP1,0.0227526669375533,0,-8.79244348712254,1.17080637053348,TRUE,TRUE
Young_3_CTGTATTTCGGCCATA-1,Young,FAP3,0.0227850443413895,1.6094379124341,-8.79462072558689,4.25264861420489,FALSE,TRUE
Young_1_GATGCGACATAATGTC-1,Young,FAP1,0.0227968804444174,0,-7.26485845752049,5.3948912842641,TRUE,TRUE
Young_4_TGTGCTGAGCCTGACA-1,Young,FAP1,0.0230092731754403,0,-8.17199823565769,1.76349665955402,TRUE,TRUE
Young_2_CTAATGTCAGTTTGTG-1,Young,FAP1,0.0230465674478619,1.09861228866811,-6.5404679507761,4.82118036583759,TRUE,TRUE
Young_1_CCCAATTGTAAATTGC-1,Young,FAP1,0.023067639756289,0,-8.19005796618748,1.74485697583057,TRUE,TRUE
Young_1_TGAGTTTCATAGCTTG-1,Young,FAP1,0.0230716152351609,0,-5.6497790545969,3.01203014687396,TRUE,TRUE
Young_5_AACGCCCAGTGAGGGT-1,Young,FAP1,0.0230869748779188,0.693147180559945,-6.94945738024998,0.880150042332184,TRUE,TRUE
Young_4_CAGCATTAGGTTACGT-1,Young,FAP1,0.0231294072747068,0,-8.21607229419041,1.71752383545734,TRUE,TRUE
Young_4_AGTGAGTCAATTTGGT-1,Young,FAP3,0.0231407149222482,0.693147180559945,-8.18229601092625,3.47221615151263,FALSE,TRUE
Young_1_GATCCGTCAGTTAAAG-1,Young,FAP1,0.0231537339090702,0,-6.48290273852635,5.93135454491473,TRUE,TRUE
Young_3_CTGACCAAGAAAGCAT-1,Young,FAP3,0.0232146125790553,1.09861228866811,-7.79317590899754,3.63447382286884,FALSE,TRUE
Young_5_GGTAGGAGTTAAGCCA-1,Young,FAP1,0.0232208029244023,0,-8.31206628985691,0.788637660301697,TRUE,TRUE
Young_5_GCACATTAGGCATGTT-1,Young,FAP1,0.0232894418679666,0,-7.96676752276707,1.46423353985645,TRUE,TRUE
Young_1_CGTATTGCAGCTCAAC-1,Young,FAP1,0.0233184041538799,0.693147180559945,-7.06404230304051,2.34254672364093,TRUE,TRUE
Young_5_TACGCTTGTACTGATG-1,Young,FAP1,0.0234168278904132,0.693147180559945,-5.72226402468968,4.22939302758075,TRUE,TRUE
Young_5_AATCGCCCACCGGTAT-1,Young,FAP1,0.0234233227720675,0,-8.34217951007176,1.58490600422717,TRUE,TRUE
Young_3_GATTCGCCAGGCTAGA-1,Young,FAP1,0.0234611327922627,0,-5.79064676471043,5.79274704293109,TRUE,TRUE
Young_4_ATGCAGGCACAAAGAC-1,Young,FAP1,0.0234612997038028,0,-8.2184955806284,1.72204758957721,TRUE,TRUE
Young_5_CGTTGCGCACACCAAC-1,Young,FAP1,0.0235628616738666,0,-7.01404878802586,0.829463444508087,TRUE,TRUE
Young_3_GATGGACAGTCACTCC-1,Young,FAP1,0.0235781756002202,0,-5.53582164950657,3.07415296868182,TRUE,TRUE
Young_3_TTGACGTAGCAAACCT-1,Young,FAP1,0.0236021733434375,0,-8.24365541644383,1.36617340878345,TRUE,TRUE
Young_2_GGATTCAGTACGCGCA-1,Young,FAP1,0.0236061597838724,0.693147180559945,-7.65080520816136,2.29639341667987,TRUE,TRUE
Young_5_AACCTTGCAATAGTCT-1,Young,FAP1,0.0236444826641646,0.693147180559945,-6.55840608783055,5.78292038277484,TRUE,TRUE
Young_5_GGGTCAACATTGTCCT-1,Young,FAP1,0.023700481456939,0,-6.94784471698094,1.73025872544147,TRUE,TRUE
Young_3_CTTTAGTTCTCACAAA-1,Young,FAP1,0.0237077037056843,0.693147180559945,-7.48689291186619,2.43061258629657,TRUE,TRUE
Young_3_GTAGCCATCCAGCACA-1,Young,FAP1,0.0237134543149447,0,-7.1949245662241,4.38999273613788,TRUE,TRUE
Young_5_GTACTTAAGTTTCCTG-1,Young,FAP1,0.0238415604876909,0,-7.02493259616184,0.819737039364349,TRUE,TRUE
Young_4_GGTTACCCATTGCAGC-1,Young,FAP1,0.0239215999337443,1.79175946922806,-8.29944059558201,1.64281275109149,TRUE,TRUE
Young_3_AGGACGTAGTTAGAGG-1,Young,FAP1,0.0240591662539202,0,-5.79596254535008,5.76966335610248,TRUE,TRUE
Young_4_CGAAGCGAGGCAATAG-1,Young,FAP1,0.0240716715727101,0,-8.20713445849705,1.74780144528247,TRUE,TRUE
Young_5_AGTGAGTCAACTGGGA-1,Young,FAP1,0.0241769289877447,0.693147180559945,-7.22631618686009,0.647928677357208,TRUE,TRUE
Young_4_ATCATGTCAATATGGA-1,Young,FAP1,0.0242497173722784,0,-7.99885961718846,1.92750611142017,TRUE,TRUE
Young_2_GACATTATCAGTTCCC-1,Young,FAP1,0.0243195698707526,0,-6.29335710711766,4.73089697197772,TRUE,TRUE
Young_2_AGCGCCTAGTTATCCT-1,Young,FAP1,0.0243233235313793,0,-5.97196695514012,5.44273569420673,TRUE,TRUE
Young_2_GTCATGCCAAGCTAAA-1,Young,FAP1,0.0245051453556133,1.09861228866811,-8.40999052233982,1.53362026051379,TRUE,TRUE
Young_3_TTAAGTGTCCTCGATC-1,Young,FAP1,0.0245407806273859,0.693147180559945,-8.03965875811863,0.796777628220093,TRUE,TRUE
Young_1_TAGTAACGTTAACAGT-1,Young,FAP1,0.024547043330136,0,-5.49954960055638,5.16055347756244,TRUE,TRUE
Young_1_ATTGGTTCAGCACGTT-1,Young,FAP1,0.0245759722643966,0,-5.89927694506932,5.28623678521014,TRUE,TRUE
Young_1_TTCCTTGAGGGTCTAT-1,Young,FAP1,0.0245773307317742,0,-7.04187557406712,0.751412860907089,TRUE,TRUE
Young_1_AGGTTAACACCTGTAA-1,Young,FAP1,0.0246056926632116,1.09861228866811,-6.63993999667454,1.04930456713535,TRUE,TRUE
Young_5_TGAACAGAGTCAGGCC-1,Young,FAP1,0.0246389320434869,0,-7.03635189242649,0.806515954292785,TRUE,TRUE
Young_4_CGGAGCAAGCCGGTAC-1,Young,FAP1,0.0246908805649577,0,-8.2513849467783,1.7124543412099,TRUE,TRUE
Young_5_AGGTGAGGTAACCAGC-1,Young,FAP1,0.024721023884116,0,-7.65513679690647,2.30279340580798,TRUE,TRUE
Young_4_CTTAATGAGTAGAGGC-1,Young,FAP1,0.0247485222822053,0,-8.22805521197605,1.73941650227405,TRUE,TRUE
Young_2_ATCCATAAGCTCGCTT-1,Young,FAP1,0.0247682958011306,1.79175946922806,-8.53998682208347,1.39519574478961,TRUE,TRUE
Young_5_CACAGGCTCTCACAAA-1,Young,FAP1,0.0247962442945376,0,-7.0436851710825,0.800144545591842,TRUE,TRUE
Young_1_CAGCTAAGTAGGTTGC-1,Young,FAP1,0.0249094447601661,0,-8.30940458483982,1.65324535206653,TRUE,TRUE
Young_2_GTTCTTAGTTGTTCAC-1,Young,FAP1,0.024930460648624,1.09861228866811,-7.4067017764597,2.50671818093158,TRUE,TRUE
Young_1_TTCGTTAGTACTTAGG-1,Young,FAP1,0.0250142183900319,0,-6.75132534213352,5.4024973137746,TRUE,TRUE
Young_5_GTTGGAGCAGTTTGTG-1,Young,FAP1,0.025028841521628,0,-8.24550935931492,1.36763706044055,TRUE,TRUE
Young_2_CCTATAGCACTGGCCA-1,Young,FAP1,0.0250299414732528,0.693147180559945,-7.12333223529148,0.739752493656646,TRUE,TRUE
Young_3_TGCTCACTCGATTCTT-1,Young,FAP1,0.0251128821611717,0,-6.92921659655857,5.80131342247821,TRUE,TRUE
Young_3_TCGCGAGGTTAGAGGG-1,Young,FAP1,0.0251932916271986,0.693147180559945,-6.08223793216038,5.80324413613178,TRUE,TRUE
Young_5_AGGCCCAGTGCGCAAT-1,Young,FAP2,0.0253324251302627,0.693147180559945,-7.77892896838474,3.62715246514178,FALSE,TRUE
Young_4_TGAAACTGTTGTAAAC-1,Young,FAP3,0.0253494303269686,0,-8.52322599597263,3.58886244133807,FALSE,TRUE
Young_5_CTTCGCGTCAAACTCA-1,Young,FAP1,0.0253944138930891,0,-7.04008218951512,4.82145931557513,TRUE,TRUE
Young_4_CCCAGCACACGCAACT-1,Young,FAP1,0.0254249752417624,0,-8.28198549456883,1.69464185074664,TRUE,TRUE
Young_3_CTTGTCCAGCATGCAT-1,Young,FAP1,0.0254851800050312,0,-7.9645254344492,0.539985321320068,TRUE,TRUE
Young_4_GGCCGTTAGGAGTCTT-1,Young,FAP1,0.0256553590107904,1.79175946922806,-8.27831480212498,1.70368184880115,TRUE,TRUE
Young_1_GGCAAATCACTGACTA-1,Young,FAP1,0.0256637423582466,0,-5.21790525622654,2.16143729523517,TRUE,TRUE
Young_5_GACATAGAGTCACCAG-1,Young,FAP1,0.0257396576393456,0,-8.41633341021824,1.55339124039508,TRUE,TRUE
Young_5_CTAGCTTGTATTGGAT-1,Young,FAP1,0.025751346894181,0,-8.04977819629002,0.512153453982841,TRUE,TRUE
Young_2_GTGAATCTCCTGGCTT-1,Young,FAP1,0.0257558856903868,0,-7.78849622912693,0.361766481629979,TRUE,TRUE
Young_5_TTAACCAAGCACGATT-1,Young,FAP1,0.0258475703149788,0,-7.8013231486826,0.26077659413911,TRUE,TRUE
Young_2_TTTGTTGGTGGATTAT-1,Young,FAP1,0.025926345616587,1.09861228866811,-6.09824154086399,6.29847242668964,TRUE,TRUE
Young_4_TTATCCGTCCTGTTCA-1,Young,FAP1,0.0259948885999737,1.6094379124341,-8.23882791705418,1.75456263855792,TRUE,TRUE
Young_2_ACACTAGGTAGTTAAC-1,Young,FAP1,0.026119092645098,0,-6.57209465213108,1.10859849289752,TRUE,TRUE
Young_1_AACGGTAAGTATTGCA-1,Young,FAP1,0.0261399122695534,0,-8.60689947314549,1.35301759079791,TRUE,TRUE
Young_2_CTTAAGGGTTTGCGCC-1,Young,FAP3,0.0261425066671359,1.09861228866811,-8.1692898005991,3.71387078598834,FALSE,TRUE
Young_4_AGGTTACTCTAACCTT-1,Young,FAP1,0.0261815792117828,0,-8.26631567187596,1.72831394509174,TRUE,TRUE
Young_5_GGTCGGTTCCTAAGAC-1,Young,FAP1,0.026246908612944,0,-7.41662618823338,2.51036383942462,TRUE,TRUE
Young_2_TTTAGCAAGGTGCGGA-1,Young,FAP1,0.0262890770351536,0.693147180559945,-5.93089267916966,5.28231289223529,TRUE,TRUE
Young_2_TGTGAAACAAATGCCC-1,Young,FAP1,0.0263065481306963,0.693147180559945,-5.67207643695164,4.45455887154437,TRUE,TRUE
Young_5_GGAAGTATCTCACTAT-1,Young,FAP1,0.02632513058986,0.693147180559945,-8.72574350543308,1.38706567124225,TRUE,TRUE
Young_1_CGATCCTTCATGCTTT-1,Young,FAP1,0.0263910664880322,0,-6.79276964373875,5.39031984642841,TRUE,TRUE
Young_5_GTCATTAAGGAACCAA-1,Young,FAP3,0.0266307804984971,1.09861228866811,-8.41903612323094,1.56973090008594,FALSE,TRUE
Young_5_TGGTCCTTCCGTTATT-1,Young,FAP1,0.0266701768462729,0,-6.30603906817723,5.63180639580585,TRUE,TRUE
Young_5_TGGCCTTTCTCGCCCA-1,Young,FAP1,0.0266701997127692,1.79175946922806,-6.29029867358494,5.63265373543597,TRUE,TRUE
Young_5_TAGCGGCTCTTGATGA-1,Young,FAP1,0.0266702225792654,2.39789527279837,-6.41911289401341,5.47294857338763,TRUE,TRUE
Young_5_GATAAAGGTGCTCCGT-1,Young,FAP1,0.0266702454457617,0,-6.34492323108006,5.6347103340993,TRUE,TRUE
Young_5_CTAACCACATGGTTAT-1,Young,FAP1,0.0266702683122579,0,-6.33060047335911,5.54933454827167,TRUE,TRUE
Young_5_CCTGATGAGGTGAAGC-1,Young,FAP1,0.0266702911787542,0,-6.39881059832859,5.47214176491595,TRUE,TRUE
Young_5_AGTTTGCAGACTCGCA-1,Young,FAP1,0.0266703140452504,0,-6.40575573153782,5.54821493462421,TRUE,TRUE
Young_3_TTTGGTGCACATGCTA-1,Young,FAP1,0.0266703369117467,0,-6.33695146746922,5.57701685265399,TRUE,TRUE
Young_3_TATTAGCCAGTCTAGC-1,Young,FAP1,0.0266703597782429,0.693147180559945,-6.33115026660252,5.56122209862567,TRUE,TRUE
Young_3_GTCTTTGTCGCTAGAT-1,Young,FAP1,0.0266703826447392,1.79175946922806,-6.27346393771458,5.63186790779926,TRUE,TRUE
Young_3_GGCTAGACATTAAACC-1,Young,FAP1,0.0266704055112355,0,-6.31199953265476,5.47703506783344,TRUE,TRUE
Young_3_GCTCATTGTGAATCGC-1,Young,FAP1,0.0266704283777317,1.38629436111989,-6.38384029574681,5.55711653069354,TRUE,TRUE
Young_3_CTCTAGCTCGCTCCAT-1,Young,FAP1,0.026670451244228,0,-6.38824817843724,5.54080488518573,TRUE,TRUE
Young_3_CTAGTAGGTCACACCC-1,Young,FAP1,0.0266704741107242,0,-6.3029134006052,5.50124361351825,TRUE,TRUE
Young_3_CCTGAGTCAGGCTAAG-1,Young,FAP1,0.0266704969772205,1.09861228866811,-6.27196380801487,5.54436828926898,TRUE,TRUE
Young_3_ACGGTTAGTTATCGAG-1,Young,FAP1,0.0266705198437167,2.19722457733622,-6.21498605914402,5.54903366402484,TRUE,TRUE
Young_3_AAGGATCCAATATAGG-1,Young,FAP1,0.026670542710213,1.09861228866811,-6.42424461550999,5.49072077111102,TRUE,TRUE
Young_3_AAACCGAAGACTATTG-1,Young,FAP1,0.0266705655767092,0,-6.42612144656468,5.46647360161639,TRUE,TRUE
Young_2_TTTGACCGTGTCCAAA-1,Young,FAP1,0.0266705884432055,0,-6.32229873843479,5.50948097542621,TRUE,TRUE
Young_2_TGACTTCGTATACTGG-1,Young,FAP1,0.0266706113097017,0,-6.26016494937229,5.46156456307269,TRUE,TRUE
Young_2_TACGCTTGTCATGAGC-1,Young,FAP1,0.026670634176198,0,-6.21821758456516,5.52915670708514,TRUE,TRUE
Young_2_CTACAACAGGCCTTAG-1,Young,FAP1,0.0266706570426942,0,-6.41795513339329,5.53164532021381,TRUE,TRUE
Young_2_AGGATGCAGGAACCGG-1,Young,FAP1,0.0266706799091905,0,-6.34265682406712,5.523643515862,TRUE,TRUE
Young_1_CTATAACCAACACTTG-1,Young,FAP1,0.0266707027756867,0,-6.39544889636326,5.41975500420428,TRUE,TRUE
Young_1_CGCATATAGTATGTGC-1,Young,FAP1,0.026670725642183,0,-6.35822126574803,5.52733232811786,TRUE,TRUE
Young_1_CATCGCTTCCTTGTTG-1,Young,FAP1,0.0266707485086792,0,-6.40299389071751,5.46497824028827,TRUE,TRUE
Young_1_CACTTTGTCATTGACA-1,Young,FAP1,0.0266707713751755,0,-6.36124727435398,5.57304909066058,TRUE,TRUE
Young_1_AGGGTTGCAACACCTA-1,Young,FAP1,0.0266707942416717,0,-6.3311550349741,5.47791292504169,TRUE,TRUE
Young_1_ACCTTGCTCTTAGCCC-1,Young,FAP1,0.026670817108168,0.693147180559945,-6.37991497226048,5.47472240761615,TRUE,TRUE
Young_1_AATTTGCCATTAAGTC-1,Young,FAP1,0.0266708399746642,0.693147180559945,-6.35345575518894,5.59689047173358,TRUE,TRUE
Young_5_GTTAAGCTCATTACTC-1,Young,FAP1,0.0268241833413194,1.6094379124341,-5.79758236117649,5.41387226418353,TRUE,TRUE
Young_1_CAGGCTGGTTAACGGC-1,Young,FAP1,0.0268397002821432,0,-6.35937711901951,5.64983990029193,TRUE,TRUE
Young_3_TCTAGCCTCCTCCTAA-1,Young,FAP1,0.0268827792404487,1.09861228866811,-6.23131010241795,4.10219361618854,TRUE,TRUE
Young_5_CGGGCTTAGGCTAAGA-1,Young,FAP1,0.0269213493111087,0.693147180559945,-6.18281242556858,5.39851906136371,TRUE,TRUE
Young_5_TCAGCGATCGTAATCA-1,Young,FAP1,0.0269857584593056,0,-7.16730663485813,1.48908271626331,TRUE,TRUE
Young_3_ATGCATTCACCGGTAT-1,Young,FAP1,0.0270115880214128,0,-6.38399288363743,5.6031317932973,TRUE,TRUE
Young_5_CAATGTCAGACAGGCG-1,Young,FAP1,0.0271363316051912,0,-6.91261598773289,0.862442754066955,TRUE,TRUE
Young_1_GCCTTAACAGGGAGCT-1,Young,FAP1,0.0272177138521785,0,-5.64982101626683,5.81453659371234,TRUE,TRUE
Young_5_TTTGTGAAGCATGGTT-1,Young,FAP1,0.0273593474668543,0,-8.09117433734226,0.363508224345218,TRUE,TRUE
Young_3_CGTATTGCAAAGCTAA-1,Young,FAP1,0.0273622423234627,0,-6.17824814029026,4.97857286766864,TRUE,TRUE
Young_1_GGTAATTGTTGTCATC-1,Young,FAP1,0.0273870134506198,0,-8.61124441333103,1.84874584511615,TRUE,TRUE
Young_3_ACGTTGTAGTAGAGGC-1,Young,FAP1,0.027387036317116,0,-8.51494428820896,1.79167809323169,TRUE,TRUE
Young_3_AGCTAACTCTAGCGAT-1,Young,FAP1,0.0273870591836123,0,-8.3508722514658,1.80998267964221,TRUE,TRUE
Young_3_ATATGTCCAACCGCCA-1,Young,FAP1,0.0273870820501085,0,-8.42583009906101,1.654383085526,TRUE,TRUE
Young_3_CTCATTGTCGTTCACC-1,Young,FAP1,0.0273871049166048,0,-8.38899347491551,1.76417996720172,TRUE,TRUE
Young_3_CTTGAATCAGGAATCG-1,Young,FAP1,0.027387127783101,0,-8.45621034808445,1.71901979283191,TRUE,TRUE
Young_3_GTGAGCGAGTGTTGCG-1,Young,FAP1,0.0273871506495973,0,-8.3210699290781,1.71197428540088,TRUE,TRUE
Young_4_AAGACATAGGTAGCTT-1,Young,FAP1,0.0273871735160935,0,-8.43350526995945,1.65234544113971,TRUE,TRUE
Young_4_AAGCGCTGTAGCCTCC-1,Young,FAP1,0.0273871963825898,0,-8.34676191516209,1.7018102629552,TRUE,TRUE
Young_4_ATGACTCAGAGCCGCT-1,Young,FAP1,0.0273872192490861,0,-8.32965681262303,1.71929075554706,TRUE,TRUE
Young_4_ATGCAGGCAGGCTACT-1,Young,FAP1,0.0273872421155823,0,-8.30794355578709,1.73430003956653,TRUE,TRUE
Young_4_CAGGTTTAGCGCAATT-1,Young,FAP1,0.0273872649820786,0.693147180559945,-8.50524446673679,1.9031259043584,TRUE,TRUE
Young_4_CCCAGCACATCCATCT-1,Young,FAP1,0.0273872878485748,0.693147180559945,-8.46295473285008,1.77797546223499,TRUE,TRUE
Young_4_CTTGGACCAGGTTTGC-1,Young,FAP1,0.0273873107150711,1.38629436111989,-8.45461771197605,1.57442333535052,TRUE,TRUE
Young_4_GAGTCATTCTATTGTC-1,Young,FAP1,0.0273873335815673,0,-8.28994104571629,1.77617993191577,TRUE,TRUE
Young_4_GGAAGTATCAATACGC-1,Young,FAP1,0.0273873564480636,0,-8.54450628466892,1.80782332257129,TRUE,TRUE
Young_4_TACAACATCATGAGCT-1,Young,FAP1,0.0273873793145598,0,-8.42532083697605,1.78123142556049,TRUE,TRUE
Young_4_TACGCTTGTTGGTTGA-1,Young,FAP1,0.0273874021810561,0,-8.41618749804783,1.66534688309528,TRUE,TRUE
Young_4_TGCTAGCCATCGTTCT-1,Young,FAP1,0.0273874250475523,0,-8.30549547381687,1.7617342694173,TRUE,TRUE
Young_5_CATGCGCAGCGCCTTT-1,Young,FAP1,0.0273874479140486,0.693147180559945,-8.50637075610447,1.83534827069141,TRUE,TRUE
Young_5_GCGCTTGCAGTTAGCC-1,Young,FAP1,0.0273874707805448,1.09861228866811,-8.36495420642185,1.74484398201801,TRUE,TRUE
Young_5_AGGTCATTCCGGTTAG-1,Young,FAP1,0.0273881796805864,0.693147180559945,-7.17396375842381,1.49586107567645,TRUE,TRUE
Young_5_AGTAGCTTCTATTGTC-1,Young,FAP1,0.0274313940453276,0,-7.80182382769871,0.271416012055647,TRUE,TRUE
Young_3_TCTCCTCGTGCTTACT-1,Young,FAP1,0.0275260181743939,0,-6.46714470095921,2.84794285134174,TRUE,TRUE
Young_5_TGTTGGCCAGTTTCTC-1,Young,FAP1,0.0275516857313249,0.693147180559945,-8.74174234576512,1.25574775770999,TRUE,TRUE
Young_5_GGGTTACGTTGTCATC-1,Young,FAP1,0.0275563818955125,0.693147180559945,-7.3106734485178,1.57312168911792,TRUE,TRUE
Young_3_CACCTCAGTGTCACGG-1,Young,FAP1,0.0275826417971556,0,-6.22455522723484,4.96367075280048,TRUE,TRUE
Young_3_CCGCAAGGTTATCGAG-1,Young,FAP1,0.0276055154678758,0,-7.42433759875584,5.65206100777484,TRUE,TRUE
Young_1_AGCCGGTTCGCAGGCT-1,Young,FAP1,0.0276237610824887,0.693147180559945,-8.29372427172947,0.430708102739822,TRUE,TRUE
Young_2_GTCCAAGTCTCCATGC-1,Young,FAP1,0.027722527785936,0,-6.53996011920262,1.14197828606464,TRUE,TRUE
Young_3_AATAACCGTAGCTAAT-1,Young,FAP1,0.0277731387170963,0.693147180559945,-6.00408384509373,5.63780405358173,TRUE,TRUE
Young_1_CGTGTGTCACTATGGC-1,Young,FAP1,0.0277789339336136,0,-6.26068184085179,5.38526966408588,TRUE,TRUE
Young_1_CTGCAATAGTGAGGTA-1,Young,FAP1,0.0278093329121569,0,-7.0410406322031,5.3155079110036,TRUE,TRUE
Young_4_TTGCGTCTCCTTGCGT-1,Young,FAP1,0.0278096575817852,0,-7.86805460162449,1.32548620537616,TRUE,TRUE
Young_3_CTCACTCAGCCTAATA-1,Young,FAP3,0.0278321642098422,0,-8.20097086139012,3.70070888832904,FALSE,TRUE
Young_1_ATGCATTCATTGCAGC-1,Young,FAP1,0.0279770444998442,1.09861228866811,-6.43353960223484,3.80859162644244,TRUE,TRUE
Young_1_CTTAACAAGGAAGCAC-1,Young,FAP1,0.0279770673663404,0,-6.28327438540745,3.7689933998952,TRUE,TRUE
Young_1_GTTAACCAGCATGAAG-1,Young,FAP1,0.0279770902328367,0,-6.25850317187596,3.65050723389484,TRUE,TRUE
Young_1_GTTTCTAGTGGTTATG-1,Young,FAP1,0.0279771130993329,0,-6.27968427844334,3.68306066826678,TRUE,TRUE
Young_2_ACCCTCCCAGCCTTGG-1,Young,FAP1,0.0279771359658292,0,-6.41946384616184,3.79129912690021,TRUE,TRUE
Young_2_ACGCCTAAGCATTAGC-1,Young,FAP1,0.0279771588323254,0.693147180559945,-6.24659893222141,3.63840701416827,TRUE,TRUE
Young_2_AGCGTGCTCTCTAGCC-1,Young,FAP1,0.0279771816988217,0.693147180559945,-6.20176527209568,3.67535879448749,TRUE,TRUE
Young_2_GGTCATTAGCAGGTTT-1,Young,FAP1,0.0279772045653179,0,-6.19421169467259,3.59898927048541,TRUE,TRUE
Young_2_GTATTGATCCTCCTAA-1,Young,FAP1,0.0279772274318142,1.38629436111989,-6.21273109622288,3.61949708298541,TRUE,TRUE
Young_3_ACCATAATCCAACTGG-1,Young,FAP1,0.0279772502983104,1.6094379124341,-6.34574863620091,3.79220249489642,TRUE,TRUE
Young_3_ATAGCATGTTTGAGCA-1,Young,FAP1,0.0279772731648067,0,-6.3051688403635,3.76605894402362,TRUE,TRUE
Young_5_AACTGTTCAAACTGCC-1,Young,FAP1,0.0279772960313029,1.09861228866811,-6.35870668597508,3.79373695687152,TRUE,TRUE
Young_5_CTCTATGTCGGTTCCT-1,Young,FAP1,0.0279773188977992,0.693147180559945,-6.21136543460179,3.60015489891864,TRUE,TRUE
Young_5_GATTGGTTCTGCAAGT-1,Young,FAP1,0.0279773417642955,0,-6.33510324664402,3.80816151932574,TRUE,TRUE
Young_5_GGATTCAGTTAGGCTA-1,Young,FAP1,0.0279773646307917,0.693147180559945,-6.21428987689305,3.74642541245319,TRUE,TRUE
Young_5_GTTTCTAGTCGAAGTC-1,Young,FAP1,0.027977387497288,0,-6.23359653659153,3.78104259804584,TRUE,TRUE
Young_5_TTCAGCACACCAAAGG-1,Young,FAP1,0.0279774103637842,0,-6.43869039721775,3.80862834290363,TRUE,TRUE
Young_5_GTTCTCATCTTGGATA-1,Young,FAP1,0.028006764052471,0,-6.14085981555271,1.34913124874927,TRUE,TRUE
Young_3_GTTGGAGCAGGCGAGT-1,Young,FAP1,0.0281361611509761,1.09861228866811,-6.09213707156468,5.82748033837177,TRUE,TRUE
Young_3_CATTGTGCACTGACCG-1,Young,FAP1,0.028208358445416,0,-7.94638082690525,0.54138953224517,TRUE,TRUE
Young_3_GTAAGCTTCCCTCTAA-1,Young,FAP1,0.0282294734345824,0,-7.28608581729222,0.558335445679199,TRUE,TRUE
Young_1_GTACAATGTGATGATT-1,Young,FAP1,0.0283190716151251,0,-5.65739986605931,5.79229643181659,TRUE,TRUE
Young_3_TGATTGCAGTAGGATG-1,Young,FAP3,0.0283535382161735,1.38629436111989,-8.1000177592783,4.01380541161395,FALSE,TRUE
Young_3_GCCTCAAAGGAGGGTT-1,Young,FAP1,0.0283683317188895,1.38629436111989,-7.9421112269907,0.542501680410873,TRUE,TRUE
Young_1_ATAGGTACAGGCATGA-1,Young,FAP1,0.0284419555637641,0.693147180559945,-7.166854116395,3.73435761765338,TRUE,TRUE
Young_3_TACTAAGTCCTAGTAA-1,Young,FAP1,0.0285588078607661,0,-6.42270633883763,6.02027036980487,TRUE,TRUE
Young_4_TCATGAGGTTAGAGGG-1,Young,FAP1,0.0286181077362955,0,-8.56485674090672,1.49759998158313,TRUE,TRUE
Young_5_TCCTTAGTCACCGGTA-1,Young,FAP1,0.0286257142884518,0,-7.99136850543308,1.91789820031024,TRUE,TRUE
Young_1_CCAGGATGTTAGAGCC-1,Young,FAP1,0.0286984300424775,0,-5.82731601901341,5.57993080452777,TRUE,TRUE
Young_2_CTTCTCAAGGTAAGCA-1,Young,FAP1,0.0287625750246907,0,-7.96904012866307,0.405041962719929,TRUE,TRUE
Young_5_TGATTAGTCATGCAAC-1,Young,FAP1,0.0287678146536701,0.693147180559945,-6.81018993563938,2.71022679642535,TRUE,TRUE
Young_1_AATTGTGTCATTAGTG-1,Young,FAP1,0.0288775872422082,0.693147180559945,-5.65631506152439,1.97961976364947,TRUE,TRUE
Young_1_ACACCTTGTGTGCACG-1,Young,FAP1,0.0288776101087045,0.693147180559945,-5.8631055087595,2.12596847847797,TRUE,TRUE
Young_1_ACGGTTAGTGATTACG-1,Young,FAP1,0.0288776329752007,0,-5.67643139071751,2.01904775933124,TRUE,TRUE
Young_1_AGCGGATAGTTAGACC-1,Young,FAP1,0.028877655841697,0,-5.77584097094822,1.77599229649402,TRUE,TRUE
Young_1_ATCGCCCGTAGCTGGT-1,Young,FAP1,0.0288776787081932,0,-5.5858313769846,1.60755672291614,TRUE,TRUE
Young_1_CGTTAGTAGGAACACA-1,Young,FAP1,0.0288777015746895,0,-5.63497755236912,1.62173130349017,TRUE,TRUE
Young_1_GAGTGAGGTCTATCGT-1,Young,FAP1,0.0288777244411858,0,-5.74638149447727,1.9000559075246,TRUE,TRUE
Young_1_GAGTGTTTCCTTGCAC-1,Young,FAP1,0.028877747307682,0,-5.66351625628758,1.72147264317371,TRUE,TRUE
Young_1_GCCTTTGGTTTGACCT-1,Young,FAP1,0.0288777701741783,0,-5.8930594653635,2.00117435292102,TRUE,TRUE
Young_1_GGAAGTATCTTTGACT-1,Young,FAP1,0.0288777930406745,0,-5.42291376300144,2.31611265972949,TRUE,TRUE
Young_1_GGTCAAGCATGTTGTG-1,Young,FAP1,0.0288778159071708,0,-5.63856718249607,1.59489848450519,TRUE,TRUE
Young_1_TACATCAAGCGGGCAA-1,Young,FAP1,0.028877838773667,0.693147180559945,-5.45029279895115,2.48266293839313,TRUE,TRUE
Young_1_TCACCTGGTTGCGCGA-1,Young,FAP1,0.0288778616401633,0.693147180559945,-5.42262575335789,2.52710749939777,TRUE,TRUE
Young_1_TCAGCGATCCGCAACA-1,Young,FAP1,0.0288778845066595,1.09861228866811,-5.80613729663182,2.29029967621661,TRUE,TRUE
Young_1_TCATAACCAAGTAAGC-1,Young,FAP1,0.0288779073731558,0,-5.72568962283421,1.8995938523183,TRUE,TRUE
Young_1_TCGACAAGTGCTCCAC-1,Young,FAP1,0.028877930239652,0,-5.4948079318552,2.04094233349658,TRUE,TRUE
Young_1_TGCCTGTTCAATCTAG-1,Young,FAP1,0.0288779531061483,0,-5.63658592410374,1.94605781868793,TRUE,TRUE
Young_2_ATCTATGAGGACCGCT-1,Young,FAP1,0.0288779759726445,0,-5.89072344012547,1.99866416291095,TRUE,TRUE
Young_2_CAAAGTGAGCAAACCT-1,Young,FAP1,0.0288779988391408,0,-5.67408106036473,1.80312349633075,TRUE,TRUE
Young_2_CGTGCTTTCATTACTC-1,Young,FAP1,0.028878021705637,0,-5.62313625521946,2.10720171765186,TRUE,TRUE
Young_2_CTATGAGGTGCCTCAC-1,Young,FAP1,0.0288780445721333,1.6094379124341,-5.81966945834446,2.29141177967883,TRUE,TRUE
Young_2_GTAGGAGGTATTGAGT-1,Young,FAP1,0.0288780674386295,0,-5.66199514575291,1.5551696045766,TRUE,TRUE
Young_2_GTCAATATCCAGCACA-1,Young,FAP1,0.0288780903051258,0,-5.40754625506687,2.51820304230548,TRUE,TRUE
Young_2_TAGTAAGCAATAGCCC-1,Young,FAP1,0.028878113171622,0,-5.63714334674168,1.94471587971545,TRUE,TRUE
Young_2_TTGGATATCTTGAGCG-1,Young,FAP1,0.0288781360381183,0.693147180559945,-5.75421974368382,1.92030896977283,TRUE,TRUE
Young_3_AATCTTGAGCAGGTTT-1,Young,FAP1,0.0288781589046145,0,-5.80566236682224,1.84582223728992,TRUE,TRUE
Young_3_AGGTTAGAGGTTACAC-1,Young,FAP1,0.0288781817711108,0.693147180559945,-5.56807920642185,1.73824777439929,TRUE,TRUE
Young_3_ATAGATGCAGGAACAT-1,Young,FAP1,0.028878204637607,0,-5.61544487185765,1.94366874531604,TRUE,TRUE
Young_3_CGGAATCGTTATAGCG-1,Young,FAP1,0.0288782275041033,0,-5.69519254870701,1.6586110813985,TRUE,TRUE
Young_3_CGGTGAGAGTGCTGTG-1,Young,FAP1,0.0288782503705995,0,-5.69515773959446,2.10169472531177,TRUE,TRUE
Young_3_GGCCGTTAGCTTTGTT-1,Young,FAP1,0.0288782732370958,0.693147180559945,-5.7319290370493,1.83627965287067,TRUE,TRUE
Young_3_GGGCGAATCGGGACTC-1,Young,FAP1,0.0288782961035921,0.693147180559945,-5.63492271609593,1.91952695683337,TRUE,TRUE
Young_3_GTCTAGCCAGGGAGGA-1,Young,FAP1,0.0288783189700883,0,-5.64993974871922,1.46632625893451,TRUE,TRUE
Young_3_TACTTCGTCCGCATGA-1,Young,FAP1,0.0288783418365846,0,-5.78439590640354,1.92337050274707,TRUE,TRUE
Young_3_TATAGCTCATCCTGAA-1,Young,FAP1,0.0288783647030808,0,-5.56023237414646,2.20568563774921,TRUE,TRUE
Young_3_TGCCGGTAGGGACGCA-1,Young,FAP1,0.0288783875695771,1.09861228866811,-5.69544908709812,1.7864403946767,TRUE,TRUE
Young_3_TGCTCCGTCGATTTAG-1,Young,FAP1,0.0288784104360733,0,-5.84385940738011,2.02872874573566,TRUE,TRUE
Young_5_AAAGGACGTGGACATC-1,Young,FAP1,0.0288784333025696,0.693147180559945,-5.55511781878758,2.09330465630389,TRUE,TRUE
Young_5_ACTTCGCTCGTACCGA-1,Young,FAP1,0.0288784561690658,0,-5.67708036608982,2.09027685955859,TRUE,TRUE
Young_5_AGAATCTGTCATCATC-1,Young,FAP1,0.0288784790355621,0,-5.69655964083958,2.38422515229083,TRUE,TRUE
Young_5_AGGCAGGTCCAGGAAA-1,Young,FAP1,0.0288785019020583,0,-5.56366369433689,1.76155724362231,TRUE,TRUE
Young_5_CAGGATGCAAAGCGGC-1,Young,FAP1,0.0288785247685546,0,-5.51526186175633,2.23975291088916,TRUE,TRUE
Young_5_CATCCTGGTCTCACTG-1,Young,FAP1,0.0288785476350508,0,-5.52234813876438,1.90815176800586,TRUE,TRUE
Young_5_CCTTAGTGTTCCAGGG-1,Young,FAP1,0.0288785705015471,0,-5.8030993670969,1.72844376400806,TRUE,TRUE
Young_5_CGGAGTCTCCCGAACA-1,Young,FAP1,0.0288785933680433,0.693147180559945,-5.73625251956272,2.01717760399676,TRUE,TRUE
Young_5_CGTTAACAGCACAGCC-1,Young,FAP1,0.0288786162345396,1.38629436111989,-5.70575258441258,1.54776813820697,TRUE,TRUE
Young_5_GGATTCAGTCAGTAAT-1,Young,FAP1,0.0288786391010358,0,-5.62673828311253,1.96231689289905,TRUE,TRUE
Young_5_GGGTTATTCGTTAAGC-1,Young,FAP1,0.0288786619675321,0.693147180559945,-5.71122762866307,2.18973567322589,TRUE,TRUE
Young_5_TGAAGTGAGCCAGGTC-1,Young,FAP1,0.0288786848340283,0,-5.38565942950535,2.45935633019305,TRUE,TRUE
Young_2_AAATGGCCAATCCTGA-1,Young,FAP1,0.0288792507330369,0,-7.58748027987766,4.8996029122243,TRUE,TRUE
Young_2_GCCCTCATCTTTAAGG-1,Young,FAP1,0.0288937155909412,0,-6.72812530703831,5.41736843422748,TRUE,TRUE
Young_5_GCTTAGTAGCTGTCAG-1,Young,FAP1,0.0289161192161052,0.693147180559945,-6.46727726168919,5.93230392769672,TRUE,TRUE
Young_3_GATGCATTCAATCTCT-1,Young,FAP1,0.0289164134219933,0,-5.91597196765232,5.91611816719867,TRUE,TRUE
Young_1_GGTCGGTTCGTTTCTG-1,Young,FAP3,0.0289458021605777,0.693147180559945,-8.24128935046482,3.55823447541095,FALSE,TRUE
Young_1_AAGTTACGTTGTCATC-1,Young,FAP1,0.0290220222684405,0,-8.64135763354588,1.3510418160329,TRUE,TRUE
Young_3_ACGACAAAGTGTTGTA-1,Young,FAP1,0.029074788710874,0.693147180559945,-5.69481584735203,5.08483888939716,TRUE,TRUE
Young_3_CCCGTTGTCTTGATGA-1,Young,FAP1,0.0293007183675664,0,-5.29483816333103,1.86145009831287,TRUE,TRUE
Young_2_TTGTGCCTCCAAACAC-1,Young,FAP1,0.0293606873603863,0.693147180559945,-7.29133913226414,0.554491020596992,TRUE,TRUE
Young_5_CGAGGAAGTTTCCACG-1,Young,FAP1,0.029489979466383,0.693147180559945,-8.78721067614842,1.23621847466327,TRUE,TRUE
Young_1_CCTAAAGGTTGCTTCG-1,Young,FAP1,0.0295163347850167,0,-5.67517444796849,4.4555168373952,TRUE,TRUE
Young_3_GCAGGACCATGTTGCA-1,Young,FAP1,0.0295509047098079,1.6094379124341,-6.38915512271214,5.60604479149677,TRUE,TRUE
Young_3_TTTAGGATCAGTTCCC-1,Young,FAP1,0.0296176390955285,0.693147180559945,-7.04296371646214,5.27857639626361,TRUE,TRUE
Young_5_TGAAGTGAGTCACCAG-1,Young,FAP1,0.0296534543445051,0,-7.93925497241307,0.584382675446045,TRUE,TRUE
Young_5_GTCATGCCATCTTGAG-1,Young,FAP1,0.0296561234028703,0.693147180559945,-5.79101249881077,5.36029436425067,TRUE,TRUE
Young_2_TTATGCGCATGAAGTA-1,Young,FAP1,0.0298502844371731,0.693147180559945,-8.85742399401951,1.18216808871127,TRUE,TRUE
Young_5_CAAGGCCTCTAATCCT-1,Young,FAP1,0.0299125173664776,0,-6.70257494159031,1.48551275566913,TRUE,TRUE
Young_4_AGAGAAGCAGAAATGC-1,Young,FAP1,0.0300106824518762,0.693147180559945,-6.23257419772434,5.22439434365131,TRUE,TRUE
Young_5_TCTTAGTTCGTTACAA-1,Young,FAP3,0.0300136696482296,0.693147180559945,-7.91778967089939,3.92737319306232,FALSE,TRUE
Young_2_CTCATGACACTATGGC-1,Young,FAP3,0.0300162833793674,0.693147180559945,-8.24882051654148,3.89144327477313,FALSE,TRUE
Young_3_TTACAGCAGGGATGAC-1,Young,FAP3,0.0300333331812341,1.79175946922806,-7.81772253222752,4.0218649132619,FALSE,TRUE
Young_1_ACCTGTTGTTGTCATC-1,Young,FAP1,0.0302156273956509,0,-6.77741119571018,1.99840178326465,TRUE,TRUE
Young_5_GGTTACCCACCTGCCT-1,Young,FAP1,0.030283052846507,0,-6.5011875361948,2.31800308064319,TRUE,TRUE
Young_3_AATTGGGAGCGGATAA-1,Young,FAP3,0.0303102273767006,0,-8.2859365672617,3.86168434456683,FALSE,TRUE
Young_5_TTGGCGGGTTTAAAGC-1,Young,FAP1,0.0303471927434167,0,-6.21583673663426,4.68041279152728,TRUE,TRUE
Young_1_TTACAGCAGGGCCATC-1,Young,FAP1,0.0303774603130691,0,-7.51597950167942,4.95780947045184,TRUE,TRUE
Young_2_CTCACAACATCCTGAA-1,Young,FAP1,0.0305028544488692,0.693147180559945,-6.12207243151951,5.00228741005756,TRUE,TRUE
Young_1_ATGGTTATCCCGCAAA-1,Young,FAP1,0.030516403790136,1.09861228866811,-6.09424469180393,4.08103658989764,TRUE,TRUE
Young_3_AATAGCTGTCCCGAAG-1,Young,FAP1,0.0306577847378153,0,-8.86684057421971,1.23255994156696,TRUE,TRUE
Young_3_GCCATTACAGGTTACC-1,Young,FAP1,0.0306980935138075,0,-5.35062286563206,2.2305139525304,TRUE,TRUE
Young_4_TTTGTTGGTCATTGAG-1,Young,FAP1,0.0308692908718564,0,-7.53931019015599,5.36653520897723,TRUE,TRUE
Young_3_GGACATAAGGAACACA-1,Young,FAP1,0.030959797980453,0.693147180559945,-7.8527672023325,3.47224500016071,TRUE,TRUE
Young_2_AGTGCGGAGTTAGCCG-1,Young,FAP1,0.0310747593169256,0,-7.57082340426731,2.42792250946857,TRUE,TRUE
Young_2_GGTACTAGTCATAGAT-1,Young,FAP1,0.0312287182354822,0,-8.88267633624363,1.21445109680988,TRUE,TRUE
Young_2_ACCCGTAAGCGAGTAA-1,Young,FAP1,0.0312712515256077,0,-7.59064838595677,0.452656484998237,TRUE,TRUE
Young_1_GCAATAGAGTATCGCG-1,Young,FAP3,0.0312717147732844,0,-8.20087072558689,3.91957547501422,FALSE,TRUE
Young_3_CGAAGTAAGGGTGAAC-1,Young,FAP1,0.0313150588119786,0,-5.7612726420908,5.96633055046893,TRUE,TRUE
Young_5_TACCCGGCACCCACCT-1,Young,FAP1,0.0313806330915138,0,-6.7113926143198,1.92965342835284,TRUE,TRUE
Young_3_TTCCTTGAGTCATTAG-1,Young,FAP1,0.0313971850190606,0,-6.90160581774998,2.60655882195331,TRUE,TRUE
Young_5_CTGTACCTCCGTTATT-1,Young,FAP1,0.0315863805171239,0,-7.81494257159519,0.205603115118515,TRUE,TRUE
Young_4_GCTGAGGAGCACTAGT-1,Young,FAP3,0.0315879571831963,0.693147180559945,-8.41289446063328,3.60701658562518,FALSE,TRUE
Young_5_TATCACGCATTGCAGC-1,Young,FAP1,0.0317666901645441,0,-8.14233133502293,1.13009824589587,TRUE,TRUE
Young_5_TTTAAGCCACAGACTC-1,Young,FAP1,0.0317680086465528,0,-8.68717405505467,1.33855798081256,TRUE,TRUE
Young_5_AGCAGGTAGCTCCTAC-1,Young,FAP1,0.0319316743828418,1.09861228866811,-8.30708048053074,0.851414225853454,TRUE,TRUE
Young_5_CCTATTTAGAATGACG-1,Young,FAP1,0.0320016373386434,0.693147180559945,-6.62006303973484,5.46072103813983,TRUE,TRUE
Young_1_CGTTAAATCAATTGGC-1,Young,FAP1,0.0320847437039848,0,-7.04513141818333,5.38211252526141,TRUE,TRUE
Young_2_ATCGCTTGTAAAGCAA-1,Young,FAP1,0.0321118206943312,0,-7.57668087191868,0.220369145132076,TRUE,TRUE
Young_2_CTGTTAAAGATGGAGC-1,Young,FAP1,0.0321513548966923,0.693147180559945,-6.21234819598484,5.62256624535419,TRUE,TRUE
Young_3_TACCCGGCAAAGGTAC-1,Young,FAP1,0.0321635068305239,1.09861228866811,-8.03824541278172,4.79194118813373,TRUE,TRUE
Young_3_TGCTTAAAGAATCGCT-1,Young,FAP1,0.0321890016932267,0,-5.38083002276707,3.13511683777667,TRUE,TRUE
Young_1_ATGGCTAGTCTCAGCC-1,Young,FAP1,0.0322315491379896,0,-5.4294011325388,5.17174722985126,TRUE,TRUE
Young_1_ACTCGCGCATCCATCT-1,Young,FAP1,0.0322470639265484,0,-7.56886264987278,6.60838463143207,TRUE,TRUE
Young_5_GATTAGTGTCATTGAG-1,Young,FAP1,0.0322746087021888,0,-7.04096243090916,1.37310387925006,TRUE,TRUE
Young_1_GAAAGGCTCCTCATGC-1,Young,FAP1,0.0323526665088334,0.693147180559945,-8.70322439379978,1.33076056078769,TRUE,TRUE
Young_2_CGATCCTTCATGGCCA-1,Young,FAP2,0.0323580868277515,0,-8.8622944087534,1.22084142998553,FALSE,TRUE
Young_5_CTCCATCAGTTCCCAC-1,Young,FAP1,0.0324084618416167,0,-5.58233854480076,3.02195432022906,TRUE,TRUE
Young_5_GCCCGTTGTCAATAGT-1,Young,FAP1,0.0324909328540546,0,-6.8930709094553,2.62681510285236,TRUE,TRUE
Young_5_CTTTGAGCAGGCTTCG-1,Young,FAP1,0.0325536433301625,0,-6.54975435443211,4.74750521019794,TRUE,TRUE
Young_1_AATTGTGTCAGGCTAT-1,Young,FAP1,0.032584959364367,1.09861228866811,-5.37678501315403,2.11036970452167,TRUE,TRUE
Young_2_AGTAAACAGCTATTAG-1,Young,FAP1,0.0326473729070029,0,-6.90193817324925,2.61598040894366,TRUE,TRUE
Young_2_CCCGCTTCAGCCAGTT-1,Young,FAP1,0.0326723194823959,0,-6.64749262042332,5.45224478081561,TRUE,TRUE
Young_5_GTAGGCGAGCTTCTCA-1,Young,FAP1,0.0327317752295978,1.38629436111989,-7.50253984637547,0.707819484032165,TRUE,TRUE
Young_3_TCTCAATTCAGGGCCT-1,Young,FAP1,0.0327375482251764,1.09861228866811,-6.55134460635472,5.75040724114276,TRUE,TRUE
Young_5_CGAGGAAGTCAATAGT-1,Young,FAP3,0.0327542760607442,0,-8.19282552905369,3.73787762955524,FALSE,TRUE
Young_1_ACTTGAATCCTGGTCT-1,Young,FAP1,0.0328269147064662,0,-7.58834001727391,4.91919138268329,TRUE,TRUE
Young_1_GTATTGTCATTGGGAG-1,Young,FAP3,0.0328324208741919,0,-8.79310056872654,4.28863408402301,FALSE,TRUE
Young_1_GGTACTTAGCCTGGTA-1,Young,FAP1,0.0329447783611403,0,-8.75178930468846,1.30573030547,TRUE,TRUE
Young_3_GGCCTAATCGAAGCGG-1,Young,FAP1,0.0329542022664674,0,-8.40273115344334,0.876371286667358,TRUE,TRUE
Young_5_CCAACATAGGCCTAAT-1,Young,FAP1,0.0330982437141181,0,-7.37140724368382,5.74970962838031,TRUE,TRUE
Young_2_ACGTTACAGCCTTAAA-1,Young,FAP1,0.0331130462864462,0,-6.41980621524143,1.62946393326617,TRUE,TRUE
Young_3_TAATCACCAATATACC-1,Young,FAP1,0.0331336330753766,0,-8.65363619036961,1.37832989529468,TRUE,TRUE
Young_2_CCTACTGGTTGTCATC-1,Young,FAP2,0.033165264080087,1.09861228866811,-9.28412744708347,4.77431967095233,FALSE,TRUE
Young_5_ACCGCAATCGATTCTT-1,Young,FAP1,0.0332900289342382,0.693147180559945,-7.57028362460423,5.28216698006488,TRUE,TRUE
Young_5_AGGTTTATCCTTAGGG-1,Young,FAP1,0.0332910475504864,0.693147180559945,-7.94401476092625,1.42148878411151,TRUE,TRUE
Young_3_GAGGTGAGTAGGTTGC-1,Young,FAP1,0.0333386033760608,0,-6.43406793780613,5.53846027687885,TRUE,TRUE
Young_5_CTTCTCAAGCTGGAAA-1,Young,FAP1,0.0333492888899831,1.09861228866811,-8.47095510669041,1.53132381275989,TRUE,TRUE
Young_3_GTGAGCGAGTTAGTGC-1,Young,FAP1,0.0334023338892679,0.693147180559945,-6.36043665118504,5.68110802010394,TRUE,TRUE
Young_5_CCCTCAGTCCGCCTCA-1,Young,FAP1,0.0334102876933904,0,-7.8447048396616,0.565609685934555,TRUE,TRUE
Young_1_TTCGTGCTCAACCAAC-1,Young,FAP1,0.0334251393777896,0.693147180559945,-7.53169748492527,5.37204744652606,TRUE,TRUE
Young_1_GGATTATGTATTACCC-1,Young,FAP1,0.0334425943717998,0,-5.50048849292088,3.06458332375385,TRUE,TRUE
Young_5_CCTACTTCACATGCTA-1,Young,FAP1,0.0334971700157389,0,-6.78143617816258,4.90177347496845,TRUE,TRUE
Young_5_GGTGCTGGTTAGGCTA-1,Young,FAP1,0.0335198084038648,0,-5.79242870517063,5.34856893853046,TRUE,TRUE
Young_1_CCTGGATCACCTAATG-1,Young,FAP1,0.0335244082913722,0,-7.04700967974949,5.23550655678607,TRUE,TRUE
Young_4_TTAGCTGCAATAATGG-1,Young,FAP1,0.0336545089959279,1.38629436111989,-8.11454698748875,2.00690152481891,TRUE,TRUE
Young_2_CCAGTTTGTGATGAAA-1,Young,FAP1,0.0337049982055921,0,-6.80995294757176,2.29138090447284,TRUE,TRUE
Young_1_GCTTAGTAGCCTGTTC-1,Young,FAP1,0.0337782008826538,0.693147180559945,-8.16319296069431,0.593505732573044,TRUE,TRUE
Young_3_ATTGCAGGTCATGCCC-1,Young,FAP1,0.0338162335801853,0,-5.91283294863987,5.90873339012958,TRUE,TRUE
Young_3_CACAGGCTCGAAGCGG-1,Young,FAP3,0.033816273734133,1.09861228866811,-8.36051199145603,2.85182859734393,FALSE,TRUE
Young_1_TAGTAAGCAAGTGTCC-1,Young,FAP1,0.0338739701820292,0,-5.89137479968357,3.06847932175494,TRUE,TRUE
Young_5_GTACACCCATAATGAG-1,Young,FAP1,0.0338856681279989,0,-6.33333656497288,5.7359442932973,TRUE,TRUE
Young_5_TGAGCTTAGGACCTCA-1,Young,FAP3,0.0339059991962492,0,-8.23697206683445,3.87581827477313,FALSE,TRUE
Young_5_AATTAGCGTGCTTAGA-1,Young,FAP1,0.0339841843738018,0.693147180559945,-6.48347637362766,4.9309659226308,TRUE,TRUE
Young_1_TACCTCATCTGTTGCC-1,Young,FAP1,0.0340028107041839,0,-6.52503034777928,4.81141855553485,TRUE,TRUE
Young_2_AAGGCCCTCCAGGTCA-1,Young,FAP1,0.0341772206337267,0.693147180559945,-7.7801410884409,0.505806214965355,TRUE,TRUE
Young_1_TTGCAATCATTGTGGC-1,Young,FAP1,0.034195680608434,0,-5.67841455645848,5.74604465798236,TRUE,TRUE
Young_2_CCCAAATAGCTAAAGG-1,Young,FAP1,0.0342501719256658,0,-6.0997302264719,6.28776695565082,TRUE,TRUE
Young_2_GTCTAGCCACCAAAGG-1,Young,FAP1,0.034293286377185,0,-7.25330326266575,5.40317823723651,TRUE,TRUE
Young_1_GGTGAGTAGAAGGTGC-1,Young,FAP3,0.0343681539892904,0,-8.79822847552586,4.02272226647235,FALSE,TRUE
Young_1_AATTAGGCACCTAAGC-1,Young,FAP1,0.0343795859124869,0,-5.84333917804051,5.93218042687274,TRUE,TRUE
Young_3_CATGCATAGTAGCTTA-1,Young,FAP1,0.0344667409206476,1.09861228866811,-6.77025625415135,2.80959560707904,TRUE,TRUE
Young_3_CGCCTGTGTGCTCCAC-1,Young,FAP1,0.0345567028082128,1.38629436111989,-6.49695179171849,5.84630968407489,TRUE,TRUE
Young_2_CAGAACCGTCAATACG-1,Young,FAP1,0.0346747714194988,1.6094379124341,-6.43775388903904,5.96013595894672,TRUE,TRUE
Young_3_TTTGCATTCCCGAAGC-1,Young,FAP1,0.0348509627487239,0,-6.50241491504002,5.83425619438983,TRUE,TRUE
Young_3_CAATGAACAGTAGCCT-1,Young,FAP1,0.0349624261471924,0.693147180559945,-5.89446804232884,2.84009387329913,TRUE,TRUE
Young_5_GCTAGTGTCAGGAAGC-1,Young,FAP1,0.0351284562548423,0,-7.89593336291599,0.783154390610229,TRUE,TRUE
Young_2_CAACAGGCATCACTTC-1,Young,FAP1,0.035147248185301,0.693147180559945,-6.02227422900486,5.27599956826068,TRUE,TRUE
Young_5_GTCATGCCAATGCGCT-1,Young,FAP1,0.0352251715126496,0,-7.20219728656101,0.750038884438049,TRUE,TRUE
Young_5_CAATGCCCAAGGCCAA-1,Young,FAP1,0.035229880882828,0.693147180559945,-8.30345270343113,0.842198572910797,TRUE,TRUE
Young_2_TTGGCTGAGGGACCTC-1,Young,FAP1,0.0352608000729346,1.79175946922806,-6.15168020434666,3.72136523560382,TRUE,TRUE
Young_2_GTGTAACTCAAGACTC-1,Young,FAP1,0.0352840266821106,0,-5.81130191989231,5.45098450020648,TRUE,TRUE
Young_5_GGATGAATCATTGACA-1,Young,FAP1,0.0356205113591583,0,-5.80548546023655,5.67102196053363,TRUE,TRUE
Young_5_GGTTCTTGTCAAAGAA-1,Young,FAP1,0.0356212565184735,0.693147180559945,-6.86681482501316,1.65938761071063,TRUE,TRUE
Young_3_ATTGACTCAATTGACT-1,Young,FAP1,0.0356219721418007,1.38629436111989,-6.48727390475559,5.85960867241718,TRUE,TRUE
Young_5_TACCTTAGTACGTTTC-1,Young,FAP3,0.03562349831371,0,-8.15736791796971,3.92483475045062,FALSE,TRUE
Young_3_CATAACGGTCATCCTG-1,Young,FAP1,0.0356442340143275,0,-6.85319444842625,2.70600011185504,TRUE,TRUE
Young_5_CTACTAAAGGAGGGTT-1,Young,FAP1,0.0356731122731051,0,-6.81839534945774,2.7535965664754,TRUE,TRUE
Young_5_AGAACCGCATTGCGAC-1,Young,FAP1,0.0356780108165485,0,-7.80778333850193,0.300196640051376,TRUE,TRUE
Young_3_CTATGAGGTAATGGAA-1,Young,FAP1,0.0357573120803751,0,-7.04939577288914,5.18603660897113,TRUE,TRUE
Young_5_TCATGCCTCTTGCAGG-1,Young,FAP1,0.0360978575509567,0,-5.33358690448094,2.27027776078082,TRUE,TRUE
Young_4_AATCATCCACAGGAAT-1,Young,FAP1,0.0361221989859502,0,-6.90837022967625,2.63466956452228,TRUE,TRUE
Young_3_TTTCTTGCAGGTTCAC-1,Young,FAP1,0.0362183541748262,0.693147180559945,-7.57058784671116,4.9490905030141,TRUE,TRUE
Young_2_GGCTATTAGTTTGCGG-1,Young,FAP1,0.0363186273832989,0,-7.9180223674326,0.782491944588196,TRUE,TRUE
Young_1_CGCTAATAGCTATTAG-1,Young,FAP1,0.0363256632768252,0,-6.55300209231663,5.72898819283344,TRUE,TRUE
Young_3_GATTCCTGTTAACACG-1,Young,FAP1,0.0363463574180383,0,-7.34050867266941,0.499777190245163,TRUE,TRUE
Young_2_AGCTATATCATTGTCT-1,Young,FAP1,0.03639581072806,0,-6.03182432360935,1.22904559210635,TRUE,TRUE
Young_4_GCTTACCTCGGTCATG-1,Young,FAP1,0.036425410823918,0,-7.5441620082407,0.512680463350784,TRUE,TRUE
Young_5_AAGCATGAGTTATGGC-1,Young,FAP1,0.0365061355261132,0,-6.67688677020359,5.44855692223407,TRUE,TRUE
Young_1_TAACCTAAGGCTACAT-1,Young,FAP1,0.036690399612889,0,-7.58948251910496,0.55226626232959,TRUE,TRUE
Young_5_GCCGTGAGTTAAGCCA-1,Young,FAP1,0.0367745274954092,0,-7.81607553668308,0.244480907774936,TRUE,TRUE
Young_2_GTTAAGCTCCTACCTA-1,Young,FAP1,0.0368511196867143,0,-5.53847047992039,4.51248171166278,TRUE,TRUE
Young_3_TAGCGCGGTACCCACC-1,Young,FAP1,0.036893362376901,1.38629436111989,-6.9104482860117,2.63793160752155,TRUE,TRUE
Young_5_AGGTAACCAAATATCC-1,Young,FAP1,0.0369488317562103,0,-5.82977363772679,5.55154325798846,TRUE,TRUE
Young_5_GGAACTAAGGCTGGCT-1,Young,FAP1,0.0369746835111116,1.09861228866811,-6.36747572131443,6.08430340126849,TRUE,TRUE
Young_3_TGTGTGAGTTTACTTG-1,Young,FAP1,0.0371852798193473,1.38629436111989,-5.64205906100559,5.89790870980121,TRUE,TRUE
Young_5_TGAGCTTAGTTACTTC-1,Young,FAP1,0.037241790955175,0,-7.38591263003636,2.63320948914386,TRUE,TRUE
Young_1_GTCCTAGAGCACTAAC-1,Young,FAP1,0.0373550270960648,0,-5.89503023333836,5.9088597519765,TRUE,TRUE
Young_4_GATGCGACAATTGACT-1,Young,FAP1,0.0374047022172794,1.09861228866811,-7.49721452899266,2.54413368538715,TRUE,TRUE
Young_2_ACTTTGTTCTTAGCGG-1,Young,FAP1,0.0374067889029357,0.693147180559945,-6.04998752780247,3.91085698441364,TRUE,TRUE
Young_3_GTAAGCGCACTCGCTC-1,Young,FAP3,0.0374669714346876,0,-8.27633688159275,2.57989265755511,FALSE,TRUE
Young_5_GTCAATATCCAAGTTA-1,Young,FAP1,0.0375276587001223,0.693147180559945,-6.82915947146702,3.64249112442828,TRUE,TRUE
Young_3_GGAAGCTAGTCAGTAC-1,Young,FAP1,0.0375309664739565,1.09861228866811,-8.2587787837534,0.59934871629573,TRUE,TRUE
Young_1_ACCCAACCAGGATTAA-1,Young,FAP1,0.0375687865404331,0,-5.99165985293675,5.42187025383807,TRUE,TRUE
Young_3_CTTGCGCGTATTTGGG-1,Young,FAP3,0.0376274759243032,1.09861228866811,-7.86279222674656,3.3826408608327,FALSE,TRUE
Young_1_AAGCAAGTCATGTTTC-1,Young,FAP3,0.0377763865635159,0,-8.40465089984226,3.6326797230611,FALSE,TRUE
Young_1_AGGTCTTAGACTAAGG-1,Young,FAP3,0.0377764094300122,0,-8.27251074023533,3.74994947747089,FALSE,TRUE
Young_1_CAAGACAAGTACCGCA-1,Young,FAP3,0.0377764322965084,0,-8.22865602679539,3.64510323838092,FALSE,TRUE
Young_2_GCTTAAATCGATTTGA-1,Young,FAP3,0.0377764551630047,1.38629436111989,-8.26879999347019,3.58101370171405,FALSE,TRUE
Young_2_GGCCGTTAGTCAATCA-1,Young,FAP3,0.0377764780295009,0.693147180559945,-8.24516699023533,3.63255622223712,FALSE,TRUE
Young_3_GCTATTGCAGGTTCAC-1,Young,FAP3,0.0377765008959972,0.693147180559945,-8.28982279010105,3.61613657311298,FALSE,TRUE
Young_3_TCAAGAACAAGCTTTG-1,Young,FAP3,0.0377765237624934,1.09861228866811,-8.37760183520603,3.62033154801227,FALSE,TRUE
Young_4_ATTCCGGAGTTTGGGT-1,Young,FAP1,0.0377765490469102,0,-6.15270731158543,5.00421812371112,TRUE,TRUE
Young_4_TTTGTGAAGATTGAGG-1,Young,FAP1,0.0378236878682938,0,-7.62738630481053,2.44198968247272,TRUE,TRUE
Young_2_GGTACAAAGACTTACA-1,Young,FAP1,0.0379258369028044,1.6094379124341,-7.99640295214939,4.68201162651874,TRUE,TRUE
Young_5_GATTGTTCACAACAAA-1,Young,FAP1,0.0379662620388563,1.09861228866811,-5.96262905307102,5.29119016960956,TRUE,TRUE
Young_5_ATTACCCGTTCACCCA-1,Young,FAP1,0.0380678112194202,0.693147180559945,-7.03115913577366,1.75116159752704,TRUE,TRUE
Young_5_GGCCAACTCATAGACC-1,Young,FAP1,0.038098104987573,1.38629436111989,-5.61863014407444,5.09583141640521,TRUE,TRUE
Young_2_ATGGCTAGTTAGTGAT-1,Young,FAP1,0.0381502965760507,0,-6.24940368838597,6.1523785813222,TRUE,TRUE
Young_1_GACTTGGTCTAATCTC-1,Young,FAP1,0.0381524932071539,0,-8.24239656634617,0.430086694515716,TRUE,TRUE
Young_2_GTTGTGAGTCTTTATG-1,Young,FAP1,0.0381537708034179,1.38629436111989,-6.44998571582127,5.91883137062885,TRUE,TRUE
Young_5_GTAAGGTCAGTTATCG-1,Young,FAP1,0.0382284864711766,0.693147180559945,-8.90667650409031,1.52504660920001,TRUE,TRUE
Young_1_GCTAGCCAGTACTGGT-1,Young,FAP3,0.0382384097682991,0.693147180559945,-8.07319757647801,3.86240770653583,FALSE,TRUE
Young_4_CAGGACCTCAGCACGC-1,Young,FAP1,0.0382515736313733,0,-7.65432140536595,2.42389085129596,TRUE,TRUE
Young_3_GTCATGAGTATTCGCT-1,Young,FAP1,0.0383680949967218,1.09861228866811,-6.95306322284031,2.59157183007098,TRUE,TRUE
Young_5_GCGGTTGGTACAAAGA-1,Young,FAP1,0.038382479358065,0,-7.84419557757664,0.557689629353058,TRUE,TRUE
Young_5_GTGCTCCGTTGGCCGA-1,Young,FAP1,0.0385581194042914,0,-7.16053888507176,2.51292540863849,TRUE,TRUE
Young_3_CATTCCTCAATTGACT-1,Young,FAP1,0.0386326369764736,0,-7.41690275378514,2.62038328484393,TRUE,TRUE
Young_2_TCGTGCTTCCGCACAA-1,Young,FAP1,0.0388526627158685,0,-7.81613752551365,0.263164408362877,TRUE,TRUE
Young_2_AGGATTGAGTCTTGAA-1,Young,FAP1,0.0389214731302721,1.09861228866811,-5.60668012805271,4.81896259621478,TRUE,TRUE
Young_5_TCACCTCAGTACTGGT-1,Young,FAP1,0.0391084902714152,0.693147180559945,-8.51253530688572,0.835561118877899,TRUE,TRUE
Young_2_CACGCTAAGCGAAGTA-1,Young,FAP1,0.0391186305150351,1.79175946922806,-6.8039800853281,5.40842535332538,TRUE,TRUE
Young_5_CCTGAGTCAGCATTAT-1,Young,FAP1,0.0391629632289412,0,-6.45288297839451,4.15229751900531,TRUE,TRUE
Young_5_CCTAAATCAAACGCGA-1,Young,FAP1,0.0391727661956729,0,-5.78991481967259,5.70967151955463,TRUE,TRUE
Young_4_CTTGTTTAGTGTGATC-1,Young,FAP1,0.0392963293897333,0,-7.3668749064951,0.466298796094429,TRUE,TRUE
Young_1_CGGACCTAGGTCATTA-1,Young,FAP1,0.0394097195855947,0.693147180559945,-6.22373840518284,5.10180952385761,TRUE,TRUE
Young_1_GATTAGTGTTCCGCAC-1,Young,FAP1,0.0397103131953473,0,-5.65018102832127,5.08208372429706,TRUE,TRUE
Young_2_AAGCTTGGTATTGAGT-1,Young,FAP1,0.0397995603338789,0,-8.29493448443699,0.763235173977386,TRUE,TRUE
Young_2_AACCTCACACCTACTT-1,Young,FAP1,0.039876717800591,0,-6.47423526950169,4.92841341332294,TRUE,TRUE
Young_5_CGTAATGGTAGTTGGC-1,Young,FAP1,0.0398802272471608,0,-7.24778721041966,5.37363769844867,TRUE,TRUE
Young_2_CCCAATTGTCATTGTC-1,Young,FAP1,0.0400446565279338,1.38629436111989,-8.38779089160252,0.90290649966098,TRUE,TRUE
Young_5_TTTAAGGTCCGCAAAT-1,Young,FAP1,0.0400871638138867,0.693147180559945,-5.81017181582737,5.41931631401874,TRUE,TRUE
Young_1_GTTTGCTGTCGCATAA-1,Young,FAP1,0.0401160135802607,0,-7.4133403033762,6.42308666542865,TRUE,TRUE
Young_3_GGAACAATCCTGATGG-1,Young,FAP1,0.0401800015924869,0,-7.38638565249729,2.65897681549884,TRUE,TRUE
Young_2_GTCATTAAGGCCTGGT-1,Young,FAP1,0.0402295407491735,0,-6.04765007205296,3.87390305832721,TRUE,TRUE
Young_5_TCCCGTTAGACAAAGT-1,Young,FAP1,0.0403000253899597,0,-6.51386139102268,5.78446819619037,TRUE,TRUE
Young_1_GAGGTGAGTACTGATG-1,Young,FAP1,0.0403028364321314,0,-7.94788191027928,0.779272667921554,TRUE,TRUE
Young_5_CTTGCATGTTGCAGTA-1,Young,FAP1,0.0404616853306443,0,-6.42392131991673,5.95749571160175,TRUE,TRUE
Young_3_GCAATGTTCGACCTGA-1,Young,FAP1,0.0405112040711568,0,-5.80244896121311,5.6556334717641,TRUE,TRUE
Young_3_TAGCCTGAGGCTAGAA-1,Young,FAP1,0.0405398589858672,0,-7.40979358859349,5.6236887200246,TRUE,TRUE
Young_5_TAACCTAAGCTTCCCG-1,Young,FAP2,0.0406007636862764,0,-9.28512403674412,4.76427748040057,FALSE,TRUE
Young_3_CAAACCGTCGCTCCAT-1,Young,FAP1,0.0406289790011369,0,-7.67934820361424,4.89477588967181,TRUE,TRUE
Young_3_TCTACCTCAGGGAGGA-1,Young,FAP1,0.0406315157733754,1.09861228866811,-6.53024789996433,5.75111152962543,TRUE,TRUE
Young_3_TCTCAAGCAATTAGGA-1,Young,FAP1,0.0406500254183212,0,-8.15193102069187,0.599972449100982,TRUE,TRUE
Young_5_ATGTCATCACAGCCAT-1,Young,FAP1,0.0406833744083324,0,-7.46189329333592,0.665075503147613,TRUE,TRUE
Young_3_TTTGACTTCGATCAGT-1,Young,FAP1,0.0406995846077738,0,-6.20556709475804,4.36389496163226,TRUE,TRUE
Young_1_TTAGCCTGTCACCAAA-1,Young,FAP1,0.0407101751012542,1.09861228866811,-7.77931616015721,4.82452680901386,TRUE,TRUE
Young_5_TGCATTAAGTGCACGC-1,Young,FAP1,0.0407677840725018,0,-7.15541908450413,1.86767854527332,TRUE,TRUE
Young_5_CAGGAAGGTCCTAATC-1,Young,FAP1,0.0407897137471425,0.693147180559945,-6.04540703006077,3.99140813187457,TRUE,TRUE
Young_5_TTGGCTTGTTTGCTGT-1,Young,FAP1,0.0408788859062641,0.693147180559945,-6.7435404986887,5.43271066979266,TRUE,TRUE
Young_3_TACCTTAGTGGTTATG-1,Young,FAP1,0.0408808786995181,0.693147180559945,-5.69672224231053,5.71430065468646,TRUE,TRUE
Young_1_CCTTCAGGTAGGTGTC-1,Young,FAP1,0.04091804561115,0,-5.81723472781468,5.93002798394061,TRUE,TRUE
Young_3_TATGACTCAGGCCATT-1,Young,FAP2,0.0409302701857213,0,-9.38223478503513,4.95065929726459,FALSE,TRUE
Young_2_GGTGAGCCACCAGGTT-1,Young,FAP1,0.0410847638647662,0.693147180559945,-6.90753576464939,2.67500068978168,TRUE,TRUE
Young_5_AGGTGAATCTGTTCAT-1,Young,FAP1,0.0411977025588155,0,-6.38723728366184,2.87409808472491,TRUE,TRUE
Young_5_ATCCTGACACATTAAC-1,Young,FAP1,0.0413183318879025,0,-5.92539665408421,5.89132215813495,TRUE,TRUE
Young_1_GGTGTTGTCATCCTCA-1,Young,FAP1,0.0413239053839112,0,-7.84874841876316,1.28317608670093,TRUE,TRUE
Young_2_CATAATGTCCTCCCTC-1,Young,FAP1,0.0413933205935851,0.693147180559945,-7.58923122592259,0.134018517888557,TRUE,TRUE
Young_5_CTAACCACATAATCAC-1,Young,FAP1,0.0415092963283259,1.09861228866811,-6.45538971133518,5.8913512452016,TRUE,TRUE
Young_1_TTGACATCAGACAAAC-1,Young,FAP3,0.0415967214656696,0,-7.96906969256687,3.96187617615558,FALSE,TRUE
Young_2_GTGTGCGGTCGACTAA-1,Young,FAP1,0.0417069914623687,0,-7.63816091723728,2.46779086426593,TRUE,TRUE
Young_3_GATTCGCCAGCAACCT-1,Young,FAP1,0.041772809425022,0,-6.41855690188694,4.14848806694843,TRUE,TRUE
Young_3_GCCCGTTGTTTAAAGC-1,Young,FAP1,0.0418331384497144,0,-7.05545351214695,5.19824602440692,TRUE,TRUE
Young_5_GTCATCACATAGTCAT-1,Young,FAP3,0.0418753472689972,1.6094379124341,-8.20447752185154,3.78664591149188,FALSE,TRUE
Young_2_TACGCTTGTTATAGCG-1,Young,FAP1,0.041918581508068,0,-7.14129039950657,1.47876658276416,TRUE,TRUE
Young_1_CGTGTTACAGGCTACT-1,Young,FAP3,0.0419620362258146,0,-8.47644731707859,3.5621435864339,FALSE,TRUE
Young_3_CTTAAGATCCGGGACT-1,Young,FAP1,0.0421122563119902,0,-6.88260862536717,1.6047415955434,TRUE,TRUE
Young_3_TCCAGCAAGTTGGCCA-1,Young,FAP1,0.0422884821840128,0,-5.7424041957407,5.86978103951312,TRUE,TRUE
Young_1_ACCTAAATCTTTGAGA-1,Young,FAP1,0.0423205454400581,0,-6.13330576129246,3.65042307213641,TRUE,TRUE
Young_3_CTTGCTCAGGAGCACG-1,Young,FAP1,0.0423358738586268,0.693147180559945,-6.78857919879246,3.62829186753131,TRUE,TRUE
Young_2_CGCTTGCGTTATGTGG-1,Young,FAP1,0.0424234742132255,0,-8.0538866252451,5.66907074288226,TRUE,TRUE
Young_3_ATGGTGCGTTCCATTA-1,Young,FAP3,0.0425072789798944,0,-8.26115152545262,3.34027697876788,FALSE,TRUE
Young_3_TCAAGACTCAATGTCA-1,Young,FAP1,0.0425655944145449,0.693147180559945,-6.04275390811253,4.05113484696246,TRUE,TRUE
Young_4_GCACTTACAGAACCGA-1,Young,FAP1,0.0425896365316385,0.693147180559945,-7.16549894519139,2.51657750443317,TRUE,TRUE
Young_5_TTGCAACAGACAGGCG-1,Young,FAP1,0.0426508226889779,0,-6.43875381655979,3.24812104538776,TRUE,TRUE
Young_1_GTATGTGGTTTGCTGT-1,Young,FAP1,0.0426895236352118,0,-6.43944236941624,5.57554342583514,TRUE,TRUE
Young_3_ATTATGGTCTTAGTCT-1,Young,FAP3,0.042690924295135,0,-8.3961546153574,2.57087066010333,FALSE,TRUE
Young_1_GCCATGATCGAGCAAA-1,Young,FAP1,0.042718235320685,0,-6.60706684298802,3.23353173569537,TRUE,TRUE
Young_2_AATTGCCAGCGCCTAA-1,Young,FAP1,0.0427182581871812,0,-6.77473423190403,3.25083854035236,TRUE,TRUE
Young_2_AGTACGCGTACTGAAT-1,Young,FAP1,0.0427182810536775,0.693147180559945,-6.79586431689549,3.32077028588153,TRUE,TRUE
Young_3_AAACATGCACCTGCTC-1,Young,FAP1,0.0427183039201737,0,-6.64803430743504,3.25856759384967,TRUE,TRUE
Young_3_CAGGGTGAGACAGGTA-1,Young,FAP1,0.04271832678667,0.693147180559945,-6.84743330188084,3.46209933594562,TRUE,TRUE
Young_3_CCTGGATCATTAAACC-1,Young,FAP1,0.0427183496531662,1.6094379124341,-6.81641742892552,3.39769294098712,TRUE,TRUE
Young_3_CTGATCACACCATATG-1,Young,FAP1,0.0427183725196625,1.09861228866811,-6.82558176226902,3.20218827561237,TRUE,TRUE
Young_3_TACCGCAAGCCTGTTC-1,Young,FAP1,0.0427183953861587,0.693147180559945,-6.80239221759129,3.50890567139484,TRUE,TRUE
Young_3_TATCGAGGTTCCTCCT-1,Young,FAP1,0.042718418252655,0,-6.80397388644505,3.39883496598102,TRUE,TRUE
Young_5_AGAGGAACAATGAGGT-1,Young,FAP1,0.0427184411191512,0.693147180559945,-6.70740482516575,3.20623400048114,TRUE,TRUE
Young_5_GCCACAATCCTTGTTG-1,Young,FAP1,0.0427184639856475,0.693147180559945,-6.68703767962742,3.38197829560138,TRUE,TRUE
Young_5_GTATTCAAGTCTATGA-1,Young,FAP1,0.0427184868521437,0,-6.88557073779392,3.29908730820514,TRUE,TRUE
Young_5_TGTGGCCAGCCTGTGA-1,Young,FAP1,0.04271850971864,0.693147180559945,-6.61057302661228,3.27920081452228,TRUE,TRUE
Young_2_CTCGTTATCTAAGTGC-1,Young,FAP1,0.0427436771824903,0.693147180559945,-6.80900451846409,5.67123176888324,TRUE,TRUE
Young_1_GCCTATTGTGTTTGAG-1,Young,FAP3,0.0427633421908884,1.09861228866811,-7.77390215106297,3.43078424767352,FALSE,TRUE
Young_2_GATAAGCCAGCAAATA-1,Young,FAP1,0.0428258760991527,0.693147180559945,-7.49195406146336,0.689156465090286,TRUE,TRUE
Young_2_GGATTCAGTCACGAAC-1,Young,FAP1,0.0429678317112918,1.09861228866811,-7.53408405490208,5.32033922509052,TRUE,TRUE
Young_1_GGAACCTGTTAACGAT-1,Young,FAP3,0.0430637415727411,0.693147180559945,-8.51550695605564,2.82155539826251,FALSE,TRUE
Young_3_GTGAACAAGAACCTGT-1,Young,FAP1,0.0431412666678677,1.38629436111989,-7.71454832263279,4.88274671868182,TRUE,TRUE
Young_1_ATCAAGACACCTCGCT-1,Young,FAP1,0.0432914501910853,0.693147180559945,-7.24455902285862,5.30843117073871,TRUE,TRUE
Young_1_ATTGCAGGTAACCTAG-1,Young,FAP1,0.0433932019911039,0,-8.05623743243504,5.33344223336078,TRUE,TRUE
Young_3_TCGGTTACATTTAAGC-1,Young,FAP1,0.0434579593016913,0,-7.54211733050633,0.517506815351021,TRUE,TRUE
Young_2_AGTGCGGAGTAACAGG-1,Young,FAP1,0.0434807005926827,0,-6.54698631472874,3.35467555359698,TRUE,TRUE
Young_3_GTCCATTGTCCCGAAG-1,Young,FAP1,0.0435023550311717,0,-5.85431978411961,5.91251804665424,TRUE,TRUE
Young_3_CAGCTCAAGCGGGCAA-1,Young,FAP3,0.0435546464629222,0,-8.29917356677342,2.84823682144977,FALSE,TRUE
Young_3_GCTTGACCACCGGTAT-1,Young,FAP1,0.0435772712811451,0,-6.11991331286717,5.90724470452167,TRUE,TRUE
Young_5_TGTGCAAGTGCTAGAC-1,Young,FAP1,0.0435893043265549,0,-6.33861515231419,5.7750034554372,TRUE,TRUE
Young_5_CCATATTTCTTTAGGA-1,Young,FAP1,0.0437308769519253,0,-5.71972772784519,4.84659578636981,TRUE,TRUE
Young_1_GAACCTGTCAATCTAG-1,Young,FAP1,0.0437367248145675,1.09861228866811,-6.19032547183323,6.44995596245624,TRUE,TRUE
Young_3_GGTACAAAGCTGTACG-1,Young,FAP3,0.0438064465733965,0,-8.58562776751804,3.59020306900836,FALSE,TRUE
Young_5_CGTCAATAGTAACAGG-1,Young,FAP1,0.0439190678578942,0.693147180559945,-5.63066265292454,5.08163883522845,TRUE,TRUE
Young_1_CACTTTGTCGCAAACT-1,Young,FAP3,0.0439242504709991,0,-8.06083223529148,3.9075660927663,FALSE,TRUE
Young_1_AATCATGTCACCATTT-1,Young,FAP1,0.0440218317595615,0.693147180559945,-6.25898096270848,5.69947101906635,TRUE,TRUE
Young_5_CCAACCAAGACTATTG-1,Young,FAP1,0.0440875499018523,1.09861228866811,-6.16243240542698,5.99148847893573,TRUE,TRUE
Young_2_GTCAATATCCTGAATA-1,Young,FAP3,0.0441419372988165,0.693147180559945,-7.72247717089939,3.47713520363666,FALSE,TRUE
Young_1_GTTTGTAAGTGAACCT-1,Young,FAP1,0.04416714703421,0.693147180559945,-6.10672781176853,2.91344120339252,TRUE,TRUE
Young_2_TAGCATATCCTCATCA-1,Young,FAP1,0.0442021288058583,0,-5.72238609500218,2.90873219803668,TRUE,TRUE
Young_1_ATCCATAAGTTTGCGG-1,Young,FAP1,0.0442526152761307,0.693147180559945,-6.53829643435765,5.71717121437885,TRUE,TRUE
Young_4_AGTTTGATCACTAAGC-1,Young,FAP1,0.0442663711890368,0,-8.46459505267429,0.874141536510956,TRUE,TRUE
Young_1_CGGGTATGTTGTAAAC-1,Young,FAP1,0.04436837505855,0,-7.71332380481053,5.39365627602435,TRUE,TRUE
Young_3_GATCACTAGTCTTGAA-1,Young,FAP1,0.0443811593245729,0.693147180559945,-8.97341654010105,1.53339268998004,TRUE,TRUE
Young_5_GTTACTCGTAACCACA-1,Young,FAP1,0.0444184053043453,1.38629436111989,-8.29180357165623,0.787285081900131,TRUE,TRUE
Young_1_GTCGAGGAGGGTCTAT-1,Young,FAP1,0.0444832211975577,0,-5.97503778643894,5.55298855141498,TRUE,TRUE
Young_3_AAGACCAAGCCAGGTC-1,Young,FAP1,0.0446144002602805,0,-8.28942606158543,0.745753995932113,TRUE,TRUE
Young_2_CGGAGTCTCCCTCAAC-1,Young,FAP1,0.0446356022564789,0.693147180559945,-5.8188841075449,5.9230084641347,TRUE,TRUE
Young_1_AAGCGAGGTTAGCCAA-1,Young,FAP1,0.0447206898282113,0,-6.12625429339695,5.38657381371356,TRUE,TRUE
Young_3_CTAAGTCAGGCCTTAG-1,Young,FAP1,0.0448286216220168,1.6094379124341,-5.38802358813572,1.99240257576801,TRUE,TRUE
Young_2_ATGTAACGTCTTGCTG-1,Young,FAP1,0.0448498591526363,0,-6.43903133578587,5.58730509117938,TRUE,TRUE
Young_3_GCAAACCGTGCTAGAC-1,Young,FAP1,0.0450481971934575,0,-6.83381101794529,1.55506875351764,TRUE,TRUE
Young_1_GATCCGTCAGCAACAG-1,Young,FAP1,0.0450589303535605,0,-7.16074201770115,2.50121929482318,TRUE,TRUE
Young_3_CTCCTAATCTTGAGGT-1,Young,FAP1,0.0451025321753162,0,-6.45663616366673,5.55455877617694,TRUE,TRUE
Young_2_AATCCATCAGGCGATA-1,Young,FAP1,0.045169878847938,1.38629436111989,-6.27842828936863,2.8926460965047,TRUE,TRUE
Young_1_GCTGCACAGCCTGACA-1,Young,FAP1,0.0451825930941063,0,-7.60342762179661,2.52697684601642,TRUE,TRUE
Young_5_TTGGGCCAGCACAGCC-1,Young,FAP1,0.0452655387781171,1.09861228866811,-8.01842043109226,0.776020370281708,TRUE,TRUE
Young_1_GTGAACAAGTAGGATG-1,Young,FAP3,0.0453428785943624,0.693147180559945,-8.34320089526463,2.58062364891864,FALSE,TRUE
Young_5_GGAACAATCGGGCCAT-1,Young,FAP1,0.0454097601836443,0,-6.37775633044529,2.88021972016193,TRUE,TRUE
Young_3_GATAAGCCACTGGCTG-1,Young,FAP1,0.0454310256776584,0,-6.89765283770848,2.7227812035451,TRUE,TRUE
Young_5_ACCTAAATCTTGCATT-1,Young,FAP1,0.0454626646904876,1.38629436111989,-8.56961462207127,0.822697035826217,TRUE,TRUE
Young_1_TCGCTAACAGTTTACG-1,Young,FAP1,0.0454780458392445,0,-6.03516981311131,5.4032559616933,TRUE,TRUE
Young_5_GCCTGACAGGACAACA-1,Young,FAP1,0.0454794714111414,0,-7.30480739779759,0.613373957432281,TRUE,TRUE
Young_5_TTTCTCACATCAGCAC-1,Young,FAP1,0.0455094696712708,0,-6.22656414218235,5.27163126305438,TRUE,TRUE
Young_2_GTTGTTGCAGGTTATT-1,Young,FAP1,0.0455389714552839,1.6094379124341,-6.15886280246067,6.38528635338641,TRUE,TRUE
Young_4_TCAAGAACACTAAGTT-1,Young,FAP1,0.0455694654629286,0.693147180559945,-7.81235716052342,0.355156183100712,TRUE,TRUE
Young_5_ATGCTTAAGTCACCTC-1,Young,FAP1,0.0456368855064329,0,-8.44636842913914,0.887246690548431,TRUE,TRUE
Young_5_CTCTATGTCTTAATGG-1,Young,FAP1,0.0457016348460133,0,-6.5162250728159,4.77892114952899,TRUE,TRUE
Young_5_GCCAATAGTGCTCCAC-1,Young,FAP1,0.0457223916626415,0.693147180559945,-6.27540609545994,5.0743346436391,TRUE,TRUE
Young_3_TTGTCCCAGTATCGCG-1,Young,FAP1,0.0457297875622755,0.693147180559945,-5.97479841418553,5.29882337883807,TRUE,TRUE
Young_2_CTTTAGGCAACAGGTG-1,Young,FAP1,0.0458836441771791,1.09861228866811,-6.83244201846409,5.41014196709491,TRUE,TRUE
Young_2_GGTGAGGTCATTGTCT-1,Young,FAP1,0.0459235168642977,0,-7.95382711596775,0.437831498540413,TRUE,TRUE
Young_1_TCACATAAGACAAGTG-1,Young,FAP1,0.0459534928972198,0,-5.73648712344456,5.87182524041034,TRUE,TRUE
Young_1_ATGACAACACAAAGGT-1,Young,FAP3,0.0460131861912507,0.693147180559945,-8.22355673022556,3.79839970902301,FALSE,TRUE
Young_1_GGAGCGATCCCGTTGT-1,Young,FAP1,0.0460286076075129,0.693147180559945,-7.21329519458103,3.73097636536456,TRUE,TRUE
Young_5_CAGTACCCAAACCTAT-1,Young,FAP1,0.0460491978455282,0.693147180559945,-7.10166380114842,1.44481315449573,TRUE,TRUE
Young_1_TCGCTAACACTTAACG-1,Young,FAP1,0.0460821873124453,0.693147180559945,-7.58346721835423,0.433038428283703,TRUE,TRUE
Young_3_CAGGACACAGCCTGCA-1,Young,FAP1,0.0461857567105102,0,-6.55668804354954,3.36682751015521,TRUE,TRUE
Young_3_GGTATGTTCCTGCGAA-1,Young,FAP1,0.0461872880309633,0,-6.41099283404637,5.64829113320209,TRUE,TRUE
Young_3_TATAGCTCAACTAACT-1,Young,FAP1,0.046215940596718,0,-6.77798959918308,5.63644506768085,TRUE,TRUE
Young_5_TCAAGACTCTGTTCAT-1,Young,FAP1,0.0462182466830674,0,-6.0396249026804,4.01063611344196,TRUE,TRUE
Young_3_CGGATTAGTTTGAGGC-1,Young,FAP1,0.0462551761376329,0,-5.66743108935642,5.85285141304828,TRUE,TRUE
Young_1_GATGCATTCCCGCAAA-1,Young,FAP1,0.0463149958361147,0.693147180559945,-7.11407921023655,6.05635073021747,TRUE,TRUE
Young_5_CGTAACCCAGCTCATA-1,Young,FAP1,0.0463694623905315,0.693147180559945,-6.76309606738377,2.91335179642535,TRUE,TRUE
Young_3_TAGCTAATCAAGCTTA-1,Young,FAP1,0.0464692529473444,0,-7.9210569591074,0.449250638342869,TRUE,TRUE
Young_1_ACGTCAAGTGACATGC-1,Young,FAP1,0.046526475756175,0.693147180559945,-7.56420824237156,2.57083704308368,TRUE,TRUE
Young_5_TGCGGTTCAACAGGAT-1,Young,FAP1,0.0465418932725106,0,-6.49395582385349,4.83878662422992,TRUE,TRUE
Young_2_GGATGAATCGCGACAC-1,Young,FAP1,0.0465446457839249,0.693147180559945,-6.62523624606419,4.4040580017934,TRUE,TRUE
Young_1_GGGTTACGTGTGCACG-1,Young,FAP1,0.0465636824930655,0,-7.36124012179661,5.70850183800555,TRUE,TRUE
Young_5_TCACCTCAGGTCCAAT-1,Young,FAP1,0.0465917779023678,1.09861228866811,-7.64054939456272,0.814598701752197,TRUE,TRUE
Young_2_TTGTTTGGTTAGCGTA-1,Young,FAP3,0.0466005454639156,0,-8.33939478106785,2.58256485298968,FALSE,TRUE
Young_2_GGTCTTTGTGTGAGAG-1,Young,FAP1,0.0467155426172417,0.693147180559945,-7.47762510485935,2.64294078186847,TRUE,TRUE
Young_5_ACCAGGCTCTAAGTGC-1,Young,FAP1,0.0467461387472237,0,-6.08774301715183,3.40751745537616,TRUE,TRUE
Young_3_ATTTGTGAGAGAGGCT-1,Young,FAP1,0.0468306899367779,0,-5.71077415652561,5.69440653160907,TRUE,TRUE
Young_3_AAACAGCCAACTAACT-1,Young,FAP1,0.0469153152914368,0,-6.44868347354222,5.57913353279926,TRUE,TRUE
Young_3_ACAGGCTGTATGGTGC-1,Young,FAP1,0.0469809263452321,0,-7.24141905017185,5.1192450745473,TRUE,TRUE
Young_3_CATTTGTTCAAGCTAC-1,Young,FAP1,0.0469935302700186,1.38629436111989,-6.22723219104099,4.3622288926015,TRUE,TRUE
Young_2_CTAATTGAGTTAGCTA-1,Young,FAP1,0.0470323274464235,0.693147180559945,-5.82519123263645,5.47199346855975,TRUE,TRUE
Young_5_TTGCAATCATACTCCT-1,Young,FAP3,0.0470575042567543,1.09861228866811,-8.83213445849705,4.13739635781146,FALSE,TRUE
Young_5_CGCCACACATTGTCCT-1,Young,FAP1,0.0472558917096659,0,-5.69300195880223,5.76298525170184,TRUE,TRUE
Young_5_ATCCCGCGTTAAGGTT-1,Young,FAP1,0.0472838106926448,0,-5.76675913043308,5.7517028077016,TRUE,TRUE
Young_3_CTAATAGTCCTAGTTT-1,Young,FAP1,0.0472863995943073,0,-7.84787389941502,0.0890237911114805,TRUE,TRUE
Young_1_AGTTGGCGTACGATTG-1,Young,FAP1,0.0473363960091655,0,-6.53240844912815,5.51808025673724,TRUE,TRUE
Young_2_GTAAAGCCAAGGTCCT-1,Young,FAP1,0.0473514195658975,0,-5.88218948550511,5.31886293724872,TRUE,TRUE
Young_2_CACAATATCACAGACT-1,Young,FAP1,0.0474325925655177,0.693147180559945,-5.37405178256321,3.09362747506,TRUE,TRUE
Young_2_GCCTCGACAGCATGTC-1,Young,FAP1,0.0474432204012034,0,-6.3189160556345,4.37811615303851,TRUE,TRUE
Young_2_ACCAGCTCACCACAAC-1,Young,FAP1,0.047495613402857,0,-5.94603321261692,5.87336876229144,TRUE,TRUE
Young_2_ACCGGTTCAGCATTAT-1,Young,FAP1,0.0475251837590482,1.09861228866811,-5.74790403552342,4.14672710732318,TRUE,TRUE
Young_5_TTGTGCCTCAATGTGC-1,Young,FAP1,0.0476388493509088,1.09861228866811,-6.77919838137913,2.64091636971332,TRUE,TRUE
Young_4_CGAGCGAAGGCCAATT-1,Young,FAP1,0.047676931469358,0,-7.32834312625218,0.581223212040436,TRUE,TRUE
Young_5_TCGTTACGTTAACAGT-1,Young,FAP1,0.047727003423099,0.693147180559945,-7.57645151324558,0.757897756851684,TRUE,TRUE
Young_5_GCTAATATCGGTCATG-1,Young,FAP1,0.0477340859171358,1.09861228866811,-7.75704500384617,4.87620403603412,TRUE,TRUE
Young_3_ATAGCATGTGATTACG-1,Young,FAP1,0.0477386542912814,0.693147180559945,-6.10239908404637,3.49802639321185,TRUE,TRUE
Young_5_GCTCGATCATCTTGAG-1,Young,FAP1,0.047787990844113,0,-7.53613826937962,4.22917201355792,TRUE,TRUE
Young_5_CTGAATATCCTAAATG-1,Young,FAP1,0.0477880137106093,1.09861228866811,-7.67460319705296,4.06928803757526,TRUE,TRUE
Young_5_CTAATAGTCTTAGCGG-1,Young,FAP1,0.0477880365771055,1.09861228866811,-7.59669801898289,4.28439881638385,TRUE,TRUE
Young_5_ATGTGAGAGGAACCGG-1,Young,FAP2,0.0477880594436018,1.09861228866811,-7.73422739215183,4.1397860272298,FALSE,TRUE
Young_5_AATTAGGCATTATGCG-1,Young,FAP1,0.047788082310098,0,-7.77861616320896,4.16553666428424,TRUE,TRUE
Young_4_TGTCCTGGTTAACGGC-1,Young,FAP1,0.0477881051765943,0,-7.75436899371433,4.18712856606342,TRUE,TRUE
Young_3_TTGTAAGTCTCGCCCA-1,Young,FAP1,0.0477881280430905,0,-7.59219810672093,4.09605672196246,TRUE,TRUE
Young_3_TTAGCGGTCTAATTGG-1,Young,FAP1,0.0477881509095868,0.693147180559945,-7.54663870044041,4.0242378933797,TRUE,TRUE
Young_3_GCTGATCCAAGCTTTG-1,Young,FAP1,0.047788173776083,1.09861228866811,-7.62352153964329,3.96901466683246,TRUE,TRUE
Young_3_CCCTGGACATAGCTGC-1,Young,FAP3,0.0477881966425793,0.693147180559945,-7.53680059619236,4.06210734680988,FALSE,TRUE
Young_3_CCAGTTTGTGTCCTGC-1,Young,FAP1,0.0477882195090755,0.693147180559945,-7.59512731738377,4.00902392701007,TRUE,TRUE
Young_3_ATGACAACATAAAGCA-1,Young,FAP1,0.0477882423755718,0,-7.66250583834934,4.24092318848468,TRUE,TRUE
Young_2_GATTGGTTCTTTGACT-1,Young,FAP3,0.047788265242068,1.09861228866811,-7.62378236956883,4.10686137513019,FALSE,TRUE
Young_2_GATGCATTCGTACCGA-1,Young,FAP3,0.0477882881085643,0,-7.7036497325449,3.91543986634113,FALSE,TRUE
Young_2_CGGAATCGTATTGTGG-1,Young,FAP1,0.0477883109750605,0,-7.62355873294163,4.06804468468524,TRUE,TRUE
Young_2_CGCAATAGTTGGTTAG-1,Young,FAP1,0.0477883338415568,1.94591014905531,-7.72538778491307,3.9696028454671,TRUE,TRUE
Young_2_AGGTATTGTAAAGCGG-1,Young,FAP1,0.047788356708053,0,-7.50369808383274,4.19996430710651,TRUE,TRUE
Young_1_GCGAAGCCAGCCGCTA-1,Young,FAP1,0.0477883795745493,0,-7.67085525698948,4.22729089096881,TRUE,TRUE
Young_1_CGCATATAGCAAGGTA-1,Young,FAP1,0.0477884024410455,0.693147180559945,-7.48907205767918,4.15834262207843,TRUE,TRUE
Young_1_AGTGTGGCATGATTGT-1,Young,FAP1,0.0477884253075418,0,-7.61697504229832,4.24343492821552,TRUE,TRUE
Young_1_AACGGTAAGCGATAAG-1,Young,FAP1,0.0477884481740381,0.693147180559945,-7.64175054736424,4.1051602585683,TRUE,TRUE
Young_3_TCTGGCTTCGGTAACT-1,Young,FAP1,0.0478063485688072,2.19722457733622,-6.13295290179539,5.93974687889911,TRUE,TRUE
Young_2_CAGCTCAAGCTTCCCG-1,Young,FAP1,0.0478636903765766,0,-8.19469949908543,2.05501606301166,TRUE,TRUE
Young_5_GCAGGATAGGCTATGT-1,Young,FAP1,0.0478984636067796,0,-7.240349504426,5.169639609612,TRUE,TRUE
Young_1_ATGTCATCAGATTCAT-1,Young,FAP1,0.0479133843387229,0.693147180559945,-6.38456508822727,5.99573900536395,TRUE,TRUE
Young_5_ATTGGCTAGTATGTGC-1,Young,FAP1,0.0479161690190249,0,-5.31960556216526,2.26003994778491,TRUE,TRUE
Young_5_CAAACGCGTGGAGCAA-1,Young,FAP1,0.0479323467458871,0,-8.10183260150242,0.459362156547081,TRUE,TRUE
Young_1_TAGCAGGCAACTAGAA-1,Young,FAP1,0.0479489815640952,0,-7.04851648516941,2.25083591774799,TRUE,TRUE
Young_5_GAGGCCTTCCCTCACG-1,Young,FAP2,0.0479671617620303,0.693147180559945,-8.32180711932469,3.19210126236774,FALSE,TRUE
Young_5_ATCACACAGGAGGACT-1,Young,FAP1,0.0481637883184888,0,-7.43083831973362,0.470252342380058,TRUE,TRUE
Young_3_TCAAGGTTCTCAATAG-1,Young,FAP1,0.0483959088840569,0,-7.98925516314793,0.772295348204147,TRUE,TRUE
Young_1_GCTAATATCCTGAGTG-1,Young,FAP1,0.0483991944024762,0,-7.74407884784031,4.88877203301288,TRUE,TRUE
Young_3_TGGCCATCAGCACGTT-1,Young,FAP1,0.048447094145601,0.693147180559945,-7.0614173144846,5.4243478997121,TRUE,TRUE
Young_5_TTTAGGATCGTTATAG-1,Young,FAP1,0.0484963526714513,0.693147180559945,-7.83184644885349,4.01673652962543,TRUE,TRUE
Young_2_GTTAAGTGTCTTTATG-1,Young,FAP1,0.0485982331356221,0,-6.22671863742161,5.08562948540546,TRUE,TRUE
Young_1_GCTGGTTCATCATGTG-1,Young,FAP1,0.0486087102444905,0.693147180559945,-5.95693800158787,5.46742966011859,TRUE,TRUE
Young_1_GCGCGATTCGGCTAGC-1,Young,FAP1,0.0486283966370573,0.693147180559945,-7.84015199847508,0.162712611115944,TRUE,TRUE
Young_4_GCTCAACCAATTAGCT-1,Young,FAP1,0.0486391158413578,0,-7.85296842761326,0.600995622433197,TRUE,TRUE
Young_2_CGCCTGTGTCGCGCAA-1,Young,FAP1,0.0486590059940636,0,-7.8037063807993,0.452344491935741,TRUE,TRUE
Young_5_TGCTCAACAGCCAGAA-1,Young,FAP1,0.0486948433530925,0.693147180559945,-6.91561720080662,2.72410633400775,TRUE,TRUE
Young_1_ACGTTGTAGGAACACA-1,Young,FAP1,0.0487190730420553,0,-6.37739536471653,5.72608568505145,TRUE,TRUE
Young_5_GCCAATAGTAGGTTGC-1,Young,FAP1,0.0487514302831813,0,-6.7687337131052,2.92449095085956,TRUE,TRUE
Young_3_TTAAGGTGTTCCTCCT-1,Young,FAP1,0.0488170631856102,0.693147180559945,-5.7840850085764,5.6787367089162,TRUE,TRUE
Young_5_GATGGCTGTTGCATCT-1,Young,FAP1,0.0488649881898424,1.09861228866811,-6.90601513095188,2.73852016762592,TRUE,TRUE
Young_1_TTTCACCCAATAGCCC-1,Young,FAP1,0.0489310683311555,0,-5.47818395800877,5.12606861428119,TRUE,TRUE
Young_4_CCTGCTCCACAACCTA-1,Young,FAP1,0.0489723723730582,0,-6.71793625064183,2.64090373352863,TRUE,TRUE
Young_4_CTGGTCAAGGCATGAA-1,Young,FAP1,0.0489983183743429,0,-7.59539673037815,0.184557489908706,TRUE,TRUE
Young_1_GTTAACCAGTACCGCA-1,Young,FAP1,0.0490406801589387,0,-6.74745008654881,5.32405807808734,TRUE,TRUE
Young_5_GGCCTCTGTAACCACA-1,Young,FAP1,0.0490623087624811,0,-7.67478534884739,0.841995738304626,TRUE,TRUE
Young_3_GAGTATCTCCAGGTCA-1,Young,FAP1,0.0491951069216841,1.38629436111989,-5.70739957995701,5.71989967659808,TRUE,TRUE
Young_5_GTTAAGCTCAAGTGAG-1,Young,FAP1,0.0492919238446079,0,-7.16086456485081,1.50476302937366,TRUE,TRUE
Young_2_GGTATTTCATCATGGC-1,Young,FAP1,0.049332833102981,0.693147180559945,-6.24900886721897,5.69242479637958,TRUE,TRUE
Young_2_GCTAAGAAGACAGGCG-1,Young,FAP1,0.0494204822508024,0,-7.42172977633763,2.71247889832355,TRUE,TRUE
Young_1_TTTATGGAGTGAGAGC-1,Young,FAP2,0.0494583509894895,0,-9.42598745532322,5.02115347222186,FALSE,TRUE
Young_3_CATGCGGGTGTCCTGC-1,Young,FAP1,0.0495274995685608,0,-7.91753217883396,1.36621608570911,TRUE,TRUE
Young_1_CAAGCTAGTAATCGCA-1,Young,FAP1,0.0495311240340202,0.693147180559945,-7.33919164843846,1.57893659905292,TRUE,TRUE
Young_3_GTTGGCGGTCATGCAA-1,Young,FAP1,0.0495797005498444,0,-7.30166456408787,4.25559046105243,TRUE,TRUE
Young_2_GGGTTACGTAGGATTT-1,Young,FAP1,0.0496017347585527,0,-6.79098913379002,2.27552273110248,TRUE,TRUE
Young_5_CCAAATCAGCTAATCA-1,Young,FAP1,0.0498794869340277,0,-7.44244453616429,0.464700795568001,TRUE,TRUE
Young_2_ACTGAATGTCGAAGTC-1,Young,FAP1,0.049908399768699,0,-8.39083788104344,0.927428208149444,TRUE,TRUE
Young_2_ATTGCGCCATTTAAGC-1,Young,FAP1,0.0499523822361665,0.693147180559945,-5.40236208148289,5.15069057778217,TRUE,TRUE
Young_5_GTATCGCCAATGCCTA-1,Young,FAP1,0.0499732250252238,0.693147180559945,-6.0384189815073,3.82791759804584,TRUE,TRUE
Young_5_CGAAGTAAGATAGACG-1,Young,FAP1,0.0500581491974659,0.693147180559945,-6.15035173602391,5.02530815438129,TRUE,TRUE
Young_3_GGTAAGGGTGGGTACT-1,Young,FAP1,0.0500619973156353,0,-6.9317352504282,2.71296408013202,TRUE,TRUE
Young_5_GATGCATTCCAATAGC-1,Young,FAP1,0.0502213593844818,0,-5.85570356555271,5.32769110039569,TRUE,TRUE
Young_1_TCGTTATTCCTCCTAA-1,Young,FAP1,0.0502395078252236,1.09861228866811,-7.53370210833836,2.62869789437152,TRUE,TRUE
Young_1_TGAGTTTCAGCAGGTA-1,Young,FAP3,0.0502471712554748,0,-8.24020788379002,2.59929802254535,FALSE,TRUE
Young_1_TCAGTAGGTGTAATAC-1,Young,FAP1,0.05025267591636,0,-8.13812849231053,1.08742215470172,TRUE,TRUE
Young_4_GAGGTGAGTTTGGCTT-1,Young,FAP1,0.0503390591810671,0.693147180559945,-8.3957941264658,1.90370824173785,TRUE,TRUE
Young_2_AATCTCAAGCTATGAC-1,Young,FAP1,0.050348536582205,0.693147180559945,-6.24430010028172,5.40709497765399,TRUE,TRUE
Young_2_CCATAAGGTACGGGTT-1,Young,FAP1,0.0504704164869612,0.693147180559945,-5.68249485202122,3.15695097283221,TRUE,TRUE
Young_1_CAAACATGTAATGGCC-1,Young,FAP1,0.050557538345809,0,-7.59457370944309,0.25639428929187,TRUE,TRUE
Young_1_CTTTGTCCAATTAGCT-1,Young,FAP1,0.0505826311358444,0,-5.63788721270848,3.54005076722003,TRUE,TRUE
Young_3_CACATTAAGGACCGCT-1,Young,FAP1,0.0510969434162751,0,-5.73503706164646,5.84914209679462,TRUE,TRUE
Young_1_AACTAGTGTGCTGGTG-1,Young,FAP1,0.0511105908368155,0,-7.23596117205906,5.56343891457416,TRUE,TRUE
Young_3_ACCAGGGAGTTGCGTG-1,Young,FAP1,0.0511753016672625,1.79175946922806,-6.81196901507664,5.42650081948138,TRUE,TRUE
Young_3_ATTCGTTTCGTACCGA-1,Young,FAP1,0.0512093736806207,0,-6.81854221530247,2.87610461548663,TRUE,TRUE
Young_5_GCCTCCATCTGCAACG-1,Young,FAP1,0.0514390605148583,0,-5.59615013308811,5.08071806267596,TRUE,TRUE
Young_1_GATTGCAGTCGCGCAA-1,Young,FAP1,0.0514395818305973,0.693147180559945,-7.38343355365086,5.63287069634296,TRUE,TRUE
Young_3_CACATTAAGGGATGCG-1,Young,FAP1,0.0514798575963886,1.09861228866811,-5.28383228488255,2.03611054257251,TRUE,TRUE
Young_1_GCAAACAAGCCGCTTT-1,Young,FAP1,0.0515896902051063,0,-5.88260862536717,5.88856651619769,TRUE,TRUE
Young_2_ACATCATCAGCTTAGC-1,Young,FAP1,0.0515956208036487,0,-7.47835323519993,0.669119618690979,TRUE,TRUE
Young_5_AATCATGTCAACAAGG-1,Young,FAP3,0.0517530329197835,0,-8.25716039843846,3.39754679039813,FALSE,TRUE
Young_5_CATCCCAGTAACAGGG-1,Young,FAP1,0.0517857963563291,1.6094379124341,-7.61827060885716,2.57367875412799,TRUE,TRUE
Young_1_AAGACCAAGGTAACGA-1,Young,FAP1,0.0518098310524985,0,-7.43372986026097,0.630186579979431,TRUE,TRUE
Young_4_GGTAACTTCGGCCAGT-1,Young,FAP1,0.0518846879771966,0,-8.2494957179575,1.79403259590961,TRUE,TRUE
Young_3_TAGGCTTAGTGAGCGG-1,Young,FAP1,0.0519544353050989,0,-8.73936769671726,2.37800862625934,TRUE,TRUE
Young_3_AAACAGCCAATAGCCC-1,Young,FAP1,0.0520182529777076,0,-7.01095125384617,2.45820786789752,TRUE,TRUE
Young_3_TTGTTGCGTAACGTGC-1,Young,FAP1,0.0520550809103932,1.09861228866811,-6.19400283999729,5.09069778756,TRUE,TRUE
Young_1_TGTGATCAGAGGAGTC-1,Young,FAP1,0.0521308336994695,1.09861228866811,-6.26722404666233,6.21022178963519,TRUE,TRUE
Young_3_GTTCTTGTCATCCACC-1,Young,FAP3,0.0521833496214104,1.6094379124341,-7.90345213122654,4.26183082894183,FALSE,TRUE
Young_5_CTAATGTCATGTCAGC-1,Young,FAP1,0.0523595680150969,0,-8.02640554614353,0.476405717290413,TRUE,TRUE
Young_3_ACCCAGGGTTGCAATG-1,Young,FAP1,0.052374625078274,0,-6.39317152209568,5.71414949730731,TRUE,TRUE
Young_5_GTATCGCCAGAGAGCC-1,Young,FAP1,0.0524025972512874,0,-6.1871063441782,4.35036518410541,TRUE,TRUE
Young_2_GCCTTACTCTTGCAGG-1,Young,FAP1,0.0524099990064189,0.693147180559945,-7.51975795932102,5.30832912758685,TRUE,TRUE
Young_5_GAGCGGTCATTGTCCT-1,Young,FAP1,0.0524493704106018,0.693147180559945,-7.34249660678196,0.579834647334587,TRUE,TRUE
Young_3_TCCTGGTTCTAGCGAT-1,Young,FAP1,0.0524716236228033,0,-5.33350918002415,1.83452954129077,TRUE,TRUE
Young_4_CCTGTTGGTTGCATCT-1,Young,FAP1,0.052558797655582,0,-7.82279894061375,0.336749384503286,TRUE,TRUE
Young_5_CTACTTAGTGCTCACC-1,Young,FAP1,0.0525643253045551,0,-6.39894554324436,5.94433119133807,TRUE,TRUE
Young_3_GCCTCAAAGCTCAATA-1,Young,FAP1,0.0527037934970718,1.09861228866811,-5.4608428210764,3.02951266602374,TRUE,TRUE
Young_3_CCACAATAGAGAGGCT-1,Young,FAP1,0.0527213920898892,0,-7.83132765002537,0.270538233078491,TRUE,TRUE
Young_4_GACGCCTAGGTGAAGC-1,Young,FAP1,0.0527927046680267,0,-7.86579630084324,0.477291367805969,TRUE,TRUE
Young_5_TCTCAAGCACCTCAGG-1,Young,FAP1,0.0528405264886942,0.693147180559945,-7.42601415820408,5.52619650200702,TRUE,TRUE
Young_3_ACTAACTCACGGTACT-1,Young,FAP1,0.0528941027194154,1.09861228866811,-7.23454925723362,5.43622162178851,TRUE,TRUE
Young_1_TGCTTCATCCGCCAAA-1,Young,FAP1,0.052894843455487,0.693147180559945,-8.03586599536228,5.32574369744159,TRUE,TRUE
Young_5_AGCCGCTAGCATTAGC-1,Young,FAP1,0.0529511620591672,0,-7.00476047702122,2.49035527542926,TRUE,TRUE
Young_5_ATCCTGACATAATGTC-1,Young,FAP1,0.0529635374937749,0,-5.74846384234715,5.78889181450702,TRUE,TRUE
Young_3_TGAGTTTCAGGGAGCT-1,Young,FAP1,0.0530545099975281,0.693147180559945,-6.9205596179514,3.65206339196063,TRUE,TRUE
Young_3_CCTCCTGAGTTGGATC-1,Young,FAP1,0.05312490721718,0.693147180559945,-5.83215448565769,5.48147156075336,TRUE,TRUE
Young_2_GGTAATTGTAACGTGC-1,Young,FAP1,0.0531890818213112,0.693147180559945,-7.7235529155283,4.29415395096637,TRUE,TRUE
Young_4_CTTTAGGCAGGATTAA-1,Young,FAP1,0.0532125229223768,0.693147180559945,-6.33600065417576,5.04196932152606,TRUE,TRUE
Young_2_CCTGATGAGTTGTCCC-1,Young,FAP3,0.0532498338119218,1.09861228866811,-8.29314825244236,3.30101039246417,FALSE,TRUE
Young_3_AAGACCAAGCAGGTTT-1,Young,FAP3,0.0532513527377687,0,-8.27828905291844,2.11364438370563,FALSE,TRUE
Young_3_AAATGCCTCTATTGTC-1,Young,FAP1,0.0533052488244481,0,-5.75226614184666,4.2521648629079,TRUE,TRUE
Young_1_AAGTGAAGTTTGGGTA-1,Young,FAP1,0.0533686771406021,0.693147180559945,-5.95008680529881,5.40959360436298,TRUE,TRUE
Young_3_TGACCTTGTTAGGACC-1,Young,FAP1,0.0533838246433573,0,-5.48230907626438,3.01550748185016,TRUE,TRUE
Young_5_ATGAGCCGTTGGATAT-1,Young,FAP1,0.0534008903599563,0.693147180559945,-7.27420303530979,4.57141210869647,TRUE,TRUE
Young_5_ACCCTCCCATTCAGCA-1,Young,FAP1,0.0534488200284917,0.693147180559945,-6.12853738971043,5.37489750222064,TRUE,TRUE
Young_3_ATGCAAACAAAGCTCC-1,Young,FAP1,0.053449998250934,0,-6.45466444201756,4.16512896851398,TRUE,TRUE
Young_2_CCTGTTGGTTAACGGC-1,Young,FAP3,0.0534988541277262,1.38629436111989,-8.29979154773045,3.28305485085345,FALSE,TRUE
Young_5_TACTGAGGTGCCGCAA-1,Young,FAP1,0.0535724711448213,0.693147180559945,-8.01643583483982,0.477637953914177,TRUE,TRUE
Young_2_GTGCTGGGTCGACTCC-1,Young,FAP3,0.0535839158104765,0,-8.42798349566746,2.82035353020526,FALSE,TRUE
Young_2_TTCCTCAAGAAGGTGC-1,Young,FAP1,0.0535900985465156,0.693147180559945,-5.78056833453465,5.66578104332782,TRUE,TRUE
Young_5_GAGGCAAGTTCCTGAT-1,Young,FAP1,0.053600408551902,0,-5.6652614802866,5.05295946434833,TRUE,TRUE
Young_1_CGAAGCGAGTCAGTAC-1,Young,FAP1,0.0536161805968725,0,-6.53747675128269,5.67121984795428,TRUE,TRUE
Young_5_CTGACCAAGGTTACAC-1,Young,FAP1,0.0537961454957984,0,-8.0565082759409,0.464395560182106,TRUE,TRUE
Young_3_TTTCACCCAGGTTCAC-1,Young,FAP3,0.0538879846453915,0.693147180559945,-8.44703027911472,2.57747580841876,FALSE,TRUE
Young_3_CACATAATCGCACACA-1,Young,FAP1,0.0539085532467244,0,-7.63907978244114,0.806455306566726,TRUE,TRUE
Young_3_CTAAATGTCGCTTCTA-1,Young,FAP1,0.0539251432606509,2.484906649788,-6.10103532977391,5.88715126351215,TRUE,TRUE
Young_5_GAGTGTTTCCCTCGCA-1,Young,FAP1,0.0539479169714623,0.693147180559945,-5.69789716906834,5.04100849465228,TRUE,TRUE
Young_4_CAGAACCGTGGTTATG-1,Young,FAP1,0.0540671777543623,1.09861228866811,-7.6199266643076,0.411829501248371,TRUE,TRUE
Young_5_CGCTCAGCATTGTCCT-1,Young,FAP1,0.0540779502466868,0,-8.46620199389744,0.899274013794433,TRUE,TRUE
Young_3_GCGATTAGTATACTGG-1,Young,FAP1,0.054167539473295,0.693147180559945,-7.39830228991795,4.27470590905048,TRUE,TRUE
Young_3_AACCTTAAGTGAACCT-1,Young,FAP1,0.0541858305763592,0,-5.34619161792088,1.791545651711,TRUE,TRUE
Young_3_CAAACAACAGGTTAAA-1,Young,FAP1,0.0542309997769461,0,-6.18237993426609,4.11746098831989,TRUE,TRUE
Young_5_TACGCACCACGAACAG-1,Young,FAP1,0.0543205684262107,0.693147180559945,-6.25233432956028,5.06771995858051,TRUE,TRUE
Young_4_ACATCAATCCATTACT-1,Young,FAP1,0.0544623165691625,0,-7.60697719760227,3.49732901886798,TRUE,TRUE
Young_1_AGGTCATTCCCTGTTA-1,Young,FAP1,0.0545692248743155,0.693147180559945,-7.56488916583348,1.56225433186389,TRUE,TRUE
Young_1_TCCATAAAGTCAATCA-1,Young,FAP1,0.0545692477408117,0,-7.54288360781956,1.7260258419881,TRUE,TRUE
Young_3_GAGTGTTTCAATCTCT-1,Young,FAP1,0.054569270607308,0,-7.54364034838963,1.6072057707677,TRUE,TRUE
Young_3_GGTCAGGAGTTGGGCC-1,Young,FAP1,0.0545692934738042,0.693147180559945,-7.41701290316868,1.60558702782489,TRUE,TRUE
Young_4_TGATCAGGTTTCGCCA-1,Young,FAP1,0.0545693163403005,0,-7.47331640429783,1.57929541901447,TRUE,TRUE
Young_5_ATCACAATCTAACCAA-1,Young,FAP1,0.0545693392067967,0.693147180559945,-7.40991995044041,1.54822876290179,TRUE,TRUE
Young_5_ATCACACAGCACGATT-1,Young,FAP1,0.054569362073293,0,-7.44616481967259,1.56250932053424,TRUE,TRUE
Young_3_TCGACAAGTAATCGTG-1,Young,FAP1,0.0546770869842779,1.09861228866811,-7.55303165622044,3.56025483445026,TRUE,TRUE
Young_2_GCAATATGTTGGGTTA-1,Young,FAP1,0.0547651849508135,0.693147180559945,-8.22002527423191,5.47542097405292,TRUE,TRUE
Young_1_GGCTCAATCTTAGTCT-1,Young,FAP1,0.0547917509817575,0,-6.19876262851048,5.15095665291644,TRUE,TRUE
Young_2_AGGTATTGTCACACCC-1,Young,FAP1,0.0548855906284977,0.693147180559945,-6.11309835620213,6.28021147087909,TRUE,TRUE
Young_5_AAGGAAGCAAACTGCC-1,Young,FAP1,0.0549008903230097,0,-7.30794450946141,0.656558208025467,TRUE,TRUE
Young_4_TGTTATGAGGAACCAA-1,Young,FAP1,0.0549900883269912,0,-6.03306362338352,3.8465080483327,TRUE,TRUE
Young_3_TTAACTGAGGGATGAC-1,Young,FAP1,0.0550907974767561,0.693147180559945,-6.22664282031346,2.91083266571857,TRUE,TRUE
Young_3_TCTGGCTTCGGTCAGC-1,Young,FAP1,0.0551425919282456,0,-7.54019567675877,2.66705849007465,TRUE,TRUE
Young_1_GCCTTTATCGCTAGCA-1,Young,FAP1,0.0551577139959036,0,-7.62339231677342,2.59952618912555,TRUE,TRUE
Young_5_CCTGATGAGACAAGTG-1,Young,FAP1,0.0551729782174348,0,-6.51512739367771,4.73527386025287,TRUE,TRUE
Young_3_GGTTTAATCTTAGGGT-1,Young,FAP1,0.0552526085228395,0,-6.79213401980686,1.6028169615636,TRUE,TRUE
Young_3_CTGGCTAAGTGGACAA-1,Young,FAP1,0.0553032419118016,0.693147180559945,-6.14635107226658,3.79295184449054,TRUE,TRUE
Young_4_TGCTCCGTCTAACTGA-1,Young,FAP1,0.0554227911146388,1.38629436111989,-6.19567606158543,5.01923849419452,TRUE,TRUE
Young_1_CACCAACCAGCACGTT-1,Young,FAP1,0.0554803911617694,0.693147180559945,-5.35690710254002,2.06045236424304,TRUE,TRUE
Young_2_TCCCTCACACCACAAC-1,Young,FAP1,0.055492515579759,0.693147180559945,-5.36999628253269,1.69977559880115,TRUE,TRUE
Young_3_CCACAGGGTATTGTGG-1,Young,FAP1,0.0555414695047016,0.693147180559945,-7.04714319415379,2.20086946324207,TRUE,TRUE
Young_5_GACTTAGGTAGGATCC-1,Young,FAP1,0.0555825223775077,0,-6.19224092669773,5.0206351502309,TRUE,TRUE
Young_5_ACCGCAATCACTAAGC-1,Young,FAP1,0.0556398188528545,0,-8.03025552935887,0.469835452593338,TRUE,TRUE
Young_1_GGTTTCCTCGAAGTGA-1,Young,FAP1,0.0559014231737858,0,-5.46300432391453,1.61518981293536,TRUE,TRUE
Young_5_CATTGTAAGTCATCCC-1,Young,FAP1,0.0559795711672071,0.693147180559945,-5.56976196475315,2.95896937683917,TRUE,TRUE
Young_3_ATTCCTCCAGCTTAAT-1,Young,FAP3,0.0562424005207407,0,-8.72935507006931,4.05568697289325,FALSE,TRUE
Young_3_GATTGATGTTCAAGCA-1,Young,FAP1,0.0562892315193668,1.38629436111989,-7.40576669879246,5.55703880623676,TRUE,TRUE
Young_3_TACTGCACATTTAAGC-1,Young,FAP1,0.0565708289992486,1.09861228866811,-5.55819627948094,2.96367099121906,TRUE,TRUE
Young_3_CTTAATGAGCAAGATG-1,Young,FAP1,0.0566175681056933,0,-6.98876735873509,2.56369116143085,TRUE,TRUE
Young_5_TATTAGCCACAGCCTG-1,Young,FAP1,0.0566206730918137,0,-7.17924616046238,1.52957215145923,TRUE,TRUE
Young_3_GGCCTTCGTTGAGCCG-1,Young,FAP1,0.0566549102236476,0.693147180559945,-6.6898443431406,5.47890236214496,TRUE,TRUE
Young_4_GGTAAGGGTCACAGAC-1,Young,FAP3,0.0566739168488675,0.693147180559945,-8.31395647235203,3.5056410057912,FALSE,TRUE
Young_5_AGTCCTTGTGTCCTGC-1,Young,FAP1,0.0567124773362115,0,-7.59850904650974,0.328359309208985,TRUE,TRUE
Young_3_CGTTAGTAGAGAGGAG-1,Young,FAP3,0.0567157236063109,0,-8.37014982409763,2.59044720963336,FALSE,TRUE
Young_5_ATTTGCAAGCAACATC-1,Young,FAP1,0.0567263392521364,0,-7.35232612796116,0.583875499523651,TRUE,TRUE
Young_1_AGCTAACTCAATAGCC-1,Young,FAP1,0.0567730406845683,0,-7.57713672824192,5.15262224511005,TRUE,TRUE
Young_1_TGCCGGTAGTAGCCAT-1,Young,FAP1,0.0567973848805794,0.693147180559945,-6.94854423709202,2.74328138665057,TRUE,TRUE
Young_4_GTGATGAAGGCGAAAC-1,Young,FAP1,0.0568122113298939,0,-7.8562957973032,4.07914640740253,TRUE,TRUE
Young_3_TGATTCAAGCAAGGGT-1,Young,FAP1,0.0568130008874528,0.693147180559945,-6.57250473208714,4.38101389244891,TRUE,TRUE
Young_2_TAATGGTGTGCAATGC-1,Young,FAP1,0.0568657556321779,0.693147180559945,-5.819122526124,2.81710889176227,TRUE,TRUE
Young_1_ATAAGTCGTGCTTTAC-1,Young,FAP3,0.0571303716093015,0,-8.50149748034763,2.80697085694171,FALSE,TRUE
Young_1_GAGCCACTCTTCAATC-1,Young,FAP3,0.0571467871176727,0.693147180559945,-8.36311361499119,2.59183456734515,FALSE,TRUE
Young_5_GTTGCGGGTTAAGTGT-1,Young,FAP1,0.057233374204269,0,-6.99861929126072,2.4962940438161,TRUE,TRUE
Young_3_AACCGGCTCGCATTAA-1,Young,FAP1,0.0572680227394624,0.693147180559945,-5.75040313906956,5.75815441445209,TRUE,TRUE
Young_3_TGACTCCTCATAGCCG-1,Young,FAP1,0.0573271415479768,0.693147180559945,-5.94850465960789,4.30368068055011,TRUE,TRUE
Young_1_TACTGGCCAATAAGCA-1,Young,FAP1,0.0574219776942555,0.693147180559945,-7.65034982867527,3.41035392121173,TRUE,TRUE
Young_1_TTACCTGTCACTAATG-1,Young,FAP1,0.0575889530323988,0,-6.81730243869114,4.90289594963886,TRUE,TRUE
Young_3_GTTGCATAGCATGCAT-1,Young,FAP1,0.0577911264356583,1.38629436111989,-5.68733617968846,5.84164287880756,TRUE,TRUE
Young_5_TAAGGACCATAGCGAG-1,Young,FAP1,0.0578006568359143,0,-7.95849439807224,0.489385522759926,TRUE,TRUE
Young_1_CGTTGCGCAAGGTGGC-1,Young,FAP1,0.0578656336084871,1.09861228866811,-7.93237993426609,3.73462083176471,TRUE,TRUE
Young_1_ACAACACTCATGCAAC-1,Young,FAP3,0.0580737914152758,0,-8.13001272387791,1.99676110581256,FALSE,TRUE
Young_5_CCTGACTTCCTAACGG-1,Young,FAP1,0.0580826773077168,1.09861228866811,-6.11086103625584,3.60032608345843,TRUE,TRUE
Young_3_AGCTAGTTCTCCATAT-1,Young,FAP1,0.0582311448233899,0.693147180559945,-6.35988352008152,5.80822470024921,TRUE,TRUE
Young_1_TGCCTGTTCTACTAAG-1,Young,FAP1,0.058259167051959,0,-7.59949943728733,2.64656498268939,TRUE,TRUE
Young_4_CAAGAACCAGCACGAA-1,Young,FAP1,0.0582749969277345,0,-5.85330125994969,3.46348097161151,TRUE,TRUE
Young_4_TTTAACCTCCAAATCA-1,Young,FAP1,0.0583229232406559,0,-6.38489505954075,3.21099879578448,TRUE,TRUE
Young_3_TTTAGCTTCGCCTAAG-1,Young,FAP1,0.058343397442882,0,-5.96874687381077,5.58789350823261,TRUE,TRUE
Young_2_CTTAGTTTCGTTAGTA-1,Young,FAP1,0.0583483778088634,0,-7.85261270709324,0.759454451359283,TRUE,TRUE
Young_5_GGTGCTGGTCACGAAC-1,Young,FAP1,0.0583743660138182,1.09861228866811,-7.83770677752781,0.759090386188995,TRUE,TRUE
Young_3_GTGTAACTCCCTCTAA-1,Young,FAP1,0.0584660246861795,0,-7.65929910846043,3.38737442330218,TRUE,TRUE
Young_2_TCCGGAATCGGTTTCC-1,Young,FAP1,0.0585834490174674,0,-8.27866766162205,0.794047765291702,TRUE,TRUE
Young_5_CGGCAATGTTAGTGAT-1,Young,FAP1,0.0585954971332985,0.693147180559945,-7.66649267382908,4.99578001335956,TRUE,TRUE
Young_3_TGGACTAGTTACCGGG-1,Young,FAP3,0.0585965882077413,0.693147180559945,-8.13970873065281,2.62166240052081,FALSE,TRUE
Young_2_CTTGCGCGTTGTAACG-1,Young,FAP1,0.0586297676417458,0,-7.82935545153904,0.340714874535274,TRUE,TRUE
Young_2_TGGTGATTCAATCTCT-1,Young,FAP1,0.0586424033505297,0.693147180559945,-5.68545362658787,5.85331013039447,TRUE,TRUE
Young_1_GACCTCAAGTATTGCA-1,Young,FAP1,0.0586536168623368,1.09861228866811,-7.20685884661961,2.57987716034747,TRUE,TRUE
Young_2_AAAGCACCAAGTCGCT-1,Young,FAP1,0.0586697721767413,0,-6.28267070956516,4.75352670983173,TRUE,TRUE
Young_3_CTAGCTGAGAATGACG-1,Young,FAP1,0.0587454716300251,0,-6.48646757312107,1.29350396231509,TRUE,TRUE
Young_1_TCAACAATCCCGAAGC-1,Young,FAP1,0.0588068426486768,0.693147180559945,-7.07292196460057,5.04830505684711,TRUE,TRUE
Young_1_ATTTAGCCAAGTGTCC-1,Young,FAP1,0.058807761530904,0.693147180559945,-5.98137829013157,5.31438019112445,TRUE,TRUE
Young_3_TGGGCCTAGCAAGATG-1,Young,FAP1,0.0588678489618362,0,-5.34496805377293,5.1553311570058,TRUE,TRUE
Young_3_CTAGCGGGTCATTGTC-1,Young,FAP1,0.0589041200195797,0,-7.35736725039768,1.70262410477496,TRUE,TRUE
Young_5_AGGCTAAAGTGTGATC-1,Young,FAP1,0.0589524761814544,0,-6.48156330294895,3.30605795220233,TRUE,TRUE
Young_3_CATGCGGGTCAAAGAA-1,Young,FAP1,0.0590862746067442,0,-7.52880212970066,3.53842499092914,TRUE,TRUE
Young_1_GTCGAGGAGCACTAAC-1,Young,FAP1,0.0591421965232124,0,-5.25840542025852,2.18670573071338,TRUE,TRUE
Young_2_TGTGCGCAGGATTTGC-1,Young,FAP1,0.0591444203607638,0,-5.75880405612278,4.20914342240192,TRUE,TRUE
Young_5_GTTTGCTGTGTTGTAG-1,Young,FAP1,0.0592552841420444,2.56494935746154,-7.07249757952976,5.34336712197162,TRUE,TRUE
Young_1_TAAGTGCTCCTCCCTC-1,Young,FAP1,0.0592704665884463,0,-6.60677931018162,2.27868738011218,TRUE,TRUE
Young_3_TAGGTTGGTTTGGGTA-1,Young,FAP1,0.0592828724544985,0,-6.97276184268284,1.79176630810596,TRUE,TRUE
Young_5_TATTACCTCAGGGCCT-1,Young,FAP1,0.0593298076889353,0,-6.13153860278416,6.30911018685199,TRUE,TRUE
Young_1_CAAACATGTTAGGTTG-1,Young,FAP2,0.0593822796007033,0.693147180559945,-8.70620081134129,2.77856662110187,FALSE,TRUE
Young_1_CCTGAATAGGAACGCG-1,Young,FAP1,0.059435963606651,0,-7.75905534930516,4.93464996651508,TRUE,TRUE
Young_2_GGCTTCAAGCAACATC-1,Young,FAP1,0.0595439689712185,0,-7.85745355792332,5.18845751122333,TRUE,TRUE
Young_4_AGAGGAACAGTTTCTC-1,Young,FAP1,0.0596615483296306,0,-6.96216318316746,1.66383590535022,TRUE,TRUE
Young_1_CACTGACCATTAGCGC-1,Young,FAP1,0.0597146248372775,0.693147180559945,-5.67779037661839,4.82137634590961,TRUE,TRUE
Young_1_GCTGACCAGACTATTG-1,Young,FAP1,0.0597351983612455,0,-7.04974434085179,5.99126961068011,TRUE,TRUE
Young_2_TAAGTGCTCCCTGTTA-1,Young,FAP1,0.0597420893004028,0,-8.55078527636814,0.870281539715301,TRUE,TRUE
Young_2_AGTCAAGAGGAACCAA-1,Young,FAP1,0.0597781673325681,0,-7.85334703631687,0.160837061561119,TRUE,TRUE
Young_5_TAGTAAGCAGGCTAGA-1,Young,FAP1,0.0598038302148147,0,-6.5355121821909,2.28339507416583,TRUE,TRUE
Young_1_TAAAGCCTCATGCGTG-1,Young,FAP1,0.0598537038544067,1.09861228866811,-6.10028431124974,3.54774787262775,TRUE,TRUE
Young_4_TTTGTGAAGCTCCCTG-1,Young,FAP1,0.0598702512252811,0.693147180559945,-7.19238636203099,1.54535760716296,TRUE,TRUE
Young_3_TCGTGCTTCTGGCTTC-1,Young,FAP1,0.0599984743088244,0.693147180559945,-6.22441646762181,5.67213585213519,TRUE,TRUE
Young_2_TTAGCGGTCTACCTAT-1,Young,FAP1,0.0600279428499153,0,-6.4149419993906,5.87552072838641,TRUE,TRUE
Young_5_CTACAACAGGAGGGTT-1,Young,FAP1,0.0600526765863895,0,-7.38557693667698,0.464917294538986,TRUE,TRUE
Young_3_GAGTTACTCCCTCAAC-1,Young,FAP1,0.060064633828155,0,-6.10251066394139,5.90009548500873,TRUE,TRUE
Young_3_GCGGGTTTCTATTGTC-1,Young,FAP1,0.0601252495282028,1.6094379124341,-7.8248245448618,4.89168598488666,TRUE,TRUE
Young_1_GTAGCGCTCATTGCAA-1,Young,FAP1,0.0602618592563893,0,-8.01691648669529,0.616090915955078,TRUE,TRUE
Young_1_GATTGGCGTTTATCGC-1,Young,FAP1,0.0603336488474007,0.693147180559945,-7.76049158282566,2.67324020699359,TRUE,TRUE
Young_1_GGTCTTTGTGCTTTAC-1,Young,FAP1,0.0603336717138969,0,-7.68966791339207,2.70632579163409,TRUE,TRUE
Young_1_TGGCGGTTCCTAGTTT-1,Young,FAP1,0.0603336945803932,0,-7.73540231890965,2.69209697083331,TRUE,TRUE
Young_2_CTAAGGTTCATGTTTC-1,Young,FAP1,0.0603337174468894,0,-7.94025060839939,2.861369870461,TRUE,TRUE
Young_2_TGGCCATCATGTCGCG-1,Young,FAP1,0.0603337403133857,0,-7.55033371157933,2.7869343979726,TRUE,TRUE
Young_2_TGTTAGCAGGCCCAGT-1,Young,FAP3,0.0603337631798819,0.693147180559945,-7.83077547259617,2.84444167450763,FALSE,TRUE
Young_3_CTGTTGGAGTTTCCTG-1,Young,FAP3,0.0603337860463782,1.6094379124341,-7.7839605540781,2.97219612435199,FALSE,TRUE
Young_3_GATCGCTCATGGAGGC-1,Young,FAP1,0.0603338089128744,0.693147180559945,-7.76356050677586,2.78739859894611,TRUE,TRUE
Young_3_GGGAGTAGTAACGTGC-1,Young,FAP1,0.0603338317793707,0.693147180559945,-7.84905073352146,2.94790794686176,TRUE,TRUE
Young_3_TCTATGTTCGGTCAAT-1,Young,FAP3,0.0603338546458669,0,-7.79030439563084,2.70261432961322,FALSE,TRUE
Young_5_AAGGTGCAGGCCGGAA-1,Young,FAP1,0.0603338775123632,0,-7.52585575290013,2.79998543099261,TRUE,TRUE
Young_5_AATTACCCACCGGTAT-1,Young,FAP3,0.0603339003788594,0,-7.94963762469578,2.78573849037982,FALSE,TRUE
Young_5_CAACCCTTCCGCTAGA-1,Young,FAP1,0.0603339232453557,0,-7.73778173632908,2.9075227005849,TRUE,TRUE
Young_5_CGTTTGGAGTCAATTG-1,Young,FAP1,0.0603339461118519,1.09861228866811,-7.67833683200169,2.79157688454486,TRUE,TRUE
Young_5_GCGTGCTAGCATTAGC-1,Young,FAP1,0.0603339689783482,0,-7.6685688228159,2.73578550652362,TRUE,TRUE
Young_5_GGAAACTCACAGGAAT-1,Young,FAP1,0.0603339918448445,0.693147180559945,-7.51500007815647,2.77055361107684,TRUE,TRUE
Young_5_TAGTAAGCACAAACTT-1,Young,FAP1,0.0603340147113407,0.693147180559945,-7.62079784579563,2.87799479798175,TRUE,TRUE
Young_5_TGATTAGTCTTAGTCT-1,Young,FAP1,0.060334037577837,0.693147180559945,-7.67517730899143,2.88869025544025,TRUE,TRUE
Young_5_GAGCGATAGCAATAGG-1,Young,FAP1,0.0603663177960785,0,-5.75346920199681,5.918747447289,TRUE,TRUE
Young_3_GCTGCAATCATTGTTC-1,Young,FAP1,0.060378615029175,1.09861228866811,-7.90271303363133,0.503121740973961,TRUE,TRUE
Young_2_ATTCAACCAGCCGCTA-1,Young,FAP1,0.0606341835651554,1.09861228866811,-6.48724386401463,4.33288242653705,TRUE,TRUE
Young_2_GGTTTCTGTATGGTGC-1,Young,FAP1,0.0606474108959714,0.693147180559945,-6.65846845813084,1.8458714707265,TRUE,TRUE
Young_2_GTAGTTATCCCTGGTT-1,Young,FAP1,0.0606753798731718,1.09861228866811,-7.22791406817723,5.04154493645526,TRUE,TRUE
Young_2_CCAGACTCAGGCTTCG-1,Young,FAP1,0.0608291301496409,0,-6.71158334918308,2.70098950699664,TRUE,TRUE
Young_3_AGTCAATGTAGTAAGA-1,Young,FAP1,0.0608565560797834,0,-6.24165651507664,6.17435028389789,TRUE,TRUE
Young_3_CGATTATCACCTGGTG-1,Young,FAP1,0.060863576112669,0,-6.6310670108347,4.78787758187152,TRUE,TRUE
Young_5_CCGTTAACATTATGCG-1,Young,FAP1,0.0608688928019356,0,-7.5620219440012,0.417216107107174,TRUE,TRUE
Young_3_GAGCGAAGTTCGCTTG-1,Young,FAP1,0.0608917163342211,1.09861228866811,-7.84545728869724,4.88102247551776,TRUE,TRUE
Young_5_CAATGACTCCTAAGTA-1,Young,FAP1,0.0609004616556033,0,-5.46785375781346,3.5749757511983,TRUE,TRUE
Young_3_CGGAGTCTCTTGAGCG-1,Young,FAP1,0.0609511988420346,0,-6.74985573001194,4.49141266182758,TRUE,TRUE
Young_5_GAGGCTTGTAACAGGG-1,Young,FAP1,0.0609534745837417,1.38629436111989,-6.69438574023533,5.19975378350116,TRUE,TRUE
Young_3_TAACAAGCATGAATCT-1,Young,FAP1,0.0609822975551602,0.693147180559945,-6.51485225863743,5.67755606011249,TRUE,TRUE
Young_1_AGGCAGGTCCCATAGG-1,Young,FAP1,0.0611201478606098,0,-5.70691415972996,5.78683426216937,TRUE,TRUE
Young_5_TATGTGATCCGCACAA-1,Young,FAP1,0.0611535008866664,0.693147180559945,-6.44578382678318,5.81019165352679,TRUE,TRUE
Young_3_TATGAAGCAACTGGGA-1,Young,FAP2,0.0611563314011958,0,-8.74374029345799,3.89919855431415,FALSE,TRUE
Young_3_TTTCTTGCAGTTTGTG-1,Young,FAP1,0.0613393518830439,0.693147180559945,-7.10740968890476,4.19925978020526,TRUE,TRUE
Young_5_GTAAGCGCAAACTCAT-1,Young,FAP1,0.0613818298556154,0,-8.00998995013523,0.467013291872513,TRUE,TRUE
Young_4_CTGATCACAATCTCTC-1,Young,FAP1,0.0613902245259332,0.693147180559945,-8.25532362170506,1.32318171099521,TRUE,TRUE
Young_4_TTTAAGCCACCGGCTA-1,Young,FAP1,0.0613976341280935,0,-8.04384348101902,1.92836847142078,TRUE,TRUE
Young_5_CGCACAATCTCTAGCC-1,Young,FAP1,0.0614738857720099,0,-6.331329557374,4.98452427224017,TRUE,TRUE
Young_1_AACGGTAAGAACCTGT-1,Young,FAP1,0.0615862260523574,0,-5.8173496455698,4.98632147148944,TRUE,TRUE
Young_3_CGCATATAGTTGGATC-1,Young,FAP1,0.0617047075270139,0,-7.83306619830418,0.33962783389486,TRUE,TRUE
Young_2_ACAACATGTTCCGGGA-1,Young,FAP3,0.0617618861635716,1.6094379124341,-7.75078127093601,4.30562331513263,FALSE,TRUE
Young_3_TATTCGTTCTAACCTT-1,Young,FAP1,0.0618309893390068,0,-7.22690412707615,4.99122049645282,TRUE,TRUE
Young_5_CTTGCGCGTTCAAGCA-1,Young,FAP1,0.0618441437071615,0,-6.60195800967503,5.51877071694232,TRUE,TRUE
Young_3_TGTGGAGCACAGACTC-1,Young,FAP2,0.0620314916639071,0,-8.61355707354832,2.78715803459979,FALSE,TRUE
Young_3_GCTTAGTAGCGCTAAT-1,Young,FAP1,0.0620710893153271,0,-5.56567642398167,3.21003963784076,TRUE,TRUE
Young_1_GAGAACCAGGTTAGAG-1,Young,FAP1,0.0621917336435498,0,-6.44649049945164,5.660925887383,TRUE,TRUE
Young_1_CCCAAACCAAGTAAGC-1,Young,FAP1,0.0622045950006564,0,-8.1547577113657,0.419149130440723,TRUE,TRUE
Young_3_TGTGCAAGTTTGGGCG-1,Young,FAP1,0.0622922654954099,0.693147180559945,-7.73772737689305,4.31487729386188,TRUE,TRUE
Young_4_GGGTTACGTACCGAAC-1,Young,FAP1,0.0622929468256173,0,-8.20287630267429,1.76796843842364,TRUE,TRUE
Young_2_TCCTCTAAGGAGTCTT-1,Young,FAP1,0.062326267124485,0.693147180559945,-7.83977911181736,0.520181529081833,TRUE,TRUE
Young_5_CTTAAGGGTCCTAATC-1,Young,FAP1,0.0624698884601966,0.693147180559945,-6.74541256137181,2.78139474228717,TRUE,TRUE
Young_2_AATAGAGGTACCGGAT-1,Young,FAP1,0.0627095955790582,0,-8.72301885791111,1.54210629299976,TRUE,TRUE
Young_3_TGTGGCCAGTTATCTC-1,Young,FAP1,0.0629052892190054,0,-5.34008953280735,2.08755101994373,TRUE,TRUE
Young_2_CTAGTAGGTTACTTGC-1,Young,FAP1,0.062948928367752,0.693147180559945,-7.60352203555393,0.403254553533565,TRUE,TRUE
Young_1_GGTAGGAGTTTGAGCA-1,Young,FAP1,0.0629567307850101,0,-5.95109817691136,4.2992098553548,TRUE,TRUE
Young_2_TTGCACACAGGATAAC-1,Young,FAP1,0.062963766448358,0,-6.48357317157078,5.59316685036517,TRUE,TRUE
Young_1_GTTGCCCGTAACTACG-1,Young,FAP1,0.0629702711439055,0,-6.10681221194554,6.25464584664203,TRUE,TRUE
Young_3_TGAGCACGTTGCAGTA-1,Young,FAP1,0.062973248320725,0,-7.94142553515721,0.469536594904434,TRUE,TRUE
Young_1_TCACCTCAGTCAATCA-1,Young,FAP3,0.0630025059691008,0,-8.85416433520603,4.1784925682912,FALSE,TRUE
Young_3_TAGTTGTCATAGCGAG-1,Young,FAP1,0.0630099266774744,0.693147180559945,-6.13343498416233,6.30680610970355,TRUE,TRUE
Young_5_AACTAGCTCGTTAACA-1,Young,FAP1,0.0630173794639031,0,-8.27426645465183,0.790678106106292,TRUE,TRUE
Young_5_TTTCAGTTCCTTGCGT-1,Young,FAP1,0.0630637672895977,1.09861228866811,-7.15576240725804,4.37970926598407,TRUE,TRUE
Young_5_TTATAGCCAGATTCAT-1,Young,FAP1,0.0633097845436774,0,-6.2467314929514,5.70610000923969,TRUE,TRUE
Young_5_GCGGTTGGTTGGGTTA-1,Young,FAP1,0.0633493622299266,0,-6.65513679690647,4.80026867226459,TRUE,TRUE
Young_2_CGATTGAGTTTCGCGC-1,Young,FAP1,0.0634208491770869,0,-8.26639196582127,0.648688815392029,TRUE,TRUE
Young_1_TTCTTAGGTTGCACAA-1,Young,FAP1,0.0634743520485825,0,-6.49069664187718,5.71159603432513,TRUE,TRUE
Young_2_GCTTAACAGCCAGGTC-1,Young,FAP1,0.0635536271199877,1.6094379124341,-5.68327924914646,5.02958109215595,TRUE,TRUE
Young_1_CGATGTCCACTTCACT-1,Young,FAP1,0.0636406481780583,0,-6.94533035464573,5.86529686287738,TRUE,TRUE
Young_2_CTTGACGAGTTCCTGC-1,Young,FAP1,0.0637067697445577,1.09861228866811,-6.69754764743138,2.26713564232684,TRUE,TRUE
Young_2_GGGAGTAGTGAGAAAC-1,Young,FAP3,0.0637480928513061,0,-8.4442388743906,3.53500821427203,FALSE,TRUE
Young_1_CAAGTATGTTAACACG-1,Young,FAP1,0.0637592423106685,0.693147180559945,-6.25792953677464,2.91693308190204,TRUE,TRUE
Young_3_TGGTCATAGTGCACGC-1,Young,FAP1,0.063804026854549,1.79175946922806,-7.07814619250584,4.97667887047626,TRUE,TRUE
Young_5_ATGTCATCATGCTCCC-1,Young,FAP1,0.063811768720778,0,-7.85411951251316,4.25223090485431,TRUE,TRUE
Young_1_CCTGACTTCATGAAGG-1,Young,FAP1,0.0639620447072833,0.693147180559945,-5.57887003131199,4.79007294014789,TRUE,TRUE
Young_2_TAGCTTAAGCGGATTT-1,Young,FAP1,0.063986732733591,1.94591014905531,-7.62229129977513,5.0546059830556,TRUE,TRUE
Young_1_AAGCGTTTCCTGCGAA-1,Young,FAP1,0.0640582684584308,0.693147180559945,-7.03445694155979,1.85974290207721,TRUE,TRUE
Young_1_TACGGATTCCTAAGTA-1,Young,FAP1,0.0640811231573331,0,-6.22077772326756,5.33694412545062,TRUE,TRUE
Young_3_AACCTCACAAACCCTA-1,Young,FAP1,0.0642092277403599,1.09861228866811,-7.66782304950047,4.36149790123798,TRUE,TRUE
Young_2_GGTTATGGTTAGCCAA-1,Young,FAP3,0.0642099156611051,1.38629436111989,-8.58286688037205,3.57222344712115,FALSE,TRUE
Young_3_CCGCTTAGTGTGTGGT-1,Young,FAP1,0.0642409278669477,0,-7.62517044253636,0.784683845795166,TRUE,TRUE
Young_1_CGAATATGTTGCTTCG-1,Young,FAP1,0.0643194160801981,0.693147180559945,-5.70090219683933,5.82671930626727,TRUE,TRUE
Young_1_CACAGGGAGCCTTAAA-1,Young,FAP1,0.0644297238425544,0,-7.44766733355808,5.419395468987,TRUE,TRUE
Young_5_GGTGCTTCAATGAGGT-1,Young,FAP1,0.0644399527430982,0,-7.60464069552708,0.591470353163254,TRUE,TRUE
Young_3_ACAACAACAATAACGA-1,Young,FAP1,0.0644590089019399,0,-6.87278053469944,5.77560999230243,TRUE,TRUE
Young_5_GTAAGCGCAATCCCTT-1,Young,FAP3,0.0645851651436624,1.09861228866811,-8.42073938556004,3.52792670563556,FALSE,TRUE
Young_2_CTCCTCACAGTAAGTA-1,Young,FAP1,0.0646031916262029,0,-5.84018490023899,5.46924259499408,TRUE,TRUE
Young_5_AATCTTGAGTCACTAA-1,Young,FAP1,0.0647337955454095,0,-6.01352951236058,4.09667684868671,TRUE,TRUE
Young_3_CTGATCACAAAGCTCC-1,Young,FAP1,0.0647852723328084,0,-6.02300712771702,3.85476639107562,TRUE,TRUE
Young_2_TTATTGCTCAGCAAAG-1,Young,FAP1,0.0649420849452862,0.693147180559945,-5.47891208834934,3.24052645996906,TRUE,TRUE
Young_1_AGTAAACAGCTCAATA-1,Young,FAP3,0.0651170828106595,0,-8.72562906451512,3.89105846718646,FALSE,TRUE
Young_2_ATGCTTAAGCAAGACA-1,Young,FAP1,0.0652732887695882,1.94591014905531,-5.7520010203867,5.70847894982196,TRUE,TRUE
Young_2_GACCGAACAGCTTACA-1,Young,FAP1,0.0653201817336528,0.693147180559945,-6.77697727389622,5.6569271309743,TRUE,TRUE
Young_5_AGTCCTGAGGACTTAC-1,Young,FAP1,0.0653565189487315,0,-6.8702027530222,2.917522214211,TRUE,TRUE
Young_5_TTCGTGCTCAGTGAAG-1,Young,FAP1,0.0654943310371423,0.693147180559945,-6.97881290622044,2.77077033356525,TRUE,TRUE
Young_5_TTAGACTCAATAAGCA-1,Young,FAP1,0.0655048016925424,1.09861228866811,-6.37818262286473,5.80977966622211,TRUE,TRUE
Young_3_CCCTCATAGGTCCTGA-1,Young,FAP1,0.065508574711453,0,-5.70043537326145,5.83495380715228,TRUE,TRUE
Young_5_ATTATGGTCCTCCCTC-1,Young,FAP1,0.065518371564482,0,-8.11287233538914,0.623413406170379,TRUE,TRUE
Young_3_TAGACCAGTCTAACCT-1,Young,FAP1,0.0655949618148322,0,-6.9079692096262,2.86799743012286,TRUE,TRUE
Young_1_TCTTTGTAGGCAGGTG-1,Young,FAP1,0.065614043272995,0,-5.93682357974339,5.43696071938373,TRUE,TRUE
Young_3_GGTCAAGCAATCCTGA-1,Young,FAP1,0.0656799082211226,0.693147180559945,-5.76752588458348,4.06245996788837,TRUE,TRUE
Young_2_TAACCGGTCCTAGTTT-1,Young,FAP1,0.0657364521641277,0,-6.72840616412449,2.26264204815723,TRUE,TRUE
Young_3_TACAGGTTCGGTTACG-1,Young,FAP1,0.0657533228121291,0.693147180559945,-7.36346695132542,0.610189489878189,TRUE,TRUE
Young_1_CCTTCAATCGTTACAA-1,Young,FAP3,0.0657580006001419,0,-8.29683038897801,3.49332382515765,FALSE,TRUE
Young_2_TTGTTCCCAACTAGAA-1,Young,FAP1,0.0658025368673281,0,-6.11507436938572,5.9341340287099,TRUE,TRUE
Young_1_AACTACTCACATTAAC-1,Young,FAP1,0.0658083276858825,0,-5.93482992358494,5.42618324593402,TRUE,TRUE
Young_5_TGGTAAACAAAGCTCC-1,Young,FAP1,0.0658325250148626,0,-7.10387346453953,3.68687441185809,TRUE,TRUE
Young_1_TCCAGGTCAACACTTG-1,Young,FAP1,0.0658785766684861,0.693147180559945,-7.61632988162327,0.0832445247540586,TRUE,TRUE
Young_3_GGCTGGTTCTCCATAT-1,Young,FAP1,0.0659106633226165,0,-5.87580320544529,3.44484689072467,TRUE,TRUE
Young_3_TCTAGCCTCATAGCCG-1,Young,FAP1,0.066195570339505,1.09861228866811,-6.75710794635105,5.63310577706195,TRUE,TRUE
Young_1_CCCTCAGTCGATTTGA-1,Young,FAP1,0.0662668726052482,1.09861228866811,-6.48872444339085,5.59997846917011,TRUE,TRUE
Young_1_CATAGACTCAGGTCCA-1,Young,FAP1,0.0662784201559141,0,-5.86696216769505,5.61885597542621,TRUE,TRUE
Young_3_ACACTAGGTTAGGCTA-1,Young,FAP1,0.066390360463835,0.693147180559945,-6.3667790622263,5.01002647713519,TRUE,TRUE
Young_5_TAGTACGGTAATAACC-1,Young,FAP1,0.0664957451378268,0.693147180559945,-6.42651006884861,5.72139646843768,TRUE,TRUE
Young_5_TTAGCTGCAAAGCCTC-1,Young,FAP1,0.066577867844142,0,-5.76773998446751,4.11136581734515,TRUE,TRUE
Young_1_TTGGCTTGTTGTCATC-1,Young,FAP1,0.066582205258042,1.09861228866811,-5.87112924762058,5.8666291458974,TRUE,TRUE
Young_3_TTAGGATGTTAAGGTT-1,Young,FAP1,0.066588250548409,0,-6.95517656512547,5.88095047310687,TRUE,TRUE
Young_3_AGTACGCGTTAGGACC-1,Young,FAP1,0.066634064679362,1.6094379124341,-6.51672384448338,5.54772140816547,TRUE,TRUE
Young_3_CATCAATCACTGACCG-1,Young,FAP1,0.066641528339161,1.38629436111989,-8.47644254870701,0.927200816429626,TRUE,TRUE
Young_1_AGCATTTCAGTTAGCC-1,Young,FAP1,0.066747692538653,1.09861228866811,-5.24607059665013,2.45765807465411,TRUE,TRUE
Young_5_ATTACCCGTGTAATAC-1,Young,FAP1,0.0667881943154498,1.09861228866811,-5.56348869509983,3.53713276223041,TRUE,TRUE
Young_3_TAGGTTGGTAGGTTTG-1,Young,FAP1,0.0667906065898736,0.693147180559945,-6.44016239352513,5.69650413826801,TRUE,TRUE
Young_5_GAGCCACTCCCGTTAC-1,Young,FAP1,0.0668920909435604,1.09861228866811,-6.99967691607762,1.8270132763753,TRUE,TRUE
Young_1_AATATCCCAAACGCGA-1,Young,FAP1,0.0669201892279894,1.09861228866811,-6.10070488162327,5.36295416191913,TRUE,TRUE
Young_5_ATGTAACGTTTGGTTC-1,Young,FAP1,0.0669248533943812,0.693147180559945,-5.7665855617075,4.21706869438983,TRUE,TRUE
Young_3_GTTCTCATCGCAAACT-1,Young,FAP1,0.0669514176860329,0,-6.72662136264134,2.6223185284505,TRUE,TRUE
Young_3_AATGGCGCAATTGACT-1,Young,FAP1,0.0669857870483387,0,-8.54428503222752,0.892833493507873,TRUE,TRUE
Young_5_CCACATTGTTTGCTGT-1,Young,FAP1,0.0669995963101017,1.6094379124341,-7.29576132006932,0.742031328238022,TRUE,TRUE
Young_1_TGCCGGTAGGAACGCG-1,Young,FAP1,0.0671268755526988,0,-6.78940412707615,5.46205808953143,TRUE,TRUE
Young_3_GCTGATCCAATTAAGG-1,Young,FAP1,0.0671866509304548,0.693147180559945,-6.24982759661961,4.34855272606708,TRUE,TRUE
Young_1_CAGCCTTTCAATGTGC-1,Young,FAP1,0.0671984993522191,0,-8.11961481280613,0.422324590242874,TRUE,TRUE
Young_5_ACTCCTCAGCATGAAG-1,Young,FAP1,0.067207018909567,0,-6.95402309603977,1.78060557679034,TRUE,TRUE
Young_2_CTTTATCAGTTATGGC-1,Young,FAP1,0.0672131453541516,0.693147180559945,-5.61448118396092,4.79731514290668,TRUE,TRUE
Young_5_GCCTAATAGTTGGCCA-1,Young,FAP1,0.0672949444642941,0,-8.50738928027439,0.912837646759521,TRUE,TRUE
Young_3_GTGCTCAAGCAAGGGT-1,Young,FAP1,0.0673146005010157,0,-6.20205089755345,5.23925211266376,TRUE,TRUE
Young_3_ACATCATCACCCACAG-1,Young,FAP1,0.0674672721819238,0,-6.17211744494724,5.04692652062274,TRUE,TRUE
Young_5_GCAATATGTGCTCCGT-1,Young,FAP1,0.0676081588659203,1.38629436111989,-7.66960498996067,5.03968860939838,TRUE,TRUE
Young_1_GTGAGGAGTACGTTTC-1,Young,FAP1,0.0676365227771294,0,-7.03234836764622,5.97853519753314,TRUE,TRUE
Young_5_TAGGTTGGTGTTCCCA-1,Young,FAP1,0.0676855293634973,0,-8.88665983386326,1.55279853180743,TRUE,TRUE
Young_5_GTCTATCGTTATCGAG-1,Young,FAP1,0.0677441201843658,1.79175946922806,-6.27557680316258,5.03785517052509,TRUE,TRUE
Young_5_CGAAGCGAGACTTATG-1,Young,FAP1,0.0677613985011076,0,-6.82532093234349,2.61931230858661,TRUE,TRUE
Young_3_CGCTTACTCCGGTTAG-1,Young,FAP1,0.0678555183958132,0,-5.82584545321751,5.36753799752094,TRUE,TRUE
Young_3_TACAAGCTCTCAATAG-1,Young,FAP1,0.06785720578005,0,-6.04675934024143,4.10531380013324,TRUE,TRUE
Young_5_CAAACCGTCAGTGAAG-1,Young,FAP1,0.0678664435289139,0,-8.03241655535984,0.75422822669841,TRUE,TRUE
Young_3_TTGGATTCATGTCGCG-1,Young,FAP3,0.06787491946853,1.09861228866811,-7.61077234454441,3.33693673447467,FALSE,TRUE
Young_5_GCAATATGTTTGCAGA-1,Young,FAP1,0.0679976340943362,0,-6.81403944201756,1.51361968354083,TRUE,TRUE
Young_1_AGTGATGAGTAAACCC-1,Young,FAP1,0.0680311505421472,1.09861228866811,-5.47028658099461,3.24792172745563,TRUE,TRUE
Young_2_TCATGTTTCAGGGCCT-1,Young,FAP1,0.0680574370769955,1.38629436111989,-5.6672727794199,4.36778356865741,TRUE,TRUE
Young_1_GGTTATATCGTTAGTA-1,Young,FAP3,0.0681022394684376,0,-8.32410165972996,3.28509046868182,FALSE,TRUE
Young_3_CATCCTCAGGATCACT-1,Young,FAP1,0.0682371433374907,0,-7.7353937358408,3.18160035446979,TRUE,TRUE
Young_5_TTGGCTTGTGCGCATG-1,Young,FAP1,0.0683022330979428,0.693147180559945,-6.69926187701512,2.26201751068927,TRUE,TRUE
Young_2_TATGCATCATCCCTCA-1,Young,FAP1,0.0683428756746976,0,-6.38410255618382,4.97848703698016,TRUE,TRUE
Young_4_GTGAGGAGTACCTTAC-1,Young,FAP1,0.0683849450692842,1.09861228866811,-8.25609609790135,1.31219395235873,TRUE,TRUE
Young_3_TCGACAAGTACCCACC-1,Young,FAP1,0.0684673173210912,1.09861228866811,-7.66935321994114,5.0442619545827,TRUE,TRUE
Young_3_TGCTTCCAGGAAGTAT-1,Young,FAP1,0.0685229343868592,0,-6.32822916217137,5.82190325096942,TRUE,TRUE
Young_1_CTATTGAAGGGCTTAT-1,Young,FAP1,0.0689132561572787,0,-6.14564058490086,5.99918701485492,TRUE,TRUE
Young_2_GCAGGCAAGCGATACT-1,Young,FAP1,0.0689275684725352,0.693147180559945,-5.77711126513767,5.89560797051288,TRUE,TRUE
Young_1_CGATTATCAGGCTAGA-1,Young,FAP3,0.0691829478244497,0,-8.23473188586521,2.82656743363239,FALSE,TRUE
Young_4_AAACGCGCACAATACT-1,Young,FAP1,0.0692382622217079,0,-7.5003936023264,0.50549036995269,TRUE,TRUE
Young_2_CGGATTAGTGTGCACG-1,Young,FAP1,0.0692528768639278,1.09861228866811,-5.76190826602268,4.5738291962514,TRUE,TRUE
Young_3_GGCGTTATCCTCGATC-1,Young,FAP1,0.0692641525024911,0.693147180559945,-6.2384659976511,5.70211841896869,TRUE,TRUE
Young_5_ACAGGCTGTTTGCGAA-1,Young,FAP1,0.0692751838488341,0,-7.18223783679295,2.50442578629352,TRUE,TRUE
Young_1_ATTGGTTCATAAGTCT-1,Young,FAP1,0.0693437345455523,0.693147180559945,-6.40261242099095,5.85205986336566,TRUE,TRUE
Young_2_GTTTAGCAGTAACAGG-1,Young,FAP1,0.0693895468721753,0.693147180559945,-6.55688736148167,3.38996126488544,TRUE,TRUE
Young_5_GCGCCTTGTACTTAGG-1,Young,FAP1,0.0694127546276739,1.38629436111989,-6.70185968585301,2.69502689675189,TRUE,TRUE
Young_2_CCATAGCCAAGCTTTG-1,Young,FAP1,0.069429198950326,1.09861228866811,-7.21852323718357,5.24777510002948,TRUE,TRUE
Young_4_GCGTGCTAGGAGGACT-1,Young,FAP1,0.0694412684548045,0,-8.23680326648045,1.80012895897723,TRUE,TRUE
Young_3_ACATCATCAAGTTATC-1,Young,FAP1,0.069448231973988,1.6094379124341,-6.35536977954197,5.94284632042743,TRUE,TRUE
Young_5_ATGTCATCAGTAGGTG-1,Young,FAP1,0.0696265966621859,0,-7.00295374102879,1.37325610951282,TRUE,TRUE
Young_5_GTTGCTGAGTATCGCG-1,Young,FAP1,0.0696530112928149,0,-6.29427978701878,2.91915204361774,TRUE,TRUE
Young_5_CGCAATAGTCGAAGTC-1,Young,FAP1,0.0696565301458048,0,-7.55505439944554,3.38381292656757,TRUE,TRUE
Young_1_AACCTTAAGGTTTGCG-1,Young,FAP1,0.0699726808723659,0,-7.56155035205174,0.404118254638683,TRUE,TRUE
Young_4_CGGCCATAGCCAAATC-1,Young,FAP1,0.0700177979348746,1.09861228866811,-7.74250623889256,2.52136471108295,TRUE,TRUE
Young_1_CGTTAACAGTTATCTC-1,Young,FAP1,0.070028224137265,0,-6.50559780307102,5.58645822838641,TRUE,TRUE
Young_3_ACCATTAAGCCGCTAA-1,Young,FAP3,0.0701685534858272,0,-7.79317114062596,3.08909990624286,FALSE,TRUE
Young_5_GTAAGCAAGTCACCTC-1,Young,FAP2,0.0701696000367464,0.693147180559945,-8.72577688403416,4.08968474701739,FALSE,TRUE
Young_2_CCCTCAGTCGATTTAG-1,Young,FAP3,0.0701806077739557,0.693147180559945,-8.36577245898533,3.17501761750079,FALSE,TRUE
Young_3_TGAAACTGTACCGAAC-1,Young,FAP1,0.0702280465946243,0,-6.36572668261814,6.43307592705585,TRUE,TRUE
Young_5_CCCAAATAGGGTCCAC-1,Young,FAP1,0.0702629801936472,1.09861228866811,-6.77221700854588,2.25447585419513,TRUE,TRUE
Young_1_CAGGTTTAGTCACCAG-1,Young,FAP1,0.0702635463542392,0,-8.27118894763279,1.34175100163318,TRUE,TRUE
Young_2_CGTGTGTCAGTTGCGT-1,Young,FAP1,0.0704583232512519,0,-7.21666166491795,5.52773668602802,TRUE,TRUE
Young_1_ATCACCCTCCTGAGTG-1,Young,FAP1,0.0705329324575947,0,-7.88239977069187,4.25720360115863,TRUE,TRUE
Young_5_GCTCATTGTTGGTGAC-1,Young,FAP1,0.0705710014030823,1.09861228866811,-7.27931711383152,3.25414469078876,TRUE,TRUE
Young_3_CTCTTGATCCCTGATC-1,Young,FAP1,0.0706293117149639,0.693147180559945,-6.71895668216038,2.25802912548877,TRUE,TRUE
Young_5_ATGACGAAGTAACGGA-1,Young,FAP1,0.07070013431031,0.693147180559945,-7.91525861926365,0.623992852724563,TRUE,TRUE
Young_1_CTGGTTACAGTTTACG-1,Young,FAP1,0.0708250376532176,0,-7.85766622729588,4.27247121170856,TRUE,TRUE
Young_3_CTATGAGGTCCTCCAA-1,Young,FAP1,0.0708577637652468,0,-8.07719728656101,5.37534334496356,TRUE,TRUE
Young_3_CTCTCACAGTGTGATC-1,Young,FAP1,0.0709121550949607,0.693147180559945,-6.67268011279392,5.50962736443378,TRUE,TRUE
Young_1_CTTTCTTGTGTTTGCT-1,Young,FAP1,0.0709851083439803,0,-7.21755764193821,5.04696752861835,TRUE,TRUE
Young_3_CTGGTTACATTGCGTA-1,Young,FAP1,0.0710653642633403,0.693147180559945,-6.94464227862644,3.64275052384235,TRUE,TRUE
Young_1_TAAGTAGCATGAGCAG-1,Young,FAP1,0.071100938329276,1.09861228866811,-5.95075962252903,5.54790451363422,TRUE,TRUE
Young_1_AAAGGACGTTCGGTAA-1,Young,FAP1,0.0712761459321851,0.693147180559945,-5.596062395051,3.52037861183978,TRUE,TRUE
Young_3_GCCCGTTGTGCACGCA-1,Young,FAP1,0.0712961289651575,0,-6.31932518191624,3.15976764992572,TRUE,TRUE
Young_2_TCAGCGATCACTAATG-1,Young,FAP1,0.0713839883876974,0,-7.87465307421971,0.0987753345141523,TRUE,TRUE
Young_3_TTTGCGGAGTCAATCA-1,Young,FAP1,0.071411208498902,0,-6.10615608401585,5.92582037285663,TRUE,TRUE
Young_2_CGGTAACGTACCGTAA-1,Young,FAP1,0.0714171402920805,1.38629436111989,-6.35201999850559,2.91382195786334,TRUE,TRUE
Young_3_GCCACACAGGCCAATT-1,Young,FAP1,0.0714231540402706,0.693147180559945,-6.19288990207005,5.05903055504657,TRUE,TRUE
Young_3_TGGACGGAGTCAGGCC-1,Young,FAP1,0.0714506671962001,0,-6.78983757205296,5.46939470604755,TRUE,TRUE
Young_5_TTGTAAGTCCTCCATA-1,Young,FAP1,0.0714560211773883,0,-6.04636022754002,6.12216808632709,TRUE,TRUE
Young_1_ATTAGGTGTCAAACTG-1,Young,FAP1,0.0715873398649913,0,-5.40898487277317,3.2718398793111,TRUE,TRUE
Young_1_ATGACGAAGCCTAACG-1,Young,FAP1,0.0717116820321595,0,-8.27401373095799,1.83041121796466,TRUE,TRUE
Young_5_CTAACCACAAAGCTCC-1,Young,FAP1,0.071757681992934,0,-6.64138576693821,5.52208759621478,TRUE,TRUE
Young_3_TTTCTTGCAATTTGGT-1,Young,FAP1,0.071832839157131,0.693147180559945,-6.44121954150486,5.72005846337177,TRUE,TRUE
Young_2_GGTGAGTAGGGCTAAA-1,Young,FAP1,0.0719840849112607,1.09861228866811,-5.94116327472019,5.91494180992938,TRUE,TRUE
Young_5_ATTGTCCGTAAGGTTT-1,Young,FAP1,0.072067270818322,0,-7.84413168139744,0.347396009459566,TRUE,TRUE
Young_1_CCACAATAGGGTGAAC-1,Young,FAP1,0.0721151472338306,0,-7.66347667880345,4.38915207222797,TRUE,TRUE
Young_3_TGTGCACCATATAACC-1,Young,FAP3,0.0721871869828776,1.38629436111989,-8.33494779773045,3.27397396401263,FALSE,TRUE
Young_3_GTTGGCGGTAATAACC-1,Young,FAP1,0.0722177163171373,0,-8.25741026110935,0.637269221104156,TRUE,TRUE
Young_5_ATGTAACGTCCTTCAG-1,Young,FAP1,0.0722893771965127,1.6094379124341,-5.81256315417576,5.87732508019305,TRUE,TRUE
Young_3_ATGGTGCGTACCGAAC-1,Young,FAP1,0.0723652401442574,0,-7.61998531527806,0.173580027974617,TRUE,TRUE
Young_5_GACCGAACAAAGGCCA-1,Young,FAP1,0.0725134215345087,0.693147180559945,-8.27901289172459,1.35476078823901,TRUE,TRUE
Young_4_AGGCAATCAATAATGG-1,Young,FAP1,0.0725684361007497,1.09861228866811,-6.17636892504978,5.06258299187518,TRUE,TRUE
Young_3_GAAGGATGTTATTGCC-1,Young,FAP1,0.0727346156580637,0.693147180559945,-6.48073408313084,1.3017910344968,TRUE,TRUE
Young_2_TCGGTTTGTCCTTTAA-1,Young,FAP1,0.0732249223126908,0,-7.75484487719822,3.10007812813617,TRUE,TRUE
Young_3_CATTGTGCAAGCGATG-1,Young,FAP1,0.0733891586881859,0,-6.23378488726902,4.7313285096059,TRUE,TRUE
Young_1_TGTCCTGGTAAGGTCC-1,Young,FAP1,0.0734146901956194,0,-6.35258743472386,5.89940883950092,TRUE,TRUE
Young_3_CGGCAATGTTCGCTTG-1,Young,FAP3,0.0734152936187589,0,-8.39985964007664,2.60611417130328,FALSE,TRUE
Young_2_CATCACACAATGAGGT-1,Young,FAP1,0.0734301028427096,0,-6.40809223361302,4.95275022820331,TRUE,TRUE
Young_1_TGAGGGCCAGTATGTT-1,Young,FAP1,0.0734422522410636,0,-6.51229402728367,5.59084656075336,TRUE,TRUE
Young_3_CTTCGCGTCGGGCCAT-1,Young,FAP1,0.073615694141747,1.09861228866811,-7.36750433154392,5.56309368447162,TRUE,TRUE
Young_2_CTCATGACATCACAGC-1,Young,FAP1,0.073878613422,0.693147180559945,-6.69516966052342,4.46945240334369,TRUE,TRUE
Young_2_CGTTATTTCCGTCCAT-1,Young,FAP1,0.074006135655317,1.09861228866811,-7.21473285861302,4.97769501046039,TRUE,TRUE
Young_3_CCGTGCTGTAAGTCGC-1,Young,FAP1,0.0741154063523073,0,-5.58813163943577,2.89484860733844,TRUE,TRUE
Young_2_GACTCACCAGGAAGCC-1,Young,FAP1,0.0741987688948615,1.09861228866811,-5.4445788592844,5.09432270363666,TRUE,TRUE
Young_5_GTCATTAAGCAGGTTT-1,Young,FAP1,0.0742869476673729,0.693147180559945,-7.07651683993626,2.70722200707294,TRUE,TRUE
Young_1_GGACTAAAGTGAGAGC-1,Young,FAP1,0.0742914697050869,0.693147180559945,-5.9006712169199,3.42434336975909,TRUE,TRUE
Young_3_AGTAAACAGGGCTAAA-1,Young,FAP1,0.0743128706600817,0.693147180559945,-5.77691766925144,4.01809432343341,TRUE,TRUE
Young_3_GGTTCTTGTGATGAAA-1,Young,FAP1,0.0743496492777962,0.693147180559945,-7.58957597918797,3.28743722275592,TRUE,TRUE
Young_1_CCTAAATCAATTTGGT-1,Young,FAP3,0.0743700943965631,1.09861228866811,-8.47219583697605,3.53362181023456,FALSE,TRUE
Young_5_GTTGGCGGTTCACCCA-1,Young,FAP1,0.0744302755576189,0,-7.81151983447361,5.4451260788808,TRUE,TRUE
Young_5_TCTACTAGTAGGTTAT-1,Young,FAP1,0.074815699266984,1.38629436111989,-6.51339361377049,5.59569361046649,TRUE,TRUE
Young_1_TGGTAAACAAGGTGCA-1,Young,FAP1,0.0748482907051322,1.09861228866811,-5.70655128665257,4.59160139397479,TRUE,TRUE
Young_3_GTATTGATCATTACTC-1,Young,FAP1,0.0748548272293537,1.09861228866811,-7.11544010348606,4.18963935211993,TRUE,TRUE
Young_1_GTCCAGGGTGCGCGTA-1,Young,FAP1,0.0748872226168595,0,-5.87460920520115,3.43123104409076,TRUE,TRUE
Young_1_AGTCAGGCAAGCTTTG-1,Young,FAP1,0.0749725907257477,0.693147180559945,-5.3692991466074,3.28901007012225,TRUE,TRUE
Young_4_CCAGACTCAATAGCAA-1,Young,FAP1,0.0749962902677867,1.09861228866811,-7.61930820651341,0.273836821175586,TRUE,TRUE
Young_1_TAGCTTAAGCTCCCTG-1,Young,FAP1,0.075001182253569,0.693147180559945,-6.00836250491429,6.04182579354144,TRUE,TRUE
Young_2_TGGCCAATCGACCTGA-1,Young,FAP1,0.0752621436566759,0,-7.61998769946385,0.261936947561275,TRUE,TRUE
Young_1_TGGTTGAGTTGCACGG-1,Young,FAP1,0.0752799384713363,0,-7.70506403155613,5.05387260750629,TRUE,TRUE
Young_5_AGTCCTGAGCCGGTAC-1,Young,FAP1,0.0754929044950528,1.09861228866811,-6.80462572284031,5.70304109886981,TRUE,TRUE
Young_2_TTCGCAACAAATTGCT-1,Young,FAP1,0.075493420437768,0,-7.4961735934763,5.25212910012103,TRUE,TRUE
Young_5_ACAAAGGTCGCTAGTG-1,Young,FAP1,0.0755104050795499,0.693147180559945,-5.41540500827122,5.10221721962787,TRUE,TRUE
Young_3_TACAATGTCAGGAAGC-1,Young,FAP1,0.0756006511277583,0,-7.72822496600437,0.709214441336166,TRUE,TRUE
Young_3_GCCTGCTGTACTTCAC-1,Young,FAP1,0.0756028382203446,0.693147180559945,-6.04696676440525,3.31763627365924,TRUE,TRUE
Young_3_TTTGGCTGTAGACAAA-1,Young,FAP1,0.075645077310778,0.693147180559945,-7.6488401622324,4.77894928292133,TRUE,TRUE
Young_3_GATTAAGCATCCCGCT-1,Young,FAP1,0.075648138041001,0,-6.19364235110569,6.1043753846059,TRUE,TRUE
Young_4_GGTTGAGCAGGCTACT-1,Young,FAP3,0.0756881551320807,0,-8.13066789813328,1.98147501782275,FALSE,TRUE
Young_3_GGCCTTCGTCAGGAAG-1,Young,FAP1,0.0758034555567724,0.693147180559945,-5.62884876437474,2.86710097626544,TRUE,TRUE
Young_1_TTGCAACAGGGCCATC-1,Young,FAP1,0.0758059746161246,0,-7.5226456851511,5.18850853279926,TRUE,TRUE
Young_2_GATTCGCCACGAACAG-1,Young,FAP1,0.076010676772662,0.693147180559945,-7.56064960665989,4.51633026436664,TRUE,TRUE
Young_1_CAGGCTGGTTGTCATC-1,Young,FAP1,0.0760241184628541,0,-6.40944692797947,4.93603756264545,TRUE,TRUE
Young_1_TAGTGGCGTTGCACAA-1,Young,FAP2,0.0760897700544159,1.09861228866811,-8.73692152209568,2.75527789429523,FALSE,TRUE
Young_3_ATTACTGAGGATTGAG-1,Young,FAP1,0.0761598835175121,1.09861228866811,-6.12824508853245,4.6577987892995,TRUE,TRUE
Young_3_TACTTGTTCGGGCCAT-1,Young,FAP1,0.076162780276035,0.693147180559945,-5.93420812793064,5.47637131050922,TRUE,TRUE
Young_3_TGATCAGGTGACCTGG-1,Young,FAP1,0.0762181207020403,1.38629436111989,-5.98645946688938,5.37313368157245,TRUE,TRUE
Young_5_GTGCTTCTCCTAAATG-1,Young,FAP1,0.0762644964682266,0,-6.64140388675022,4.78100731209613,TRUE,TRUE
Young_3_TAGGAACCATAACGGG-1,Young,FAP1,0.0763267095905764,0,-7.09020683474827,5.14522793129779,TRUE,TRUE
Young_1_GGTAAGGGTTCAAGAT-1,Young,FAP3,0.0763475473358302,1.09861228866811,-8.85103914447117,4.10494401291705,FALSE,TRUE
Young_3_GCAAGTCGTGAATCGC-1,Young,FAP1,0.0763621406282806,0,-5.32747432894993,1.99837460354663,TRUE,TRUE
Young_3_CGTCCTAGTCAATGTG-1,Young,FAP1,0.0763633992548902,0,-5.77673074908543,4.17719485596515,TRUE,TRUE
Young_1_GGCTTCAAGGGACTAA-1,Young,FAP1,0.0764316829849525,0,-6.33316442675877,6.37935449913837,TRUE,TRUE
Young_2_TTGTCCCAGTAAGTGG-1,Young,FAP1,0.0764518561466892,0,-6.00908729739475,4.29768612221576,TRUE,TRUE
Young_5_CAAGGCTGTGCATCGG-1,Young,FAP1,0.0764862278584193,0,-6.82845327563572,4.89354231194354,TRUE,TRUE
Young_5_GTTCCCAGTTTGCTGT-1,Young,FAP1,0.0764869720653827,0,-8.18353006549168,1.13903649882175,TRUE,TRUE
Young_1_TTGGGTTAGTCAGTAC-1,Young,FAP1,0.0769890067644994,1.09861228866811,-5.4651152820139,3.55075170830585,TRUE,TRUE
Young_4_TTTCCACCAACATAAG-1,Young,FAP1,0.0771614849597153,0,-7.055197450593,2.75894572571613,TRUE,TRUE
Young_2_AGAAGGTGTCCCGGAA-1,Young,FAP1,0.077216796872905,1.38629436111989,-6.86553117938328,3.01755621270038,TRUE,TRUE
Young_5_TGGTCCTTCCAGGTTG-1,Young,FAP1,0.0772760870265802,0.693147180559945,-8.25570604510594,0.696301065243255,TRUE,TRUE
Young_5_GATTCATCAGAAATGC-1,Young,FAP1,0.0773179560800337,0.693147180559945,-7.86490270800877,4.04811909035541,TRUE,TRUE
Young_5_GGAACCTGTCACTCGC-1,Young,FAP1,0.0774691653156874,0.693147180559945,-7.90160200305271,1.31113209561206,TRUE,TRUE
Young_3_GACCTAAGTGTTAAAC-1,Young,FAP1,0.0774872961575195,0.693147180559945,-6.16264602847386,6.34040977791644,TRUE,TRUE
Young_3_CGCCTGTGTTGCAGTA-1,Young,FAP1,0.077615836225402,0.693147180559945,-5.63457700915623,3.21357753113605,TRUE,TRUE
Young_3_TGCTTAAAGTCACCTC-1,Young,FAP1,0.0777182876111002,0,-5.94307348437596,5.53688194588519,TRUE,TRUE
Young_5_TACCTTTAGGCGCTTA-1,Young,FAP1,0.0777742135074648,0,-5.93882200427342,5.34704115227557,TRUE,TRUE
Young_1_CTAAGTCAGTCTCACC-1,Young,FAP1,0.0777790365779598,0,-6.98789617724705,2.85543348625995,TRUE,TRUE
Young_5_TCATTTGGTGATGAAA-1,Young,FAP1,0.0778118739828817,0,-5.75237486071873,3.17855932549335,TRUE,TRUE
Young_5_TGACCAAGTATTGGTG-1,Young,FAP1,0.0778421868103854,0,-7.29978344149876,3.72547724083759,TRUE,TRUE
Young_1_GACAATACATGCAACC-1,Young,FAP1,0.0779076676499226,0,-7.09240457721043,4.93861772850848,TRUE,TRUE
Young_2_CGTTATCGTGGGTACT-1,Young,FAP2,0.0779364437538535,0,-9.46657297320652,5.05346109703876,FALSE,TRUE
Young_1_CACAATATCCCGAAGC-1,Young,FAP1,0.0780619558783897,1.09861228866811,-6.05904361911106,4.11643435791827,TRUE,TRUE
Young_5_GACGTAAAGTTGCCTC-1,Young,FAP1,0.0780680529989715,0,-6.07234785266209,5.87039663628436,TRUE,TRUE
Young_3_GGTACTAGTTGGTTGA-1,Young,FAP1,0.078079314427522,0.693147180559945,-7.4224054545908,5.41271402672626,TRUE,TRUE
Young_1_CTTCATCCACGAACAG-1,Young,FAP1,0.0781595190521616,0,-7.09705755420017,6.07133867577411,TRUE,TRUE
Young_3_GGTGTTGTCGTCCTTA-1,Young,FAP1,0.0783164264772456,0.693147180559945,-6.82409116931248,5.73056843117572,TRUE,TRUE
Young_5_CAACTAATCTCAATTC-1,Young,FAP1,0.0784403997676737,0.693147180559945,-5.79786464877415,5.87183525399066,TRUE,TRUE
Young_2_GCCAACATCTGTAAGC-1,Young,FAP1,0.0785287396021022,1.6094379124341,-6.66744920916844,2.63366439179279,TRUE,TRUE
Young_5_GCGATTAGTGTTTCAC-1,Young,FAP1,0.0786098708119601,0,-7.84703657336521,0.384704638130438,TRUE,TRUE
Young_5_GGTAATTGTGCTTACT-1,Young,FAP1,0.0786510982368038,0,-6.46460649676609,3.30896642044879,TRUE,TRUE
Young_3_ATAGATGCAAGGTAAC-1,Young,FAP1,0.0786612966368929,0,-6.8271758288889,1.66236867741443,TRUE,TRUE
Young_2_ATGACAACAATATAGG-1,Young,FAP3,0.0787903998833324,0,-8.73328897662449,3.8126945717702,FALSE,TRUE
Young_1_TTGCAAGGTACTGATG-1,Young,FAP1,0.0789687881211658,0.693147180559945,-6.74277708239842,3.58102991417743,TRUE,TRUE
Young_1_GCTGGTTCATTGTGCA-1,Young,FAP1,0.0791028834164278,1.79175946922806,-5.34456894107151,5.12068464592792,TRUE,TRUE
Young_5_GGAGGTTAGGTCATTA-1,Young,FAP1,0.0791417872993216,0,-7.09232780642796,5.38233663872577,TRUE,TRUE
Young_5_CCAGCCTGTTATCGAG-1,Young,FAP1,0.0792678866457712,0.693147180559945,-6.98689529605198,2.40048243836261,TRUE,TRUE
Young_2_CAATAAGCAACAGGTG-1,Young,FAP3,0.079318384246033,0,-7.90567228503514,4.27164223030902,FALSE,TRUE
Young_4_CCCTGTTAGGACCTCA-1,Young,FAP1,0.0793896692418583,0,-5.78104135699558,4.09019043282367,TRUE,TRUE
Young_1_TCAGGTCCAGGACCTT-1,Young,FAP1,0.0793928218499342,0.693147180559945,-6.42351267047215,3.26955439881183,TRUE,TRUE
Young_3_CGTGACATCTTGGACG-1,Young,FAP1,0.0794376787059212,0.693147180559945,-5.85445139117527,5.47642710045673,TRUE,TRUE
Young_1_CCATAATCAGTTGCGT-1,Young,FAP1,0.0794915979526714,0,-7.48138162799168,5.26751663521625,TRUE,TRUE
Young_3_CCTAGTTGTCATGAGC-1,Young,FAP1,0.0796726624621078,0.693147180559945,-7.07422182269383,2.75288321808673,TRUE,TRUE
Young_5_TAGCTTGCAACCTGGT-1,Young,FAP1,0.0798427161475614,0,-7.59139177508641,0.740720145262253,TRUE,TRUE
Young_3_GCCTACTTCAATCATG-1,Young,FAP1,0.0798675050412805,0,-7.09562465853977,2.72528841332294,TRUE,TRUE
Young_4_CATCAGCCAATTGCGC-1,Young,FAP1,0.0798915915452572,0,-7.01521799273777,2.83492805794574,TRUE,TRUE
Young_1_GCAAACCGTACAAAGA-1,Young,FAP1,0.0799084404998407,0,-5.33489200778294,1.98799755410052,TRUE,TRUE
Young_3_CTGGTCAAGTAAGTGG-1,Young,FAP1,0.0800147856355116,1.38629436111989,-7.6943895549326,4.39634516075946,TRUE,TRUE
Young_2_CATGCGCAGGAACCAA-1,Young,FAP1,0.0801218340489953,0.693147180559945,-7.38618681140232,5.48782350853778,TRUE,TRUE
Young_4_CTCTGTTCAGGGAGGA-1,Young,FAP1,0.0801767679677454,0,-8.35450670428562,1.89910163716174,TRUE,TRUE
Young_1_GCGCAATGTGCAACTA-1,Young,FAP1,0.0802621966083894,0,-6.83957407183933,2.60620882347919,TRUE,TRUE
Young_1_GCTGCACAGTAGCCAT-1,Young,FAP1,0.0802908873536494,0,-4.8362614841013,3.13935973481036,TRUE,TRUE
Young_2_TTCGGTACACCGGCTA-1,Young,FAP1,0.0803553417971502,0,-8.47802278704929,0.962675295628082,TRUE,TRUE
Young_1_CAACCCTTCATTCATC-1,Young,FAP3,0.0803811439882409,0,-8.4836151332407,3.53164317444659,FALSE,TRUE
Young_2_TTTCGTCCATTATGAC-1,Young,FAP1,0.0804721975793798,0,-6.75645754046726,5.29010155037738,TRUE,TRUE
Young_2_TCCAGGTCATACTCCT-1,Young,FAP3,0.0804979711486631,0.693147180559945,-7.74365446276951,4.3693204148183,FALSE,TRUE
Young_5_GTCGAAGCAGGCTAAG-1,Young,FAP1,0.0805994144549436,0.693147180559945,-6.8003351420908,5.48155214623309,TRUE,TRUE
Young_5_CCAAGTTAGGGCCATC-1,Young,FAP3,0.0806570143203111,0,-8.4971534938364,2.78017356232501,FALSE,TRUE
Young_3_TACCTTTAGGTAGCTT-1,Young,FAP1,0.0806918771759611,0.693147180559945,-7.07363245196629,2.76173498467303,TRUE,TRUE
Young_5_TCTTTGTAGGATTGAG-1,Young,FAP1,0.0807660045247425,0.693147180559945,-6.48362228579808,3.32963397339679,TRUE,TRUE
Young_2_TGGAACAAGCTTGCTC-1,Young,FAP1,0.0808157250070458,0,-5.42003509707737,1.63790061310626,TRUE,TRUE
Young_4_AATTTGGTCCTGAGTG-1,Young,FAP1,0.0808713387908484,0,-8.16203329272556,2.00064124897815,TRUE,TRUE
Young_5_AAGTGTTGTGATCATG-1,Young,FAP1,0.0808738881135893,1.09861228866811,-5.74805900759983,4.52214529351093,TRUE,TRUE
Young_4_CCGTTAACAGGACACA-1,Young,FAP1,0.080942711602876,0,-7.89661142535496,1.79908563927509,TRUE,TRUE
Young_1_CTCCGGACAAGGTGGC-1,Young,FAP1,0.0809947945190501,0,-5.78413650698948,3.98729159668781,TRUE,TRUE
Young_1_GGAGTGAGTAACCAGC-1,Young,FAP1,0.0810373088435283,0,-5.43998882479954,1.56536438301898,TRUE,TRUE
Young_5_TATCACGCATCACAGC-1,Young,FAP1,0.0810509540568578,0,-6.00619623370457,3.87628724411823,TRUE,TRUE
Young_2_TTGTGTGCACAAAGGT-1,Young,FAP1,0.0811139276048651,0,-6.75585767932224,3.59592916802264,TRUE,TRUE
Young_3_AAAGCTTGTTGAGGTC-1,Young,FAP1,0.0811242575567448,0.693147180559945,-6.0432402820139,4.29965808228351,TRUE,TRUE
Young_5_GCCTTAACAGGCGAGT-1,Young,FAP1,0.0811663615009539,0,-8.2225706309824,0.641213975704681,TRUE,TRUE
Young_2_ATGGCCCAGTAAGTCC-1,Young,FAP2,0.0814321390163642,0.693147180559945,-8.48964807696629,2.7802181465993,FALSE,TRUE
Young_2_AAGGATCCAGGCGAGT-1,Young,FAP3,0.0814703209081018,0,-8.25308916278172,3.46818926171161,FALSE,TRUE
Young_5_AGGAAACGTTGGTTAG-1,Young,FAP1,0.0818748482595468,1.6094379124341,-6.77096054263401,1.60808446244098,TRUE,TRUE
Young_1_GCCTTGCGTGAGACTC-1,Young,FAP3,0.0818958470210038,0.693147180559945,-8.35699770160008,3.25832130745746,FALSE,TRUE
Young_2_GGATACTTCCTCCCTC-1,Young,FAP1,0.0820214266687138,1.09861228866811,-6.05473062701512,5.35242988900043,TRUE,TRUE
Young_5_CGGATAAAGTCATTGA-1,Young,FAP1,0.0821512654117539,0,-8.25964090533543,0.858923278606903,TRUE,TRUE
Young_1_ATTGCGCCACGCAACT-1,Young,FAP1,0.0822468558158866,0.693147180559945,-6.84999296374607,2.23569073513843,TRUE,TRUE
Young_3_GTACTTAAGGGACTAA-1,Young,FAP1,0.0823253201941547,0.693147180559945,-6.14202282138157,6.29203417137958,TRUE,TRUE
Young_3_GTCGCAATCGACAAAG-1,Young,FAP1,0.082329872237195,0.693147180559945,-6.80694601245213,2.60481335953571,TRUE,TRUE
Young_2_TTGCTCTCATAGCGAG-1,Young,FAP3,0.0824399103206894,0.693147180559945,-8.66104814715672,3.57803633049823,FALSE,TRUE
Young_2_CCACTTGGTCGTTACT-1,Young,FAP1,0.082546540451049,0,-7.0209891528635,2.84804155663348,TRUE,TRUE
Young_1_CGTAACCCAAAGCTCC-1,Young,FAP1,0.0825668486077722,0,-8.50086805529881,0.956648789204132,TRUE,TRUE
Young_2_GAACCTTAGTATTGGC-1,Young,FAP1,0.0826141546134398,0,-7.38538286395359,5.47766735390521,TRUE,TRUE
Young_3_AAGACCAAGCAACATC-1,Young,FAP1,0.0826500298799633,0.693147180559945,-6.70826837725926,1.39782931641437,TRUE,TRUE
Young_5_CGTAGCGGTGAGCACT-1,Young,FAP1,0.08270063774921,0,-7.94918367572117,0.737825058258545,TRUE,TRUE
Young_1_ACGTACCCATAAGCAA-1,Young,FAP1,0.0827136315172203,0,-7.0082642764597,2.23798396424152,TRUE,TRUE
Young_2_GTACTAATCATCAGTA-1,Young,FAP1,0.0827552585015043,0,-6.05121824450779,6.11320164040424,TRUE,TRUE
Young_3_CTATTACTCTGTAAGC-1,Young,FAP1,0.0829142008358943,1.6094379124341,-6.09777185626316,5.92820312813617,TRUE,TRUE
Young_3_ACCAAACTCCGGGACT-1,Young,FAP1,0.0829544227360386,0,-8.25630972094822,0.810277156389724,TRUE,TRUE
Young_4_TACGTTAAGCAAGACA-1,Young,FAP1,0.0829685170552255,0.693147180559945,-7.12642881579685,2.70784976319171,TRUE,TRUE
Young_5_GTGCACGGTAATGACT-1,Young,FAP1,0.0830182992997802,0,-7.94192335315037,0.636649362600815,TRUE,TRUE
Young_5_GAGCATGCAACTCGCG-1,Young,FAP1,0.0830810622541263,0.693147180559945,-7.84762785144139,4.31725504235126,TRUE,TRUE
Young_5_CGTTATCGTAATAACC-1,Young,FAP1,0.0831035995181115,0.693147180559945,-6.92730543322849,2.97996332482196,TRUE,TRUE
Young_1_GTGCTCAAGCTAATTG-1,Young,FAP3,0.0832579306122647,0,-8.84554121203709,4.04743745163776,FALSE,TRUE
Young_3_GTTTACCGTGAGGTGA-1,Young,FAP1,0.0832972334180635,0,-6.17443105883885,5.15610935524799,TRUE,TRUE
Young_4_GTGGACACAGCTAATT-1,Young,FAP1,0.0835252048722426,0,-7.68451044268894,2.47176005677081,TRUE,TRUE
Young_1_CTTACCGGTCAAGTAT-1,Young,FAP1,0.0836795116926954,0.693147180559945,-7.55576202578831,3.22007491425372,TRUE,TRUE
Young_5_ACCGCAATCGCAATCG-1,Young,FAP1,0.0836979203357228,0,-7.38267395205784,0.66794162229396,TRUE,TRUE
Young_1_GCAAACTTCTTAGGAC-1,Young,FAP1,0.0837212573112758,0,-8.3578941554575,1.50671973065234,TRUE,TRUE
Young_3_CATCCTGGTCCTAATC-1,Young,FAP1,0.0837683514399528,0.693147180559945,-7.40599748797703,5.42372324303485,TRUE,TRUE
Young_2_GAAGTGATCCTCGATC-1,Young,FAP1,0.0838531019544817,0.693147180559945,-6.7262909144907,2.24312307671405,TRUE,TRUE
Young_2_GTACCGGGTAACGGGA-1,Young,FAP1,0.0838928551845131,1.09861228866811,-6.75164243884373,1.9177127106557,TRUE,TRUE
Young_5_ACACGGACAGGACCAA-1,Young,FAP1,0.0839754033575415,0,-7.3621461123972,0.707393012798797,TRUE,TRUE
Young_4_ATTGTGATCTACCTAT-1,Young,FAP1,0.0839992869048531,0,-8.20493814654637,1.78898372486926,TRUE,TRUE
Young_5_CTTCTAAGTTGAGGTC-1,Young,FAP1,0.0840084346511404,0.693147180559945,-7.32737800784397,0.771939925707351,TRUE,TRUE
Young_5_GCGCCTTGTTGAGCCG-1,Young,FAP1,0.0841057513856507,1.09861228866811,-6.67168066211033,5.53283026055194,TRUE,TRUE
Young_5_CGCGATTCACTAAATC-1,Young,FAP1,0.0841118732684105,0,-5.62721082873631,4.7866468651662,TRUE,TRUE
Young_5_CCATCACTCTCGCCCA-1,Young,FAP1,0.0842714706199248,0,-6.9440815181284,1.7876975758443,TRUE,TRUE
Young_4_CCCTAATGTATTTGCC-1,Young,FAP1,0.0842741352517606,0.693147180559945,-7.34230777926731,0.745678119219314,TRUE,TRUE
Young_3_TGTTGGCCACGAACAG-1,Young,FAP1,0.0844187966081123,0,-7.06655857272434,1.44874694184161,TRUE,TRUE
Young_3_GGATTCAGTAGGTTTG-1,Young,FAP1,0.0844968302907709,0,-6.43406555362034,4.82339813546039,TRUE,TRUE
Young_1_AGTACGCGTTGGTTCT-1,Young,FAP3,0.0845001349156811,0.693147180559945,-8.09001562304783,2.65802957848407,FALSE,TRUE
Young_3_CGCAAATTCAAGCCTG-1,Young,FAP1,0.0845658947364463,0,-7.04559919543553,4.21978452042438,TRUE,TRUE
Young_5_GCGCGATTCATTAGCA-1,Young,FAP1,0.0845683388834733,0,-6.71723911471653,5.20598032311298,TRUE,TRUE
Young_5_GTGTGAGCACTTAGGC-1,Young,FAP1,0.0846363024042285,0.693147180559945,-6.85873005099583,3.08541371659137,TRUE,TRUE
Young_2_TCATAACCATGGCCTG-1,Young,FAP1,0.0847727865684718,0,-7.70608446307469,5.10171701744891,TRUE,TRUE
Young_3_AGGGCTACATCAGCAC-1,Young,FAP1,0.0847836815100385,0.693147180559945,-7.39336225695896,5.4484629853139,TRUE,TRUE
Young_1_ATATGCATCTCACATT-1,Young,FAP3,0.0848031896435471,0,-8.76423189349461,3.75848676995135,FALSE,TRUE
Young_1_TGTGCAAGTCAATACG-1,Young,FAP1,0.0848510374950582,0,-5.5487310618906,5.0397773011098,TRUE,TRUE
Young_1_TATCACGCAGCCAGTT-1,Young,FAP1,0.0848663436134984,0.693147180559945,-7.71128580279637,5.09851887062885,TRUE,TRUE
Young_5_AGACTATGTTTGTCTA-1,Young,FAP3,0.0849905397800272,0.693147180559945,-7.92855951495457,4.27640631035663,FALSE,TRUE
Young_2_GTCCTCAGTAGCTGGT-1,Young,FAP1,0.0850019112966884,0,-6.80583021350193,1.97205128506519,TRUE,TRUE
Young_2_GTAGGATCACTTAACG-1,Young,FAP1,0.0851310077275342,0,-5.65903637118626,2.82254268959857,TRUE,TRUE
Young_2_CTTCAGGAGGAGCAAC-1,Young,FAP1,0.0851536393715007,1.38629436111989,-6.75103542514134,5.27169897393085,TRUE,TRUE
Young_3_TCACTGACAGCCTTGG-1,Young,FAP1,0.0851890254011209,0.693147180559945,-8.1768581599741,2.0080265028844,TRUE,TRUE
Young_1_TCAGGAGCAGGATTAA-1,Young,FAP1,0.0853999340504066,0.693147180559945,-7.20253584094334,5.23736431435443,TRUE,TRUE
Young_1_AAGGATGTCTTGCAGG-1,Young,FAP1,0.0855016558475903,0.693147180559945,-5.9992081851511,4.04974438980914,TRUE,TRUE
Young_2_CTTGTAAAGACACTTA-1,Young,FAP1,0.0855212039201811,0,-6.64006302066136,2.24770822361804,TRUE,TRUE
Young_5_CGAGGTGAGTCATGCG-1,Young,FAP1,0.0857342855352236,0.693147180559945,-7.39346096225071,0.658557824648391,TRUE,TRUE
Young_5_CTCTGTTCATGATTGT-1,Young,FAP1,0.0859172344843543,0,-7.63795730777073,0.775436036146652,TRUE,TRUE
Young_3_CTTGGACCACCATATG-1,Young,FAP1,0.0860083869609625,0,-6.5851947993784,2.90099980667926,TRUE,TRUE
Young_5_GTTAAGCTCCTACCTA-1,Young,FAP1,0.0860716922764881,0,-6.56986496157933,5.57201006249286,TRUE,TRUE
Young_3_TCCCTGGTCTCAATGA-1,Young,FAP1,0.0861836355496473,1.09861228866811,-7.63397428698826,0.183343268788826,TRUE,TRUE
Young_5_TTGGATCAGCTCAAAC-1,Young,FAP1,0.0862176868499152,0,-8.52910539813328,1.55785682038165,TRUE,TRUE
Young_3_GAGGAGGCAGGTTAAA-1,Young,FAP1,0.0862407306662725,0,-6.88111278720188,3.06761839226581,TRUE,TRUE
Young_3_AGGCTAAAGGAGTCTT-1,Young,FAP1,0.0863299556070922,0,-7.9045307368784,4.16274049118854,TRUE,TRUE
Young_5_GACCGAACATGAAATG-1,Young,FAP1,0.0863368239767142,1.38629436111989,-7.93038961596775,2.63020160034991,TRUE,TRUE
Young_3_GAACCTTAGTTATGTG-1,Young,FAP1,0.0865396589050419,0,-7.3656484813242,0.714242301739227,TRUE,TRUE
Young_3_CGAAGTAAGCACAGAA-1,Young,FAP1,0.0865721517470841,0.693147180559945,-6.7317578525095,2.23976447419025,TRUE,TRUE
Young_2_CGTTATCGTGACCTGG-1,Young,FAP1,0.0866586332895998,0,-6.93619749255467,2.99593760804034,TRUE,TRUE
Young_5_AATTGACGTCCTTAGT-1,Young,FAP1,0.0866652742060107,0,-8.18524763293553,0.645745478428375,TRUE,TRUE
Young_1_GTGGCTTCAGAATGAC-1,Young,FAP1,0.086773723944114,0.693147180559945,-7.16132852740574,2.69039800003864,TRUE,TRUE
Young_3_GTGGACACACAAAGCG-1,Young,FAP1,0.0867872718065383,0,-6.15085766024876,6.03868009880878,TRUE,TRUE
Young_3_TTCGTTAGTCACACCC-1,Young,FAP3,0.0868233417387718,1.09861228866811,-8.12618276782322,2.65617372826434,FALSE,TRUE
Young_1_CAGATTCAGTGAGAGC-1,Young,FAP1,0.0869298207587135,0,-7.56102726168919,3.17593672112323,TRUE,TRUE
Young_1_GTTGCGGGTTACTAGG-1,Young,FAP1,0.0869513911682898,0,-5.53508064456272,5.04091551140643,TRUE,TRUE
Young_1_AAGTGAAGTTAACAGT-1,Young,FAP1,0.0869883106896778,0,-6.34602377124119,2.26792814568378,TRUE,TRUE
Young_1_CGAGGAAGTTACTTCA-1,Young,FAP3,0.0870032210504546,0,-8.52067491717625,3.53610398606158,FALSE,TRUE
Young_5_GTGGCTTCACGCAACT-1,Young,FAP1,0.0870547874554375,0,-7.50126669116307,3.24695756272174,TRUE,TRUE
Young_3_TAGCAGGCATGTGGGA-1,Young,FAP3,0.087099690070314,1.09861228866811,-7.7198793620615,4.40409185723163,FALSE,TRUE
Young_1_CACAAGCGTCCCGGAA-1,Young,FAP1,0.0871083518820468,0.693147180559945,-7.10167524524021,4.9242348893056,TRUE,TRUE
Young_1_GTCGAAGCAGTCTAAT-1,Young,FAP1,0.0871143885842471,0,-5.89083025164891,3.40733268097736,TRUE,TRUE
Young_5_CCATAAATCATGGCTG-1,Young,FAP1,0.0871629738918873,1.6094379124341,-7.06025573916722,1.73095550373889,TRUE,TRUE
Young_3_AACGCCCAGTAACGGA-1,Young,FAP1,0.0872905181672827,0,-7.10095998950291,5.22733118370868,TRUE,TRUE
Young_4_ATGTCCACACAGAACG-1,Young,FAP1,0.0872922662884861,0.693147180559945,-6.61856338687229,5.55701305703021,TRUE,TRUE
Young_5_CTAGATTCAAGCCAGA-1,Young,FAP1,0.0874832157044435,0,-7.63808366961766,0.101971022642624,TRUE,TRUE
Young_1_GCTTTGTGTCACAGCG-1,Young,FAP1,0.0875206702371267,0.693147180559945,-8.03497812457371,5.35662462548114,TRUE,TRUE
Young_2_AGGTTGCGTTCCATTA-1,Young,FAP3,0.0876174674927328,0,-8.6415855617075,3.83132078484393,FALSE,TRUE
Young_3_CAAGTGAAGCGTGCGT-1,Young,FAP1,0.0876301702306375,1.09861228866811,-5.83108350940037,4.93677236870624,TRUE,TRUE
Young_1_TTGTAAGTCCGGTATG-1,Young,FAP1,0.0877119383826668,0,-6.64727232165623,1.3343751652608,TRUE,TRUE
Young_5_TGCGCAGGTCCTTTAA-1,Young,FAP1,0.0877142831189456,0,-7.75002309985447,0.739505164183151,TRUE,TRUE
Young_1_ACATTGCAGCATGGTT-1,Young,FAP1,0.0877529695221044,0,-8.19413206286717,5.74039604500629,TRUE,TRUE
Young_1_TGCATTAAGTCCTTCA-1,Young,FAP1,0.0878295182798912,0,-8.17591783709812,5.4701504929433,TRUE,TRUE
Young_5_ATGACAACAATTTGGT-1,Young,FAP1,0.087844183875966,0,-6.03929588504124,3.33561994866229,TRUE,TRUE
Young_5_CAAGTTATCCAATTAG-1,Young,FAP1,0.0879689831915966,1.09861228866811,-6.02743551440525,4.29085566834308,TRUE,TRUE
Young_5_ATGAGCCGTAATGGCC-1,Young,FAP1,0.0880011307769655,0,-8.13484308429051,1.97361149624683,TRUE,TRUE
Young_5_ATGAAGTAGAGCCGCT-1,Young,FAP1,0.0880154752581213,0,-6.28587553210545,4.33670856789447,TRUE,TRUE
Young_5_CAGCTATAGTCAATTG-1,Young,FAP1,0.0880306254180439,0.693147180559945,-7.63068029589939,0.336745798911374,TRUE,TRUE
Young_3_TTCCTCAAGTCCTTCA-1,Young,FAP1,0.0881015793642783,1.09861228866811,-6.46499607272434,4.71666910485126,TRUE,TRUE
Young_5_CGGTTATAGAACCTGT-1,Young,FAP1,0.0882607038773612,0,-7.63364383883763,0.256477407969009,TRUE,TRUE
Young_2_GAGTCAAAGGAGTCTT-1,Young,FAP1,0.088269878675308,0.693147180559945,-7.67941829867649,5.32635547951556,TRUE,TRUE
Young_5_TCTCCTCGTTGCACAA-1,Young,FAP1,0.0884058914275148,1.09861228866811,-5.99438450045872,5.35591080025531,TRUE,TRUE
Young_5_ATCGAGGCAGTTTGGC-1,Young,FAP1,0.0885132527597383,0,-5.84842989154148,5.39361145333148,TRUE,TRUE
Young_5_GACTTGGTCACTTTAC-1,Young,FAP2,0.0885969012929704,0,-8.90394041247654,4.31661751107074,FALSE,TRUE
Young_5_TGACCAAGTATTGTCC-1,Young,FAP1,0.0886684638170249,0,-7.57271978564549,0.71622904375888,TRUE,TRUE
Young_4_CTGTTTAGTGCTAGCG-1,Young,FAP1,0.0886845875311682,0,-8.33681413836765,1.45168950394489,TRUE,TRUE
Young_1_TTGCAGCCATGAATAG-1,Young,FAP1,0.0887840568675578,0,-6.33244678683567,3.18987467125751,TRUE,TRUE
Young_1_AAGCTATGTTGTGACA-1,Young,FAP1,0.0888503420454656,0,-7.28783676333714,5.67640402153827,TRUE,TRUE
Young_3_GGCTGAGAGCTATGAC-1,Young,FAP1,0.0889791192660203,1.38629436111989,-7.81796667285252,5.04415037468768,TRUE,TRUE
Young_1_TCGCTAACACGTAATT-1,Young,FAP3,0.0889934571103765,0.693147180559945,-8.64658758349705,3.56857921913959,FALSE,TRUE
Young_1_AAGCGTTTCAGTGAAG-1,Young,FAP3,0.0890007230740433,0,-8.67065069384861,3.80313303307391,FALSE,TRUE
Young_2_AGCCTAGTCATTAGCA-1,Young,FAP1,0.0891190702270572,0.693147180559945,-5.96269962497044,5.79540684059955,TRUE,TRUE
Young_2_GGTATTGGTGCATCGG-1,Young,FAP1,0.0893307095317724,0.693147180559945,-6.46764347262669,2.91990878418781,TRUE,TRUE
Young_5_GTTAGGCGTAATGACT-1,Young,FAP1,0.0895304783898178,0,-7.87985918231297,0.224887810505401,TRUE,TRUE
Young_5_TCTTGACGTTTGTTGC-1,Young,FAP1,0.0896266471603409,0,-7.10716030307102,2.29687442616321,TRUE,TRUE
Young_3_CCGGTTAAGTCATTGA-1,Young,FAP1,0.0896635970540856,0,-6.90127441592503,2.59522940949298,TRUE,TRUE
Young_5_TTTCAGTTCATGCTAA-1,Young,FAP1,0.0897862927673616,0.693147180559945,-6.587424013093,3.4399569256673,TRUE,TRUE
Young_2_TTTAGCAAGTTAGCCG-1,Young,FAP3,0.0897915776029503,0.693147180559945,-7.13017627902317,4.37448694542743,FALSE,TRUE
Young_2_AGACTATGTTAGCGTA-1,Young,FAP1,0.089856234278348,1.09861228866811,-5.69439718432713,4.98049738243915,TRUE,TRUE
Young_5_CATTGCGAGAGCAAGC-1,Young,FAP1,0.0899049377017676,0,-5.43059465594578,4.72665932015277,TRUE,TRUE
Young_1_TTGCAACAGTGATTCA-1,Young,FAP1,0.09001081255823,0,-6.9557683200388,1.34798111752368,TRUE,TRUE
Young_1_GCAAGTCGTAATGACT-1,Young,FAP1,0.0901739182667116,0,-7.68381235308933,4.43477489785052,TRUE,TRUE
Young_2_TATCACAAGCTCGCTT-1,Young,FAP3,0.0903832999419762,0.693147180559945,-7.82704851336766,4.35240080193378,FALSE,TRUE
Young_2_TAAGTGCTCCAAGTTA-1,Young,FAP1,0.0904213228476634,0,-7.36604950137425,5.48530580834247,TRUE,TRUE
Young_3_TCAAGGAAGCTATATG-1,Young,FAP1,0.0904591467875093,0,-7.83263609118748,5.04135277108051,TRUE,TRUE
Young_5_TATGACATCGAGCTAT-1,Young,FAP1,0.0905097447071912,1.09861228866811,-7.96242353625584,1.377607487,TRUE,TRUE
Young_2_ACATCATCAACTAGCC-1,Young,FAP1,0.0908956315276157,0,-6.26184007830906,6.26311638192035,TRUE,TRUE
Young_2_CAATCTAAGTCGCTAG-1,Young,FAP1,0.090917004130965,0.693147180559945,-5.33065483279515,5.10521604851581,TRUE,TRUE
Young_1_CTGGTCAAGGCGTAAA-1,Young,FAP1,0.091183384298537,0.693147180559945,-5.81758043475437,3.42296340302325,TRUE,TRUE
Young_3_CCAGACTCACAAACTT-1,Young,FAP3,0.091198129460131,0,-8.59885618396092,3.84283711747028,FALSE,TRUE
Young_3_GTTGCCCGTCACGAAC-1,Young,FAP1,0.0913380731705871,0,-7.90126344867039,0.0716339571843259,TRUE,TRUE
Young_5_TCACCTCAGCACGTTG-1,Young,FAP3,0.0914067805091823,0,-8.29171583361912,3.47027613953448,FALSE,TRUE
Young_4_CGCAAATTCATGGCTG-1,Young,FAP1,0.0914484048118451,0,-5.93465444751072,4.27133180931903,TRUE,TRUE
Young_2_CGATTTGCACATAGCC-1,Young,FAP1,0.0916200203107942,0,-7.61061689563084,3.06132151917316,TRUE,TRUE
Young_3_GTGAATCTCATCAGTA-1,Young,FAP1,0.0918177272704606,0.693147180559945,-7.92168733783055,4.30209519699908,TRUE,TRUE
Young_1_TACCGAAGTTGCAATG-1,Young,FAP1,0.0918228500223837,0,-6.02975580401707,5.8093610031972,TRUE,TRUE
Young_5_AGGGCTACATAGACCC-1,Young,FAP1,0.0918460234292948,0,-6.9859196872263,2.30944301918842,TRUE,TRUE
Young_2_GAGGGAGCATAGCTTG-1,Young,FAP1,0.0918945295195366,0,-5.93186590380955,4.27044584587909,TRUE,TRUE
Young_2_GATCACTAGCCTGTGA-1,Young,FAP1,0.091896946599237,0.693147180559945,-6.2484118670969,2.26983835533954,TRUE,TRUE
Young_3_TTAGCAGGTCTTACTA-1,Young,FAP1,0.0919804808056952,0.693147180559945,-7.8997528285532,5.25204136208392,TRUE,TRUE
Young_1_GTCTAATCATCATGTG-1,Young,FAP3,0.0920142522814418,0,-8.67116567797947,2.74505259827472,FALSE,TRUE
Young_2_GCTATCCTCTTAGGGT-1,Young,FAP1,0.0920286499557053,1.38629436111989,-5.49789116092015,4.74373199776508,TRUE,TRUE
Young_3_GCAAACAAGCAGCTCA-1,Young,FAP1,0.0921588582090713,0,-5.92755529589939,5.52024748162128,TRUE,TRUE
Young_2_TCTAGCGAGGATTGCT-1,Young,FAP1,0.0922325060430289,1.79175946922806,-6.54736635394383,4.71075441674091,TRUE,TRUE
Young_3_GCTTTCATCAAGCTTA-1,Young,FAP1,0.0923511583392508,0,-7.87457678027439,0.292853157825243,TRUE,TRUE
Young_5_GTTAGGCGTAACCACA-1,Young,FAP1,0.0923628693552021,0,-6.59393236346531,2.90728785828448,TRUE,TRUE
Young_5_AGCATCCCACAGGATG-1,Young,FAP1,0.0926432693022674,0,-7.19594738192845,5.00903513268329,TRUE,TRUE
Young_3_CCAAGTTAGTACCGCA-1,Young,FAP1,0.0927531318651873,0,-7.74483701892185,4.40759613350726,TRUE,TRUE
Young_1_TCCATTGTCAAGACTC-1,Young,FAP1,0.0928381066715067,0,-5.93342659182835,5.7992520554433,TRUE,TRUE
Young_1_AAAGCCCGTTTGGGCG-1,Young,FAP1,0.0928959319423228,0.693147180559945,-5.77730486102391,4.94642927483417,TRUE,TRUE
Young_5_CATCGCTTCTTAGCGG-1,Young,FAP1,0.0929560407042681,0.693147180559945,-7.63784000582981,0.76872726515628,TRUE,TRUE
Young_5_TATCCGGAGCTGGAAA-1,Young,FAP1,0.092994985413398,0,-7.01568290896702,1.86980821923114,TRUE,TRUE
Young_5_CAAGGGAGTGTTGTAG-1,Young,FAP1,0.0930537232429525,0,-7.94053957171726,1.34499575928546,TRUE,TRUE
Young_3_CGAAATGAGGCTAATC-1,Young,FAP1,0.0933084662149586,0,-7.32423994250584,5.5694518311391,TRUE,TRUE
Young_5_GACTCACCAAGTGAAC-1,Young,FAP1,0.0933106127868144,0,-7.89994547076512,0.100298724926483,TRUE,TRUE
Young_4_ATTTGTGAGACACTTA-1,Young,FAP1,0.0933119587159825,0,-7.78989908404637,2.53226306275226,TRUE,TRUE
Young_5_CCAACATAGACAAACG-1,Young,FAP1,0.0933685332480159,0.693147180559945,-7.20346233554173,2.68513300255634,TRUE,TRUE
Young_4_GAATTTGTCACGCATG-1,Young,FAP1,0.0933721599040636,0,-8.23741838641453,0.640271626270782,TRUE,TRUE
Young_5_AAAGGAGCAGGTATTT-1,Young,FAP1,0.093372680391397,0,-6.30252906985569,4.79845621422626,TRUE,TRUE
Young_5_GCAGGACCAAGCGATG-1,Young,FAP1,0.0934343578129888,0,-6.74080726809788,2.5949120743642,TRUE,TRUE
Young_5_CCTGCTCCAGGAACCA-1,Young,FAP1,0.0936296326154005,0.693147180559945,-7.57564756579685,3.08038713768817,TRUE,TRUE
Young_3_ACAACATGTTCCTGAT-1,Young,FAP1,0.0937552134927482,0.693147180559945,-7.19266626544285,2.70288255051471,TRUE,TRUE
Young_5_CCAGCCTGTATCTGGA-1,Young,FAP1,0.093819987123765,0,-6.73227855868626,1.8878488762746,TRUE,TRUE
Young_5_ACTTACAAGGGCTAAA-1,Young,FAP1,0.093904435450721,0,-6.34075376696873,4.34129526451923,TRUE,TRUE
Young_3_TTTCGTCCAAATTCGT-1,Young,FAP1,0.0940469599703491,0.693147180559945,-5.4830743999033,4.5451393349538,TRUE,TRUE
Young_3_TACCGAAGTTACTAGG-1,Young,FAP1,0.0941536686922841,0,-7.658477994874,4.76180317238666,TRUE,TRUE
Young_2_GGTCAAGCAGGTTCAC-1,Young,FAP1,0.0944077514174291,0.693147180559945,-5.6699001521616,4.32546880081989,TRUE,TRUE
Young_5_TCGTAATCATTAGGTT-1,Young,FAP1,0.0944823552699168,0.693147180559945,-7.10749742694187,5.45544769600726,TRUE,TRUE
Young_5_CAATCCCTCAAACCTA-1,Young,FAP1,0.0945006486426077,0,-6.32515976138401,2.26131703690387,TRUE,TRUE
Young_5_CTTCTCAAGCTAATCA-1,Young,FAP1,0.0947129688916748,0,-5.79694101519871,4.06551291779376,TRUE,TRUE
Young_3_GGTTGCTCAGGCCATT-1,Young,FAP1,0.0948706157418782,0,-7.14043543048191,2.78278877571918,TRUE,TRUE
Young_5_GATCGCTCACCAACCG-1,Young,FAP1,0.0949419642636675,0,-5.91862413592625,5.48191740349628,TRUE,TRUE
Young_5_TGCCTGTTCAATCTCT-1,Young,FAP1,0.0949709110826448,0.693147180559945,-7.85371229358006,0.723652087009918,TRUE,TRUE
Young_1_GTCAGGCTCAGTATTG-1,Young,FAP1,0.0950583312725319,0.693147180559945,-7.89636156268406,4.10719516114093,TRUE,TRUE
Young_3_TACTGACAGTTATCCT-1,Young,FAP1,0.0950959628786623,0,-7.03731653399754,2.92493393257953,TRUE,TRUE
Young_5_GTCTATGCATAATTGC-1,Young,FAP1,0.0952374401309761,0.693147180559945,-5.7155749530344,2.76095821694232,TRUE,TRUE
Young_3_ATGAAGTAGGCAACAA-1,Young,FAP1,0.0953789850762874,1.09861228866811,-6.79483339495945,5.34128620461322,TRUE,TRUE
Young_2_GGTTGCATCGCCTAAG-1,Young,FAP1,0.0954859331712834,0.693147180559945,-5.56956836886692,3.2608900292287,TRUE,TRUE
Young_1_CTCACAACATCCATCT-1,Young,FAP1,0.0955312133296384,0.693147180559945,-7.40795347399998,0.566774241484176,TRUE,TRUE
Young_5_AGTTTGCAGGTCATTA-1,Young,FAP1,0.0955905386876394,0.693147180559945,-6.95595094867039,2.47102882698871,TRUE,TRUE
Young_5_CGAGGCAAGTAAGTCC-1,Young,FAP1,0.0956923801458638,0,-5.46321794696141,3.29310204819537,TRUE,TRUE
Young_3_CCGCACACAAAGGTAC-1,Young,FAP1,0.0957733234177076,0.693147180559945,-7.02132675357151,2.95204903916217,TRUE,TRUE
Young_1_TGTAAGTGTCCTAGTT-1,Young,FAP1,0.0957888138081016,0.693147180559945,-6.15684005923558,5.62414743737079,TRUE,TRUE
Young_2_TGCTTAAAGCACGATT-1,Young,FAP1,0.095814343623376,0.693147180559945,-9.00313780017185,1.58417358235217,TRUE,TRUE
Young_1_ATTCCTAGTGATTTGG-1,Young,FAP1,0.0958233690840853,0.693147180559945,-6.22403070636082,6.43081095055438,TRUE,TRUE
Young_1_GGCCGTTAGATACTTG-1,Young,FAP1,0.0958662476777872,0,-5.51165172763157,3.50741054848529,TRUE,TRUE
Young_4_CGAGGAAGTTTGTTGC-1,Young,FAP1,0.0959314341536857,0,-7.55529901690769,0.694290898598205,TRUE,TRUE
Young_5_GGCCAACTCGATTATG-1,Young,FAP1,0.0959599698341345,1.09861228866811,-6.05779716677952,4.13189127282001,TRUE,TRUE
Young_1_AAATGCCTCCGTTATT-1,Young,FAP1,0.0960211254597461,0.693147180559945,-6.18193409152317,5.27143957451678,TRUE,TRUE
Young_3_CCAGGAACAAAGCGGC-1,Young,FAP1,0.0960801075316438,0,-6.97962782092381,2.31671168640948,TRUE,TRUE
Young_3_AATTTGGTCGCTCCAT-1,Young,FAP1,0.0962025946595946,0,-7.47153875537205,0.389751776910793,TRUE,TRUE
Young_5_CACCTGTTCGTTAACA-1,Young,FAP1,0.0962600612797388,0,-6.59011003680516,1.43754138783313,TRUE,TRUE
Young_1_ACGACAAAGTCATTGA-1,Young,FAP1,0.0962982688322827,0,-7.69119760699558,5.32849457100726,TRUE,TRUE
Young_5_ACACCTTGTGAGACTC-1,Young,FAP1,0.0963212219831453,0,-6.52807256884861,2.92032577828265,TRUE,TRUE
Young_1_ACCTACCTCTGGCATG-1,Young,FAP1,0.0966094662471595,0,-6.85848495669651,2.5890674813161,TRUE,TRUE
Young_2_CCAACCCGTGATTTGG-1,Young,FAP1,0.0966375441111129,0.693147180559945,-6.14770290561009,6.04861595467426,TRUE,TRUE
Young_5_GGGCTAACATGTCAGC-1,Young,FAP1,0.0966623436633327,0.693147180559945,-6.41311762042332,4.82350113228656,TRUE,TRUE
Young_1_CGTTAACAGTGAGAGC-1,Young,FAP1,0.0966970920717749,0,-6.04282448001194,6.07391359642841,TRUE,TRUE
Young_4_AGGTTACTCATTTGCT-1,Young,FAP1,0.0967242847765779,0,-7.59299728579808,3.02340199784137,TRUE,TRUE
Young_5_ATTCCTAGTTGGTTGA-1,Young,FAP1,0.0967414571062628,0,-5.79408809848118,4.63457968071796,TRUE,TRUE
Young_2_ATTGCACAGCCACAAT-1,Young,FAP1,0.0967414752143654,1.38629436111989,-7.96218511767674,4.29427053765155,TRUE,TRUE
Young_5_CCATAAGGTTATAGCG-1,Young,FAP1,0.096868919799757,0,-6.95003292269993,2.49877145127155,TRUE,TRUE
Young_5_TACTTGTTCGGCCAGT-1,Young,FAP1,0.0969011301159357,0,-6.64060613818455,2.60712268189288,TRUE,TRUE
Young_1_TGGCGGTTCATTACAG-1,Young,FAP1,0.0969740603882565,0,-5.56844351001072,3.26354386643268,TRUE,TRUE
Young_2_GCGCTTGCACAGACTC-1,Young,FAP1,0.097128617484576,0.693147180559945,-5.97677252002049,5.77658607796527,TRUE,TRUE
Young_5_TTAGGCTAGCACAGAA-1,Young,FAP1,0.0971695841440632,0.693147180559945,-7.0324113101511,1.69444765881396,TRUE,TRUE
Young_3_AGCGGATAGTCTATGA-1,Young,FAP3,0.0973081278472825,1.6094379124341,-8.49426862902928,3.88517215088702,FALSE,TRUE
Young_1_TATGGTCAGCATGCAT-1,Young,FAP1,0.0975123797102517,0,-5.65382930941868,4.28444125489093,TRUE,TRUE
Young_1_CTCATCATCCCATAGG-1,Young,FAP1,0.0976006132675726,0.693147180559945,-6.15346595950413,4.69488146141864,TRUE,TRUE
Young_5_TTTCTCACACGAACAG-1,Young,FAP1,0.0976625511261906,0.693147180559945,-5.93075058169651,5.56777098015643,TRUE,TRUE
Young_2_TGGTTCTGTAGCTGGT-1,Young,FAP1,0.0977956066334933,1.38629436111989,-5.78773233599949,5.84186699227191,TRUE,TRUE
Young_5_TACCAAATCGGGACTC-1,Young,FAP1,0.0978157898321683,0,-6.11827013202,4.14425566033221,TRUE,TRUE
Young_1_TCAAGTATCCCTCATA-1,Young,FAP1,0.097835770591967,0,-6.78812715716648,5.51569559410907,TRUE,TRUE
Young_2_GTTACGCCATGTCAAT-1,Young,FAP1,0.0978548339272278,0,-7.54701111026097,0.367455527044307,TRUE,TRUE
Young_3_GGCGGTTTCCTAATTC-1,Young,FAP3,0.0978742868780911,0.693147180559945,-7.99611112780857,4.9637332184682,FALSE,TRUE
Young_5_GCAATGTTCAAGTGAG-1,Young,FAP1,0.0979196491798552,0,-7.3936927051096,0.721494696892273,TRUE,TRUE
Young_5_GCATCCTTCTTTAGGA-1,Young,FAP1,0.0982809467241968,0,-8.23658868975926,0.713180444992553,TRUE,TRUE
Young_3_AGCCGCTAGTAAGTCC-1,Young,FAP1,0.0982820538186363,0,-7.8950731486826,0.184854574359428,TRUE,TRUE
Young_5_AACGCTAGTTTAGCTC-1,Young,FAP1,0.0983971446986729,1.6094379124341,-6.81317588992405,5.73979284600116,TRUE,TRUE
Young_5_TGAGAACCATAAGGAC-1,Young,FAP1,0.0985494036337595,0.693147180559945,-5.88246605105686,5.54265072182513,TRUE,TRUE
Young_2_CAATATGTCCTTCTAG-1,Young,FAP1,0.0985881490328797,0.693147180559945,-7.95606825061131,4.99569036797382,TRUE,TRUE
Young_5_GTTTCAGCACAGGATG-1,Young,FAP1,0.098679892554119,0,-7.68334076113987,0.802848152674209,TRUE,TRUE
Young_3_TCGTTAGCAAGCTTAT-1,Young,FAP1,0.0987067834771278,0.693147180559945,-8.11510870166111,0.725936286009323,TRUE,TRUE
Young_3_GGAAGCTAGTATGTGC-1,Young,FAP1,0.098730564885857,0,-6.50551721759129,4.5476594193349,TRUE,TRUE
Young_5_CGATATTCACAATGCC-1,Young,FAP1,0.0987427561884271,0.693147180559945,-6.5103394717722,4.53373672798969,TRUE,TRUE
Young_1_GATCAAGAGTAGAGGC-1,Young,FAP1,0.0987504277993692,0,-6.12658950991917,6.2348718865285,TRUE,TRUE
Young_3_GGTATGTTCCCTGACT-1,Young,FAP3,0.0989340135690031,0,-8.78416177935887,3.66889765099384,FALSE,TRUE
Young_1_ATAGGTACAGGTTACC-1,Young,FAP1,0.0990058974831554,0,-5.94531509585667,5.78438951805927,TRUE,TRUE
Young_2_TATGGGCGTTGGATAT-1,Young,FAP2,0.0991852439522205,0,-9.22561189837742,4.55549671486713,FALSE,TRUE
Young_3_CTCTAGCTCGCACACA-1,Young,FAP3,0.0993302753992031,0,-8.42607996173191,3.14505054787494,FALSE,TRUE
Young_1_ACTATCCGTGGTTATG-1,Young,FAP1,0.0993415001626907,0,-6.78317949481297,4.54414894417621,TRUE,TRUE
Young_5_TGCTTGCTCTGTTCAT-1,Young,FAP1,0.09939275247266,0,-7.90309259600926,0.131435133374702,TRUE,TRUE
Young_2_AGTAACGAGCCTGTGA-1,Young,FAP1,0.0995007064292768,0,-7.96888754077244,1.37553562954761,TRUE,TRUE
Young_1_CGCACAATCAAATCGC-1,Young,FAP1,0.0996440402732368,0,-8.02313539691258,5.35817100838519,TRUE,TRUE
Young_5_CCACAATAGGTCCGTA-1,Young,FAP1,0.0997955447000946,0,-7.92873213000584,0.652762614048492,TRUE,TRUE
Young_3_CAAACATGTAATCGGC-1,Young,FAP1,0.100007965052503,0,-6.77491733737278,5.69383957222797,TRUE,TRUE
Young_1_CAACCCGCAACTGGGA-1,Young,FAP1,0.100157107441743,0.693147180559945,-7.39376423068333,0.73299735025264,TRUE,TRUE
Young_5_GTTGCTGAGTAACCCG-1,Young,FAP1,0.100190989457952,0,-7.36826536364842,5.43290140465595,TRUE,TRUE
Young_2_CCCTTAATCAATTACG-1,Young,FAP1,0.10020013667128,0,-5.93842146106053,3.15762283638812,TRUE,TRUE
Young_3_AGGCTAAAGCCGCTTT-1,Young,FAP1,0.100257113509397,1.94591014905531,-7.64653465457249,4.71127416924335,TRUE,TRUE
Young_1_CAATCGCCAGAAATGC-1,Young,FAP1,0.100289421138304,0,-8.2250292033701,1.18653490380145,TRUE,TRUE
Young_1_GGTTGCTCAACCTGGT-1,Young,FAP1,0.100339115018174,0,-6.12786314196873,4.14816953972675,TRUE,TRUE
Young_3_ATGGCCCAGTGAACAG-1,Young,FAP1,0.10042989313339,0,-7.75561258502293,4.42575504616595,TRUE,TRUE
Young_2_TTTGTCTAGGGCCACT-1,Young,FAP3,0.100523893165384,0.693147180559945,-8.61475298114109,3.7817468865285,FALSE,TRUE
Young_1_CAGGTGGAGGCGCACT-1,Young,FAP1,0.100544195621375,0,-6.87822935290623,2.58460643128253,TRUE,TRUE
Young_2_GCCTAATAGCACTTGG-1,Young,FAP1,0.100625809898031,0.693147180559945,-5.42431089587498,5.05594398812152,TRUE,TRUE
Young_4_TGAAGCAAGTCATTTC-1,Young,FAP1,0.100671176671049,0,-6.74995586581516,1.89900889233447,TRUE,TRUE
Young_5_GGCGCTAGTACAATGT-1,Young,FAP1,0.100712547714626,0,-8.51013204760838,0.999857686317932,TRUE,TRUE
Young_3_CCTATTTAGAATCGCT-1,Young,FAP1,0.100716883708748,0,-7.1951310367136,2.75451209381915,TRUE,TRUE
Young_1_TTCCTTGAGTTCCTGC-1,Young,FAP1,0.100916917891944,0,-6.10205099292088,6.18318893746234,TRUE,TRUE
Young_3_GGTTAATGTGGGTACT-1,Young,FAP3,0.100947107106399,0.693147180559945,-8.35190317340183,3.36729004219867,FALSE,TRUE
Young_5_GATTAGTGTTGAAGCC-1,Young,FAP1,0.100978502349344,0,-6.43791315264988,2.93728663758136,TRUE,TRUE
Young_2_CCGTTATGTAGCCTCC-1,Young,FAP1,0.100979737867089,0,-6.20986530490208,4.31185438469745,TRUE,TRUE
Young_2_CTATGAGGTAACGGGA-1,Young,FAP1,0.101010940444574,0,-7.44750139422703,0.389105163372528,TRUE,TRUE
Young_5_CGCTACTTCTGTGCCT-1,Young,FAP1,0.101100655061403,0.693147180559945,-8.31475183673191,1.38100936249591,TRUE,TRUE
Young_3_ACGTCCTTCTAGCTAA-1,Young,FAP1,0.101133094168619,0.693147180559945,-7.34325048632908,0.831601820744049,TRUE,TRUE
Young_3_CTGCTATGTCAGGCAT-1,Young,FAP1,0.101204760482077,0,-7.10275909610081,4.34358837441302,TRUE,TRUE
Young_5_TGCGGTTCACCTAAGC-1,Young,FAP1,0.101281159625827,0.693147180559945,-7.12015459246922,1.51666810349322,TRUE,TRUE
Young_1_TGCTTCCAGGAGCACG-1,Young,FAP2,0.101281661894485,0.693147180559945,-9.32814237780857,4.7494678719411,FALSE,TRUE
Young_2_CGTGGTTCAAGTGTTT-1,Young,FAP1,0.10131468043575,0.693147180559945,-6.70077058978367,1.84801699951984,TRUE,TRUE
Young_3_GATGACTTCCCGTTAC-1,Young,FAP1,0.101371272092734,0.693147180559945,-5.78629657931614,4.81669523552753,TRUE,TRUE
Young_5_ATGGCCGGTTAGGCGT-1,Young,FAP1,0.101414877712373,0,-6.94837019152928,5.4655904991994,TRUE,TRUE
Young_2_ATGGCTAGTCATGCCC-1,Young,FAP1,0.101492188474194,1.09861228866811,-6.45702335543919,4.67341854409076,TRUE,TRUE
Young_5_TTGTCAAAGGAGCACG-1,Young,FAP1,0.101731235441859,0,-5.73146221347141,3.2220659478078,TRUE,TRUE
Young_2_GTTCACCTCGGGCCAT-1,Young,FAP1,0.101751012587637,0.693147180559945,-6.03750345416355,6.05520250634052,TRUE,TRUE
Young_3_GGCATTGTCAATCTCT-1,Young,FAP1,0.101797941919026,0,-6.05810520358372,6.09553959206439,TRUE,TRUE
Young_2_GCAATATGTGGTTCCC-1,Young,FAP1,0.101814553758887,0,-5.85563251681614,4.90384819344379,TRUE,TRUE
Young_5_CATAATGTCGAGGTGG-1,Young,FAP1,0.101951927747943,0.693147180559945,-7.18547460742283,5.39262106255389,TRUE,TRUE
Young_1_GTGCAAGCAAGCTTAT-1,Young,FAP2,0.101998064582832,0,-8.93085119433689,4.39318516091205,FALSE,TRUE
Young_5_GAACGAATCTGTAAGC-1,Young,FAP1,0.102031746771806,0.693147180559945,-5.91527340121556,5.49898674324847,TRUE,TRUE
Young_5_AGTAACACAGTATGTT-1,Young,FAP1,0.102043042817966,0.693147180559945,-6.1690194339304,5.22467567757465,TRUE,TRUE
Young_3_AATTGACGTTTAGCGA-1,Young,FAP1,0.102056437341292,0.693147180559945,-6.93635627932835,5.47092296913959,TRUE,TRUE
Young_1_AGGATGTCAATAGCAA-1,Young,FAP1,0.102070561869638,0.693147180559945,-7.384299013093,0.824899844683181,TRUE,TRUE
Young_1_CCAACATAGAAACTGG-1,Young,FAP1,0.102070584736134,0,-7.39264127917576,0.791681371487152,TRUE,TRUE
Young_1_GTCGGTTCAGGACCTT-1,Young,FAP1,0.10207060760263,1.09861228866811,-7.66115257449436,0.986369095600616,TRUE,TRUE
Young_2_ACCAAGTTCGTCATTT-1,Young,FAP1,0.102070630469126,0,-7.65041658587742,0.91828986243106,TRUE,TRUE
Young_3_CTTTGAGCATCCAGGT-1,Young,FAP1,0.102070653335623,0,-7.52856657214451,0.910361014164459,TRUE,TRUE
Young_3_GGCTGTCAGGGTGAGT-1,Young,FAP1,0.102070676202119,0,-7.58594581790257,0.916491411484253,TRUE,TRUE
Young_3_TGGTGATTCCAATTAG-1,Young,FAP1,0.102070699068615,0,-7.49349615283299,0.819789938486587,TRUE,TRUE
Young_4_TTAAGCCAGGTAAGGC-1,Young,FAP1,0.102070721935111,0,-7.38558933444309,0.898736022270691,TRUE,TRUE
Young_5_AAACATGCATTAAGCT-1,Young,FAP1,0.102070744801608,0,-7.51534530825901,0.925862990177643,TRUE,TRUE
Young_5_AGAACCAAGGCCTGGT-1,Young,FAP1,0.102070767668104,0,-7.52853653140354,0.798119328773987,TRUE,TRUE
Young_5_CCGCTAGCAGGTTTGC-1,Young,FAP1,0.1020707905346,0,-7.46852371402073,0.790291927612793,TRUE,TRUE
Young_5_TGAGTGAAGTAAGGGC-1,Young,FAP1,0.102070813401096,0.693147180559945,-7.40456173129368,0.878257058418762,TRUE,TRUE
Young_1_TTCCTCAAGGTCATTA-1,Young,FAP1,0.102662472913475,0,-6.87904617495823,1.73974385098315,TRUE,TRUE
Young_3_GTGCTGGGTAAGGTCC-1,Young,FAP1,0.102705481795884,1.38629436111989,-7.88092825122166,4.02891805008746,TRUE,TRUE
Young_3_CCCATAACACTGGCCA-1,Young,FAP1,0.102707710043711,1.6094379124341,-7.11559269137669,5.50762560204364,TRUE,TRUE
Young_5_CGTAACCCATCCGTAA-1,Young,FAP1,0.102773017135159,0,-7.9091751307993,0.11433552936412,TRUE,TRUE
Young_3_TGCACTTGTAATCCCT-1,Young,FAP1,0.102916165637659,0,-7.44003841586399,0.484715364731323,TRUE,TRUE
Young_1_AAAGCGGGTGACATAT-1,Young,FAP1,0.103103186930984,0.693147180559945,-8.40865156359959,5.28133489922382,TRUE,TRUE
Young_1_ACAGGAATCATGGCTG-1,Young,FAP1,0.103103209797481,0,-8.51357767291355,5.22703459099628,TRUE,TRUE
Young_1_ACCAGGACAGCTTAGC-1,Young,FAP2,0.103103232663977,0,-8.54236910052586,5.37264778450824,FALSE,TRUE
Young_1_ACCTGTTGTCATTGTC-1,Young,FAP1,0.103103255530473,0,-8.358748647645,5.08334400490619,TRUE,TRUE
Young_1_AGCAGGTAGGGCTTTG-1,Young,FAP1,0.103103278396969,0,-8.52171060748387,5.18704416588641,TRUE,TRUE
Young_1_AGCCGCTAGCGATAAG-1,Young,FAP1,0.103103301263466,0,-8.38786813922215,5.37829496697284,TRUE,TRUE
Young_1_AGGATTGAGGAAGTAT-1,Young,FAP1,0.103103324129962,0.693147180559945,-8.27713319964695,5.14060785607196,TRUE,TRUE
Young_1_ATGTAAGCAATTGCGC-1,Young,FAP2,0.103103346996458,1.09861228866811,-8.49718401141453,5.17129566506244,FALSE,TRUE
Young_1_ATTAGGTGTCATTACC-1,Young,FAP1,0.103103369862954,0,-7.99555990405369,5.06904842690326,TRUE,TRUE
Young_1_CATTATCTCCACAATA-1,Young,FAP1,0.103103392729451,0,-8.3049213618784,5.34121372536517,TRUE,TRUE
Young_1_CGAACAAAGTCATCCC-1,Young,FAP1,0.103103415595947,1.09861228866811,-7.9925844401865,5.16278698281146,TRUE,TRUE
Young_1_CGTAATGGTCATTACC-1,Young,FAP1,0.103103438462443,0.693147180559945,-8.07031080432224,5.23562767342426,TRUE,TRUE
Young_1_CTATGTTTCGAGGTGG-1,Young,FAP1,0.103103461328939,0,-8.25322649188328,5.41918756798602,TRUE,TRUE
Young_1_CTATTACTCATTACGA-1,Young,FAP1,0.103103484195436,0.693147180559945,-8.178253385499,5.23432876900531,TRUE,TRUE
Young_1_GATAGACCAAGCGAGC-1,Young,FAP1,0.103103507061932,0,-8.02544233508396,5.25571682289935,TRUE,TRUE
Young_1_GGACCGAAGCAAGGTA-1,Young,FAP1,0.103103529928428,0,-8.36796114154148,5.10160782173969,TRUE,TRUE
Young_1_TGCTCTCAGGGTGGAT-1,Young,FAP1,0.103103552794924,0,-8.26671049304295,5.08155443505145,TRUE,TRUE
Young_1_TTATGCGCAAGCCAGA-1,Young,FAP1,0.103103575661421,0.693147180559945,-8.33922025866795,5.43604662255145,TRUE,TRUE
Young_1_TTTGGTGCAATTGAGA-1,Young,FAP2,0.103103598527917,0.693147180559945,-8.43995115466404,5.31416704491473,FALSE,TRUE
Young_2_AATAGCTGTCTCACTG-1,Young,FAP1,0.103103621394413,0.693147180559945,-8.10951826281834,5.19840290383197,TRUE,TRUE
Young_2_ACCAAGTTCCGGTTGA-1,Young,FAP1,0.103103644260909,0,-8.29437181659031,5.18488981560565,TRUE,TRUE
Young_2_ATTCACTTCCTCAGCT-1,Young,FAP1,0.103103667127406,0.693147180559945,-8.26326391406346,5.29487755135394,TRUE,TRUE
Young_2_CAACTAATCAATGAGG-1,Young,FAP1,0.103103689993902,1.09861228866811,-8.31471368975926,5.04675962761737,TRUE,TRUE
Young_2_CCTTCAGGTGTTTGCT-1,Young,FAP2,0.103103712860398,0,-8.33819124408054,5.21365072563983,FALSE,TRUE
Young_2_CTTATTGGTCGAAGTC-1,Young,FAP1,0.103103735726894,0.693147180559945,-8.41894361682224,5.20990850762225,TRUE,TRUE
Young_2_GCCTTTGGTCAATACG-1,Young,FAP1,0.103103758593391,1.38629436111989,-8.23574182696629,5.31542112664081,TRUE,TRUE
Young_2_GGCAGGATCCTCAGTC-1,Young,FAP1,0.103103781459887,2.07944154167984,-8.1837408275156,5.16703321770526,TRUE,TRUE
Young_3_ACCTTGTGTCGCAATA-1,Young,FAP1,0.103103804326383,0,-8.43207094378758,5.12066366509296,TRUE,TRUE
Young_3_AGAATCTGTTATTGCC-1,Young,FAP1,0.103103827192879,2.19722457733622,-7.89393350787449,5.1554303391347,TRUE,TRUE
Young_3_AGGGCCTTCATGCTTT-1,Young,FAP1,0.103103850059376,1.38629436111989,-8.20008871264744,5.09265901879169,TRUE,TRUE
Young_3_AGGGCCTTCTTAGCGG-1,Young,FAP1,0.103103872925872,1.38629436111989,-8.27312109179783,5.19530584648944,TRUE,TRUE
Young_3_AGTGAGTCAGCCGCTA-1,Young,FAP1,0.103103895792368,0,-8.12546465106297,5.30518295601703,TRUE,TRUE
Young_3_AGTTACTCAACACTTG-1,Young,FAP1,0.103103918658864,0,-8.35135099597263,5.1419992668996,TRUE,TRUE
Young_3_ATCGAGGCATCACTTC-1,Young,FAP1,0.103103941525361,0,-8.31235239215183,5.10255529717303,TRUE,TRUE
Young_3_CACCTGTTCGCATTAA-1,Young,FAP1,0.103103964391857,0,-8.27422258563328,5.03268625573016,TRUE,TRUE
Young_3_CCTTCGTAGGCGAATA-1,Young,FAP2,0.103103987258353,0,-8.3799946040659,5.07251074150897,FALSE,TRUE
Young_3_CGATTATCATGCTCCC-1,Young,FAP2,0.103104010124849,0.693147180559945,-8.55895158953953,5.30889131859637,FALSE,TRUE
Young_3_CGGTGAGAGGATAAAC-1,Young,FAP1,0.103104032991346,1.09861228866811,-8.02357217974949,5.07625677422382,TRUE,TRUE
Young_3_CTCACACTCTAACTGA-1,Young,FAP1,0.103104055857842,0,-8.30759355731297,5.45434143380023,TRUE,TRUE
Young_3_GCGCTAGGTCATTGAG-1,Young,FAP1,0.103104078724338,1.09861228866811,-8.02668783374119,5.02568294838763,TRUE,TRUE
Young_3_GGCTAGACAAACTGTT-1,Young,FAP1,0.103104101590835,0.693147180559945,-8.40965292163181,5.1292777283559,TRUE,TRUE
Young_3_GTATTGATCCTTAGGG-1,Young,FAP1,0.103104124457331,0,-8.02292368121433,5.08750250176288,TRUE,TRUE
Young_3_GTGCTTACAGGAACTG-1,Young,FAP1,0.103104147323827,0.693147180559945,-8.1458351344614,4.96185400322772,TRUE,TRUE
Young_3_TGGTTAATCAGCATTA-1,Young,FAP1,0.103104170190323,0.693147180559945,-8.14893457598972,4.95363285378314,TRUE,TRUE
Young_4_ACGAATCTCGGTCAGC-1,Young,FAP1,0.10310419305682,1.09861228866811,-8.13626024432469,5.17921068505145,TRUE,TRUE
Young_4_CAGGTTAGTAGGATTT-1,Young,FAP1,0.103104215923316,0,-8.3344452113657,5.11003687218524,TRUE,TRUE
Young_5_AACGCTAGTTTGAGCA-1,Young,FAP1,0.103104238789812,0.693147180559945,-8.07458994097996,5.04594757393695,TRUE,TRUE
Young_5_ATGAAGTAGTAAGTCC-1,Young,FAP1,0.103104261656308,0.693147180559945,-8.43757364459324,5.12493421868182,TRUE,TRUE
Young_5_CGTCAATAGTTGCGTG-1,Young,FAP1,0.103104284522805,1.38629436111989,-8.0761558742075,5.19781305626727,TRUE,TRUE
Young_5_TCAGCGATCAGGATGA-1,Young,FAP1,0.103104307389301,0.693147180559945,-8.07979128070164,5.01492121056415,TRUE,TRUE
Young_1_CTATGAGGTTGGCCGA-1,Young,FAP1,0.103151164889873,0,-6.38153669543553,4.88222267464496,TRUE,TRUE
Young_5_GTTGGAGCAGGAACCA-1,Young,FAP1,0.103279517064006,0,-6.8964249820261,2.58140661553241,TRUE,TRUE
Young_2_GGTTGACGTTACTTGC-1,Young,FAP1,0.103405549310973,1.38629436111989,-8.55766699023533,0.98226680592395,TRUE,TRUE
Young_5_CATAAGCTCATGGCTG-1,Young,FAP1,0.103513913896692,0,-8.5365297526865,0.993545017994415,TRUE,TRUE
Young_1_CGCCACACAAATACCT-1,Young,FAP1,0.103564570088555,0,-7.84176752276707,5.44284632042743,TRUE,TRUE
Young_1_TACTAAGTCCTCCTAA-1,Young,FAP2,0.103611189282799,0,-9.25784227557468,4.61041214302875,FALSE,TRUE
Young_3_CCCTCATAGGCATTGT-1,Young,FAP1,0.103724005479551,0,-6.19514629550266,6.15328457192279,TRUE,TRUE
Young_2_GATTGTTCAAGTCGCT-1,Young,FAP1,0.103800644356284,0,-6.70342132754612,1.84821452931262,TRUE,TRUE
Young_5_CTTCTCAAGGAGGCAT-1,Young,FAP1,0.103889867106856,0,-8.43299696154881,1.04837753609515,TRUE,TRUE
Young_1_ATTGCGCCAGGTTTGC-1,Young,FAP1,0.103980272318529,0,-5.71364662356663,4.9495206101308,TRUE,TRUE
Young_1_TTACACCGTCATCAAG-1,Young,FAP1,0.104026771566269,0.693147180559945,-6.79856702990818,1.46347644165851,TRUE,TRUE
Young_5_TGTCCTGGTACCTTAC-1,Young,FAP1,0.104168954181517,1.09861228866811,-8.14380857653904,1.96593024567462,TRUE,TRUE
Young_1_AATCCATCAGCAAGGC-1,Young,FAP1,0.104185464337865,0,-7.32579061694432,6.3866634590993,TRUE,TRUE
Young_3_GTTTAACCATCGCTTT-1,Young,FAP1,0.104264551526453,1.09861228866811,-7.29951402850437,5.57452728585101,TRUE,TRUE
Young_3_GGAACCACAGGGAGGA-1,Young,FAP1,0.104361702443234,0,-7.90574953265476,0.156191371239197,TRUE,TRUE
Young_3_TCCCGTTAGTATCGCG-1,Young,FAP1,0.104377133417307,1.38629436111989,-6.23230144686985,4.17025282219745,TRUE,TRUE
Young_3_TAAGCTATCATGCATA-1,Young,FAP3,0.104448668068643,1.09861228866811,-7.82226011462498,4.39989330605365,FALSE,TRUE
Young_1_CTAGATTCACAATACT-1,Young,FAP1,0.104579671242156,0,-7.88278410144139,5.24990322426654,TRUE,TRUE
Young_1_ATGGTTATCTTGTCCA-1,Young,FAP1,0.104634494772019,0,-5.82817337222386,3.39884736374713,TRUE,TRUE
Young_5_TTGCAAGGTACGGTAC-1,Young,FAP1,0.105009131847269,0.693147180559945,-7.18309709735203,5.16012575463153,TRUE,TRUE
Young_5_TGCTCCGTCCTCACTA-1,Young,FAP1,0.105088804327154,0,-5.95400020785618,4.26281859711505,TRUE,TRUE
Young_5_CTAGCTGAGTCATGCG-1,Young,FAP1,0.105309433527257,1.09861228866811,-7.19724294848728,2.78791048363544,TRUE,TRUE
Young_1_AAGGTATAGCGATAAG-1,Young,FAP1,0.105309779532147,0,-7.91766855426121,5.27859880761005,TRUE,TRUE
Young_5_CCTGATGAGTTACCGG-1,Young,FAP1,0.105321665802284,1.09861228866811,-6.99659416384983,1.65211143330432,TRUE,TRUE
Young_3_GCTCGATCACAAAGGT-1,Young,FAP1,0.105492189196836,0,-8.33261606402683,2.10807540253497,TRUE,TRUE
Young_5_ACCATAATCTAATCTC-1,Young,FAP1,0.105518609049242,0,-5.84663555331516,5.80778744057513,TRUE,TRUE
Young_3_CCGTTATGTTGCTTCG-1,Young,FAP1,0.105596704892867,0.693147180559945,-7.70348188586521,4.47240354851581,TRUE,TRUE
Young_2_GACAATACAAATGCCC-1,Young,FAP1,0.105813878710379,0,-5.8479802341013,3.39107205704547,TRUE,TRUE
Young_5_CCCGCTTCAATGAATG-1,Young,FAP1,0.105840909195278,0.693147180559945,-7.9105646342783,0.131612308181297,TRUE,TRUE
Young_1_TGGACAAAGGGACGCA-1,Young,FAP1,0.105856060431636,0.693147180559945,-6.29857656665135,2.25095631913043,TRUE,TRUE
Young_2_TAGGCTTAGGTCGATT-1,Young,FAP1,0.105905642300377,0.693147180559945,-7.70447084613133,5.10783960656024,TRUE,TRUE
Young_3_CCTGATGAGTGGCGGA-1,Young,FAP1,0.105924458818942,0,-6.96189663119602,5.46864845589496,TRUE,TRUE
Young_3_TATCCGGAGGTTACAC-1,Young,FAP1,0.105993492595485,1.09861228866811,-5.86021825976658,5.37237980202533,TRUE,TRUE
Young_3_TACCAGGTCCGGTTAG-1,Young,FAP3,0.106095309290388,0.693147180559945,-8.5641872615366,2.74216272667743,FALSE,TRUE
Young_3_AACTGTTCAAGTAAGC-1,Young,FAP1,0.106113447818422,0,-6.75406524844456,5.24318220452167,TRUE,TRUE
Young_3_CTGGCTAAGTTCCCGT-1,Young,FAP1,0.106150340426402,0,-6.77052662082005,2.21562518910266,TRUE,TRUE
Young_3_TATCCAGCAGGTTAAA-1,Young,FAP1,0.106180369324695,1.09861228866811,-5.96859905429173,5.76377823189594,TRUE,TRUE
Young_3_CAAGACAAGGTGCGGA-1,Young,FAP3,0.106283124436738,1.09861228866811,-8.33780309863377,2.65213324860431,FALSE,TRUE
Young_5_TAAGTAGCAGTAGGTG-1,Young,FAP1,0.106305547941716,0,-7.43642399020481,0.384335674203407,TRUE,TRUE
Young_2_TCACCTGGTTGAGCCG-1,Young,FAP1,0.106343116455588,0,-7.2981903285532,2.72220899895526,TRUE,TRUE
Young_3_GCACGCTAGTAAGGGC-1,Young,FAP1,0.106343139322084,0,-7.15950224108982,2.85611607865192,TRUE,TRUE
Young_5_AAAGGAGCATGCAACC-1,Young,FAP1,0.106343162188581,0,-7.14133426852513,2.87759353951312,TRUE,TRUE
Young_5_AGTTTGATCAGCAAGA-1,Young,FAP1,0.106343185055077,0.693147180559945,-7.23545572467137,2.7880101426015,TRUE,TRUE
Young_2_CAGCCTAAGTCAATTG-1,Young,FAP1,0.106561533748913,0,-7.88425180621433,0.347164848677289,TRUE,TRUE
Young_5_CCCTTAATCATCGTTT-1,Young,FAP1,0.106577550405002,0.693147180559945,-7.61134454913426,5.25495388344623,TRUE,TRUE
Young_5_TAATGGTGTCCGGTTC-1,Young,FAP1,0.106648638382509,0,-5.80679628558445,4.22376491860248,TRUE,TRUE
Young_1_GAGTTACTCAAGCGCC-1,Young,FAP1,0.106657603201457,0.693147180559945,-8.14910528369236,5.6869678719411,TRUE,TRUE
Young_3_GGCGATACAATTAGGA-1,Young,FAP1,0.106740663306149,1.09861228866811,-7.28129837222386,5.60530187920428,TRUE,TRUE
Young_1_CATCCCAGTGTGCAAC-1,Young,FAP3,0.10674643415964,0,-8.42092630572605,2.75945284203387,FALSE,TRUE
Young_5_GCAGGTTGTGTTAAAC-1,Young,FAP1,0.106792236093992,0.693147180559945,-7.2438313693552,2.57325341538287,TRUE,TRUE
Young_1_CGAAGGCCACTCGCTC-1,Young,FAP1,0.107231778199831,0,-5.81033823199558,4.01675631836749,TRUE,TRUE
Young_3_TCTCCTCGTTGCCTCA-1,Young,FAP1,0.107263996115492,0,-5.92078611560154,5.55880071953632,TRUE,TRUE
Young_3_CACTAAGGTTGGTTCT-1,Young,FAP1,0.107545795298138,0.693147180559945,-6.04149219699192,3.44932486847736,TRUE,TRUE
Young_5_ATGGTCTAGGCCCAGT-1,Young,FAP1,0.107552208389582,0,-6.64421436496067,2.63553812340594,TRUE,TRUE
Young_5_CCATAATCAAGTGTTT-1,Young,FAP1,0.10759651901004,0,-5.79056570239353,4.56689789131976,TRUE,TRUE
Young_3_AAAGGAGCACATTGCA-1,Young,FAP3,0.107621985692718,0,-8.5257293910532,3.8076691849599,FALSE,TRUE
Young_5_ACTTACTTCCTTCAAT-1,Young,FAP1,0.107685521373571,0,-6.72489235110569,5.64009525612689,TRUE,TRUE
Young_2_CATGCGCAGGACTAAG-1,Young,FAP1,0.107873000627887,0,-6.17420646853733,5.28828527764178,TRUE,TRUE
Young_5_ACGGTACGTTACGCAA-1,Young,FAP1,0.108158963925896,0,-7.87802049823094,0.411376520849239,TRUE,TRUE
Young_4_GGCATTGTCGATCAGT-1,Young,FAP1,0.108182526816027,1.09861228866811,-6.12502453036595,4.2904789669881,TRUE,TRUE
Young_3_GCCCAAATCCTCGATC-1,Young,FAP1,0.108218288363004,0.693147180559945,-5.52383682437229,4.73736526802875,TRUE,TRUE
Young_3_AGTAAGTAGGGCCATC-1,Young,FAP3,0.108218692865971,0,-8.0852529735117,2.80002715424396,FALSE,TRUE
Young_5_ATAATGGCAGGAAGCC-1,Young,FAP1,0.108528948936204,0,-7.27801296420384,3.69396188095905,TRUE,TRUE
Young_5_AAAGCTTGTTTATCGC-1,Young,FAP1,0.108642721263041,1.09861228866811,-6.06355545230198,5.90319826439716,TRUE,TRUE
Young_3_TACCGTTGTACAATGT-1,Young,FAP3,0.108794055838985,1.09861228866811,-8.43623945422459,3.86551096276141,FALSE,TRUE
Young_2_TTGCGAGTCCAATAGC-1,Young,FAP1,0.108927663986883,0,-8.54309007830906,1.00446208552219,TRUE,TRUE
Young_1_CACTAAGGTTAGTACG-1,Young,FAP1,0.108946460865157,0,-5.72063324160862,2.71741750077106,TRUE,TRUE
Young_5_GCGCTTAAGAAGCTAG-1,Young,FAP1,0.10894667175243,1.09861228866811,-6.05231353946018,5.88164284066058,TRUE,TRUE
Young_5_AATCATCCATGTTTGG-1,Young,FAP2,0.109108691901055,0.693147180559945,-8.93169042773533,2.75141241387225,FALSE,TRUE
Young_5_AGTTATGTCGAGGTGG-1,Young,FAP1,0.10913143870862,0,-6.13499519534397,6.23436786965228,TRUE,TRUE
Young_2_AAAGGACGTAGTTGGC-1,Young,FAP3,0.10918329617188,0.693147180559945,-8.81042883105564,2.70755412415363,FALSE,TRUE
Young_2_GTGCTGGGTTGGTTCT-1,Young,FAP3,0.109196605543676,1.09861228866811,-7.78314897723484,2.51413419083453,FALSE,TRUE
Young_5_ACTTAGTCAGCACGTT-1,Young,FAP1,0.109200471673434,0,-6.81096241183567,5.35036279991962,TRUE,TRUE
Young_3_GATGGCTGTCATTGAG-1,Young,FAP1,0.109211070213726,0,-6.05528280444432,6.07786800698138,TRUE,TRUE
Young_5_CAATAGCTCGCTTGCT-1,Young,FAP1,0.109333941455135,0,-7.17961809344578,4.87028505638934,TRUE,TRUE
Young_3_CTGCTACTCAACAAGG-1,Young,FAP1,0.109354620698771,0,-7.44719431109715,5.20343639687396,TRUE,TRUE
Young_5_GTCATCCTCTCATCAT-1,Young,FAP1,0.10966319444294,0.693147180559945,-8.51877329058933,1.01905360058643,TRUE,TRUE
Young_3_GCCTTGCGTAAGCTTG-1,Young,FAP1,0.109739215639332,0.693147180559945,-5.95824358172703,5.88664438561298,TRUE,TRUE
Young_1_ATCGCTTGTGTGAGGA-1,Young,FAP1,0.109819037106251,0.693147180559945,-6.68349239535618,5.09783985451556,TRUE,TRUE
Young_5_TGGACGGAGGTCCTGA-1,Young,FAP1,0.109891245020323,0,-7.1642849177866,2.38789846733905,TRUE,TRUE
Young_3_ATGTTGTCACTGACCG-1,Young,FAP1,0.109959998345476,0.693147180559945,-6.91717979617405,5.49135019615985,TRUE,TRUE
Young_3_GCTTTGTGTAACGGGA-1,Young,FAP1,0.109985316972305,1.6094379124341,-7.27084610171604,5.61414816216327,TRUE,TRUE
Young_2_TTGTGCGAGAGGAGTC-1,Young,FAP3,0.110154505865684,1.38629436111989,-8.41309473223972,3.23610689476825,FALSE,TRUE
Young_1_GCTTTGTGTCCTAATC-1,Young,FAP1,0.110362213186922,0,-6.98092481799412,4.67269232109882,TRUE,TRUE
Young_1_TTAATCGAGGTAAGGC-1,Young,FAP3,0.110379858726334,0,-8.61614439196873,3.72821881607867,FALSE,TRUE
Young_3_CATGGATTCTTGCAAA-1,Young,FAP3,0.110474485583361,0,-8.60651418872166,2.73174097374774,FALSE,TRUE
Young_2_AGCGGACCAAGATTCT-1,Young,FAP3,0.110518557880568,0,-8.44278070636082,2.64383175209857,FALSE,TRUE
Young_3_AAGAATCAGGATCCGC-1,Young,FAP1,0.110602881540289,0,-7.69597933001805,5.31928446129657,TRUE,TRUE
Young_3_TACCGTTGTTGCACAA-1,Young,FAP1,0.110688156112412,1.38629436111989,-6.2423402995615,6.25726368264056,TRUE,TRUE
Young_5_CGCAATGTCAATAGCC-1,Young,FAP1,0.110690708719725,0,-5.55425140567112,4.99343683556415,TRUE,TRUE
Young_2_AGGTTTGGTCATTGTC-1,Young,FAP1,0.110759188272223,0,-7.69602129168797,0.71426405743457,TRUE,TRUE
Young_2_TGGTTGAGTAAGCACC-1,Young,FAP1,0.110930450384142,0.693147180559945,-6.22946903415013,4.761361144341,TRUE,TRUE
Young_5_TACCTGCTCATGGCCA-1,Young,FAP1,0.110952873556438,0,-6.72342607684422,5.64198305443622,TRUE,TRUE
Young_5_GCTGGATGTACAAAGA-1,Young,FAP1,0.110957857139395,1.09861228866811,-6.43174860186863,4.69930126503803,TRUE,TRUE
Young_5_GCACTAAGTGCACGCA-1,Young,FAP1,0.111056488092255,1.09861228866811,-8.00072786517429,4.3174360020528,TRUE,TRUE
Young_5_ATGCAGGCAGCTAATT-1,Young,FAP1,0.111403135302005,0,-7.40665743060398,5.28864862755634,TRUE,TRUE
Young_3_TTCGGTACAAACCTAT-1,Young,FAP1,0.111537387658408,0,-8.45940992541599,1.05488320425845,TRUE,TRUE
Young_5_CGTCATTGTTGTAAAC-1,Young,FAP1,0.111794771591566,0,-5.61903927035618,4.96899988488055,TRUE,TRUE
Young_5_ACCCGTAAGCCTGGTA-1,Young,FAP1,0.111908041053405,1.09861228866811,-6.54460260577488,1.40679874256946,TRUE,TRUE
Young_4_GAGAACCAGTGATTCA-1,Young,FAP1,0.111931672880506,0,-8.321319791749,1.37572672203876,TRUE,TRUE
Young_1_CTCCAACTCCTAATTC-1,Young,FAP1,0.11200911534728,0.693147180559945,-6.20374939151097,2.98009612397052,TRUE,TRUE
Young_3_TATGACATCTATCGCC-1,Young,FAP1,0.11204616927754,0.693147180559945,-6.27722809024143,5.80545761422015,TRUE,TRUE
Young_2_TTCAGTTTCAGCTAAC-1,Young,FAP1,0.112188918858495,0.693147180559945,-5.79268953509617,4.80937387780048,TRUE,TRUE
Young_3_TTCCTCAAGCTGTAAC-1,Young,FAP1,0.112249215340734,0.693147180559945,-6.93491623111058,2.47597410515643,TRUE,TRUE
Young_1_ACCTCACTCGCTAAAC-1,Young,FAP3,0.112268233711061,0,-8.31038782306004,2.08512940243579,FALSE,TRUE
Young_1_CTTAAGATCAAACTCA-1,Young,FAP1,0.112288520380294,0,-7.60150215335179,5.24183466271259,TRUE,TRUE
Young_1_CGATCCTTCAATCTCT-1,Young,FAP1,0.11232182088678,0,-7.55825969882298,6.68629076317645,TRUE,TRUE
Young_5_GTAGGATCAATTGAGA-1,Young,FAP1,0.112359074210088,0,-6.73742601580906,2.57562568024493,TRUE,TRUE
Young_1_GTGAGGAGTTGGATAT-1,Young,FAP1,0.112472776202471,0,-7.43159553714085,6.52825262383319,TRUE,TRUE
Young_2_CCTAAAGGTCCTTTAA-1,Young,FAP1,0.112557455801479,1.09861228866811,-5.73353550143528,4.43235876396991,TRUE,TRUE
Young_5_CAATGTGGTCAAGACC-1,Young,FAP1,0.112637534618073,0.693147180559945,-6.81730577655125,5.53108026818134,TRUE,TRUE
Young_1_GGGCATTGTAAATTGC-1,Young,FAP1,0.112667102568167,0.693147180559945,-8.22076341815281,1.15479000643588,TRUE,TRUE
Young_2_GCGATTTAGGCTGTGC-1,Young,FAP1,0.112809785144481,0.693147180559945,-5.77176544375706,4.51601602867938,TRUE,TRUE
Young_2_AGCGCCTAGGTCCGTA-1,Young,FAP1,0.112847990492042,1.38629436111989,-6.76571247287083,5.54957296685077,TRUE,TRUE
Young_5_GGGTATTTCTAACTGA-1,Young,FAP1,0.112972605341844,0.693147180559945,-6.25192234225559,4.30881740883685,TRUE,TRUE
Young_3_CGCCTGTGTGTGAGGA-1,Young,FAP1,0.1130641652945,0,-7.6562545032053,0.347612157321941,TRUE,TRUE
Young_3_TCGACAAGTGCCTCAC-1,Young,FAP1,0.11313933680828,1.09861228866811,-6.37109205432224,4.86289121941425,TRUE,TRUE
Young_1_GACCTAAGTATCTGGA-1,Young,FAP1,0.113323810281729,0,-7.92771455951023,0.0645026786694639,TRUE,TRUE
Young_5_CCATCACTCCCTGATC-1,Young,FAP1,0.113362957086387,0,-6.91938230700779,2.05957307652332,TRUE,TRUE
Young_1_GGAACGGTCGTAATCA-1,Young,FAP3,0.113378539492639,0,-8.72857305712986,3.63171961144305,FALSE,TRUE
Young_3_AGGTTAACAAGTCGCT-1,Young,FAP3,0.113489527996741,0,-8.42521497912693,3.21760036782123,FALSE,TRUE
Young_5_CGGTGAACAAGTAAGC-1,Young,FAP1,0.113505571421173,0,-6.81864664264012,1.68889727429248,TRUE,TRUE
Young_2_CAAGGCCTCGCTTCTA-1,Young,FAP3,0.113547167030625,1.09861228866811,-8.42272588916111,3.48711731270648,FALSE,TRUE
Young_2_TTTCAGTTCAGGATGA-1,Young,FAP1,0.113674672587455,0,-5.81606647677708,4.07352783516742,TRUE,TRUE
Young_5_ATGTTTGAGCACTAAC-1,Young,FAP1,0.113749180469159,0.693147180559945,-6.00949785418797,4.13889720276691,TRUE,TRUE
Young_3_CTAATTGAGCAATAGG-1,Young,FAP1,0.113869229293047,0,-7.65832636065769,0.311159824810397,TRUE,TRUE
Young_2_CGGAGCAAGGATCACT-1,Young,FAP1,0.113878906883806,0,-5.84176609225559,4.88793279961444,TRUE,TRUE
Young_3_AGCGGACCACCGGCTA-1,Young,FAP2,0.113921179415208,0,-9.39838525958347,4.86433508232928,FALSE,TRUE
Young_5_TAAGTGCTCAGGCCTA-1,Young,FAP1,0.114018271079888,0,-7.6629912585764,0.770787887133133,TRUE,TRUE
Young_1_GAGGACTAGTTAGAGG-1,Young,FAP1,0.114037264757754,0,-7.94030210681248,5.30474808052875,TRUE,TRUE
Young_5_AACGCTAGTTAATGAC-1,Young,FAP1,0.1141259148374,1.09861228866811,-6.88466617770481,4.89540293053485,TRUE,TRUE
Young_1_CACAATATCGCTAGTG-1,Young,FAP3,0.11416587244395,0,-8.78495619006443,3.58714415863849,FALSE,TRUE
Young_1_GGAACGGTCGGGCCAT-1,Young,FAP3,0.114201637099176,0.693147180559945,-8.42942831225681,3.8415670616994,FALSE,TRUE
Young_1_TAGCTTGCACTAAGAA-1,Young,FAP3,0.114313741131872,0.693147180559945,-8.56429502673435,3.74438407257892,FALSE,TRUE
Young_1_CTCTAAGCAATTATGC-1,Young,FAP1,0.114323825565688,0,-7.27655384249974,5.57979347542621,TRUE,TRUE
Young_3_TGGTGATTCATTGTCT-1,Young,FAP1,0.114455236569562,0,-8.35956594653416,1.45467939213611,TRUE,TRUE
Young_3_GCAAACCGTGATTACG-1,Young,FAP1,0.114630773471605,0,-6.15964386172581,4.1663322670827,TRUE,TRUE
Young_1_AAGCCTCCAACAACAA-1,Young,FAP1,0.114650892984775,0,-5.97150060839939,3.91859867409564,TRUE,TRUE
Young_1_CTCGACAAGTGAACAG-1,Young,FAP1,0.11475298362474,0,-6.2159468860178,5.72631599739886,TRUE,TRUE
Young_2_GGAGCATAGCGCTCAA-1,Young,FAP1,0.114778222295242,0,-6.0774199695139,3.69577839211322,TRUE,TRUE
Young_1_CCTTACTCACTAAGCC-1,Young,FAP2,0.114823755917321,0,-9.46138784594822,4.98414614037372,FALSE,TRUE
Young_5_GGTCCTGCAGATTCAT-1,Young,FAP1,0.114908963991882,0,-7.70021745868016,0.802263282097351,TRUE,TRUE
Young_2_TACTGACAGGACCGCT-1,Young,FAP1,0.114956448938301,0.693147180559945,-7.41936609454441,3.32677795723773,TRUE,TRUE
Young_3_CAAAGCGCAGCCGCTA-1,Young,FAP1,0.11497349874682,0.693147180559945,-7.0203172893076,4.13273193672992,TRUE,TRUE
Young_2_CATTTGTTCCGCCAAA-1,Young,FAP1,0.114995252804784,0,-6.68667432971287,4.49930574730731,TRUE,TRUE
Young_5_CTGAAACTCAAACCGT-1,Young,FAP1,0.115053032031209,0.693147180559945,-6.2336208552866,4.30374505356647,TRUE,TRUE
Young_2_TTCCTTCTCAGTATTG-1,Young,FAP1,0.115074040138732,0,-7.17271825976658,5.25598194435931,TRUE,TRUE
Young_2_GGGTCACTCTATGACA-1,Young,FAP3,0.115149856746623,1.38629436111989,-8.63765260882664,3.6873922570119,FALSE,TRUE
Young_1_TCCTCTAAGGTTTACA-1,Young,FAP1,0.115236629493013,0,-6.40078947253514,4.76715614632465,TRUE,TRUE
Young_1_TAGGTGCGTTGCAATG-1,Young,FAP1,0.115466962273051,0,-6.95708772845555,5.48686601952411,TRUE,TRUE
Young_1_GAGTTACTCGTCCTTA-1,Young,FAP1,0.1156384616793,0,-8.0364134044199,1.87412526444293,TRUE,TRUE
Young_3_GCGCAAACAACAGGAT-1,Young,FAP3,0.115705965754486,0,-7.96288797564793,2.62611081436969,FALSE,TRUE
Young_1_ACGCCTAAGTTGTCTT-1,Young,FAP1,0.115819974589662,0,-6.75019571490574,5.56017258004047,TRUE,TRUE
Young_1_AGATGCTTCATTATGG-1,Young,FAP1,0.115827240951147,0,-6.88066599078465,2.56891729668475,TRUE,TRUE
Young_5_TAAGCCAGTCAACAAT-1,Young,FAP1,0.115902346043134,0,-6.95239755816746,3.60656096772052,TRUE,TRUE
Young_5_ACGTTGTAGTCAGTAC-1,Young,FAP1,0.115916987372247,0,-6.59496996112156,2.21804156140186,TRUE,TRUE
Young_3_AGGCTAGCATAGCTGC-1,Young,FAP1,0.11592774201257,0,-7.66440174289036,0.195045806325447,TRUE,TRUE
Young_5_TTAAGGACACGGTACT-1,Young,FAP1,0.115945672389991,0,-6.91550895877171,2.19423129395343,TRUE,TRUE
Young_3_TGCTCTCAGTGACCTG-1,Young,FAP2,0.116037994473809,0,-8.79198095507908,3.57213547066547,FALSE,TRUE
Young_2_ATTCCTCCAAAGCCTC-1,Young,FAP3,0.116095879813628,0,-8.43031809039402,2.65188410118915,FALSE,TRUE
Young_2_CGGGCTTAGTCACGAT-1,Young,FAP1,0.116164341790789,0.693147180559945,-6.42710420794773,2.23022606209613,TRUE,TRUE
Young_3_GAGTGATCAATATACC-1,Young,FAP1,0.116193844623799,0,-5.44254228778172,2.85116245583392,TRUE,TRUE
Young_1_TTGTTGTTCTAAGTCA-1,Young,FAP1,0.116450830872373,0,-6.38698885150242,4.80082895592548,TRUE,TRUE
Young_5_AGCAACAAGCATGTTA-1,Young,FAP1,0.116481621773439,0,-6.90265962786961,1.32299020127155,TRUE,TRUE
Young_1_CAGCATGTCCGCAACA-1,Young,FAP3,0.116509035307379,0,-8.91214964099217,4.2366025669942,FALSE,TRUE
Young_2_TCATACTTCAACAAGG-1,Young,FAP1,0.116588441143053,0,-7.09634897418308,2.22201814488269,TRUE,TRUE
Young_3_TAGGTTATCATGACCG-1,Young,FAP1,0.11663503938723,0,-6.26126548953343,6.46978571251727,TRUE,TRUE
Young_5_TGGGCATGTCATGAGC-1,Young,FAP1,0.116761616133609,0.693147180559945,-7.27281973071385,2.62003209427692,TRUE,TRUE
Young_5_AATACCGGTGTTGCAA-1,Young,FAP1,0.116787822229884,1.09861228866811,-7.39152404971409,5.29813768700458,TRUE,TRUE
Young_1_GAACGAATCAGGAAGC-1,Young,FAP1,0.11691251601534,0,-8.16381571002293,0.674849055565368,TRUE,TRUE
Young_1_GTTCATTTCAGAAACG-1,Young,FAP3,0.117015647828701,0,-8.37089845843601,2.66043832138873,FALSE,TRUE
Young_5_AGGTGAATCCTTCTAG-1,Young,FAP3,0.11708089135948,0,-8.33109781451512,3.45927741364337,FALSE,TRUE
Young_5_AATCATGTCCTAGTTT-1,Young,FAP1,0.117165032113586,0.693147180559945,-6.09851572222996,4.67259456948138,TRUE,TRUE
Young_4_GTCCGTAAGCGAGGTG-1,Young,FAP1,0.117230922569424,0,-8.09230158038426,1.91512515381671,TRUE,TRUE
Young_4_AGTGATGAGGACACTT-1,Young,FAP1,0.117299352885029,0,-8.10598966784763,1.92545499638416,TRUE,TRUE
Young_2_TATGGTCAGGTCCTAG-1,Young,FAP1,0.117370603379362,0.693147180559945,-7.17155430026341,4.87137415245868,TRUE,TRUE
Young_1_ATCCTGACAACTAGAA-1,Young,FAP1,0.117449416803959,1.38629436111989,-7.35840246386814,0.388719092912447,TRUE,TRUE
Young_3_AAACCGCGTTAATCGG-1,Young,FAP1,0.117555093187715,0.693147180559945,-5.42999908633518,4.70319893196918,TRUE,TRUE
Young_4_TCAAGGTTCAAGCTAC-1,Young,FAP1,0.117752171356363,0,-8.41097089953709,1.97563543156482,TRUE,TRUE
Young_1_CCCAATTGTGCAATGC-1,Young,FAP1,0.117799661622599,0,-6.84395143695164,1.97788073853351,TRUE,TRUE
Young_5_TGGAACAAGGGCTTAT-1,Young,FAP1,0.117802437560765,0,-6.39456484027195,4.77237131432391,TRUE,TRUE
Young_5_TACGTAATCGTTACAA-1,Young,FAP1,0.117812674414758,1.09861228866811,-6.09908983416844,6.14972259835101,TRUE,TRUE
Young_2_AAATGGCCAGCAACAG-1,Young,FAP1,0.118057232825114,0,-5.83371422000218,4.88355114296771,TRUE,TRUE
Young_3_CTTTCTTGTGGAAACG-1,Young,FAP1,0.118081442440489,0,-6.58774063296604,4.71309902504779,TRUE,TRUE
Young_5_CCTTCAATCCGGCTAA-1,Young,FAP3,0.118184997557594,0.693147180559945,-8.09373304553318,2.69671251610614,FALSE,TRUE
Young_5_GACTCACCAGTAGGTG-1,Young,FAP1,0.118206214760195,0,-5.89409944720555,5.76912786797382,TRUE,TRUE
Young_5_CTAGCGGGTTCGCTCA-1,Young,FAP1,0.118282472534322,0,-7.58802482791233,0.627587519444,TRUE,TRUE
Young_2_TCCATGCTCCACAATA-1,Young,FAP1,0.118447186719306,1.6094379124341,-5.98072502322483,5.91649105385638,TRUE,TRUE
Young_3_TTAGAAGCAGGTATTT-1,Young,FAP1,0.118470902393282,0.693147180559945,-7.7218382091074,5.13325931862689,TRUE,TRUE
Young_5_CGCACACAGCTGTACG-1,Young,FAP1,0.118762216636734,0.693147180559945,-7.71558592028904,5.12850143746234,TRUE,TRUE
Young_1_CCTTATGTCATGGCCA-1,Young,FAP1,0.119032897582579,1.09861228866811,-5.68152019686985,4.30608966187335,TRUE,TRUE
Young_4_AAGACCAAGTTTGTCT-1,Young,FAP1,0.119194138379622,0,-8.21262094683933,2.00470497444965,TRUE,TRUE
Young_1_GTCAGGCTCTAATCCT-1,Young,FAP1,0.119222092113563,0,-8.2189838618784,0.757583103931915,TRUE,TRUE
Young_5_TATTTGCTCCTCCATA-1,Young,FAP3,0.119273871069375,0,-8.4307758540659,3.81356766060687,FALSE,TRUE
Young_5_TCCATAAAGCACAGGG-1,Young,FAP1,0.119366631429537,0,-6.97172233767796,1.61449696854449,TRUE,TRUE
Young_4_CGACTAAGTTGAGCCG-1,Young,FAP1,0.119501956178908,1.09861228866811,-8.64756319232273,3.65709855393268,TRUE,TRUE
Young_5_AGTAACCTCACGCATG-1,Young,FAP1,0.119538076793156,0,-8.22778341479588,0.93009885386325,TRUE,TRUE
Young_2_GGAGCATAGCATTATG-1,Young,FAP1,0.119687164450503,1.6094379124341,-6.2056462497263,2.24282886818744,TRUE,TRUE
Young_3_GGGTATTTCATTGTCT-1,Young,FAP1,0.12006724357299,0,-7.86782476611424,1.21433641747333,TRUE,TRUE
Young_5_GTTACAGGTGATGAGG-1,Young,FAP1,0.120147901289648,0.693147180559945,-6.64609119601536,2.66368009880878,TRUE,TRUE
Young_5_GCTATCCTCGTCATTT-1,Young,FAP1,0.120304336816238,0,-6.95426056094456,2.29071249798633,TRUE,TRUE
Young_1_GCAATATGTGCCTCAC-1,Young,FAP3,0.120320744454452,0,-8.52722570605564,3.50974442795612,FALSE,TRUE
Young_1_GCTGTGCAGGTTTGAC-1,Young,FAP1,0.120392666203015,1.09861228866811,-5.82386133380223,4.00487949684955,TRUE,TRUE
Young_3_GAGTCAAAGGAACGGT-1,Young,FAP1,0.120410180617318,0,-6.62429306216526,3.50624945000507,TRUE,TRUE
Young_1_GTGGCTTCATCATGTG-1,Young,FAP1,0.120588364952922,0,-5.8780414790659,5.77064468697406,TRUE,TRUE
Young_4_AAGGATGTCTGCAAAC-1,Young,FAP3,0.120610718621495,1.79175946922806,-8.38611910052586,3.83842375115253,FALSE,TRUE
Young_3_ACCAGCTCAAGGTCCT-1,Young,FAP1,0.120644259470975,0,-6.02862522311497,3.44141175583698,TRUE,TRUE
Young_3_TGTGCGCAGTGCTGTG-1,Young,FAP1,0.120796712990915,0,-5.96540424533177,3.90880658463336,TRUE,TRUE
Young_3_GCGGTTGGTACGATTG-1,Young,FAP1,0.12098013508183,1.09861228866811,-5.81203958697605,4.58971884087421,TRUE,TRUE
Young_3_GGACCGAAGTCATTAG-1,Young,FAP1,0.121104904348975,0,-6.95277998156834,2.29393663243152,TRUE,TRUE
Young_1_TGAGGTGCATGGAGGC-1,Young,FAP3,0.121225004842727,0,-8.73510858722019,4.30643560723163,FALSE,TRUE
Young_1_ACCCGGTAGGTTTGAC-1,Young,FAP1,0.121309737955467,0,-6.08568355746556,4.15904905632831,TRUE,TRUE
Young_1_CTAAAGCTCGCTAGCA-1,Young,FAP1,0.121329395487093,0,-7.13509676165867,5.22850515679218,TRUE,TRUE
Young_5_GAGTATCTCATTCATC-1,Young,FAP1,0.121366120411433,0,-6.78402826495457,1.91294100121356,TRUE,TRUE
Young_3_TATCACGCATTATCCC-1,Young,FAP1,0.121436734942027,1.09861228866811,-6.7600199908762,5.69962456063129,TRUE,TRUE
Young_3_TGATCACAGCAAGATG-1,Young,FAP1,0.121438600708085,0,-6.82068273730564,5.34940054253436,TRUE,TRUE
Young_3_CCTGCTCCAAGATTCT-1,Young,FAP1,0.12149544813937,0,-6.69570896334934,5.58914758995868,TRUE,TRUE
Young_5_GATTAGCTCTGTGAGT-1,Young,FAP1,0.121575499068605,0,-5.50373956866551,2.80100967720843,TRUE,TRUE
Young_5_CATAGGCGTATTCGCT-1,Young,FAP1,0.121722082004479,0,-8.21530935473728,0.733067862547409,TRUE,TRUE
Young_3_GGTGATTTCATTGCAA-1,Young,FAP1,0.121731134799138,1.09861228866811,-7.39406749911595,5.26828481987811,TRUE,TRUE
Young_3_GATTAAGCAAACTAAG-1,Young,FAP1,0.121735404297854,0,-7.89194795794773,4.57918121651508,TRUE,TRUE
Young_1_GACCTTTGTCTTGCAT-1,Young,FAP1,0.121751860139739,0.693147180559945,-8.16776392169285,5.49455120400287,TRUE,TRUE
Young_1_GTTCGCTTCATGCCTC-1,Young,FAP1,0.121786397628584,0,-5.58820841021824,2.75322081879474,TRUE,TRUE
Young_1_CTCACTCAGCTATATG-1,Young,FAP3,0.121854581518445,0,-8.72802755542088,3.58693435028888,FALSE,TRUE
Young_2_GCAAGTGCACCTGCCT-1,Young,FAP1,0.121957875294295,0,-7.13599321551609,5.13867618874408,TRUE,TRUE
Young_3_ATTACTGAGGGATTAG-1,Young,FAP1,0.121979447778184,0,-5.88261768527317,4.85979559258319,TRUE,TRUE
Young_3_GTAAAGCCAGCAAGAT-1,Young,FAP1,0.122025623529583,1.09861228866811,-6.80330106921482,4.57556965187885,TRUE,TRUE
Young_1_CGGTTTCTCGCTAGAT-1,Young,FAP3,0.12209526643727,0,-8.47416135974217,3.11880757645465,FALSE,TRUE
Young_1_GGTGAGGTCTGTTCAT-1,Young,FAP3,0.122118374126129,0,-8.46842405505467,3.7714450581441,FALSE,TRUE
Young_1_GAAACTGAGCACTTGG-1,Young,FAP3,0.122246848380978,1.09861228866811,-8.61149046130467,3.6683025582204,FALSE,TRUE
Young_3_TTGCGAGTCAGGCTAT-1,Young,FAP1,0.122430673732853,0,-6.88406202502537,1.52743007973529,TRUE,TRUE
Young_1_GCGCTTAAGGAACGGT-1,Young,FAP1,0.122489794798901,0.693147180559945,-7.32232973285008,5.43293478325702,TRUE,TRUE
Young_4_TTGTTTGGTTGCCTCA-1,Young,FAP1,0.122524836649004,1.09861228866811,-6.06524393267918,6.07561447457172,TRUE,TRUE
Young_3_AGCAAATAGCACGTTG-1,Young,FAP3,0.122591518225234,0.693147180559945,-8.48617193408299,3.75621321038104,FALSE,TRUE
Young_1_GGTTGCGGTTACAAAC-1,Young,FAP1,0.12271202064734,1.38629436111989,-6.11698648639012,4.69078781441547,TRUE,TRUE
Young_1_GATGCTTAGTTATCTC-1,Young,FAP3,0.12288950229603,0,-8.43545267291355,3.23453690842487,FALSE,TRUE
Young_5_GGATATTGTCAATGTG-1,Young,FAP1,0.122968893600568,0.693147180559945,-5.69134065814305,4.6278767807851,TRUE,TRUE
Young_5_TTAAGTGTCGCAATCG-1,Young,FAP1,0.122985246977488,0,-6.69797012515354,2.78759410218097,TRUE,TRUE
Young_4_TGTTGCACATAACGGG-1,Young,FAP1,0.122985772846259,0,-8.18499490924168,1.80877818898059,TRUE,TRUE
Young_4_GTACTTCGTAACCTAG-1,Young,FAP1,0.123032948155516,0.693147180559945,-7.69071790881443,0.786392323530685,TRUE,TRUE
Young_2_AATCAGGAGCTCCTAC-1,Young,FAP1,0.123059714822786,1.09861228866811,-6.03203746981907,6.00959875420428,TRUE,TRUE
Young_2_CCGCACACATGCATAT-1,Young,FAP1,0.123070754561841,0,-8.22305986590672,0.904344402111541,TRUE,TRUE
Young_1_TCGTTTCCATAATCCG-1,Young,FAP3,0.123167011675169,1.38629436111989,-8.47638246722508,3.1176946385274,FALSE,TRUE
Young_3_CGACAAGCAGAGGCTA-1,Young,FAP1,0.123189478854672,0,-5.51680395312596,3.31983878449298,TRUE,TRUE
Young_2_GCCTGCTGTGCAACTA-1,Young,FAP1,0.123276294896792,0.693147180559945,-7.67512199588108,0.103597052253257,TRUE,TRUE
Young_5_ATTAGGTGTTTCGCGC-1,Young,FAP1,0.123337009827923,1.09861228866811,-6.8020384044199,5.55497648552753,TRUE,TRUE
Young_2_CCTCCTGAGCTCCTTA-1,Young,FAP1,0.12334402070587,1.09861228866811,-8.21541044421482,0.76427056626178,TRUE,TRUE
Young_5_CCTCCTCTCAAGCCTG-1,Young,FAP1,0.123412786179847,0.693147180559945,-6.60034200854588,2.56734158829547,TRUE,TRUE
Young_1_CGGAGTCTCGATAACC-1,Young,FAP1,0.123808288979115,0,-6.74556085772801,3.62807729081012,TRUE,TRUE
Young_2_TGGCCTGCATAGCTTG-1,Young,FAP1,0.123967151484513,0,-7.66907236285496,0.302876265577447,TRUE,TRUE
Young_3_CGCATTTGTAATGACT-1,Young,FAP1,0.123992931772865,0,-6.15924904055882,5.28382637337543,TRUE,TRUE
Young_4_AGAAACTAGTAAAGGT-1,Young,FAP1,0.124238525509299,0,-8.15339204974461,1.78590979412891,TRUE,TRUE
Young_5_TATTTGCTCAAGCTTA-1,Young,FAP3,0.124283234631995,0,-7.32442495532322,3.6921313031087,FALSE,TRUE
Young_1_GGATACTTCAAGCTTA-1,Young,FAP1,0.124292847979429,0,-7.9352695674448,4.71406414345599,TRUE,TRUE
Young_3_GATGCAGCAAATTCGT-1,Young,FAP1,0.124297461090135,0.693147180559945,-8.10705873675633,5.44809772805072,TRUE,TRUE
Young_3_GTCATTAAGGAACCAA-1,Young,FAP1,0.124373851037929,0,-5.94441387362766,3.19345762566425,TRUE,TRUE
Young_5_ACTCGCGCAACCCTCC-1,Young,FAP1,0.124394381815026,0,-6.82673618502903,2.56134250000812,TRUE,TRUE
Young_5_ATGTAACGTCAATGTG-1,Young,FAP1,0.124452694465496,0.693147180559945,-7.66322872348118,4.7010116799245,TRUE,TRUE
Young_1_ATGTGAGAGTTGCGTG-1,Young,FAP1,0.12454921230581,0,-7.13922664828587,4.92453863457538,TRUE,TRUE
Young_1_CGGCTCACAGCTTAGC-1,Young,FAP3,0.124551244358749,0,-7.83598062701512,4.45584919289447,FALSE,TRUE
Young_3_ACTTAGGGTGTCCAGG-1,Young,FAP1,0.124757195994295,1.38629436111989,-7.95325872607517,4.76859667137958,TRUE,TRUE
Young_5_TTTGTTGGTTAGAGGG-1,Young,FAP1,0.124766071893825,0.693147180559945,-6.03374025531101,3.49233581856586,TRUE,TRUE
Young_1_CCTGACTTCCTCCTAA-1,Young,FAP3,0.124832574740841,0.693147180559945,-8.43505212970066,3.78087832764484,FALSE,TRUE
Young_2_CCTCAGTTCATGGTGT-1,Young,FAP3,0.124843939716103,1.38629436111989,-6.42165300555516,2.22120382622577,FALSE,TRUE
Young_1_AATCCTAAGTAGCGCC-1,Young,FAP3,0.12485804145222,0,-8.7078115672617,3.58540441826678,FALSE,TRUE
Young_2_AGCGCTCAGTTGTCAA-1,Young,FAP1,0.124914694757577,0,-7.76307127185154,5.17226936653949,TRUE,TRUE
Young_2_GAAGCTAAGCTGGCTA-1,Young,FAP1,0.125130513070487,0,-7.99146959491062,1.8315013869176,TRUE,TRUE
Young_2_ACTCGCGCACAGGATG-1,Young,FAP1,0.125141155336229,0,-5.56488249011326,4.96489717797137,TRUE,TRUE
Young_1_AATCGCCCACTTCATC-1,Young,FAP1,0.125253702918736,0.693147180559945,-7.08547279544163,1.50690009430743,TRUE,TRUE
Young_5_GGATTATGTTAGGACC-1,Young,FAP1,0.125298341744074,0,-5.66220781512547,4.76175882653095,TRUE,TRUE
Young_2_TGAGAACCACAGAAAC-1,Young,FAP3,0.125313513935566,0,-8.59337732501316,3.66492965058185,FALSE,TRUE
Young_1_TTGCTTTAGCAAGGGT-1,Young,FAP3,0.12532748315522,0,-8.67151472277928,3.60889675453998,FALSE,TRUE
Young_1_ATAAGTCGTTGAAGCC-1,Young,FAP1,0.125386318171872,0,-7.13918277926731,5.22274210289813,TRUE,TRUE
Young_2_CGCCAAATCCTTGTTG-1,Young,FAP1,0.125401037728456,0.693147180559945,-8.64405176348972,1.59986152485706,TRUE,TRUE
Young_2_AGTGTTTCATCGCTTT-1,Young,FAP1,0.125405547100971,0,-7.20892164416599,2.45962335900165,TRUE,TRUE
Young_5_AGTTGGCGTTAACGGC-1,Young,FAP1,0.125470417180256,0,-5.54852649874974,4.97002127007343,TRUE,TRUE
Young_5_ATCATCAAGTATTGTG-1,Young,FAP1,0.125480535424589,0.693147180559945,-8.21388742633152,1.11655505732394,TRUE,TRUE
Young_4_GAGTTACTCGTACCGA-1,Young,FAP1,0.125587250667246,0,-8.37587282367039,1.95601179436542,TRUE,TRUE
Young_5_GTTTCCTCATTGCGTA-1,Young,FAP1,0.125593895802954,0,-7.92776701159764,0.677978895462524,TRUE,TRUE
Young_2_CCGACAGGTCCTTCAG-1,Young,FAP1,0.125722352217039,1.38629436111989,-5.81189510531712,4.58074524239398,TRUE,TRUE
Young_5_TTCTTAGGTCAAACTG-1,Young,FAP1,0.125770799903682,1.38629436111989,-7.90791055865574,4.63652612999774,TRUE,TRUE
Young_3_TTAGCTGCAATAGCCC-1,Young,FAP1,0.125799097257659,0.693147180559945,-7.16175148196507,5.32680036858417,TRUE,TRUE
Young_3_AATCATCCAGTTTACG-1,Young,FAP2,0.125955580019668,0,-9.398224088624,4.84466698006488,FALSE,TRUE
Young_5_GATGCGACACAGGAAT-1,Young,FAP1,0.125998205815101,0.693147180559945,-6.39683077044773,3.28956200913287,TRUE,TRUE
Young_3_ACAGCGCTCCACCTGT-1,Young,FAP1,0.126041822682386,2.83321334405622,-6.09537050433445,5.99409057930804,TRUE,TRUE
Young_1_AGGAACCAGTTTCCGC-1,Young,FAP3,0.126160344453183,0,-8.55788156695652,3.68583681420184,FALSE,TRUE
Young_5_ATCCAACAGCGAAGTA-1,Young,FAP2,0.126210017062782,0.693147180559945,-8.41951772876072,3.78466226891376,FALSE,TRUE
Young_1_GCAAGCCTCATTACGA-1,Young,FAP1,0.126337088724653,0.693147180559945,-7.16076252169895,5.47848942116595,TRUE,TRUE
Young_2_CGTACGGGTCAGGCCA-1,Young,FAP2,0.126481949521374,1.09861228866811,-8.77766344256687,2.53643872574664,FALSE,TRUE
Young_3_TGTGCAAGTCATGAGC-1,Young,FAP1,0.126540641170315,0.693147180559945,-6.51033756442356,4.40285827950336,TRUE,TRUE
Young_5_TTAGCTGCATTATCCC-1,Young,FAP1,0.126582285651948,1.38629436111989,-6.29502556033421,5.8467898590932,TRUE,TRUE
Young_5_CTGTGTGAGGATTGCT-1,Young,FAP3,0.126652700892508,0,-8.59068128772068,3.521610520638,FALSE,TRUE
Young_3_GCCTGCTGTCGCGCAA-1,Young,FAP1,0.126781489969216,0.693147180559945,-5.68278047747898,3.4079687817464,TRUE,TRUE
Young_2_TGGTCCTTCCTAATAG-1,Young,FAP3,0.126865715498171,0.693147180559945,-8.59150240130711,2.71458079651691,FALSE,TRUE
Young_1_CAATGTGGTCCAAGAC-1,Young,FAP1,0.126951869730918,1.09861228866811,-7.23818132586766,6.30315019921161,TRUE,TRUE
Young_1_CGCTTAACAGTTAAAG-1,Young,FAP2,0.126975058409889,0,-9.43971750445652,4.92289068535663,FALSE,TRUE
Young_3_AAGTCTATCGACAAAG-1,Young,FAP1,0.127081072748275,0.693147180559945,-7.10328457064915,3.634652159966,TRUE,TRUE
Young_3_TTTGTTGGTTCATCTA-1,Young,FAP3,0.127185313605422,0,-8.6917507380991,3.54857756928302,FALSE,TRUE
Young_1_TACCTTAGTCTTACTA-1,Young,FAP1,0.127253772936586,0,-7.29360506243992,5.47731163338519,TRUE,TRUE
Young_3_GGTCGGTTCCCTGACT-1,Young,FAP1,0.127336313302753,0.693147180559945,-7.04274770922947,4.27764608696796,TRUE,TRUE
Young_2_TCTAATCTCAAGCTAC-1,Young,FAP1,0.127366053106351,1.09861228866811,-6.43275997348118,3.32601406411029,TRUE,TRUE
Young_2_GATTCATCAGCACGTT-1,Young,FAP3,0.127386461464633,1.09861228866811,-8.64937898822117,3.53691365555621,FALSE,TRUE
Young_5_TTGTCAAAGTTAGAGG-1,Young,FAP1,0.127432012287289,1.09861228866811,-6.42227432437229,4.22418358162738,TRUE,TRUE
Young_5_AGCTCATAGCTTAGTA-1,Young,FAP1,0.12754047099624,0,-7.53592560000706,6.67571785286761,TRUE,TRUE
Young_3_CGTTATCGTGCTCCGT-1,Young,FAP1,0.127568467488432,1.09861228866811,-7.10119220919895,1.99231054619647,TRUE,TRUE
Young_1_GTGCTTACAGACAAAC-1,Young,FAP3,0.12760126861899,0,-8.52276346392918,3.50238563851215,FALSE,TRUE
Young_2_GTTCTTGTCTAAATCG-1,Young,FAP1,0.127729040922337,0.693147180559945,-6.92035934634495,2.44884850815631,TRUE,TRUE
Young_1_CTTGAACAGGACCTCA-1,Young,FAP3,0.127932538785086,0,-8.42315504260349,3.77287652329303,FALSE,TRUE
Young_3_GCTTTCATCCGTAAAC-1,Young,FAP1,0.128006043782253,1.09861228866811,-6.1857259006052,5.70155861214496,TRUE,TRUE
Young_1_TATGGCCCATAACGGG-1,Young,FAP3,0.128111751148637,0.693147180559945,-8.45957205004978,3.19071080521442,FALSE,TRUE
Young_5_ACCAAGTTCTTGCATT-1,Young,FAP1,0.128112203200422,0,-8.28307363696385,1.88782694176532,TRUE,TRUE
Young_3_GGCCGTTAGCCTCTCG-1,Young,FAP1,0.128204513326115,1.09861228866811,-7.92283270068455,0.240571297563087,TRUE,TRUE
Young_1_ACTTACAAGACTCGCA-1,Young,FAP3,0.12827782107714,0.693147180559945,-8.57632944293308,3.66133954361774,FALSE,TRUE
Young_5_CCCAAACCATAAAGCA-1,Young,FAP1,0.128294259723375,0.693147180559945,-7.67889187045384,0.145728699720871,TRUE,TRUE
Young_5_ACCCGCTGTATTGTGG-1,Young,FAP1,0.128525585148839,0.693147180559945,-7.48151275821018,5.03028585747577,TRUE,TRUE
Young_5_TACTGGCCAATGCCCG-1,Young,FAP1,0.128551576867219,0,-7.9593755931406,0.681590489901077,TRUE,TRUE
Young_2_AACGACAAGTATGTGC-1,Young,FAP1,0.128606779936489,0,-7.9239980906992,0.680840693272125,TRUE,TRUE
Young_3_TGCTCAACAGGCTAAG-1,Young,FAP1,0.128636387624223,0.693147180559945,-5.53467771716404,4.96939661339618,TRUE,TRUE
Young_5_CCCAACCGTCGCAATA-1,Young,FAP1,0.128639374258962,0.693147180559945,-7.15914509005833,5.24501182869769,TRUE,TRUE
Young_2_TGTAATGTCATGACCG-1,Young,FAP3,0.128644808761733,0.693147180559945,-7.87214204974461,3.77471306160785,FALSE,TRUE
Young_2_CCCTTAATCCTAGTTT-1,Young,FAP1,0.128645241680221,0,-6.92004654116917,2.44375421837665,TRUE,TRUE
Young_2_AAGTTTGTCTCAATTC-1,Young,FAP1,0.128667488506123,0.693147180559945,-6.719917032197,3.60782911614276,TRUE,TRUE
Young_1_CAGGAAGGTTTCGCCA-1,Young,FAP1,0.128709221349459,0.693147180559945,-5.99887916751194,5.80917265251971,TRUE,TRUE
Young_4_AAGCAAGTCCTTCTAG-1,Young,FAP1,0.128714167993413,0,-6.04502842135716,3.5783515198598,TRUE,TRUE
Young_3_GTACGTAGTACTTAGG-1,Young,FAP1,0.129092786882204,1.09861228866811,-7.75297662921238,5.16797067955829,TRUE,TRUE
Young_3_GTTAGGCGTTTGGCTT-1,Young,FAP1,0.129216990324047,0.693147180559945,-5.96829483218479,5.87447740868427,TRUE,TRUE
Young_4_GAGTTTGGTACAAAGA-1,Young,FAP1,0.129234403446763,0,-8.20668718524265,1.83084466294147,TRUE,TRUE
Young_2_CGAATATGTACCGTTT-1,Young,FAP1,0.129283206653977,0,-5.76670000262547,4.88756658867694,TRUE,TRUE
Young_5_GATCGAGCAGGCCATT-1,Young,FAP1,0.129405703861343,0,-6.14095995135594,5.20067217186786,TRUE,TRUE
Young_3_TGATTCAAGCGCTCAA-1,Young,FAP1,0.129513352316497,1.38629436111989,-7.7257501811533,0.757671616829406,TRUE,TRUE
Young_1_TTTGACTTCTGTTCAT-1,Young,FAP1,0.129519677629107,0,-6.02215263552952,3.44914080933429,TRUE,TRUE
Young_2_CGTCAATAGCTAAAGG-1,Young,FAP1,0.129542006848169,0,-6.72320768542576,2.19373061493732,TRUE,TRUE
Young_5_GTGTTCCTCAAACTCA-1,Young,FAP1,0.129591715539509,0,-6.86311313815403,2.55522277191974,TRUE,TRUE
Young_5_CTAGGCGGTACCTTAC-1,Young,FAP1,0.129720405186432,1.09861228866811,-7.38870498843479,0.362908296144974,TRUE,TRUE
Young_5_GTGCTGGGTCGAAGTC-1,Young,FAP1,0.129871044631112,0,-6.6225106448679,2.20084347561694,TRUE,TRUE
Young_2_TAAGCTGGTGATGAAA-1,Young,FAP1,0.129912422683709,0,-6.79169342227268,1.67791261509753,TRUE,TRUE
Young_3_TAGCTAGGTTGCACAA-1,Young,FAP1,0.129922636209876,1.09861228866811,-6.12127563662815,6.17342045143939,TRUE,TRUE
Young_3_GGTACTTAGATGGAGC-1,Young,FAP1,0.130040986567218,0,-5.60953113742161,4.94094135598041,TRUE,TRUE
Young_5_CCAGCTAAGGCTTAAC-1,Young,FAP1,0.130133345704285,0,-5.65348550982762,4.92549135521747,TRUE,TRUE
Young_2_GGTGCTGGTAACAGGG-1,Young,FAP1,0.13015869049665,0,-6.97714206881809,4.68725111321307,TRUE,TRUE
Young_3_AGGTAACCAATAAGCA-1,Young,FAP1,0.130246765699459,0,-7.91205141253758,0.34501081411488,TRUE,TRUE
Young_5_ACATCAATCTCAATTC-1,Young,FAP1,0.130369137044123,1.09861228866811,-6.40266821093846,4.32034780815936,TRUE,TRUE
Young_3_GGTCAATTCACTCAAA-1,Young,FAP1,0.130451762287318,0,-5.73623916812229,4.77816679314471,TRUE,TRUE
Young_3_GATTCGCCACTAAGCC-1,Young,FAP1,0.130557268940387,0.693147180559945,-5.63249084658909,4.93206646279193,TRUE,TRUE
Young_3_ACTTCGCTCACGCCAA-1,Young,FAP1,0.13061804287103,0,-5.82090494342137,4.67063476876117,TRUE,TRUE
Young_5_GTGCCTTTCGGTACGC-1,Young,FAP1,0.13072289274336,0,-7.91313097186375,0.340833178579282,TRUE,TRUE
Young_2_AGTGCACGTCCCGGAA-1,Young,FAP1,0.130736384938904,0,-5.46849224276829,4.98881199196674,TRUE,TRUE
Young_3_GTCAATATCGTACCGA-1,Young,FAP3,0.13082224017146,0,-8.48364469714451,3.13459303215839,FALSE,TRUE
Young_4_TCGGTAAGTGGGAACA-1,Young,FAP1,0.130834737664739,0,-8.1868564815073,1.81722440556384,TRUE,TRUE
Young_4_GATAAGCCAGCTTACA-1,Young,FAP1,0.130837621697935,0,-8.49337980456638,3.70710089043475,TRUE,TRUE
Young_1_TTAGCCTGTGAATCGC-1,Young,FAP1,0.130844718976805,0,-5.79154131121922,3.36903002098895,TRUE,TRUE
Young_1_TAATGGACATTGTCAG-1,Young,FAP3,0.130853457685664,0,-8.41813585467625,3.32395269707538,FALSE,TRUE
Young_5_TTTGTTGGTTCACTGT-1,Young,FAP1,0.130857641609225,0,-7.67680904574681,0.285325139618885,TRUE,TRUE
Young_1_ACACGGACAGAAATTG-1,Young,FAP1,0.130980940011048,0.693147180559945,-6.62656280703831,3.51891686753131,TRUE,TRUE
Young_3_ACTCAGTAGGCTGTGC-1,Young,FAP1,0.131043561300817,0.693147180559945,-6.22646305270481,6.37792875603534,TRUE,TRUE
Young_3_TTAGGCCCAGATAGAC-1,Young,FAP1,0.131102103159465,0,-6.88775083728123,2.00924863652087,TRUE,TRUE
Young_1_CGTGCTGCAATTAAGG-1,Young,FAP3,0.131235097265353,0,-8.32999345965672,2.6821181996236,FALSE,TRUE
Young_1_GAAGTATAGTCAATCA-1,Young,FAP1,0.131241285111987,0.693147180559945,-5.98929378695774,5.91235687569476,TRUE,TRUE
Young_1_GGAATCTTCGTTAACA-1,Young,FAP3,0.131297947372136,0,-8.53167078204441,2.65678551033832,FALSE,TRUE
Young_3_AACCTAATCCTAAGAC-1,Young,FAP1,0.131300151412383,0,-7.14434358783055,5.48286344841815,TRUE,TRUE
Young_1_GGTTTCTGTTCCGGGA-1,Young,FAP1,0.131306180683371,0,-7.15588733859349,5.44180776909686,TRUE,TRUE
Young_5_GTGCAAGCATGTTGCA-1,Young,FAP1,0.13145299301497,0,-6.40950224108982,4.32061197594501,TRUE,TRUE
Young_2_TTTACGCGTCGTAAAT-1,Young,FAP1,0.131567778178142,0.693147180559945,-5.47569153018284,4.70420076683856,TRUE,TRUE
Young_1_TACAATGTCACGTTAA-1,Young,FAP3,0.131590306878553,1.6094379124341,-8.72957155413914,3.5551171524892,FALSE,TRUE
Young_1_AGCTACTAGCGATAGA-1,Young,FAP1,0.131644333357484,0,-7.68336317248631,0.116287164248001,TRUE,TRUE
Young_4_TGGCTATAGAATCGCT-1,Young,FAP1,0.13171083905259,0,-8.16802808947849,1.80371608570911,TRUE,TRUE
Young_1_AATGCATGTCCACAAA-1,Young,FAP1,0.131735356193988,0.693147180559945,-7.9558527202158,4.79354240731097,TRUE,TRUE
Young_5_ACCGAAGCATTGTGTG-1,Young,FAP1,0.131758680351153,0,-6.41850874133396,4.63457443550922,TRUE,TRUE
Young_3_ATAATGGCAAACCTAT-1,Young,FAP1,0.131776989172615,1.09861228866811,-6.81487962909031,5.32093622521259,TRUE,TRUE
Young_3_AGGTAACCAGAAACGT-1,Young,FAP1,0.131793103453654,0,-7.15619680590916,5.17250778511859,TRUE,TRUE
Young_5_TCTCGCCCAACTCGCG-1,Young,FAP1,0.131835478782217,0,-7.15689346499729,4.92301513985492,TRUE,TRUE
Young_5_GGATTTATCTTGCAGG-1,Young,FAP1,0.132117521360283,1.6094379124341,-7.07771131701756,4.34544851616718,TRUE,TRUE
Young_2_TGTTGTGCAGGCAAGC-1,Young,FAP1,0.132136017730651,0,-7.52805254168797,0.636658184088241,TRUE,TRUE
Young_5_CAACAATGTCCCGAAG-1,Young,FAP1,0.132165774520207,0,-6.35422441668797,4.81736137703754,TRUE,TRUE
Young_1_TCTATGTTCAGCACGC-1,Young,FAP3,0.132218231326469,0,-8.62149831958103,3.6079895718465,FALSE,TRUE
Young_3_CTGATCACATCCATCT-1,Young,FAP1,0.132218582342153,0.693147180559945,-7.38548013873387,5.23775961235858,TRUE,TRUE
Young_3_GTTCGCTTCTAAATCG-1,Young,FAP1,0.132277809912358,0.693147180559945,-5.58063194461155,3.31484701470233,TRUE,TRUE
Young_2_CTACAACAGTTGGGCC-1,Young,FAP1,0.13229659720442,0,-8.10828802295017,0.688637457645904,TRUE,TRUE
Young_3_GTTTAGCAGGGTTAGA-1,Young,FAP1,0.132550679587903,0,-8.07037946887303,1.47289886311389,TRUE,TRUE
Young_1_ATAGGTACATAATTGC-1,Young,FAP1,0.132734603702962,0,-6.27406427569676,5.82597782448627,TRUE,TRUE
Young_1_TGCACACCACCTGCTC-1,Young,FAP1,0.132794252282765,0,-8.00094721026707,5.54407551125385,TRUE,TRUE
Young_2_GGCATGGAGGAAGCTA-1,Young,FAP1,0.132831040105426,1.09861228866811,-7.24750730700779,5.55852081612445,TRUE,TRUE
Young_4_CAGGAAGGTTGACTTC-1,Young,FAP1,0.132930154925305,0,-5.9512254924326,4.03983475998737,TRUE,TRUE
Young_2_TGTTGTGCAATCCTAG-1,Young,FAP1,0.132986988025003,0,-8.56340334124851,1.0575767977605,TRUE,TRUE
Young_1_ACACTAGGTTATGTGG-1,Young,FAP1,0.133131469116983,0,-6.67783043093968,1.56463196114398,TRUE,TRUE
Young_1_GCTTTGTGTAGCTGGT-1,Young,FAP1,0.133164833944941,0,-8.52893755145359,1.60322727993823,TRUE,TRUE
Young_2_ATAATGGCATCAGCAC-1,Young,FAP1,0.13316954053097,1.09861228866811,-7.68313715167332,0.169501133121025,TRUE,TRUE
Young_2_ATAACGACAACCTAAT-1,Young,FAP1,0.133328527386114,1.38629436111989,-6.20588514514256,6.33382131890155,TRUE,TRUE
Young_3_CATCACACACAGCCTG-1,Young,FAP1,0.133355302580636,1.09861228866811,-6.85088131137181,5.55516674355365,TRUE,TRUE
Young_5_AACCTCACAACATAAG-1,Young,FAP1,0.1333876927638,0,-6.10574648089695,4.17319180802203,TRUE,TRUE
Young_5_AACGACAAGATGGACA-1,Young,FAP1,0.133447738775171,0.693147180559945,-7.37608263202,0.360822390622865,TRUE,TRUE
Young_1_TGAGAACCATAATCCG-1,Young,FAP3,0.133541916565123,0,-8.55424425311375,3.64909889534808,FALSE,TRUE
Young_3_AGGTTACTCTCCTCAA-1,Young,FAP1,0.133668771408088,0,-7.41898128695774,0.540548316992294,TRUE,TRUE
Young_3_CTAACCACAACGTGCT-1,Young,FAP1,0.133727987950844,0.693147180559945,-7.87254068560887,0.684681556976806,TRUE,TRUE
Young_2_CGAGCTGGTGAGGTGA-1,Young,FAP1,0.133852041366819,0.693147180559945,-7.95132181353855,5.33168222740985,TRUE,TRUE
Young_4_CCTTATGTCTCAATGA-1,Young,FAP1,0.133860447984469,0,-8.24570867724705,1.86461248234607,TRUE,TRUE
Young_3_TTGTCAAAGGACTAAG-1,Young,FAP1,0.134175399526214,0.693147180559945,-5.44060156054783,2.79884006813861,TRUE,TRUE
Young_5_CCAGGATGTAAGGTCC-1,Young,FAP1,0.134510102500595,0,-6.16516706652928,4.73588659600116,TRUE,TRUE
Young_2_GGGTCACTCGGTCAGC-1,Young,FAP1,0.134693596479243,1.09861228866811,-6.2471444339304,4.79506208733417,TRUE,TRUE
Young_2_AGCCAGTGTCGCAATA-1,Young,FAP1,0.134897624207663,0.693147180559945,-5.74727127261448,4.77751352623798,TRUE,TRUE
Young_3_GTTTGTTTCATCACTT-1,Young,FAP1,0.134966818548005,0.693147180559945,-6.65856430239964,1.54677035645343,TRUE,TRUE
Young_3_CTAACCACATGCTCCC-1,Young,FAP3,0.135034886756268,0.693147180559945,-8.35394403643894,2.68351747826434,FALSE,TRUE
Young_2_TCTACCTCAGGCCAAA-1,Young,FAP1,0.135042409562621,0,-5.952170106843,3.82317545250751,TRUE,TRUE
Young_3_TCCTTTACAGTATGTT-1,Young,FAP1,0.135184757993902,0,-8.63787195391941,1.02466955021716,TRUE,TRUE
Young_5_TATCGAGGTAAGCACC-1,Young,FAP1,0.135293980687155,0,-5.84583255954075,3.34582378701068,TRUE,TRUE
Young_1_TGGACAAAGTTAGCTA-1,Young,FAP1,0.135392092442982,0,-7.14849016375828,5.46853020027972,TRUE,TRUE
Young_3_TCATTGTTCTATCGCC-1,Young,FAP1,0.13542373506309,0,-5.74030182071018,4.77511694268085,TRUE,TRUE
Young_1_TCCTCTAAGTTACTTC-1,Young,FAP1,0.135471397179192,0,-5.56415817446995,4.725707553185,TRUE,TRUE
Young_1_GTATGTGGTCAGGCCA-1,Young,FAP3,0.135486706989333,0,-8.47868368335056,3.17199852303363,FALSE,TRUE
Young_2_CTTAGGAGTTGAGCCG-1,Young,FAP3,0.135582698697701,1.09861228866811,-8.45931551165867,2.72110106781818,FALSE,TRUE
Young_1_ATTAGCTCACGAATTT-1,Young,FAP1,0.135661203852528,0,-6.83171484179783,5.56589510277606,TRUE,TRUE
Young_5_ATACCTGCAGTTGCGT-1,Young,FAP1,0.135725565286049,0,-7.68230077929783,0.272158857292902,TRUE,TRUE
Young_1_TTTAGGATCGATCAGT-1,Young,FAP1,0.135760896925623,0.693147180559945,-7.95731374926853,4.20257093743182,TRUE,TRUE
Young_5_CACATACAGACAAAGT-1,Young,FAP1,0.13585348751421,0.693147180559945,-7.52763149447727,0.591660640991699,TRUE,TRUE
Young_2_GGCAAGCCACTAGCGT-1,Young,FAP1,0.13589807653778,0.693147180559945,-8.68719026751804,1.0009116752515,TRUE,TRUE
Young_1_TGTAAGCTCCAGGTTG-1,Young,FAP1,0.136134790420115,1.09861228866811,-6.0615713328867,3.71278025940753,TRUE,TRUE
Young_3_CCTCAAACACTAAGAA-1,Young,FAP1,0.136192146035038,0,-7.28834888644505,5.44645550087787,TRUE,TRUE
Young_1_GCTATTGCATGTTGTG-1,Young,FAP1,0.136251672683054,0,-7.14928600497532,5.49090196923114,TRUE,TRUE
Young_5_TCATGTTTCGTTTCTG-1,Young,FAP1,0.136432159344587,0.693147180559945,-5.74510547824192,4.7756138069997,TRUE,TRUE
Young_1_TAGTAAGCAGTAATAG-1,Young,FAP3,0.136511213356273,0,-8.45773718066502,3.70238687828876,FALSE,TRUE
Young_4_CAAGTGAAGCCTGACA-1,Young,FAP1,0.136584200381148,0.693147180559945,-6.94894478030491,5.95284368828632,TRUE,TRUE
Young_3_TCGGTTCTCTCCTCAA-1,Young,FAP1,0.136660678621227,0.693147180559945,-6.18221018023777,4.75005390480853,TRUE,TRUE
Young_2_CGGGCTTAGTAAGGGC-1,Young,FAP1,0.13670707132086,1.6094379124341,-7.15035555072117,5.48058178261615,TRUE,TRUE
Young_4_GAGCAAGGTTTATCGC-1,Young,FAP1,0.1367784564255,0,-6.95528480716038,5.52441170052386,TRUE,TRUE
Young_5_CCGTTATGTAAATTGC-1,Young,FAP1,0.137027027151437,0.693147180559945,-6.29520485110569,4.83171942070819,TRUE,TRUE
Young_5_TAGTTTGAGCCTGAGC-1,Young,FAP1,0.137102320379611,0,-6.94284603305149,1.83989145592548,TRUE,TRUE
Young_3_TTAAGCCAGGCGAATA-1,Young,FAP1,0.137123518343536,0,-6.7618682117014,2.54975106552936,TRUE,TRUE
Young_2_TTTGGCTGTCGTAAAT-1,Young,FAP1,0.137234304298374,0,-7.43042394824314,6.55497553185321,TRUE,TRUE
Young_2_TTATGACCAGCAGGTA-1,Young,FAP1,0.137429122490671,0,-6.04129860110569,4.24999167755939,TRUE,TRUE
Young_1_CATCCCAGTAGCTGGT-1,Young,FAP3,0.137438481644688,0,-8.47970506854344,3.48239781693317,FALSE,TRUE
Young_1_GCTGCATCATCCTAGA-1,Young,FAP1,0.137526783808559,0.693147180559945,-6.24167940326023,6.29990103081561,TRUE,TRUE
Young_3_TACGTACAGGTCCACA-1,Young,FAP1,0.137600222028808,0,-7.69898149676609,0.742027781761657,TRUE,TRUE
Young_5_TGCGATTAGTATGTGC-1,Young,FAP1,0.137602122845254,0,-8.06498453326512,1.87613406018115,TRUE,TRUE
Young_3_GGACCTCAGCTTCCCG-1,Young,FAP1,0.137616944450232,0,-6.18424532122898,6.18738176659442,TRUE,TRUE
Young_1_TAGCGCGGTCACGAAC-1,Young,FAP1,0.13763567768902,0,-8.74025079913426,4.38489820793964,TRUE,TRUE
Young_1_CTGGTTTGTAGGATTT-1,Young,FAP1,0.137656834700275,0,-5.5958149165659,4.93262102440692,TRUE,TRUE
Young_2_AGTGATGAGGACAATG-1,Young,FAP1,0.137703430234159,0,-8.59901258654881,1.05154266194202,TRUE,TRUE
Young_3_AGGTTGCGTTGGCCGA-1,Young,FAP1,0.137753588902005,0.693147180559945,-6.83214351840306,2.17673089341022,TRUE,TRUE
Young_1_CAGCTCAAGGACGTAA-1,Young,FAP3,0.137763025692713,0,-8.4944212169199,3.6694433911214,FALSE,TRUE
Young_3_GTTGTGAGTGATGAGG-1,Young,FAP3,0.138016991997167,0,-8.43113920398045,3.32183673218585,FALSE,TRUE
Young_2_AGAGAAGCAAGCGATG-1,Young,FAP1,0.138129079416876,0.693147180559945,-6.07259151644993,4.25493552521564,TRUE,TRUE
Young_1_AGTCCTTGTCTTACTA-1,Young,FAP1,0.138218642133454,0,-5.27116319842625,2.8814361317525,TRUE,TRUE
Young_2_TTTAACCTCTTTAGGA-1,Young,FAP1,0.138457655648215,1.38629436111989,-6.74118826098728,5.60254671410419,TRUE,TRUE
Young_1_TGGTTCCTCTCACACC-1,Young,FAP1,0.138458136809514,0,-6.78596946902561,1.8976327402959,TRUE,TRUE
Young_1_CAAAGTGAGTTTGAGC-1,Young,FAP1,0.138470084690757,0,-5.89338133044529,3.23070432976581,TRUE,TRUE
Young_5_AAAGGCTCAGAACCGA-1,Young,FAP1,0.138538349053371,0,-6.13147041507054,5.19189550713397,TRUE,TRUE
Young_2_TACAGGTTCATTACAG-1,Young,FAP1,0.138565934428704,0,-6.12997839160252,5.18286182717181,TRUE,TRUE
Young_5_CTATGGCCAAACATAG-1,Young,FAP1,0.138602256862871,0,-6.89514801211643,4.08273651436664,TRUE,TRUE
Young_2_CGCACAATCGTTTCTG-1,Young,FAP1,0.138648619277815,0.693147180559945,-7.98827955432224,1.35469271973468,TRUE,TRUE
Young_1_CATCATGCAATGAATG-1,Young,FAP1,0.138654821714559,0,-7.68693468280125,4.73625852898456,TRUE,TRUE
Young_3_CGGTAACGTAGGATTT-1,Young,FAP1,0.138988873466691,0.693147180559945,-6.21283075518894,5.75114824608661,TRUE,TRUE
Young_3_GTTTGCTGTATTGGAT-1,Young,FAP1,0.139029181963494,0,-8.27215692706394,1.21925844982959,TRUE,TRUE
Young_1_TTAGGCTAGGATTGAG-1,Young,FAP1,0.139065296963746,0,-6.88174030490208,1.77933647469379,TRUE,TRUE
Young_2_CGACAAGCAACTAGCC-1,Young,FAP1,0.139112670382415,0,-7.52782318301487,0.629910491264831,TRUE,TRUE
Young_5_GTTTGCTGTGTTAAAC-1,Young,FAP1,0.139538291242341,0,-6.93244573779392,5.53721668557025,TRUE,TRUE
Young_3_CCTCAAACACGAACAG-1,Young,FAP1,0.139591598679162,0,-7.24011394686985,3.30306031540729,TRUE,TRUE
Young_5_GCAATGTTCTTAGTCT-1,Young,FAP1,0.139712972946092,0,-6.65909168429661,2.73043753937579,TRUE,TRUE
Young_5_ACAAACTGTTAGGCTA-1,Young,FAP3,0.139739730010167,0.693147180559945,-7.97979185290623,4.42076351479388,FALSE,TRUE
Young_2_TGGCCTGCATGAGTTT-1,Young,FAP1,0.13982112194053,0.693147180559945,-7.6850425929575,0.316415953307819,TRUE,TRUE
Young_2_CTTTGTCCACCTATAG-1,Young,FAP1,0.139889207962314,0,-7.92558405108738,0.326546839761954,TRUE,TRUE
Young_1_ATCATCAAGATTGAGG-1,Young,FAP3,0.140006512022905,0,-8.49171278186131,3.15672852829791,FALSE,TRUE
Young_1_ATTCGTTTCGGTACGC-1,Young,FAP1,0.140032880361415,1.09861228866811,-5.94435999102879,4.01588489846088,TRUE,TRUE
Young_5_TAATGGTGTCATCCTG-1,Young,FAP1,0.140221585053507,0,-8.46558019824314,1.12759288386203,TRUE,TRUE
Young_2_TTAACTGAGCATGTTA-1,Young,FAP1,0.140375151566992,0,-6.43311283297825,4.55001356438495,TRUE,TRUE
Young_1_TTGGATCAGTCCTGAG-1,Young,FAP1,0.140441186265245,0,-5.51611540026951,4.95556118325092,TRUE,TRUE
Young_2_TATTTGCTCCTAATAG-1,Young,FAP1,0.140525279417658,0,-5.61328479953099,4.62078955010272,TRUE,TRUE
Young_1_TGGACGGAGTAGCCAT-1,Young,FAP1,0.140655153627947,0.693147180559945,-6.87654421038914,5.55879309014178,TRUE,TRUE
Young_4_CTATTACTCGGCCAGT-1,Young,FAP3,0.140659492517873,1.09861228866811,-8.5061514110117,3.48685171440936,FALSE,TRUE
Young_5_GAGCTGCTCCATAATG-1,Young,FAP1,0.140696652286628,1.6094379124341,-6.85923406787205,5.39377024010516,TRUE,TRUE
Young_3_CGGCTAATCCCAGTAG-1,Young,FAP1,0.140747985994888,1.09861228866811,-7.64178154177952,4.59708788231708,TRUE,TRUE
Young_5_GCGGTTGGTTCGCTTG-1,Young,FAP1,0.140862303347777,1.09861228866811,-5.47963354296971,4.58361389473773,TRUE,TRUE
Young_5_CCCTTAATCCACAATA-1,Young,FAP1,0.141099067646428,0,-6.06791279025364,4.67169191674091,TRUE,TRUE
Young_5_AAAGCCGCACAGCCAT-1,Young,FAP1,0.141150916854992,0,-6.61675474353123,2.63642289475299,TRUE,TRUE
Young_3_CATTTGTTCCCGAACA-1,Young,FAP3,0.141187516394375,1.6094379124341,-8.50016042895603,3.64708092049457,FALSE,TRUE
Young_5_CGTTATCGTTCATCTA-1,Young,FAP1,0.141231782072445,0,-6.72914859957981,1.83667042092181,TRUE,TRUE
Young_3_CGGTGAGAGTTTAACG-1,Young,FAP1,0.141485251942583,0,-6.58644888110447,2.1909048779378,TRUE,TRUE
Young_2_AGTACGCGTACGGTAC-1,Young,FAP1,0.141493160202057,1.09861228866811,-6.14404365725804,5.28534223870136,TRUE,TRUE
Young_3_GTGAGGAGTAACGGGA-1,Young,FAP1,0.141603459292731,1.09861228866811,-6.01173374362278,5.85549642876483,TRUE,TRUE
Young_5_CCTCAGTTCCTGATGG-1,Young,FAP1,0.141649222683247,0,-6.35566684909153,4.76635219887592,TRUE,TRUE
Young_3_CGTAACCCAATGCGCT-1,Young,FAP1,0.141744636520151,1.38629436111989,-6.4582302302866,4.38438846901752,TRUE,TRUE
Young_3_GATGCGACAGGATTAA-1,Young,FAP3,0.141858922749911,0,-8.40722200579929,3.45900251702167,FALSE,TRUE
Young_5_AAACATGCAAGGCCAA-1,Young,FAP1,0.141883540442247,0.693147180559945,-6.52767536349583,2.97347690895892,TRUE,TRUE
Young_3_TGCTTCCAGTGAGCAA-1,Young,FAP1,0.141997436671402,0,-6.06815216250706,6.0494437439809,TRUE,TRUE
Young_5_TAGGTTATCATCCTAT-1,Young,FAP3,0.142002843226896,0,-8.45953485675144,3.2595427258382,FALSE,TRUE
Young_3_GCACCTAAGAATCTCA-1,Young,FAP1,0.142167094262075,0.693147180559945,-6.62241050906468,2.65127041176654,TRUE,TRUE
Young_1_AGAACAAGTCAAGACC-1,Young,FAP1,0.142273902228099,0,-6.95518943972874,1.85775782898761,TRUE,TRUE
Young_2_AAGACCAAGTTGCGTG-1,Young,FAP1,0.142327504993322,0,-5.84547922320652,4.04968597725726,TRUE,TRUE
Young_5_AGCAAATAGAACAAGT-1,Young,FAP1,0.142534941794492,0,-6.74574062533665,2.54457070664264,TRUE,TRUE
Young_5_GTCCAGGGTTAACACG-1,Young,FAP1,0.14267748727464,0,-7.23694774813938,1.84599985913135,TRUE,TRUE
Young_1_GTATGTTCAGGCTAAG-1,Young,FAP3,0.143027842485991,0.693147180559945,-8.50864145465183,3.63119842842914,FALSE,TRUE
Young_5_TGTAATGTCGGGACTC-1,Young,FAP1,0.143042571994049,1.09861228866811,-6.76985141940403,1.87649717167712,TRUE,TRUE
Young_5_ACCTACCTCTCAATGA-1,Young,FAP1,0.143048004966913,1.09861228866811,-6.73205015368748,5.68928911522723,TRUE,TRUE
Young_4_CACAATATCCGTGACA-1,Young,FAP1,0.143153174152917,0,-8.68506452746678,1.02121897772647,TRUE,TRUE
Young_5_TTGCAGCCAAACTAAG-1,Young,FAP1,0.143178988842245,0,-7.42644617266941,0.333411646748368,TRUE,TRUE
Young_3_AGCAAGGGTAGGATTT-1,Young,FAP1,0.143276452239829,0,-7.85311147876072,1.1665815933118,TRUE,TRUE
Young_3_CTTGGACCATTAGCCA-1,Young,FAP1,0.143459502336368,0,-6.85033580966282,1.75164058045245,TRUE,TRUE
Young_5_TGATCAGGTAATCCCT-1,Young,FAP1,0.14367062126103,0,-5.57430860705662,4.92976476982928,TRUE,TRUE
Young_1_CTTAATGAGGACCTGC-1,Young,FAP1,0.143722109152258,0,-7.0289728374033,6.06092789009906,TRUE,TRUE
Young_5_GATTAGCTCTGCAACG-1,Young,FAP1,0.143968814817121,0.693147180559945,-6.36321851916599,4.22818233803607,TRUE,TRUE
Young_5_CTCATGCTCTTAAGTG-1,Young,FAP1,0.144018667386222,0,-6.223654481843,4.27660205201007,TRUE,TRUE
Young_4_GGTAAGGGTCAAAGAA-1,Young,FAP3,0.144082012140625,0,-8.29631635852146,3.77763774231769,FALSE,TRUE
Young_1_GTCTAATCAATTGAGA-1,Young,FAP3,0.144108692682026,0,-8.31439134784031,2.72944786385394,FALSE,TRUE
Young_2_ACCACACCAGTTATCG-1,Young,FAP1,0.144149479638599,0,-6.08046791262913,4.2510605080495,TRUE,TRUE
Young_1_CATGCGGGTGGTTATG-1,Young,FAP1,0.144321080953943,0,-7.49847290225315,0.212520561970245,TRUE,TRUE
Young_1_GAGCAAATCACCAATA-1,Young,FAP1,0.144321103820439,0.693147180559945,-7.45862362094212,0.264321215308677,TRUE,TRUE
Young_1_GCCAATTAGGTCAAAG-1,Young,FAP1,0.144321126686935,0,-7.52201244540501,0.245199076689255,TRUE,TRUE
Young_1_TTGTAAGTCTTACTCG-1,Young,FAP1,0.144321149553432,0,-7.31238720126438,0.326082343093526,TRUE,TRUE
Young_1_TTTATGGAGTTTGGTA-1,Young,FAP1,0.144321172419928,0,-7.51706049151707,0.0350830181012265,TRUE,TRUE
Young_2_AATCTCAAGTTTAACG-1,Young,FAP1,0.144321195286424,0,-7.46414253421116,0.241013452268612,TRUE,TRUE
Young_2_GATCGAGCAGGTTCAC-1,Young,FAP1,0.144321218152921,0,-7.38498327441502,0.226041920341026,TRUE,TRUE
Young_3_AAGTAGCCAATCATGT-1,Young,FAP1,0.144321241019417,0.693147180559945,-7.47626707263279,0.212326682961952,TRUE,TRUE
Young_3_ATCCTGACAGGAACAT-1,Young,FAP1,0.144321263885913,0,-7.39927074618626,0.234971918023597,TRUE,TRUE
Young_3_CATGGATTCGTTTCCA-1,Young,FAP1,0.144321286752409,0.693147180559945,-7.27263471789646,0.190801538384926,TRUE,TRUE
Young_5_ATGGCCGGTATTGAGT-1,Young,FAP1,0.144321309618906,0,-7.30326721377659,0.326959099478494,TRUE,TRUE
Young_5_GCTTCGCGTCCCGGAA-1,Young,FAP1,0.144321332485402,0,-7.49916479296971,0.29118932024337,TRUE,TRUE
Young_5_GGTATTGGTAATGGAA-1,Young,FAP1,0.144321355351898,0.693147180559945,-7.39808866687107,0.222101062394153,TRUE,TRUE
Young_5_GGTCCTGCAGCTAATT-1,Young,FAP1,0.144321378218394,0.693147180559945,-7.46801492877293,0.297337919331562,TRUE,TRUE
Young_5_GTCCTCCCATTAAACC-1,Young,FAP1,0.144321401084891,0,-7.42519542880345,0.309419585249793,TRUE,TRUE
Young_2_GGATTGCGTACCTTAC-1,Young,FAP1,0.14452950230075,1.09861228866811,-7.6618492335825,5.2609048111806,TRUE,TRUE
Young_2_ACCGGCTAGGTAGCTT-1,Young,FAP1,0.144658380028821,1.38629436111989,-6.34658691592503,4.77758457497455,TRUE,TRUE
Young_4_TACCAGGTCGTTAGTA-1,Young,FAP1,0.144822055400805,0,-6.02525016970921,3.54556753472186,TRUE,TRUE
Young_1_CGGGTATGTTAGCCAA-1,Young,FAP1,0.14517421185414,0,-7.94878694720555,4.45601560906268,TRUE,TRUE
Young_2_CATTATGAGACTTATG-1,Young,FAP1,0.145181930809979,0.693147180559945,-7.69226000018406,0.267466924942505,TRUE,TRUE
Young_3_TTGTTTGGTATTTGGG-1,Young,FAP1,0.145370976835757,0.693147180559945,-5.9951593608408,5.9007334931264,TRUE,TRUE
Young_3_CTGTTCATCATTAGGC-1,Young,FAP1,0.145446290185959,0,-6.03508875079441,5.97893860176898,TRUE,TRUE
Young_5_AGCATCCCAGCAAGTG-1,Young,FAP1,0.145596065984941,0.693147180559945,-6.78374407000828,2.54060056046344,TRUE,TRUE
Young_2_GCTGATCCAATCATGT-1,Young,FAP1,0.145612986943473,0.693147180559945,-5.53385135836888,3.3496339543233,TRUE,TRUE
Young_3_GGTCAAGCAGGTATTT-1,Young,FAP1,0.145624800893574,0.693147180559945,-7.99389383502293,4.43129780129291,TRUE,TRUE
Young_1_GAAAGGCTCACCTGCT-1,Young,FAP1,0.1458375744293,0,-5.54617569155979,4.93582680062152,TRUE,TRUE
Young_3_GGCAATCGTATTTGGG-1,Young,FAP1,0.145880352119868,0,-7.25623533435154,5.47499039009906,TRUE,TRUE
Young_3_ACTTGAATCTAGCGAT-1,Young,FAP3,0.145939832436955,0.693147180559945,-8.43012067981053,2.71274092034198,FALSE,TRUE
Young_3_ATGACAACATGCAACC-1,Young,FAP1,0.146169737895058,0,-6.26915523715306,4.21340658501483,TRUE,TRUE
Young_3_CGCAAATTCAAGTGTC-1,Young,FAP1,0.146371116214075,1.09861228866811,-7.59511682696629,6.7710857613454,TRUE,TRUE
Young_2_GTCATTAAGTCCTTTG-1,Young,FAP3,0.146444672848557,0,-8.43070909686375,3.46150114373065,FALSE,TRUE
Young_3_TCCAGGATCCTGTTCA-1,Young,FAP1,0.146669296775193,0,-7.41140243716526,5.10711576775409,TRUE,TRUE
Young_2_TTCAGGTAGTTACTTC-1,Young,FAP1,0.146743453547538,0.693147180559945,-6.47942230410862,4.40141155556537,TRUE,TRUE
Young_2_CGACTAAGTAACCTAG-1,Young,FAP2,0.146776712164514,0.693147180559945,-8.96953317828465,4.39253284767963,FALSE,TRUE
Young_5_AGACACGCACAAAGAC-1,Young,FAP1,0.146824485150613,0,-8.75450536914158,4.4755101426015,TRUE,TRUE
Young_5_TTGTTCCCAATTAAGG-1,Young,FAP1,0.146933104400085,1.09861228866811,-6.13588354296971,4.72577240303851,TRUE,TRUE
Young_3_TATAACCCACCTATAG-1,Young,FAP1,0.147354646413186,0.693147180559945,-6.90760252185154,2.3782270176778,TRUE,TRUE
Young_5_GGCCTCTGTTAGTTGG-1,Young,FAP1,0.147534908285182,1.09861228866811,-6.54128334231663,2.97832252816058,TRUE,TRUE
Young_1_GTAGCGCTCAACAAGG-1,Young,FAP1,0.147659564664879,0,-5.55192348666477,2.69663574532367,TRUE,TRUE
Young_3_TGATCACAGGCGCTTA-1,Young,FAP1,0.147734393499546,0,-7.33808490939427,5.27399160698749,TRUE,TRUE
Young_2_ATTAGTCCACAACAGG-1,Young,FAP3,0.147801202730571,0,-8.83377287097263,3.70847322777606,FALSE,TRUE
Young_5_TGAGAACCAGGGAGCT-1,Young,FAP1,0.147918296519903,0,-6.67975303836155,2.79318668679095,TRUE,TRUE
Young_3_CGGAATCGTTATGTGG-1,Young,FAP1,0.148049126454072,0,-7.09955999560642,2.17039515808917,TRUE,TRUE
Young_2_CTGGATGTCCTACCTA-1,Young,FAP1,0.148100028087869,0,-7.90025064654637,4.66898538903095,TRUE,TRUE
Young_2_CCGCAAATCCAGCACA-1,Young,FAP1,0.148189106281327,0,-5.98697921939183,5.8177166207204,TRUE,TRUE
Young_5_TGTAAGCTCATAACCA-1,Young,FAP1,0.1481989838628,0,-6.59920284457493,2.54200913742877,TRUE,TRUE
Young_3_CCGCTAAAGACCATAC-1,Young,FAP1,0.148210452631179,0,-5.29653856463719,2.83759190873004,TRUE,TRUE
Young_2_TCTAACCGTGACATAT-1,Young,FAP1,0.148238392256286,0,-5.61152002520848,4.9089670403371,TRUE,TRUE
Young_3_TAAGTAGCAGTAAGTA-1,Young,FAP1,0.148243650114755,0,-8.76802847094822,4.53596260384418,TRUE,TRUE
Young_1_GGTTATATCGACAAAG-1,Young,FAP1,0.148266870703433,0.693147180559945,-6.69061348147679,3.59857776001788,TRUE,TRUE
Young_1_GCACGAACATGGAGGC-1,Young,FAP1,0.148282901570733,0,-7.53830787844944,0.630403302467834,TRUE,TRUE
Young_3_TCATCCATCCACAATA-1,Young,FAP1,0.148288676452284,0,-6.42892429538059,4.52294971779681,TRUE,TRUE
Young_1_CCGTTATGTTGGTGAC-1,Young,FAP1,0.148347941422485,1.09861228866811,-6.63803217120457,2.17962481812335,TRUE,TRUE
Young_1_CCCGTAAAGCATCCAG-1,Young,FAP1,0.1484508041657,1.09861228866811,-6.22710058398533,4.79277708367206,TRUE,TRUE
Young_3_ACTTAGGGTATGTGGC-1,Young,FAP1,0.148593921593895,1.38629436111989,-5.50696680255223,4.94472887352802,TRUE,TRUE
Young_1_GAAACTGAGTGAGAGC-1,Young,FAP1,0.148661865889653,0,-5.43118116565037,2.76107456520892,TRUE,TRUE
Young_2_CAGCATTAGTAACGAG-1,Young,FAP1,0.148671364648043,0.693147180559945,-6.09106657214451,6.0834694130788,TRUE,TRUE
Young_5_CCAATATCAATGAGGT-1,Young,FAP1,0.14885320957881,0,-8.20057604022312,0.943676076687347,TRUE,TRUE
Young_3_TCATTGCGTTGTAAAC-1,Young,FAP1,0.148941002519158,0.693147180559945,-6.39238855548191,3.30790331200458,TRUE,TRUE
Young_1_TGCGCGAGTGATGGCT-1,Young,FAP1,0.149097221520862,0.693147180559945,-6.36026832766819,4.71632006005145,TRUE,TRUE
Young_2_TTTGACTTCTAAGGTC-1,Young,FAP1,0.149214430335356,0.693147180559945,-8.20047113604832,5.54588939980365,TRUE,TRUE
Young_2_CCATAAATCGCATCCT-1,Young,FAP3,0.149236535995306,0,-8.86189386554051,3.84301879242755,FALSE,TRUE
Young_5_TGTGCAAGTATACTGG-1,Young,FAP1,0.149274318348012,0,-6.6781952113657,2.79219510392047,TRUE,TRUE
Young_1_GTGTTCCTCCTAAGTA-1,Young,FAP2,0.149335560681803,0,-8.94195387072849,4.24336864785052,FALSE,TRUE
Young_4_CTTTGAGCACCCTCAC-1,Young,FAP3,0.149402648111284,0,-8.37863752551365,2.10366585091449,FALSE,TRUE
Young_5_GGTTTCCTCTCAATAG-1,Young,FAP1,0.149542343775027,0,-7.57650778003025,0.646933100975525,TRUE,TRUE
Young_1_CAGAACCGTTAGTACG-1,Young,FAP1,0.149551638222813,0,-7.4670660228281,6.61476423577167,TRUE,TRUE
Young_5_CCTTAGTGTCATGCCC-1,Young,FAP1,0.149778325605127,0.693147180559945,-6.22875187106419,4.20939280823566,TRUE,TRUE
Young_3_GTTGCATAGGGCTTAT-1,Young,FAP1,0.149878464824877,0,-6.57226154513645,2.97709109619952,TRUE,TRUE
Young_1_TAGGAGTCATTGCAGC-1,Young,FAP1,0.150405716967521,0,-6.25977632708836,6.35648348168231,TRUE,TRUE
Young_5_AGTTTGATCATTGTTC-1,Young,FAP3,0.150462370423297,1.09861228866811,-8.46035978503513,3.29901292160846,FALSE,TRUE
Young_2_TACTCAAAGCCACAAT-1,Young,FAP3,0.150472980936343,0.693147180559945,-8.34256288714695,3.7104544861684,FALSE,TRUE
Young_2_CATTCATTCAAGCCTG-1,Young,FAP1,0.150486848542284,0.693147180559945,-6.11744425006199,5.17049839333392,TRUE,TRUE
Young_5_AAAGCTTGTCGTAAAT-1,Young,FAP1,0.15049516231706,1.09861228866811,-5.76705000109959,4.85098030403949,TRUE,TRUE
Young_3_CGTTAAATCCAATAGC-1,Young,FAP2,0.1505265309164,0,-9.299178335145,4.6145072205434,FALSE,TRUE
Young_5_TATCACAAGCCTGTGA-1,Young,FAP1,0.150788920552404,1.38629436111989,-5.85397455401707,4.05601074532367,TRUE,TRUE
Young_5_ACATTAGTCGGCTAGC-1,Young,FAP1,0.150862710882358,0,-6.2115375728159,3.13312675789691,TRUE,TRUE
Young_5_GCTGCAATCCTGGCTT-1,Young,FAP3,0.150917437522988,0,-8.47898027606297,3.24748375252582,FALSE,TRUE
Young_3_TAGCCTCTCGGCCATA-1,Young,FAP1,0.151266676930375,1.09861228866811,-6.90057251162815,5.56872989968158,TRUE,TRUE
Young_3_TTAAGGTGTTAGTACG-1,Young,FAP3,0.151455024425565,0.693147180559945,-8.73919317431736,3.54095151261188,FALSE,TRUE
Young_5_GCCAATAGTTTGCGCC-1,Young,FAP1,0.151600010572604,0.693147180559945,-7.90779039569187,4.70001127556659,TRUE,TRUE
Young_2_TTTAGCAAGCAAGGAC-1,Young,FAP1,0.151629592203652,0.693147180559945,-5.55408117480564,2.683640025414,TRUE,TRUE
Young_2_GCTTATCGTTTGAGGC-1,Young,FAP1,0.151727218577736,1.38629436111989,-8.19339773364353,1.84091093376971,TRUE,TRUE
Young_1_GGTAAACCACCTCAGG-1,Young,FAP3,0.15186688795074,0,-8.06184789843846,4.41174700096942,FALSE,TRUE
Young_5_ACGGTTAGTTACTAGG-1,Young,FAP1,0.15192204078605,0,-6.24939558215428,3.1711580975423,TRUE,TRUE
Young_4_CGGGACAAGATAACCC-1,Young,FAP1,0.151938533403866,0,-8.18190118975926,1.83237280682422,TRUE,TRUE
Young_2_TCCATGCTCCCTGGTT-1,Young,FAP1,0.152281010649426,0.693147180559945,-5.65863249011326,3.32259681061603,TRUE,TRUE
Young_5_AAGCGTTTCCACCTGT-1,Young,FAP1,0.152285135859605,0,-5.50237199969578,4.9399819596181,TRUE,TRUE
Young_2_ACACAATGTTGGATAT-1,Young,FAP1,0.152313396210892,0,-7.6938202113657,0.439199715710651,TRUE,TRUE
Young_1_GTTGCGGGTCAACAAT-1,Young,FAP1,0.152448632747828,0,-6.25136539645481,6.39173986748553,TRUE,TRUE
Young_3_AGGTCTTAGCACGTTG-1,Young,FAP1,0.152497970628119,0,-6.42171690173435,3.34007098511554,TRUE,TRUE
Young_3_CATTCATTCTGGCATG-1,Young,FAP1,0.152568153055754,0,-6.17885706134129,6.24930670098163,TRUE,TRUE
Young_5_TAGTAACGTAAGGTTT-1,Young,FAP1,0.152577346518807,0.693147180559945,-6.04870435900974,3.72199418381549,TRUE,TRUE
Young_5_AATTCGTCATAAGGAC-1,Young,FAP1,0.152943701940377,0.693147180559945,-5.5102059573679,4.69586660698749,TRUE,TRUE
Young_3_TAATGCATCGGTCAGC-1,Young,FAP1,0.152969292188311,1.09861228866811,-6.00712177462864,5.86505462960101,TRUE,TRUE
Young_1_GGAAGTATCAGTGAAG-1,Young,FAP3,0.153087129258715,0,-8.21973821826267,2.73093607262469,FALSE,TRUE
Young_3_GAGGCAAGTAGCCATA-1,Young,FAP1,0.153087586921561,0,-5.85819122500706,3.92379596070148,TRUE,TRUE
Young_1_GCTTTGTGTACTTAGG-1,Young,FAP3,0.153372913555295,0,-8.4701349467783,2.69906093911029,FALSE,TRUE
Young_2_GTACCGGGTCCTTAGT-1,Young,FAP1,0.153443466029554,0.693147180559945,-5.9279510707407,4.21583535508014,TRUE,TRUE
Young_2_TTAACCAAGCCTGTTC-1,Young,FAP1,0.153595247128686,0.693147180559945,-7.70508596606541,0.146496005214226,TRUE,TRUE
Young_5_CCAGGATGTTAACGAT-1,Young,FAP1,0.153653435312149,1.09861228866811,-7.63733551211643,0.711315803087723,TRUE,TRUE
Young_1_TGTTGGCCAATTAGGA-1,Young,FAP1,0.153713682721818,0,-5.55739996142674,2.67559721306659,TRUE,TRUE
Young_3_GCCTTAACAGGGAGGA-1,Young,FAP1,0.153717759489963,0.693147180559945,-6.10919639773655,5.1372909767995,TRUE,TRUE
Young_5_GGGAGTAGTATTGTCC-1,Young,FAP1,0.153963399811524,0,-6.80646965213108,5.26782944039203,TRUE,TRUE
Young_5_GCAGGCAAGGTGTCCA-1,Young,FAP3,0.154038658667365,0,-8.50192663379002,2.69428231552936,FALSE,TRUE
Young_2_GCGCGATTCGGTAACT-1,Young,FAP1,0.154197326739803,0,-6.94904157824803,4.15420081452228,TRUE,TRUE
Young_5_GAAGCTAAGGACTTAC-1,Young,FAP1,0.154214951545824,0,-6.71422025866795,2.53331687287189,TRUE,TRUE
Young_3_TCCATAAAGCTGGACC-1,Young,FAP1,0.154478472966749,0,-6.24416897006321,6.3325338585744,TRUE,TRUE
Young_3_CGATTCCTCACATTGA-1,Young,FAP1,0.154482371001227,0.693147180559945,-6.99317953295994,5.54176046685077,TRUE,TRUE
Young_4_GTGGATGCATGTCAGC-1,Young,FAP1,0.154620321358716,0,-7.26722070880223,3.32259228066302,TRUE,TRUE
Young_1_CACAATATCTCACAAA-1,Young,FAP1,0.154668097847091,0.693147180559945,-6.72343895144749,1.63310434655048,TRUE,TRUE
Young_3_CCAATATCATGAATAG-1,Young,FAP1,0.154771200001363,0,-6.22796985812474,4.79898216561176,TRUE,TRUE
Young_3_GCAGGTTGTAGGTGTC-1,Young,FAP1,0.154783876396083,0,-5.85848591037083,4.02388431862689,TRUE,TRUE
Young_5_AATTTGCCATTGTCCT-1,Young,FAP1,0.154939497679668,0,-7.07358572192478,1.99175157383777,TRUE,TRUE
Young_1_AATTTGCCATGTCAAT-1,Young,FAP1,0.154984676851018,0,-7.67528078265476,0.743001811064254,TRUE,TRUE
Young_1_CCAACATAGACAACGA-1,Young,FAP3,0.155045061263004,0,-8.63551923938084,4.01598479584552,FALSE,TRUE
Young_2_TGCGGTTCATAATTGC-1,Young,FAP1,0.155326149983622,0,-5.81388446994114,3.28078272179462,TRUE,TRUE
Young_5_CGGTTCCGTTGCAGTA-1,Young,FAP1,0.155427899823127,0,-6.61101743884373,2.65035083130695,TRUE,TRUE
Young_5_CCTCCTGAGAAGCTAG-1,Young,FAP1,0.155542711361508,0.693147180559945,-8.19384309954929,0.936833105839264,TRUE,TRUE
Young_3_CTAGGCGGTAAGTCGC-1,Young,FAP1,0.156037667246001,2.19722457733622,-6.34644481845188,4.72176220253803,TRUE,TRUE
Young_2_TGGCTTTGTTGCGCGA-1,Young,FAP1,0.156098465239351,0,-6.28345892138767,3.02128341034747,TRUE,TRUE
Young_2_CGAGGAAGTACAAAGA-1,Young,FAP1,0.15658094618751,0.693147180559945,-6.89348194308567,5.58042576149799,TRUE,TRUE
Young_5_ACGTCAAGTCTAACAG-1,Young,FAP1,0.156719799965565,0,-6.77459213443089,4.58777859047748,TRUE,TRUE
Young_2_TATCGCACAATTATGC-1,Young,FAP1,0.156721430166357,0,-6.89613220401097,2.37873771027423,TRUE,TRUE
Young_2_CCTAAGTAGATGCCTG-1,Young,FAP1,0.156974592142896,0.693147180559945,-6.33717701144505,1.41956057385303,TRUE,TRUE
Young_3_GTTAACGGTAATGGCC-1,Young,FAP1,0.157005131368106,0,-6.0627224177866,6.01422550515033,TRUE,TRUE
Young_5_GGGTTTGTCCTCCCTC-1,Young,FAP1,0.157110007958781,0.693147180559945,-5.99960777468968,3.45903923348285,TRUE,TRUE
Young_1_TGTGGCTCAAACCCTA-1,Young,FAP1,0.157489415778553,0,-7.71248361773777,0.0474684162507169,TRUE,TRUE
Young_3_GATGCGACAGAGGGAG-1,Young,FAP1,0.157815982820938,0.693147180559945,-8.04365656085301,5.55556108788348,TRUE,TRUE
Young_5_TACCCGGCAGGACCTT-1,Young,FAP1,0.157840707824682,0,-8.09283563800144,1.47284331158496,TRUE,TRUE
Young_5_GTATGTTCATTAAGTC-1,Young,FAP1,0.157841498693601,0,-6.44006941027928,3.00328137711383,TRUE,TRUE
Young_5_GTTTAACCACAGGATG-1,Young,FAP1,0.158228741608204,0.693147180559945,-7.64144727893162,4.55288889244891,TRUE,TRUE
Young_5_ATTCGTTTCAGCACGC-1,Young,FAP1,0.158261582210444,0.693147180559945,-7.70264551348973,0.360818696997535,TRUE,TRUE
Young_2_GAGCAAGGTTAGACCA-1,Young,FAP1,0.158328379416337,0,-8.24018690295506,1.99056484536029,TRUE,TRUE
Young_3_TCATTTGGTGCACGCA-1,Young,FAP1,0.158426316732719,0.693147180559945,-7.62223026461888,5.21639110878803,TRUE,TRUE
Young_5_CCTGCTCCACAGCCAT-1,Young,FAP1,0.158495604043318,0,-5.73798439212132,4.35829927758075,TRUE,TRUE
Young_1_CAGCATGTCGTTATCT-1,Young,FAP1,0.158845312760833,0,-6.57289097018528,2.98746087387897,TRUE,TRUE
Young_1_CATGCAAGTATACTGG-1,Young,FAP1,0.158929058634702,0.693147180559945,-6.84296581454563,5.33166601494647,TRUE,TRUE
Young_1_GTACTAGGTTGGGTTA-1,Young,FAP3,0.158997597058644,0.693147180559945,-8.6558449000864,4.1132066471944,FALSE,TRUE
Young_3_TATGGATGTATTCGCT-1,Young,FAP1,0.159217001477388,0,-5.78621122546482,4.76794006661273,TRUE,TRUE
Young_2_TACCGAAGTGCGCATG-1,Young,FAP1,0.159280847067863,1.38629436111989,-5.51689979739475,4.6095752938161,TRUE,TRUE
Young_3_TGTCCTGGTGACATGC-1,Young,FAP1,0.159316705761269,0.693147180559945,-6.62603876300144,2.69203831986285,TRUE,TRUE
Young_4_GACTTACAGTGAACAG-1,Young,FAP1,0.159651388472023,0,-7.98860952563572,1.3299054129491,TRUE,TRUE
Young_3_ACCCTCCCACAAAGCG-1,Young,FAP1,0.159842505557054,0,-5.33224699206639,2.7831068261037,TRUE,TRUE
Young_2_ATGCCTGAGGCGTAAA-1,Young,FAP1,0.160067081196815,0,-6.61504099078465,2.66832997635699,TRUE,TRUE
Young_2_GTAGGAGGTCTAACCT-1,Young,FAP1,0.160096391511457,0,-6.13929292865086,6.13599779442645,TRUE,TRUE
Young_1_TAGGCTAGTTACTTGC-1,Young,FAP1,0.160373243051198,0.693147180559945,-7.84598085589695,2.51106383637286,TRUE,TRUE
Young_3_TGTTGTTTCCGGAACC-1,Young,FAP1,0.160688980209818,0,-5.50971672244358,3.38034012154437,TRUE,TRUE
Young_2_GACATAGAGGCTACTG-1,Young,FAP1,0.160792327845855,0,-7.33074686236668,5.22811462715961,TRUE,TRUE
Young_2_GCGCAAACAGTTATCG-1,Young,FAP1,0.160811100667531,0.693147180559945,-5.54184601016331,2.66320206955768,TRUE,TRUE
Young_3_TTGCCCGTCTATTGTC-1,Young,FAP1,0.160812668133319,0,-5.81362459368992,4.52050211266376,TRUE,TRUE
Young_2_TTATAGCCAGTTAAAG-1,Young,FAP1,0.160897509802606,0,-8.23277876086521,1.98263897732593,TRUE,TRUE
Young_2_CATGCAAGTCCTAAGA-1,Young,FAP1,0.16118107438213,1.09861228866811,-7.71116182513523,0.19908889368869,TRUE,TRUE
Young_5_TATTAGGTCTGCAACG-1,Young,FAP1,0.161226574782559,0,-6.25497505374241,4.82412102059222,TRUE,TRUE
Young_1_TTTAACCTCAGTGAAG-1,Young,FAP3,0.161279646061509,0.693147180559945,-8.73390886493015,3.53122117356158,FALSE,TRUE
Young_1_TGCCGGTAGGCGGATG-1,Young,FAP1,0.161343404234817,1.6094379124341,-7.06773159213352,4.37102510765887,TRUE,TRUE
Young_5_TAATTGCCATCCAGGT-1,Young,FAP1,0.161347112730126,0.693147180559945,-5.62680456347752,4.64211990670062,TRUE,TRUE
Young_1_TGGCCTGCAAACTCAT-1,Young,FAP1,0.161526001800193,0,-6.88335821337986,4.65741350487567,TRUE,TRUE
Young_1_CGTCAATAGCAAACCT-1,Young,FAP1,0.161600159554012,0.693147180559945,-7.89611551471043,1.20264639691211,TRUE,TRUE
Young_5_CGTTGCAAGAGGCTAA-1,Young,FAP1,0.161637951731414,0.693147180559945,-6.06825563617039,6.01749613121845,TRUE,TRUE
Young_5_AGGCAGGTCTCCATAT-1,Young,FAP1,0.161754912831424,0,-7.30679390139866,5.27966358498431,TRUE,TRUE
Young_2_GTTAAACGTTTAACGG-1,Young,FAP1,0.161906509258065,1.79175946922806,-5.8412492007761,4.78110029534198,TRUE,TRUE
Young_4_AAGGTGCAGGAGTAAT-1,Young,FAP1,0.16198553711573,0,-8.07262537188816,1.86008562878467,TRUE,TRUE
Young_5_CCTTATGTCTGTGCAG-1,Young,FAP1,0.161990623622733,0.693147180559945,-7.40288755603123,5.05306389168597,TRUE,TRUE
Young_1_GATTGTTCAATGCCTA-1,Young,FAP1,0.162346304292606,0,-8.29563734240818,5.63433697060443,TRUE,TRUE
Young_3_GGATATTGTACCGGAT-1,Young,FAP3,0.162442505149666,0,-8.89518472857762,3.95237209633685,FALSE,TRUE
Young_5_GCCTTTGGTCCTTTAA-1,Young,FAP1,0.162472623907933,0,-5.56174108691502,4.62483217552997,TRUE,TRUE
Young_2_GTTTAACCAAATTGCT-1,Young,FAP1,0.162899396180618,0,-7.85014173693943,4.55686094597675,TRUE,TRUE
Young_2_AGCATCCCACCTAATG-1,Young,FAP1,0.1629111534434,0.693147180559945,-5.88287231631565,2.46655537918903,TRUE,TRUE
Young_3_TTGTCCCAGAGAGCCG-1,Young,FAP1,0.163434830641689,0,-6.02021715350437,5.90787508324481,TRUE,TRUE
Young_5_GGGTGTTGTCCTCCAA-1,Young,FAP1,0.163868863713114,0,-7.70778963275242,0.380461100346815,TRUE,TRUE
Young_3_GATTACGGTGCATTAG-1,Young,FAP1,0.163912126432206,1.79175946922806,-6.84011766619969,5.6118741257558,TRUE,TRUE
Young_2_TTCATCCCATAAGTCT-1,Young,FAP1,0.163950612956812,0,-7.70674154467869,0.413827150918018,TRUE,TRUE
Young_5_CAATCTAAGCTCAAAC-1,Young,FAP1,0.163963617818126,0,-8.52701589770603,1.63292660549976,TRUE,TRUE
Young_2_AACCGGCTCTGTGCAG-1,Young,FAP1,0.164125154025719,0.693147180559945,-7.94640180774021,4.5176472885976,TRUE,TRUE
Young_3_AAGCGTTTCAGGCCTA-1,Young,FAP1,0.164152756153964,0.693147180559945,-7.96968481250096,0.200311414755356,TRUE,TRUE
Young_3_GAGTAATAGGCTGGCT-1,Young,FAP2,0.164223999596888,0,-8.68791029162693,4.26305510834552,FALSE,TRUE
Young_5_TTGATGTCAGTTATCG-1,Young,FAP1,0.16437743661512,0,-6.91251108355808,2.21541538075305,TRUE,TRUE
Young_1_CCTAAGGTCTGTAATG-1,Young,FAP1,0.164443974459052,0,-5.97143814273167,4.21392156914569,TRUE,TRUE
Young_5_AATAGCTGTTAGCGTA-1,Young,FAP1,0.164595798219996,0.693147180559945,-7.65243599124241,4.56976177529193,TRUE,TRUE
Young_2_GACCGAACAAATGCCC-1,Young,FAP1,0.164602224571587,0,-7.40194770999241,5.04265024498798,TRUE,TRUE
Young_2_CAACCCTTCGATTTGA-1,Young,FAP3,0.164693678801914,0.693147180559945,-8.91412851519871,4.03743674591876,FALSE,TRUE
Young_2_GGCCGTTAGACTATTG-1,Young,FAP1,0.164786281827295,0.693147180559945,-7.0253483981638,1.95234479740955,TRUE,TRUE
Young_2_AGGCTAAAGCGGCTGT-1,Young,FAP1,0.164854129576542,0.693147180559945,-6.01621601290989,5.91014673546649,TRUE,TRUE
Young_1_GGGTATTTCTCAATTC-1,Young,FAP1,0.164891312545718,0,-6.05536291308689,4.19184114769794,TRUE,TRUE
Young_1_TTAGCCTGTAGACAAA-1,Young,FAP3,0.165190712592624,0,-8.47575304217625,3.45788910225726,FALSE,TRUE
Young_2_GGCTGGTTCTGCAACG-1,Young,FAP1,0.165357086899923,0,-6.83115074343968,5.61752750710345,TRUE,TRUE
Young_3_GAACCAAAGAGGAGGA-1,Young,FAP1,0.165512043830343,0.693147180559945,-5.82503912158299,4.77351953820087,TRUE,TRUE
Young_3_CCTATTGTCTTGCTAT-1,Young,FAP3,0.165522895832139,1.6094379124341,-8.8955557078867,3.94086363152362,FALSE,TRUE
Young_1_TCGCTAACAACCTGGT-1,Young,FAP1,0.165535569361774,0,-7.30615875430393,5.2628865464101,TRUE,TRUE
Young_2_CTGTTGGAGGTAAGCA-1,Young,FAP1,0.165644635956115,0,-5.29332754321385,4.98974039391376,TRUE,TRUE
Young_3_GTGGATGCAGGACACA-1,Young,FAP1,0.165789544345277,0,-5.29755136676121,2.78481604889728,TRUE,TRUE
Young_3_TGTTACTTCCGTTAAA-1,Young,FAP1,0.165835507453851,0,-7.41643402285862,5.00270273522235,TRUE,TRUE
Young_2_TACCAAATCATGCAAC-1,Young,FAP1,0.165995443947976,0,-6.38800642199803,4.55307819680072,TRUE,TRUE
Young_5_GGTAACCGTTAAGGTT-1,Young,FAP1,0.166065342824537,1.09861228866811,-5.79839966006565,4.47741510704852,TRUE,TRUE
Young_4_GATTCCTGTGCTTAGA-1,Young,FAP1,0.166156142512676,0,-8.1305763453989,1.80614998177386,TRUE,TRUE
Young_1_ACAGGAATCGATTCTT-1,Young,FAP1,0.166187623169591,0,-7.683127138093,5.14569427803851,TRUE,TRUE
Young_2_AGTTACTCAGCCTGCA-1,Young,FAP1,0.16632106792093,1.09861228866811,-5.98235056109715,5.83831789330341,TRUE,TRUE
Young_3_GTGCGCAGTGTTCCCA-1,Young,FAP1,0.166388669909548,0,-7.25275013156224,1.70762445763446,TRUE,TRUE
Young_3_AACATTGTCACTAAGC-1,Young,FAP1,0.16654945314199,1.09861228866811,-6.84859201617527,5.33022548989154,TRUE,TRUE
Young_5_TTCACTGTCCTCAGCT-1,Young,FAP1,0.166561831900347,1.09861228866811,-6.64792654223728,2.75577142075397,TRUE,TRUE
Young_5_GTACTTAAGTAACCAC-1,Young,FAP1,0.166567415201131,0,-5.86988708682347,4.06283571556903,TRUE,TRUE
Young_5_ATGATGGAGCGATACT-1,Young,FAP1,0.166577941611934,0,-6.19748327441502,6.26291181877948,TRUE,TRUE
Young_5_TTTAAGGTCCGTTATT-1,Young,FAP1,0.16658911490713,0,-5.65872690387058,4.86099817589618,TRUE,TRUE
Young_2_GGTACAAAGTTTCCGC-1,Young,FAP1,0.166737570009719,0,-6.19191715426731,3.0453925354848,TRUE,TRUE
Young_1_TTTGGTAAGCCTAATA-1,Young,FAP3,0.166745223685198,0,-8.48145029254246,3.31865646675922,FALSE,TRUE
Young_5_ATGGCCGGTACCAGGT-1,Young,FAP1,0.166748770872794,0,-6.70374843783665,2.883675597466,TRUE,TRUE
Young_1_CAAAGTGAGTGAGCAA-1,Young,FAP1,0.166942163473106,0,-6.02869436450291,5.93024589852191,TRUE,TRUE
Young_1_AGATGAAGTGTTTGCT-1,Young,FAP1,0.167044898590747,0,-7.93094846911717,5.34559919670917,TRUE,TRUE
Young_1_ACCTTCCAGAATCTCA-1,Young,FAP1,0.167088336967302,0,-5.32242128558445,2.76707269982196,TRUE,TRUE
Young_5_GCTTAGTAGCTATTAG-1,Young,FAP1,0.167090271467493,0,-6.69343826480198,2.5206032021413,TRUE,TRUE
Young_3_CCAGCTAAGAACCTAC-1,Young,FAP1,0.167521460390902,0,-5.87012979693699,4.63258602455951,TRUE,TRUE
Young_5_GTCGCAATCTACCTCA-1,Young,FAP1,0.167784605293186,0,-8.06595728106785,1.42459609345294,TRUE,TRUE
Young_2_TTCCCGCCAGAGGGAG-1,Young,FAP1,0.168037521197637,0.693147180559945,-7.29662487216282,5.2731666787038,TRUE,TRUE
Young_3_TATCACAAGAGAGGCT-1,Young,FAP1,0.168192203409285,0,-7.98369905658055,4.50895454720355,TRUE,TRUE
Young_5_TGTATCCGTCGTTACT-1,Young,FAP1,0.168208580291663,0,-6.94899151034641,1.54483749703265,TRUE,TRUE
Young_3_GAGGCTTGTTTGTGGA-1,Young,FAP1,0.168358094294064,1.09861228866811,-6.1598469943552,5.71508838967181,TRUE,TRUE
Young_3_AGGTTAACACTTCATC-1,Young,FAP1,0.16836824695497,0,-8.56910154528904,1.63869681195117,TRUE,TRUE
Young_5_TTGGGTTAGGTCAAAG-1,Young,FAP1,0.168425639794899,0,-6.70536729998875,1.62852909401752,TRUE,TRUE
Young_1_CGAAGCGAGAACAAGT-1,Young,FAP3,0.168501678696791,1.38629436111989,-8.53789446063328,3.16432192162372,FALSE,TRUE
Young_2_TTGTTGTTCGGTTTGG-1,Young,FAP1,0.168690584193916,0.693147180559945,-6.17059919543553,4.24556853607989,TRUE,TRUE
Young_3_GCGCGATTCCTGGCTT-1,Young,FAP1,0.168850572210594,1.09861228866811,-5.42251226611424,4.9392872078786,TRUE,TRUE
Young_3_CCTGCTCCAACCCTAA-1,Young,FAP1,0.16890258019034,0,-5.61836216159153,4.64611866310931,TRUE,TRUE
Young_3_CTGTACCTCTCGCCTG-1,Young,FAP1,0.168905123328459,1.09861228866811,-5.54230138964939,3.38451864556171,TRUE,TRUE
Young_5_GGCCTTAAGATAACCC-1,Young,FAP1,0.169019687332336,0,-5.93527099795628,4.17413165406085,TRUE,TRUE
Young_2_CGCTAATAGTAACGGA-1,Young,FAP3,0.169023100748042,0.693147180559945,-8.15340730853367,4.41320946053363,FALSE,TRUE
Young_1_ATTCCTCCAATCGCAC-1,Young,FAP1,0.169068315976026,0,-5.83775446124363,4.77408745125629,TRUE,TRUE
Young_2_GATTGTTCACTAAGAA-1,Young,FAP1,0.169110975386901,0.693147180559945,-6.88922807879734,2.32684852913715,TRUE,TRUE
Young_2_AGTGGACAGTAGGATG-1,Young,FAP1,0.169240837962888,1.09861228866811,-6.70059034533787,2.15229275063373,TRUE,TRUE
Young_3_GATTGGTTCGTTCACC-1,Young,FAP3,0.169303458846755,0,-8.54449865527439,3.14921405152179,FALSE,TRUE
Young_5_TAAACAGCAACTGGGA-1,Young,FAP1,0.169383050278436,0,-6.12039539523411,4.23604681328632,TRUE,TRUE
Young_3_GGAAACTCAAGGTCCT-1,Young,FAP1,0.169431047895106,0.693147180559945,-6.265815469697,4.23318984345294,TRUE,TRUE
Young_2_TTGGAGGCATAGGCGA-1,Young,FAP1,0.169528782287272,0.693147180559945,-5.74346325106907,4.68170931176044,TRUE,TRUE
Young_3_AAGCTAGAGGCTTAAC-1,Young,FAP1,0.169638613356073,0,-5.50287315554905,2.65874435738422,TRUE,TRUE
Young_2_GGTTGCATCTTTGTAC-1,Young,FAP1,0.169703005218736,0,-6.76845285601902,4.77809526757098,TRUE,TRUE
Young_2_GCCACACAGTGGACAA-1,Young,FAP1,0.169990436494578,0.693147180559945,-5.80851289935398,4.49250318840839,TRUE,TRUE
Young_5_ACGGGAAGTTTGGCGG-1,Young,FAP1,0.170025511402013,1.09861228866811,-5.47065279193211,4.92051985100604,TRUE,TRUE
Young_2_AAATGCCTCCCGAACA-1,Young,FAP3,0.170566151093786,0,-8.21249983020115,4.38385679558612,FALSE,TRUE
Young_4_TGGTGCATCAGGAAGC-1,Young,FAP1,0.170653130694992,0,-8.1525776118784,1.91301371888019,TRUE,TRUE
Young_2_AACTAGTGTTTGCAGA-1,Young,FAP1,0.170732568521157,0,-6.68134567446995,1.28569748238422,TRUE,TRUE
Young_3_GTGCTTACAATTTGGT-1,Young,FAP1,0.17107641687242,0.693147180559945,-6.38770172305393,3.32520749405719,TRUE,TRUE
Young_3_TCGGTTCTCACAGACT-1,Young,FAP1,0.171220645457,1.79175946922806,-6.91010544009495,5.59994127587177,TRUE,TRUE
Young_5_TTGACATCAAGCGATG-1,Young,FAP1,0.171358194571554,0,-6.81866333194065,2.14123394326068,TRUE,TRUE
Young_1_CTTGTAAAGGTTACAC-1,Young,FAP3,0.171587833662231,0,-8.68974325366306,3.510535262383,FALSE,TRUE
Young_1_GTTAGGCGTGATGATT-1,Young,FAP3,0.171713468498212,0.693147180559945,-8.58097669787693,3.48092439011432,FALSE,TRUE
Young_2_AATTAGGCAATAATCC-1,Young,FAP1,0.171879126327603,0.693147180559945,-6.80004903979588,2.14204909638263,TRUE,TRUE
Young_3_TATAGGTGTAAGCTTG-1,Young,FAP1,0.17194180039696,0.693147180559945,-6.88187000460911,2.35174443558551,TRUE,TRUE
Young_2_CGTCCTAGTAGTAAGA-1,Young,FAP1,0.172007037291629,0.693147180559945,-6.20879146762181,5.78525593117572,TRUE,TRUE
Young_3_TCAGGTCCAGCAACCT-1,Young,FAP1,0.172234026359195,1.79175946922806,-5.58076975055027,4.69939329460956,TRUE,TRUE
Young_5_GTATTGCAGGTCGATT-1,Young,FAP1,0.172360324371778,0,-5.94084474749851,4.20155432061053,TRUE,TRUE
Young_2_CCAACATAGAGCCGCT-1,Young,FAP1,0.172433030651074,0.693147180559945,-5.51805231280613,4.68164732292987,TRUE,TRUE
Young_5_TAAGTGCTCCTCATCA-1,Young,FAP1,0.172530961540126,1.09861228866811,-7.08542415805149,1.67143800095416,TRUE,TRUE
Young_1_TCTAGCGAGAGGAAGG-1,Young,FAP1,0.172546405752824,0,-6.88168785281468,1.96110656098224,TRUE,TRUE
Young_3_CATGGATTCACTTTAC-1,Young,FAP1,0.172630855809307,0,-7.55839702792454,6.75511267021991,TRUE,TRUE
Young_1_TAGAGCCGTTCCGGGA-1,Young,FAP1,0.172741600875745,0,-6.87725803561497,2.3748831971059,TRUE,TRUE
Young_2_CTCCTGAGTTGGCGTG-1,Young,FAP1,0.172938105340121,0.693147180559945,-8.38669035144138,1.40794219807483,TRUE,TRUE
Young_2_CGCAATCCAGGTTTGC-1,Young,FAP1,0.173012116244948,0,-6.84347412295628,5.30949165657855,TRUE,TRUE
Young_3_AAGCGAGGTTGGTTCT-1,Young,FAP1,0.173094019899855,0,-6.98058721728611,2.06177522972919,TRUE,TRUE
Young_1_TTTAGCTTCTTACTCG-1,Young,FAP1,0.173102847708797,0,-6.27380153842259,5.87396385506488,TRUE,TRUE
Young_5_CCGCTAGCATCCTAGA-1,Young,FAP1,0.173193366082177,0,-5.79287121005345,4.45224048928119,TRUE,TRUE
Young_5_GCTAGTGTCGCACACA-1,Young,FAP1,0.173410047933509,0,-8.17238256640721,0.852640829838287,TRUE,TRUE
Young_2_CTTCAATTCAGTGAAG-1,Young,FAP1,0.173428720412387,0.693147180559945,-7.6845543117075,4.64324428871967,TRUE,TRUE
Young_5_GGCCTTCGTGAAGCCT-1,Young,FAP1,0.173455386654277,0,-5.6209966868906,4.6506924851308,TRUE,TRUE
Young_3_TCATGTTTCGAAGCGG-1,Young,FAP3,0.173746641083428,0.693147180559945,-8.51711294360447,3.25029280022479,FALSE,TRUE
Young_3_TCGGTTACACCTACGG-1,Young,FAP1,0.173817944453062,0,-7.9782440394907,0.221542529619705,TRUE,TRUE
Young_5_GAGTAATAGCTACTGG-1,Young,FAP1,0.174095116948823,1.38629436111989,-6.87225887484837,2.39620282486774,TRUE,TRUE
Young_1_ATTGACTCAAGATTCT-1,Young,FAP1,0.174184097025986,0.693147180559945,-5.8775212497263,4.06944444016315,TRUE,TRUE
Young_1_GGCAAATCATAAGTTC-1,Young,FAP1,0.174309202044983,1.09861228866811,-6.21815893359471,4.5956273301015,TRUE,TRUE
Young_2_TGCTTGTGTATTGTCC-1,Young,FAP1,0.17430922491148,1.6094379124341,-6.35471746630955,4.39721777275897,TRUE,TRUE
Young_3_CGTTTGGAGTGAGGTA-1,Young,FAP1,0.174309247777976,0,-6.18397400088597,4.56095697716571,TRUE,TRUE
Young_3_TTCCTTGAGTTGTCAA-1,Young,FAP1,0.174309270644472,0,-6.36430093951512,4.45498659447528,TRUE,TRUE
Young_5_AGAACCAAGTTGTCCC-1,Young,FAP1,0.174309293510968,0,-6.25670072741795,4.54114057854511,TRUE,TRUE
Young_5_CATGCAAGTGAGGTGA-1,Young,FAP1,0.174309316377465,0,-6.35194227404881,4.44969179467059,TRUE,TRUE
Young_5_CGTGCTTTCATGCATA-1,Young,FAP1,0.174309339243961,1.38629436111989,-6.28885624118138,4.49394705132343,TRUE,TRUE
Young_1_GCTGACCAGCATGACT-1,Young,FAP1,0.174311299009842,0.693147180559945,-6.09269544787693,4.20672228173114,TRUE,TRUE
Young_2_GATCGAGCATTGTGAT-1,Young,FAP2,0.174341940731192,0.693147180559945,-8.76726648516941,3.52923896149493,FALSE,TRUE
Young_2_AAAGCACCACTAGGTC-1,Young,FAP1,0.17492660031937,1.09861228866811,-6.83484432406712,5.85397198037006,TRUE,TRUE
Young_5_TGTGCGCAGGGTGAGT-1,Young,FAP1,0.175100438694978,0,-5.90739223666477,4.11313369110919,TRUE,TRUE
Young_3_TTGATGTCAATTGACT-1,Young,FAP1,0.175117672456691,0.693147180559945,-6.14118454165745,5.69809391335345,TRUE,TRUE
Young_3_CTGTACCTCCTTTACG-1,Young,FAP1,0.175354031624987,0.693147180559945,-7.2546374530344,6.37880136803485,TRUE,TRUE
Young_5_GCTGTAAGTTGAAGCC-1,Young,FAP1,0.175577018196925,0,-5.87843773074436,4.63616278008319,TRUE,TRUE
Young_5_TTCATCCCACCCACAG-1,Young,FAP1,0.175649570368632,0,-6.08167049594212,5.08705761269428,TRUE,TRUE
Young_1_CAATGACTCGCACAAT-1,Young,FAP1,0.1758156920056,2.39789527279837,-6.2989136905222,3.04228570298053,TRUE,TRUE
Young_5_CGTAGTTAGGGCCACT-1,Young,FAP1,0.176058783243858,0,-6.83461162753391,5.63484718636371,TRUE,TRUE
Young_1_TCCGCCATCACGAATC-1,Young,FAP1,0.176100353445872,1.09861228866811,-5.7280170650034,4.68291618660785,TRUE,TRUE
Young_3_CTACTAAAGGACAATG-1,Young,FAP1,0.176127980304142,1.09861228866811,-7.6449191302805,5.12406446770526,TRUE,TRUE
Young_3_GATGGACAGTTAGTTG-1,Young,FAP1,0.176163076556011,0,-6.25693533129978,4.23750998810626,TRUE,TRUE
Young_2_TAGGAGGGTTCACTGT-1,Young,FAP2,0.176173774479734,0.693147180559945,-9.32550737567234,4.62392856911517,FALSE,TRUE
Young_2_GAGGTAGGTGGAAACG-1,Young,FAP1,0.176392206354542,0,-7.97688886828709,0.256055146313678,TRUE,TRUE
Young_3_ACTTGCACATCAGTAT-1,Young,FAP3,0.176556210925394,0,-8.50854131884861,3.28894975022174,FALSE,TRUE
Young_5_TTCAGGTAGGTTTACA-1,Young,FAP1,0.176938382016976,0.693147180559945,-6.59301016040135,2.15191354588367,TRUE,TRUE
Young_1_CGCAAATTCAGGAACA-1,Young,FAP1,0.17695196245114,0.693147180559945,-6.91569397158909,5.60790445641376,TRUE,TRUE
Young_1_TAGAGCCGTCCGTGAG-1,Young,FAP1,0.177114173738241,0,-7.61916134066868,5.1042680962453,TRUE,TRUE
Young_1_CAGGATGCAGAATGAC-1,Young,FAP1,0.177220475728928,0.693147180559945,-6.84673521228123,5.30900003746845,TRUE,TRUE
Young_2_GCTATCCTCAAGTGAG-1,Young,FAP3,0.177370535206707,0,-8.87079927630711,3.76552655533649,FALSE,TRUE
Young_4_TGTATCGCACAATGCC-1,Young,FAP1,0.177391006465753,0,-5.75762483783055,2.4934807045827,TRUE,TRUE
Young_2_GAGGTTAAGGCTAATC-1,Young,FAP1,0.177541431886412,0,-8.17753336139012,1.02488251761295,TRUE,TRUE
Young_4_GGAATCTTCTATCGCC-1,Young,FAP1,0.177800501291034,0,-8.25085279650974,1.90789034203387,TRUE,TRUE
Young_5_CTACAACAGATACTTG-1,Young,FAP1,0.17781354033951,0,-6.96747705645848,5.59120180443622,TRUE,TRUE
Young_5_GATTACGGTTAGACCA-1,Young,FAP1,0.177983424120294,0,-5.55792495913792,4.63682939843036,TRUE,TRUE
Young_5_GCTAGTGTCACTCGCT-1,Young,FAP1,0.1780165629026,0,-5.90786907382298,3.87206508950092,TRUE,TRUE
Young_3_TTGGATATCCAATAGC-1,Young,FAP1,0.178051743706401,0,-6.69492122836399,2.50935628250934,TRUE,TRUE
Young_3_TTACGTTTCCTCGATC-1,Young,FAP3,0.178083241911112,0,-8.66487905688572,3.49830510453082,FALSE,TRUE
Young_1_GAGTATCTCGGTCATG-1,Young,FAP3,0.178124668007964,0,-8.50582430072117,3.30455686882831,FALSE,TRUE
Young_5_TAAGGCTTCCCTGATC-1,Young,FAP1,0.178151067464785,1.09861228866811,-7.72441122241307,0.326839361197721,TRUE,TRUE
Young_3_CGATTCCTCATCCACC-1,Young,FAP1,0.17822323115398,0.693147180559945,-6.60557672686863,2.51115205124713,TRUE,TRUE
Young_2_ACCTGGATCACATTGA-1,Young,FAP1,0.178348272258194,0.693147180559945,-6.00390217013645,4.19449069336749,TRUE,TRUE
Young_2_GGAACTAAGGACGTAA-1,Young,FAP1,0.178356778622808,1.38629436111989,-6.26964256472874,3.21707084015704,TRUE,TRUE
Young_1_ACGACTTAGCAGGCCT-1,Young,FAP1,0.178465446804001,0,-7.92563841052342,4.81938030556537,TRUE,TRUE
Young_1_CCCAACCGTTAACACG-1,Young,FAP1,0.178681768203876,1.09861228866811,-6.03282139010716,3.76311280564166,TRUE,TRUE
Young_5_GTTACGCCAACCTAAT-1,Young,FAP1,0.178853814011818,0,-6.62994787402439,2.50996925667621,TRUE,TRUE
Young_2_GTGGTTAGTAATCGCA-1,Young,FAP1,0.178932469403232,0,-8.66618749804783,1.65239777401782,TRUE,TRUE
Young_2_AATAGCTGTAAGCACC-1,Young,FAP3,0.17901496942787,0.693147180559945,-8.50424310870457,3.31352832154132,FALSE,TRUE
Young_3_GCGATTTAGTGCTGTG-1,Young,FAP1,0.179052814267308,0,-6.60495588488865,2.6812408192525,TRUE,TRUE
Young_1_AAGGATTAGACAAGTG-1,Young,FAP1,0.17907234875046,1.38629436111989,-8.12527200885105,4.46146919564105,TRUE,TRUE
Young_5_TTCCCACAGCTCCCTG-1,Young,FAP1,0.179291247257544,0,-6.83343479342747,1.90489497021533,TRUE,TRUE
Young_2_TGGAACAAGTTTGGGT-1,Young,FAP1,0.179320143370993,1.09861228866811,-5.76789543338108,4.38610317543842,TRUE,TRUE
Young_2_GAATTTGTCAATCTAG-1,Young,FAP1,0.1793737491395,0,-6.85381385989475,1.92566933468677,TRUE,TRUE
Young_3_CTTACCGGTCACCAAA-1,Young,FAP1,0.179640103127925,0.693147180559945,-5.36516830630589,4.94068863228656,TRUE,TRUE
Young_1_CGCCAAATCAGTATTG-1,Young,FAP1,0.17974898053762,0,-8.05736467547703,5.54656269387103,TRUE,TRUE
Young_2_ACTAATCCAAACTAAG-1,Young,FAP1,0.179805582325912,0.693147180559945,-6.2078172893076,4.80657389000751,TRUE,TRUE
Young_4_GCCACAATCAATGTGC-1,Young,FAP1,0.179907161245441,0,-8.15313741870213,1.83559861019946,TRUE,TRUE
Young_2_CTTAAGGGTTCAAGCA-1,Young,FAP1,0.179979618527769,0,-6.30691740222264,4.24972894028522,TRUE,TRUE
Young_3_CTGCTCCCAGCAAGAT-1,Young,FAP1,0.180115720726128,0.693147180559945,-5.98332283206272,3.48194458321429,TRUE,TRUE
Young_1_ATTTAGGTCCGCCAAA-1,Young,FAP3,0.180154564948192,1.09861228866811,-8.62859842486668,3.48671414688922,FALSE,TRUE
Young_2_TCGTCAACAGTTAAAG-1,Young,FAP1,0.180237240432921,1.09861228866811,-6.67289325900364,5.65773203209735,TRUE,TRUE
Young_1_TAAGCCAGTGATGAGG-1,Young,FAP1,0.180516829868229,0,-6.734236928895,5.73467161492206,TRUE,TRUE
Young_4_TTTCTCACAATCATGT-1,Young,FAP1,0.180672328622926,0,-8.30178186602879,1.94912578896381,TRUE,TRUE
Young_5_ACCAGGACAGGTCCTG-1,Young,FAP1,0.180711404993791,0.693147180559945,-7.73271104998875,0.160522810972702,TRUE,TRUE
Young_5_CGCTTGCGTGAAACAA-1,Young,FAP1,0.180814417006312,0,-6.35358688540745,3.30150701836444,TRUE,TRUE
Young_3_TCGCCCATCTCACATT-1,Young,FAP1,0.18100521795201,2.30258509299405,-6.8906295032053,5.62373163536884,TRUE,TRUE
Young_3_AACATAGCAGTAGGTG-1,Young,FAP1,0.18101336531823,0.693147180559945,-6.00820181079197,3.63155391053058,TRUE,TRUE
Young_3_TGATTCAAGGCTAATC-1,Young,FAP1,0.181208186349157,1.94591014905531,-6.94690820880223,5.60430862740375,TRUE,TRUE
Young_3_GCTGCACAGCAATAGG-1,Young,FAP1,0.181347550915894,0,-8.10864278979588,1.87007834748126,TRUE,TRUE
Young_1_CTCATTTAGCTCATAA-1,Young,FAP1,0.181433344452459,0,-7.47700426287937,6.66346885994769,TRUE,TRUE
Young_1_TTCAACCGTACTAAAC-1,Young,FAP1,0.181900859275689,0.693147180559945,-5.94917032428074,4.18788339928485,TRUE,TRUE
Young_1_CTGGTAAGTAGGTTGC-1,Young,FAP3,0.182075534845976,0.693147180559945,-8.92395612902928,4.01121427849628,FALSE,TRUE
Young_1_TTACACCGTACCTTAC-1,Young,FAP1,0.182421408136083,0,-6.72088882632542,2.5043130143056,TRUE,TRUE
Young_2_GGCTTCAAGGGCCATC-1,Young,FAP1,0.182934159941031,0.693147180559945,-6.09703800387669,3.07640554741718,TRUE,TRUE
Young_3_GTCCTAGAGCAAGGTA-1,Young,FAP1,0.183261633728979,0,-8.0601417750864,1.83154430226184,TRUE,TRUE
Young_2_CCTTTAGTCCCGTTGT-1,Young,FAP1,0.183403557063693,0,-6.70332500644016,2.50369574860431,TRUE,TRUE
Young_1_GTCCAGGGTAGGATTT-1,Young,FAP1,0.183572328551029,0,-6.36532566256809,3.0428302510152,TRUE,TRUE
Young_3_AATAACCGTATTGGTG-1,Young,FAP2,0.183612932254976,1.38629436111989,-9.45122930712986,4.85394289330341,FALSE,TRUE
Young_3_TTCCACGGTAGCCATA-1,Young,FAP1,0.183699555301803,0.693147180559945,-5.91067669101048,2.38928868607379,TRUE,TRUE
Young_5_TCAAGACTCATAATCG-1,Young,FAP1,0.18370139223437,0,-6.74673769183445,2.13316418961383,TRUE,TRUE
Young_1_AACCGCTCAAAGCGGC-1,Young,FAP1,0.18388363282855,0,-7.35734436221409,6.182410262383,TRUE,TRUE
Young_1_AATCCCTGTTTAGTCC-1,Young,FAP1,0.183883655695047,0,-7.35806963153172,6.06017067269183,TRUE,TRUE
Young_1_ACAGGTAAGTTCCCGT-1,Young,FAP1,0.183883678561543,0,-7.37749407000828,6.14469292000629,TRUE,TRUE
Young_1_AGTGCACGTTGCAGTA-1,Young,FAP1,0.183883701428039,0,-7.35469171710301,6.07350113228656,TRUE,TRUE
Young_1_ATCTTTGGTAACGGGA-1,Young,FAP1,0.183883724294535,0,-7.37525627322483,6.14765407875873,TRUE,TRUE
Young_1_ATGACGAAGTGAGCGG-1,Young,FAP1,0.183883747161032,0,-7.37947866626072,5.97861625985004,TRUE,TRUE
Young_1_ATGGTTATCATTGACA-1,Young,FAP1,0.183883770027528,0.693147180559945,-7.26948044009495,6.11656715706683,TRUE,TRUE
Young_1_ATTACCCGTTTGTCTA-1,Young,FAP1,0.183883792894024,0.693147180559945,-7.19570467181492,6.06885530785419,TRUE,TRUE
Young_1_CAGGGCTTCCCTCACG-1,Young,FAP1,0.18388381576052,0,-7.13059684939671,6.00799372032977,TRUE,TRUE
Young_1_CGTAACCCATGAATAG-1,Young,FAP1,0.183883838627017,0,-7.20859024234104,5.5889191849599,TRUE,TRUE
Young_1_CTGCAATAGTTAGACC-1,Young,FAP1,0.183883861493513,0,-7.47383424945164,6.33342840508319,TRUE,TRUE
Young_1_CTGTATTTCAGCCAAT-1,Young,FAP1,0.183883884360009,1.09861228866811,-7.22827360339451,5.75359823540546,TRUE,TRUE
Young_1_GACCTGATCCAGGTCA-1,Young,FAP1,0.183883907226505,0,-7.40983888812351,6.28248884514667,TRUE,TRUE
Young_1_GAGGGAGCACGTAAGG-1,Young,FAP1,0.183883930093002,1.09861228866811,-7.15204641528416,5.62626030281879,TRUE,TRUE
Young_1_GCAGCCAGTCCTAATC-1,Young,FAP1,0.183883952959498,0.693147180559945,-7.04678127475071,5.9004163964162,TRUE,TRUE
Young_1_GGAAGTATCCATTACT-1,Young,FAP1,0.183883975825994,0.693147180559945,-7.22304269976902,5.98324062661029,TRUE,TRUE
Young_1_GGTATTTCAGCCAGAA-1,Young,FAP1,0.18388399869249,0,-7.09164974398899,5.59499122933246,TRUE,TRUE
Young_1_GGTTCTTGTACAAAGA-1,Young,FAP1,0.183884021558987,0,-7.14274999804783,5.84291174248553,TRUE,TRUE
Young_1_GGTTCTTGTGCTAGCG-1,Young,FAP1,0.183884044425483,0,-7.37564918704319,5.93640186623431,TRUE,TRUE
Young_1_GGTTGGTGTTTACCGT-1,Young,FAP1,0.183884067291979,0,-7.23411199755955,5.74620249108173,TRUE,TRUE
Young_1_GTAGGAGGTGTGTCCC-1,Young,FAP1,0.183884090158475,0,-7.26346037097264,5.90830375985004,TRUE,TRUE
Young_1_GTTACCTGTCCCGGAA-1,Young,FAP1,0.183884113024972,0,-7.37835905261326,6.07071115807391,TRUE,TRUE
Young_1_GTTACTAAGACAAAGT-1,Young,FAP1,0.183884135891468,0,-7.12405512042332,5.6719441635976,TRUE,TRUE
Young_1_TACAGGTTCTAATCTC-1,Young,FAP1,0.183884158757964,0,-7.40077182956028,6.14493992165424,TRUE,TRUE
Young_1_TACCCGGCACTAGCGT-1,Young,FAP1,0.18388418162446,0,-7.37345955081272,6.16090204552509,TRUE,TRUE
Young_1_TCAGTAGGTTTAAAGC-1,Young,FAP1,0.183884204490957,0,-7.5462748736887,6.46877672509052,TRUE,TRUE
Young_1_TCCAGGATCTAATTGG-1,Young,FAP1,0.183884227357453,0,-7.06920311160374,5.89537050560809,TRUE,TRUE
Young_1_TCCAGGTCATTAAGCT-1,Young,FAP1,0.183884250223949,0,-7.18828127093601,6.0287237389455,TRUE,TRUE
Young_1_TCCTCACAGGGTGAAC-1,Young,FAP1,0.183884273090445,0,-7.22751543231297,5.71628286675311,TRUE,TRUE
Young_1_TGGTCAAGTGTTTGTC-1,Young,FAP1,0.183884295956942,0,-7.28861734576512,6.14894440010883,TRUE,TRUE
Young_1_TGTAAGCTCACCATTT-1,Young,FAP1,0.183884318823438,0,-7.34617445178318,6.0590005143056,TRUE,TRUE
Young_1_TGTGCTGAGTCATTTC-1,Young,FAP1,0.183884341689934,0.693147180559945,-7.3172390193491,6.0572390778432,TRUE,TRUE
Young_1_TTTCCACCACAACAAA-1,Young,FAP1,0.18388436455643,0,-7.27176401324558,6.0942058785329,TRUE,TRUE
Young_1_TTTCTCACAAGGTACG-1,Young,FAP1,0.183884387422927,0,-7.13840982623387,5.92900755242206,TRUE,TRUE
Young_2_CTACTAAAGTTCCTCA-1,Young,FAP1,0.183884410289423,0,-7.21067497439671,5.65766384438373,TRUE,TRUE
Young_2_GGACGAAGTCTCAGCC-1,Young,FAP1,0.183884433155919,1.09861228866811,-7.26737472720433,6.04787685707904,TRUE,TRUE
Young_2_TCTCACCAGAGGAGTC-1,Young,FAP1,0.183884456022415,1.09861228866811,-6.89414951510716,5.66755249337054,TRUE,TRUE
Young_2_TGCAATATCTGCAAAC-1,Young,FAP1,0.183884478888912,0.693147180559945,-7.13050148196507,5.85383465126849,TRUE,TRUE
Young_3_AACATAGCACCAACCG-1,Young,FAP1,0.183884501755408,0.693147180559945,-7.1390335292368,5.96471025780536,TRUE,TRUE
Young_3_AACATCATCTCAATAG-1,Young,FAP1,0.183884524621904,1.09861228866811,-7.01101944155979,5.70343353585101,TRUE,TRUE
Young_3_AATTGCTCAATTAACC-1,Young,FAP1,0.1838845474884,0,-7.19862720675755,5.60670091942645,TRUE,TRUE
Young_3_AGCGCCTAGGTTAGCT-1,Young,FAP1,0.183884570354897,0,-6.99857494540501,5.83199264839984,TRUE,TRUE
Young_3_CATTATCTCATTGTTC-1,Young,FAP1,0.183884593221393,0,-7.12277338214207,6.01193859413959,TRUE,TRUE
Young_3_CCCAAATAGCGGTTAT-1,Young,FAP1,0.183884616087889,0,-6.88095829196263,5.69404651955463,TRUE,TRUE
Young_3_CCTCAATGTACTGATG-1,Young,FAP1,0.183884638954385,2.39789527279837,-7.09099218554783,5.65141107872821,TRUE,TRUE
Young_3_CGTAATGGTGGACATC-1,Young,FAP1,0.183884661820882,0.693147180559945,-7.13823387332249,5.5808158142934,TRUE,TRUE
Young_3_CTGTATTTCCGCAAAT-1,Young,FAP1,0.183884684687378,0,-7.17014858432102,6.00248911217548,TRUE,TRUE
Young_3_GCAATGTTCATAACCA-1,Young,FAP1,0.183884707553874,0,-7.10803005404759,5.91481592491962,TRUE,TRUE
Young_3_GCAGGTTGTAAAGCAA-1,Young,FAP1,0.18388473042037,1.79175946922806,-7.58712360568333,6.56548645333148,TRUE,TRUE
Young_3_GGCATGGAGGCTACTG-1,Young,FAP1,0.183884753286867,1.09861228866811,-7.55397627063084,6.49338056877948,TRUE,TRUE
Young_3_GTGCTGATCGATTTGA-1,Young,FAP1,0.183884776153363,1.79175946922806,-7.19968197055149,5.71997454003192,TRUE,TRUE
Young_3_GTTTAACCATGAAATG-1,Young,FAP1,0.183884799019859,0,-7.29010317035008,5.68445446328021,TRUE,TRUE
Young_3_TCCTTGCAGTACCGCA-1,Young,FAP1,0.183884821886355,0,-7.30775615878391,6.01309444741107,TRUE,TRUE
Young_4_GCTAATATCGTTACAA-1,Young,FAP1,0.183884844752852,0,-7.14305135913182,5.69019844368793,TRUE,TRUE
Young_4_GGTTGGTGTCCGCTGT-1,Young,FAP1,0.183884867619348,0,-7.26863977618504,5.83783724144794,TRUE,TRUE
Young_5_ACCAAACTCGCACACA-1,Young,FAP1,0.183884890485844,0,-7.10028907962132,5.73875000313617,TRUE,TRUE
Young_5_ATTGCAGGTGGACATC-1,Young,FAP1,0.18388491335234,1.09861228866811,-7.33986303515721,5.87405922249652,TRUE,TRUE
Young_5_CAAAGTGAGGAGGTTA-1,Young,FAP1,0.183884936218837,0,-7.34504959292698,6.165573619164,TRUE,TRUE
Young_5_CAGAACCGTAGACAAA-1,Young,FAP1,0.183884959085333,1.38629436111989,-7.06396839328099,5.78905298546649,TRUE,TRUE
Young_5_CCGGTTAAGATGGACA-1,Young,FAP1,0.183884981951829,1.09861228866811,-7.05501053042698,5.72477485970355,TRUE,TRUE
Young_5_GTTAGACTCAAGCTAC-1,Young,FAP1,0.183885004818325,1.09861228866811,-7.03147051043797,5.61747982338763,TRUE,TRUE
Young_5_CTAGTGAGTCTTACTA-1,Young,FAP1,0.183914444064719,0,-7.25632545657444,6.39065410927631,TRUE,TRUE
Young_2_GACTTACAGTTTCCGC-1,Young,FAP1,0.184018012524912,0,-6.05268451876927,4.69861605004169,TRUE,TRUE
Young_5_GTTGTGAGTCAATACG-1,Young,FAP1,0.184221239871846,0.693147180559945,-5.89901230044651,4.05176904038287,TRUE,TRUE
Young_3_GGGAGTAGTTGCAATG-1,Young,FAP1,0.184258826819913,0,-7.73405382342625,0.229256585098278,TRUE,TRUE
Young_2_CGAAGCGAGTTGCCTC-1,Young,FAP1,0.184262961169697,0,-5.62028238482762,4.65959694222308,TRUE,TRUE
Young_1_AAGAATCAGCGCAATT-1,Young,FAP1,0.184361650779445,0.693147180559945,-6.3626286716013,6.00685980156757,TRUE,TRUE
Young_5_GCTGTAAGTCAAACTG-1,Young,FAP1,0.184453369453092,0,-5.6532928676157,4.70942594841815,TRUE,TRUE
Young_5_ACGTTGTAGGTAGCTT-1,Young,FAP1,0.18460340470755,0,-6.63211223788548,3.00990488365985,TRUE,TRUE
Young_1_TACAAGCTCCCATAGG-1,Young,FAP1,0.184656601367379,0,-7.0234739512949,6.10065557793475,TRUE,TRUE
Young_5_AAATGCCTCAAAGGCA-1,Young,FAP1,0.184691629359817,1.38629436111989,-7.73728487201023,0.147297032035362,TRUE,TRUE
Young_2_GACCTCAAGGACCTGC-1,Young,FAP1,0.184709505532296,0.693147180559945,-7.244575235322,1.71773781613208,TRUE,TRUE
Young_1_TGACTCCTCTAACTGA-1,Young,FAP3,0.184817374710857,0.693147180559945,-8.5917579860239,3.08947112397052,FALSE,TRUE
Young_4_CCGTTTGGTTTCGCGC-1,Young,FAP1,0.184920668299439,0,-5.89794513888645,4.07685329750873,TRUE,TRUE
Young_2_TAGGAGTCAATATACC-1,Young,FAP1,0.185292652200127,1.09861228866811,-6.07559320636082,5.10205747917987,TRUE,TRUE
Young_5_TCTCAATTCATGGCTG-1,Young,FAP1,0.185328834413777,0.693147180559945,-6.86374256320286,2.36349918679095,TRUE,TRUE
Young_1_TGGTGATTCATTGCGG-1,Young,FAP1,0.185341085631944,0.693147180559945,-5.33450529284764,2.70611431435443,TRUE,TRUE
Young_1_CGATTTGCATTGCAGC-1,Young,FAP1,0.185408914434721,1.6094379124341,-6.09744522280979,5.23718931511737,TRUE,TRUE
Young_5_TTGACTAAGTCACTCC-1,Young,FAP1,0.185737045664004,0.693147180559945,-6.85328886218357,1.43588425949908,TRUE,TRUE
Young_2_CACAGGGAGTTATCTC-1,Young,FAP1,0.186045228006934,0,-5.73313543505955,4.29734542206622,TRUE,TRUE
Young_3_CACTGACCAACCGCCA-1,Young,FAP2,0.186385205476011,0,-8.68268415637303,4.31907155350543,FALSE,TRUE
Young_5_TCATAACCACACAATT-1,Young,FAP1,0.186772331733772,0,-7.81739065356541,3.75904657677509,TRUE,TRUE
Young_2_AGACACGCATCGTTCT-1,Young,FAP1,0.187196243701162,0,-6.74228260226536,4.59423019722797,TRUE,TRUE
Young_5_AATCCATCACAGCCAT-1,Young,FAP1,0.187350099926372,0,-7.24124023623753,1.80634083584644,TRUE,TRUE
Young_4_CCATTATTCCCTGATC-1,Young,FAP1,0.187351213639906,0,-6.41405508227635,3.36704161003925,TRUE,TRUE
Young_3_CAGATTCAGGTGAAGC-1,Young,FAP1,0.187587129287299,0.693147180559945,-7.5046374530344,6.70498897866107,TRUE,TRUE
Young_3_GTTTAGCAGGAGCATA-1,Young,FAP1,0.187772462373834,0,-6.66357967562962,2.13491179779864,TRUE,TRUE
Young_5_ATTGTCCGTCAAGTGC-1,Young,FAP1,0.187908815691394,0,-8.15626451678562,0.808898024118911,TRUE,TRUE
Young_5_GCTTATCGTTGGTTCT-1,Young,FAP1,0.187929350110898,1.09861228866811,-6.97229263491917,1.54785814122058,TRUE,TRUE
Young_5_AGACAATAGGCTGTGC-1,Young,FAP1,0.18793487582811,0,-6.77102443881321,1.3548407776723,TRUE,TRUE
Young_3_GTAGCTGTCACCATTT-1,Young,FAP1,0.18818722385737,0,-6.35399744220066,5.99983742073871,TRUE,TRUE
Young_1_CGAATCTAGGTAGCTT-1,Young,FAP1,0.18828687425919,0,-6.85474178500462,2.39785554245807,TRUE,TRUE
Young_5_CATAATCCATGATTGT-1,Young,FAP1,0.188825709837261,0,-6.10474846072483,5.30070974663593,TRUE,TRUE
Young_5_GATTACTCACATAACT-1,Young,FAP1,0.188833430327226,0,-5.89451858706761,3.9197662098775,TRUE,TRUE
Young_2_GCTAAGTTCCAAGTTA-1,Young,FAP1,0.188854292914225,0,-5.89254686541844,4.05959727600909,TRUE,TRUE
Young_2_TTTGTGTTCACTAGGT-1,Young,FAP1,0.189020700517354,1.94591014905531,-6.07848045535374,5.14008858040668,TRUE,TRUE
Young_1_TCACTGACATAGCGGA-1,Young,FAP3,0.18903388284644,0,-8.61566564746189,2.36929657296039,FALSE,TRUE
Young_2_GTAGTTTCATATAACC-1,Young,FAP1,0.189539226414651,0,-5.90083048053074,4.74267341927386,TRUE,TRUE
Young_5_CCTTATGTCGACAAAG-1,Young,FAP3,0.189604985745657,0,-8.52528307147312,3.45070721939899,FALSE,TRUE
Young_5_TGTTGTTTCATGCATA-1,Young,FAP1,0.190271838951283,0,-6.83761617846775,1.89806356266833,TRUE,TRUE
Young_1_ACGTTGTAGGTCATTA-1,Young,FAP1,0.190316899209397,1.09861228866811,-8.72738001056004,1.66560115650989,TRUE,TRUE
Young_5_CGAAATGAGGCATTAC-1,Young,FAP1,0.190373449536487,0,-8.27402136035252,1.13029172257281,TRUE,TRUE
Young_3_TGTTGTTTCCCGTTTA-1,Young,FAP1,0.190598015188322,0,-7.24738809771824,3.34824015930988,TRUE,TRUE
Young_5_TTGCAGCCATTGTGCA-1,Young,FAP1,0.190821116319514,0,-7.04737970538426,1.53462030724384,TRUE,TRUE
Young_3_GCCCAAATCGGTTTCC-1,Young,FAP1,0.19086480699984,1.38629436111989,-5.51836321063328,4.6662068589101,TRUE,TRUE
Young_4_CGGCAATGTTTCCTCC-1,Young,FAP1,0.191323998617009,1.38629436111989,-5.87605306811619,4.76607277230121,TRUE,TRUE
Young_1_CTTGCGCGTCATTACC-1,Young,FAP1,0.191369583775362,0,-5.7102005214243,4.69078590706683,TRUE,TRUE
Young_2_CCATTGTGTGAATCGC-1,Young,FAP1,0.191643232282718,0.693147180559945,-5.76926300235081,4.36661960915424,TRUE,TRUE
Young_2_CTATTACTCATTACAG-1,Young,FAP1,0.191811541149904,0,-7.08613559909153,1.57275690869189,TRUE,TRUE
Young_1_ACCCGTAAGTTTCCTG-1,Young,FAP1,0.191826503550706,0,-5.91682741351414,4.69097282723285,TRUE,TRUE
Young_4_GGATTATGTGGATGTC-1,Young,FAP1,0.192214706507951,0,-6.36885711856175,3.05245067910052,TRUE,TRUE
Young_3_TATGGATGTTAAATGC-1,Young,FAP1,0.19233602166462,0,-7.6791627139597,5.2311949952016,TRUE,TRUE
Young_2_TCTCAAGCAGGCATGA-1,Young,FAP1,0.192344654520156,0.693147180559945,-6.85356495089817,5.89718200997211,TRUE,TRUE
Young_1_TGGGCATGTGCGCATG-1,Young,FAP1,0.192361937794596,0.693147180559945,-6.96930143542576,4.05452968911029,TRUE,TRUE
Young_5_ACAGGTAAGCGAAGTA-1,Young,FAP1,0.192453773755269,0,-5.98953935809422,3.58136894539691,TRUE,TRUE
Young_3_GCTGTGATCAAGCTAC-1,Young,FAP1,0.192474083791243,0,-7.02458831973362,1.51438357666827,TRUE,TRUE
Young_1_AGCAATTGTAATCCCT-1,Young,FAP1,0.19267037279795,0,-5.39933035083103,2.64815141991473,TRUE,TRUE
Young_2_CTCTCACAGGCAAGTA-1,Young,FAP1,0.192840210415938,0.693147180559945,-7.91740534014988,1.1938671691785,TRUE,TRUE
Young_4_TATGGCCCACAGCCTG-1,Young,FAP1,0.192929207062414,0,-8.18982050128269,1.87511458233691,TRUE,TRUE
Young_1_CTCATTGTCGGTTAGT-1,Young,FAP1,0.192948018126885,1.09861228866811,-6.09692165561009,5.27493812874652,TRUE,TRUE
Young_3_ACTAGGCGTTAGACCA-1,Young,FAP1,0.193115398308279,0.693147180559945,-6.96887371249485,4.73581793145038,TRUE,TRUE
Young_1_GATGCTTAGCGGCTGT-1,Young,FAP3,0.193470526947217,0.693147180559945,-8.49305269427586,3.43869974449969,FALSE,TRUE
Young_3_ACTCCTCAGTGGCGGA-1,Young,FAP1,0.193570915041309,0.693147180559945,-6.32167455859471,1.36666288212634,TRUE,TRUE
Young_1_AAGGCCCTCCTGGTGA-1,Young,FAP1,0.193698327200448,0,-7.05258056826878,2.00947227314807,TRUE,TRUE
Young_1_CATAGTCAGTAACAGG-1,Young,FAP3,0.193772407156283,0.693147180559945,-8.54779741473484,3.26074411705829,FALSE,TRUE
Young_5_ATAGATGCATAGTCAT-1,Young,FAP1,0.193787192830159,1.09861228866811,-6.63317987628269,2.77363493279315,TRUE,TRUE
Young_5_CCCAATTGTTTATTCG-1,Young,FAP1,0.194046451664945,0.693147180559945,-7.64719793505955,4.48142435387469,TRUE,TRUE
Young_3_GAACACAAGGGCTTTG-1,Young,FAP1,0.194066405267063,0,-7.75029871173191,0.050141744173538,TRUE,TRUE
Young_5_CCTATAGCAGTTTCTC-1,Young,FAP1,0.194145202983989,1.6094379124341,-7.24207231707859,3.6122129185567,TRUE,TRUE
Young_1_TATGGCCCACTGGCCA-1,Young,FAP1,0.194167814974914,0,-6.64744875140476,4.5430093033681,TRUE,TRUE
Young_1_ATCAAGCTCTTTGACT-1,Young,FAP3,0.194332698402259,0,-8.64099428363133,4.17577674225665,FALSE,TRUE
Young_3_TTGAGCTAGGCTACAT-1,Young,FAP1,0.194568360729155,0,-7.99325487323094,4.15387012795306,TRUE,TRUE
Young_3_GCTAACCCAACACCTA-1,Young,FAP1,0.194622641359578,0,-5.29924413867283,2.69823553398944,TRUE,TRUE
Young_3_GAGCAAATCCCGAAGC-1,Young,FAP1,0.194732312958607,0,-6.96400425143528,4.73425867394305,TRUE,TRUE
Young_3_TGTCCTTCATTAAGCT-1,Young,FAP1,0.194938338790746,0,-5.30818769641209,2.69230439499713,TRUE,TRUE
Young_3_TTGGCTGAGGCGTAAA-1,Young,FAP1,0.195199128431281,1.09861228866811,-6.16928932376194,5.75992300347186,TRUE,TRUE
Young_2_ATGGTGCGTAAGCACC-1,Young,FAP1,0.19556271058362,0,-6.61804601855564,4.66545822457172,TRUE,TRUE
Young_3_TCGCGAGGTGTCACGG-1,Young,FAP1,0.195637482434154,1.38629436111989,-7.27329323001194,4.12418176964618,TRUE,TRUE
Young_5_GAGCAAATCCTGTTCA-1,Young,FAP1,0.195710197661191,0,-6.68216440387058,2.88920380905963,TRUE,TRUE
Young_1_CTCATTGTCGTGCTTC-1,Young,FAP1,0.196055445272489,1.09861228866811,-5.26225158877659,2.71463467911578,TRUE,TRUE
Young_5_CCCTGTTAGTCGCAAT-1,Young,FAP1,0.196265651357409,0.693147180559945,-6.85875723071385,4.80992271736957,TRUE,TRUE
Young_5_GTGCTTCTCAATCTCT-1,Young,FAP1,0.196287059162203,0,-7.08523437686253,3.57131340340472,TRUE,TRUE
Young_2_CCGGTTAAGGACTTAC-1,Young,FAP1,0.196345416171431,0,-7.76136610217381,4.81454899147845,TRUE,TRUE
Young_4_GGTTGCATCACGAATC-1,Young,FAP1,0.196410741961409,0,-8.16038248248387,1.89585842923022,TRUE,TRUE
Young_2_GCCATTACACCAAAGG-1,Young,FAP3,0.196494089073778,0,-8.11808893389988,4.52102091149188,FALSE,TRUE
Young_1_CTCTCACAGGATCCGC-1,Young,FAP1,0.196527136984611,0,-7.74447653003025,0.296747181422483,TRUE,TRUE
Young_3_TCCTTAGTCACGTTAA-1,Young,FAP1,0.196910521966225,0,-6.32904884524632,5.97674372032977,TRUE,TRUE
Young_3_CAACAATGTGATTACG-1,Young,FAP3,0.196998522086131,0,-8.36237737841892,2.0486736519704,FALSE,TRUE
Young_3_AAGTTAGCAAGTTATC-1,Young,FAP3,0.19712475794704,0,-8.59221288867283,3.14904692009784,FALSE,TRUE
Young_3_GATTGCAGTTTGGCGG-1,Young,FAP3,0.197135591866412,1.09861228866811,-8.57818338580418,3.18962099388934,FALSE,TRUE
Young_3_TTGTAAGTCATCCTCA-1,Young,FAP1,0.1973704124989,0,-6.57920381732273,2.49214532212115,TRUE,TRUE
Young_1_ACAGGCTGTCCCGAAG-1,Young,FAP1,0.197412487114127,1.09861228866811,-7.74269125170994,0.376357175267708,TRUE,TRUE
Young_1_AACAGCAAGCGGTTAT-1,Young,FAP3,0.197584831832532,0,-8.57841226764012,3.19118239716388,FALSE,TRUE
Young_3_TTTCGTCCAGGCTAAG-1,Young,FAP1,0.197866782197085,0,-7.74106237597752,0.438202306486141,TRUE,TRUE
Young_5_AAGCGAGGTCCTCCAA-1,Young,FAP2,0.19795637622635,0,-8.62437746234226,4.12025573090411,FALSE,TRUE
Young_1_AGCTACTAGCACCACA-1,Young,FAP1,0.198748152948705,0,-7.21336147494602,2.33240201310016,TRUE,TRUE
Young_4_ACGATTCAGTGTGATC-1,Young,FAP1,0.198802614626434,0,-6.00087139315891,3.67993595436908,TRUE,TRUE
Young_5_TTTCTCACATTATGGT-1,Young,FAP1,0.198931977069217,0,-5.92485305972386,4.69566252068378,TRUE,TRUE
Young_2_ATCGGCCAGTCCTTTG-1,Young,FAP1,0.199026007491335,0,-7.75485346026707,0.0673720760712735,TRUE,TRUE
Young_2_GGTCCTGCAGGGAGGA-1,Young,FAP1,0.19949447690577,0.693147180559945,-6.76379511065769,2.48589970902301,TRUE,TRUE
Young_1_GGGCATGAGTTTAACG-1,Young,FAP3,0.199552582809235,0,-8.71323129840183,3.49329068497516,FALSE,TRUE
Young_1_CTGGTTACAACAACAA-1,Young,FAP2,0.199587847895243,0,-9.47383615680027,4.87175848320819,FALSE,TRUE
Young_5_CACTTTGTCTTGTCTG-1,Young,FAP1,0.199717509979227,1.09861228866811,-6.30220768161106,5.94402124718524,TRUE,TRUE
Young_5_AGTCAAGAGTCTCACC-1,Young,FAP1,0.200019889363506,0,-6.69463083453465,3.65366484955646,TRUE,TRUE
Young_5_ATATGGTGTCATGAGC-1,Young,FAP1,0.200262023171634,0,-7.03032753176975,6.12697985009052,TRUE,TRUE
Young_5_CACATGCCAGGCCATT-1,Young,FAP1,0.200337028391939,0,-7.23243543811131,3.60454728440143,TRUE,TRUE
Young_3_TCTACCTCAGGCTACT-1,Young,FAP1,0.200671494627464,0.693147180559945,-6.84080669589329,2.48299648598529,TRUE,TRUE
Young_5_AGAAGGTGTTAGGCTA-1,Young,FAP1,0.200848717881699,0.693147180559945,-6.86289093203831,2.48232796028949,TRUE,TRUE
Young_2_CCAGGAACAATAATCC-1,Young,FAP1,0.200968487866575,0,-6.85039064593601,2.10672142342426,TRUE,TRUE
Young_3_GCACATTAGCAACAAG-1,Young,FAP3,0.200973115131773,0.693147180559945,-8.54902383990574,3.29282643631793,FALSE,TRUE
Young_1_TGCCTGTTCCTGATGG-1,Young,FAP3,0.200976061295802,0,-8.41798994250584,2.08732714489795,FALSE,TRUE
Young_1_TCGTTAGCATCAGCAC-1,Young,FAP1,0.20110112451757,1.09861228866811,-8.10473177142429,4.54341127709247,TRUE,TRUE
Young_1_GCTTAAATCCGGCTAA-1,Young,FAP1,0.201501125186565,0,-7.17793724246311,4.62158586815692,TRUE,TRUE
Young_1_ACAGCGCTCCACCCTG-1,Young,FAP3,0.201733390575074,0,-8.87616464801121,3.11541344956256,FALSE,TRUE
Young_1_ACCTTCATCATGAAGG-1,Young,FAP3,0.201733413441571,0.693147180559945,-8.80769178576756,3.16423680619098,FALSE,TRUE
Young_1_AGGTATTGTTCAAGCA-1,Young,FAP3,0.201733436308067,1.38629436111989,-8.65859052844334,3.23797371224261,FALSE,TRUE
Young_1_AGTCTTGCATATTGAC-1,Young,FAP3,0.201733459174563,0,-8.68517133899021,3.24677493409015,FALSE,TRUE
Young_1_AGTTATGTCGCAACAT-1,Young,FAP3,0.201733482041059,0.693147180559945,-8.64948389239597,3.12625315026141,FALSE,TRUE
Young_1_CGCATATAGGATGATG-1,Young,FAP3,0.201733504907556,0.693147180559945,-9.24119302935886,2.98006226853229,FALSE,TRUE
Young_1_GGATGTAAGTCTCACC-1,Young,FAP3,0.201733527774052,1.09861228866811,-8.66047022052097,3.23483397797443,FALSE,TRUE
Young_1_GGCATTGTCTCTAGCC-1,Young,FAP3,0.201733550640548,0,-8.79860136218357,3.16863634423114,FALSE,TRUE
Young_1_GGTATTTCACAGACTC-1,Young,FAP3,0.201733573507044,0,-8.63334104724217,3.150197289742,FALSE,TRUE
Young_1_TAACAAGCAGTTTCTC-1,Young,FAP3,0.201733596373541,0,-8.69896623797703,3.13645150498248,FALSE,TRUE
Young_1_TAACCGGTCATGCATA-1,Young,FAP3,0.201733619240037,0,-8.66202089495945,3.29001881913043,FALSE,TRUE
Young_1_TCCATCATCATAAGCC-1,Young,FAP3,0.201733642106533,0.693147180559945,-8.64577314563084,3.27632381752826,FALSE,TRUE
Young_1_TGGTAAACAGCATTAT-1,Young,FAP3,0.201733664973029,0,-8.62595388598728,3.18941356972552,FALSE,TRUE
Young_2_CAGTACCCAGCGCTTG-1,Young,FAP2,0.201733687839526,0.693147180559945,-9.19968435473728,2.96110727623798,FALSE,TRUE
Young_2_CCATAATCACATACTG-1,Young,FAP2,0.201733710706022,1.38629436111989,-9.0910427302866,3.15221073464252,FALSE,TRUE
Young_2_CGCAATGTCGAAGTGA-1,Young,FAP3,0.201733733572518,0,-8.57008859820652,3.26659562424518,FALSE,TRUE
Young_2_GAGTAATAGCACTTGG-1,Young,FAP2,0.201733756439014,0,-9.0616180629282,3.35414292649127,FALSE,TRUE
Young_2_TCCCTGGTCACGCGGT-1,Young,FAP2,0.201733779305511,1.6094379124341,-9.1011278361826,3.26993443802692,FALSE,TRUE
Young_2_TGGCTTTGTAAATTGC-1,Young,FAP3,0.201733802172007,0,-8.579376432374,3.27644016579486,FALSE,TRUE
Young_3_AATTGCCAGTAGGCGG-1,Young,FAP2,0.201733825038503,0,-9.01383993335056,3.04549505547382,FALSE,TRUE
Young_3_AGGAGCTAGGATTTGC-1,Young,FAP2,0.201733847904999,0,-9.1747944087534,3.00478174523212,FALSE,TRUE
Young_3_CCGTTGCGTGATTTGG-1,Young,FAP3,0.201733870771496,1.09861228866811,-8.93742868609715,3.33364250496722,FALSE,TRUE
Young_3_CGATCCTTCCTTAATC-1,Young,FAP3,0.201733893637992,0.693147180559945,-8.64692613787937,3.23887684182025,FALSE,TRUE
Young_3_CGGCTCACATGAGTTT-1,Young,FAP2,0.201733916504488,0.693147180559945,-8.90154001422215,3.09725501374103,FALSE,TRUE
Young_3_CGTTAACAGTTGTCCC-1,Young,FAP2,0.201733939370985,0,-9.14166280932713,3.07411982849933,FALSE,TRUE
Young_3_CTCAGGATCCTCCATA-1,Young,FAP3,0.201733962237481,0,-8.67464468188572,3.24802329377032,FALSE,TRUE
Young_3_CTGGTAAGTAACAGGG-1,Young,FAP2,0.201733985103977,0,-8.96682283587742,3.07548405960895,FALSE,TRUE
Young_3_GAACACAAGCTAGAAG-1,Young,FAP3,0.201734007970473,0.693147180559945,-8.63753912158299,3.28586008385516,FALSE,TRUE
Young_3_TAATCACCAGTATGTT-1,Young,FAP3,0.20173403083697,0.693147180559945,-8.5939781398325,3.26022460297443,FALSE,TRUE
Young_3_TACCTTTAGCCTGGTA-1,Young,FAP3,0.201734053703466,0.693147180559945,-8.6483461589365,3.06604149178363,FALSE,TRUE
Young_3_TAGCGGCTCGCAACAT-1,Young,FAP3,0.201734076569962,0,-8.58230135150242,3.24692227677203,FALSE,TRUE
Young_3_TAGTAAGCATGTTTGG-1,Young,FAP3,0.201734099436458,0,-8.58102533526707,3.25792362526752,FALSE,TRUE
Young_3_TATCACAAGCTTAACA-1,Young,FAP3,0.201734122302955,0,-8.61743662066746,3.20064952210284,FALSE,TRUE
Young_3_TTAGCAATCTAAGTCA-1,Young,FAP3,0.201734145169451,0,-8.65456030078221,3.27113892868854,FALSE,TRUE
Young_3_TTGATGTCACAGAACG-1,Young,FAP3,0.201734168035947,0,-8.65867445178318,3.12449791268207,FALSE,TRUE
Young_4_GTCCAAGTCGCTCCAT-1,Young,FAP2,0.201734190902443,0,-8.73809644885349,3.15099599198199,FALSE,TRUE
Young_5_AATTGCCAGCGCCTAA-1,Young,FAP3,0.20173421376894,0,-8.59630891986179,3.29781296089984,FALSE,TRUE
Young_5_CTCTAAGCAAAGGTAC-1,Young,FAP2,0.201734236635436,0,-8.93282911486912,3.07129576042987,FALSE,TRUE
Young_5_GGCGATACACAGCCTG-1,Young,FAP3,0.201734259501932,0.693147180559945,-8.55757353015232,3.27624442414142,FALSE,TRUE
Young_5_TCTAACCGTGCCGCAA-1,Young,FAP2,0.201734282368428,1.09861228866811,-9.09811804004002,3.01967670754291,FALSE,TRUE
Young_3_TTACAGCAGGCGCTTA-1,Young,FAP1,0.201781584782879,0.693147180559945,-8.3073570460825,1.18242111042834,TRUE,TRUE
Young_1_CCGCTAGCAGGAAGCC-1,Young,FAP3,0.202192713656484,0,-8.5756504268198,3.93511202172137,FALSE,TRUE
Young_2_ACGAATCTCTCCTCAA-1,Young,FAP1,0.202393962202774,0,-8.12183782763767,4.53760435417987,TRUE,TRUE
Young_1_ATTTGCAAGCAAGGGT-1,Young,FAP1,0.202429355879333,0.693147180559945,-6.70792696185398,5.72675230339862,TRUE,TRUE
Young_1_CAATGAACAACTCGCG-1,Young,FAP1,0.202481364577171,0.693147180559945,-6.21938011355686,4.83491470650531,TRUE,TRUE
Young_2_TATGACTCATGCTATG-1,Young,FAP1,0.202648102817076,1.09861228866811,-6.9344846934824,1.98468448952533,TRUE,TRUE
Young_2_TGGTTCTGTCCAAGAC-1,Young,FAP3,0.202754038721319,0,-7.79425165362644,3.68034031227924,FALSE,TRUE
Young_3_GGCCATCAGCGATAAG-1,Young,FAP1,0.202931979388103,0,-7.75690099902439,0.126291863478195,TRUE,TRUE
Young_2_AGCTATATCCGTAAAC-1,Young,FAP1,0.203236349976871,0,-5.62352773852635,2.49159123734332,TRUE,TRUE
Young_3_TGCTAGCCATGAATCT-1,Young,FAP1,0.204018322687415,0,-7.75966379351902,0.0780741496453397,TRUE,TRUE
Young_5_CTAGCTGAGTGCTGTG-1,Young,FAP1,0.204054662224333,0,-7.09662553973484,6.21410658196307,TRUE,TRUE
Young_2_CAATCCCTCGGTCAAT-1,Young,FAP3,0.204367859117311,1.38629436111989,-8.19862386889744,5.63759996727802,FALSE,TRUE
Young_5_AACCCGCAGTCACCTC-1,Young,FAP1,0.204485156139516,0,-6.6990749568491,2.11412741974689,TRUE,TRUE
Young_1_TTTAACCTCCTAGTAA-1,Young,FAP1,0.204605955064417,0,-7.75505373187351,0.231799982346069,TRUE,TRUE
Young_5_CAAACGCGTTTGGCTT-1,Young,FAP1,0.204712860889006,0.693147180559945,-7.76087209887791,0.0636831446061246,TRUE,TRUE
Young_1_GTGTTACAGGTACCGC-1,Young,FAP3,0.204818045591691,0.693147180559945,-8.84649202533054,3.37752630547382,FALSE,TRUE
Young_1_TGAGCTTAGAATCTCA-1,Young,FAP1,0.204978512952401,0,-7.76256391711521,0.0219591780076139,TRUE,TRUE
Young_1_GTCCTCAGTAGTAAGA-1,Young,FAP1,0.205278261044778,0.693147180559945,-6.77327987857151,1.81703116730548,TRUE,TRUE
Young_3_CATAGTCAGGATCCGC-1,Young,FAP1,0.205313893879044,0.693147180559945,-6.76830980487156,4.62532570198871,TRUE,TRUE
Young_3_GAAAGCCAGGTTTGAC-1,Young,FAP1,0.205455416957637,0,-7.40393182940769,6.59954216317035,TRUE,TRUE
Young_1_TTTGTTGGTTACATCC-1,Young,FAP1,0.205529321478885,0,-5.29584524340916,2.6677401287923,TRUE,TRUE
Young_2_AGCATCCCAAATACCT-1,Young,FAP1,0.205609009267876,0,-5.7578398913889,4.31599428490497,TRUE,TRUE
Young_2_TATTAGGTCCTGGTCT-1,Young,FAP1,0.205857317339339,0,-6.40340158648777,3.06393148735858,TRUE,TRUE
Young_3_TGACTCCTCCTGCGAA-1,Young,FAP1,0.206090497331149,1.09861228866811,-6.84450933642674,2.32527031735278,TRUE,TRUE
Young_2_GCTCAACCAATTTAGC-1,Young,FAP1,0.206142441314208,0,-5.62730571933079,2.48085071877338,TRUE,TRUE
Young_5_TTTGACCGTATTGAGT-1,Young,FAP1,0.206261626668516,0,-5.81356451220799,4.43741466835834,TRUE,TRUE
Young_1_GGTCATTAGTCATTAG-1,Young,FAP1,0.206847172584798,0.693147180559945,-7.66457483477879,5.20623304680682,TRUE,TRUE
Young_2_GTTCGCGCATCCTGAA-1,Young,FAP1,0.207012158748799,1.79175946922806,-7.05678198046971,4.41906597451068,TRUE,TRUE
Young_3_GTGTGTTAGACAAACG-1,Young,FAP1,0.20704066804007,0,-6.6269805163889,2.48119809464313,TRUE,TRUE
Young_1_GTCAATATCATCCTAT-1,Young,FAP1,0.207049135624656,0,-5.63375398822117,4.68491413430072,TRUE,TRUE
Young_2_CCAAATCAGTCATGCG-1,Young,FAP1,0.207061694002634,0.693147180559945,-6.23584625430393,5.86360313729144,TRUE,TRUE
Young_1_AATATCCCACGTGCTG-1,Young,FAP1,0.207093005925965,1.09861228866811,-8.40690347857762,4.52734377220966,TRUE,TRUE
Young_1_ACTCACCTCATTGTTC-1,Young,FAP3,0.207093028792461,0.693147180559945,-8.43077871508885,4.48890974358417,FALSE,TRUE
Young_1_AGAACCAAGGTCCTAG-1,Young,FAP1,0.207093051658958,0,-8.3561155528574,4.71876337365009,TRUE,TRUE
Young_1_ATCGCTTGTTGCATCT-1,Young,FAP1,0.207093074525454,0,-8.44724580951023,4.57938339547015,TRUE,TRUE
Young_1_ATTGTCCGTTAGCGTA-1,Young,FAP1,0.20709309739195,0,-8.53908559985447,4.66125633553363,TRUE,TRUE
Young_1_CACCAACCACGAATTT-1,Young,FAP1,0.207093120258446,0.693147180559945,-8.47683450885105,4.92155411080219,TRUE,TRUE
Young_1_CATAGTCAGCGCATTG-1,Young,FAP1,0.207093143124943,0.693147180559945,-8.38657114215183,4.94084408120013,TRUE,TRUE
Young_1_CGAGGAAGTCACACCC-1,Young,FAP1,0.207093165991439,1.79175946922806,-8.23700258441258,4.69448044136859,TRUE,TRUE
Young_1_GAAAGGCTCCCGAACA-1,Young,FAP2,0.207093188857935,0,-8.62346574969578,4.87131597832538,FALSE,TRUE
Young_1_GAAGGCTAGGTTTGAC-1,Young,FAP1,0.207093211724431,0,-8.3456289500742,4.88721802071429,TRUE,TRUE
Young_1_GAAGTAAGTAAGCTTG-1,Young,FAP1,0.207093234590928,0,-8.46632311053562,4.78415109948016,TRUE,TRUE
Young_1_GACCTCAAGGCGCTTA-1,Young,FAP3,0.207093257457424,0.693147180559945,-8.55991384692478,4.71859171227313,FALSE,TRUE
Young_1_GAGTTACTCAACAAGG-1,Young,FAP2,0.20709328032392,0,-8.37781736560154,4.80793430641986,FALSE,TRUE
Young_1_GCCTTGCGTTGGTTGA-1,Young,FAP2,0.207093303190416,0.693147180559945,-8.60841581530857,4.87686016396381,FALSE,TRUE
Young_1_GGAGCGATCCTACCTA-1,Young,FAP1,0.207093326056913,0.693147180559945,-8.27502939410496,4.89671232537128,TRUE,TRUE
Young_1_GGCTTAAGTTACAACG-1,Young,FAP1,0.207093348923409,0,-8.50541708178806,4.72244741753436,TRUE,TRUE
Young_1_GGTGTTGTCACGTTAA-1,Young,FAP1,0.207093371789905,0.693147180559945,-8.47728750415135,4.80737211541034,TRUE,TRUE
Young_1_GTCTTGCTCCTCAGCT-1,Young,FAP2,0.207093394656401,0,-8.57929537005711,4.93833830193378,FALSE,TRUE
Young_1_TATTAGGTCCAGGGAG-1,Young,FAP1,0.207093417522898,0,-8.62789556689549,4.60939171151019,TRUE,TRUE
Young_1_TATTTGCTCATGCTCC-1,Young,FAP1,0.207093440389394,0,-8.22986051745701,4.82285740212299,TRUE,TRUE
Young_1_TATTTGCTCTTAGGGT-1,Young,FAP2,0.20709346325589,0,-8.63115617938328,4.75852444008685,FALSE,TRUE
Young_1_TCGCCCATCTTGTCTG-1,Young,FAP1,0.207093486122386,0.693147180559945,-8.43944379992771,4.96441271141864,TRUE,TRUE
Young_1_TTGTTGCGTACAAAGA-1,Young,FAP3,0.207093508988883,0,-8.33577463336277,4.45207025841571,FALSE,TRUE
Young_2_AAAGGAGCAATTATGC-1,Young,FAP1,0.207093531855379,0.693147180559945,-8.31109258837986,4.54802753762103,TRUE,TRUE
Young_2_AGAAACCCAAGGTACG-1,Young,FAP1,0.207093554721875,0.693147180559945,-8.49354383654881,4.98127891854144,TRUE,TRUE
Young_2_CATAGTCAGATGGAGC-1,Young,FAP2,0.207093577588371,1.79175946922806,-8.43878767199803,5.03247167900897,FALSE,TRUE
Young_2_CCAAACCCAAGACTCC-1,Young,FAP2,0.207093600454868,0.693147180559945,-8.5719415874033,4.57594158486224,FALSE,TRUE
Young_2_GAACCGCTCCTCATCA-1,Young,FAP2,0.207093623321364,1.09861228866811,-8.29543707080174,4.75982048348285,FALSE,TRUE
Young_2_GCACCTAAGGACTAAG-1,Young,FAP1,0.20709364618786,0.693147180559945,-8.22195169635105,4.68313362435199,TRUE,TRUE
Young_2_GGCGATACACAGGGAC-1,Young,FAP1,0.207093669054356,1.09861228866811,-8.15307829089451,4.74887039498187,TRUE,TRUE
Young_2_GGTTATATCCGGTTAG-1,Young,FAP2,0.207093691920853,0,-8.45744917102146,4.74196579293109,FALSE,TRUE
Young_2_GTTCGCTTCCTCATCA-1,Young,FAP1,0.207093714787349,0.693147180559945,-8.35819742389012,4.8421831353078,TRUE,TRUE
Young_2_TGATCAGGTGGAGCAA-1,Young,FAP1,0.207093737653845,0,-8.60503694720554,4.87378694847919,TRUE,TRUE
Young_2_TTCCCACAGCAACATC-1,Young,FAP1,0.207093760520341,1.09861228866811,-8.50703165240574,4.86497499779559,TRUE,TRUE
Young_3_AATTGCTCATCCGTAA-1,Young,FAP1,0.207093783386838,0,-8.57397958941746,4.72797968224384,TRUE,TRUE
Young_3_ATTACCGCAAGATTCT-1,Young,FAP1,0.207093806253334,0.693147180559945,-8.21734735675144,4.65255501107074,TRUE,TRUE
Young_3_CCAACCAAGCTCAAAC-1,Young,FAP1,0.20709382911983,0,-8.09791586108494,4.65075733498431,TRUE,TRUE
Young_3_CGCTCCATCGAAGCGG-1,Young,FAP2,0.207093851986326,0,-8.38635465808201,4.82989122704364,FALSE,TRUE
Young_3_CGTGCTGCATCCCTCA-1,Young,FAP3,0.207093874852823,0.693147180559945,-8.16613981433201,4.62747385338641,FALSE,TRUE
Young_3_GCCAGGTTCGTAACGT-1,Young,FAP1,0.207093897719319,1.09861228866811,-8.30109617419529,4.74349930123187,TRUE,TRUE
Young_3_GCTTTACGTTTAAAGC-1,Young,FAP1,0.207093920585815,1.09861228866811,-8.27757665820408,4.63297226265765,TRUE,TRUE
Young_3_TAAGCCAGTCAACAAT-1,Young,FAP1,0.207093943452311,0.693147180559945,-8.36650583453465,4.51848842934467,TRUE,TRUE
Young_3_TCATACTTCAGCACCA-1,Young,FAP1,0.207093966318808,1.94591014905531,-8.24478265948582,4.72078373268939,TRUE,TRUE
Young_3_TCCCGTTAGTTTCCTG-1,Young,FAP1,0.207093989185304,1.6094379124341,-8.54832002826023,4.6990437729726,TRUE,TRUE
Young_3_TCCTGGTTCAAACCGT-1,Young,FAP2,0.2070940120518,0,-8.29973241992283,4.57673694924213,FALSE,TRUE
Young_3_TGATGATGTTACGCAA-1,Young,FAP2,0.207094034918296,0,-8.4658043117075,4.89593937233783,FALSE,TRUE
Young_3_TGGTTGAGTTATCGAG-1,Young,FAP2,0.207094057784793,0,-8.62352964587498,4.72280647591449,FALSE,TRUE
Young_3_TGTTGGCCAATAGCAA-1,Young,FAP1,0.207094080651289,1.09861228866811,-8.31226274676609,4.60387232140399,TRUE,TRUE
Young_5_AAGTCTATCGATTCTT-1,Young,FAP3,0.207094103517785,0.693147180559945,-8.35149309344578,4.53565552071429,FALSE,TRUE
Young_5_CAAACATGTTAAGGCC-1,Young,FAP1,0.207094126384281,0,-8.49848482318211,4.87826444939471,TRUE,TRUE
Young_5_GGTAAACCATCAGCAC-1,Young,FAP3,0.207094149250778,1.09861228866811,-8.32284948535252,4.63734962776996,FALSE,TRUE
Young_5_TACATCAAGGAGGCAT-1,Young,FAP1,0.207094172117274,1.09861228866811,-8.10346529193211,4.5715475304494,TRUE,TRUE
Young_2_CACCTGTTCCTAGTTT-1,Young,FAP1,0.207129710921135,1.09861228866811,-7.90563604541111,2.50973083809711,TRUE,TRUE
Young_4_GATTAGTGTAATCGTG-1,Young,FAP3,0.20759182293249,1.09861228866811,-8.76687833972263,2.62776043251849,FALSE,TRUE
Young_1_CCCTGTTAGGCCAATT-1,Young,FAP1,0.207678780666834,0,-6.89369222827244,5.96475794152118,TRUE,TRUE
Young_1_AGCTACGTCTCAATAG-1,Young,FAP1,0.207722855438742,0,-5.81173631854344,4.73302080468036,TRUE,TRUE
Young_3_TTAGCAATCCATTACT-1,Young,FAP1,0.20799646019469,0,-6.66886493869114,2.88208272293903,TRUE,TRUE
Young_2_TGGCTATAGCCTGGTA-1,Young,FAP1,0.208322847048476,0,-5.61610004611302,4.67889311150409,TRUE,TRUE
Young_3_CTTTAGTTCAGCATTA-1,Young,FAP1,0.208791676813221,0.693147180559945,-7.62016222186375,5.13397648171283,TRUE,TRUE
Young_1_TGATTAGTCTGGTCCT-1,Young,FAP1,0.209000123987825,0,-7.21113607592869,2.30819465950824,TRUE,TRUE
Young_1_GGTCAATTCTGGCTTC-1,Young,FAP1,0.209049941002158,0.693147180559945,-7.27726671405125,6.4454226715932,TRUE,TRUE
Young_3_CAACTAATCATTGTTC-1,Young,FAP1,0.209054527877525,0,-6.89593813128758,5.35368873909808,TRUE,TRUE
Young_1_GAGTGTTTCCACCTTA-1,Young,FAP3,0.209395925284075,0,-8.95952913470554,4.07074954346515,FALSE,TRUE
Young_1_ACCCGTAAGGACGTAA-1,Young,FAP1,0.209455658843186,0,-7.01776334948826,4.35482551888324,TRUE,TRUE
Young_2_CAAATCATCGGTACGC-1,Young,FAP1,0.209468955842182,1.38629436111989,-6.87139055438328,5.30457308129169,TRUE,TRUE
Young_1_ACTTGTAAGACACTTA-1,Young,FAP1,0.209735990530786,0,-6.82735798068333,2.40613152817584,TRUE,TRUE
Young_2_GTACGTAGTAGCCTAA-1,Young,FAP1,0.209782691991631,0,-7.39912578769016,3.4023592694173,TRUE,TRUE
Young_2_AACATCATCATAACGC-1,Young,FAP1,0.210713571787162,1.09861228866811,-6.10985395617771,5.69859936074115,TRUE,TRUE
Young_3_GGCTGAGAGAACCTAC-1,Young,FAP1,0.210936923195991,1.09861228866811,-5.44527504153538,2.56824638680316,TRUE,TRUE
Young_2_GCCTTTATCAAATCGC-1,Young,FAP1,0.211053265293069,0,-6.91510555453587,2.09096779660083,TRUE,TRUE
Young_1_CATAGACTCACCATTT-1,Young,FAP3,0.211234605813786,0,-8.54046079821873,3.4365582688222,FALSE,TRUE
Young_5_ATGCTTAAGGAACCAA-1,Young,FAP1,0.211287747873392,0.693147180559945,-7.23034879870701,1.73013939694263,TRUE,TRUE
Young_5_GAAAGCCAGACTAAGG-1,Young,FAP1,0.211363043502342,0.693147180559945,-6.83518240161228,4.04023148850299,TRUE,TRUE
Young_3_ATGCTTAAGGAACGGT-1,Young,FAP1,0.211600588748191,0.693147180559945,-7.86771032519627,5.36511375740863,TRUE,TRUE
Young_1_CTCTCACAGACTCGCA-1,Young,FAP1,0.211779298243258,0,-6.25787183947849,3.08944918946124,TRUE,TRUE
Young_1_TACGGTTAGTAACCCG-1,Young,FAP1,0.211853725626264,0,-7.97742960162449,4.04513194397784,TRUE,TRUE
Young_2_CTAGCGGGTCCTAGTT-1,Young,FAP1,0.211859645821268,0,-8.66163370318699,1.68405964211322,TRUE,TRUE
Young_1_GGCATTGTCTAGCTTT-1,Young,FAP1,0.211862529216723,0.693147180559945,-6.83957407183933,2.31202401951648,TRUE,TRUE
Young_5_CCTGCTCCAGGGAGCT-1,Young,FAP1,0.212099985572805,1.09861228866811,-8.14479181475926,1.85810973481036,TRUE,TRUE
Young_1_AGTCAATGTACGCGCA-1,Young,FAP1,0.212735074829054,0,-6.57435724444676,3.05007865265704,TRUE,TRUE
Young_3_ACAGGATCATAATCGT-1,Young,FAP1,0.212899145811205,0.693147180559945,-6.96764394946385,2.08506550625659,TRUE,TRUE
Young_1_TGAAGGATCCCATAGG-1,Young,FAP1,0.212920866136714,0,-6.9523594111948,1.46515371636249,TRUE,TRUE
Young_3_ATGGTCTAGTTGCCTC-1,Young,FAP1,0.213259688711415,0,-6.19357225604344,5.81419422463275,TRUE,TRUE
Young_1_GGATACTTCCGGTATG-1,Young,FAP1,0.213379242471023,0,-7.01802847094822,3.54003574684955,TRUE,TRUE
Young_5_TCCATGCTCTGTTGCC-1,Young,FAP1,0.213467995364351,0,-5.8916814059763,4.59614279106952,TRUE,TRUE
Young_3_TTAGCAATCGGTTTCC-1,Young,FAP1,0.213517544419209,0.693147180559945,-6.63503238864231,2.81523277596332,TRUE,TRUE
Young_5_TGCTTGTGTTCACTGT-1,Young,FAP1,0.21372549451029,0,-6.84532758899021,2.46954181031085,TRUE,TRUE
Young_2_AAGCATGAGCATTAGC-1,Young,FAP1,0.21410730379964,0,-6.82675573535252,2.37616588906146,TRUE,TRUE
Young_1_GTATGTTCATGAATCT-1,Young,FAP3,0.214438217153128,0.693147180559945,-8.39069101519871,3.39322521523334,FALSE,TRUE
Young_1_TTGTGTGCATGAATCT-1,Young,FAP1,0.214465887698089,0,-5.3092257709055,2.63372733429767,TRUE,TRUE
Young_1_CATGCGGGTGATGATT-1,Young,FAP3,0.214542581699745,0,-8.62741205401707,3.3263094647298,FALSE,TRUE
Young_4_TACTGAGGTTACTAGG-1,Young,FAP1,0.214551361060528,0,-8.22887441821385,1.92413654164172,TRUE,TRUE
Young_5_CGTGCTGCAAACCTAT-1,Young,FAP1,0.215299109752735,1.09861228866811,-6.78045150943089,5.83198883370258,TRUE,TRUE
Young_4_CAAACCGTCGCTAGAT-1,Young,FAP1,0.215327284665813,0,-8.12084886737156,1.84282555416919,TRUE,TRUE
Young_5_ATATGGTGTGTTAAAC-1,Young,FAP1,0.215534240507884,0,-5.96734592623997,3.57021834687091,TRUE,TRUE
Young_2_CCAGTTTGTTTGAGCA-1,Young,FAP1,0.215550720062729,0,-5.45908376879978,2.54683329895831,TRUE,TRUE
Young_3_GCCTTAACAGGTTACC-1,Young,FAP1,0.21584402940038,0,-6.1710102290659,5.78695776299335,TRUE,TRUE
Young_5_CCAGCCTGTGTTGTAG-1,Young,FAP1,0.215912970201783,0,-6.56846496768284,2.6676659806142,TRUE,TRUE
Young_3_CCTTAACGTCATTGAG-1,Young,FAP1,0.216019736225816,0,-7.99275228686619,1.26777877644397,TRUE,TRUE
Young_2_AGGATCCGTTAAGCTG-1,Young,FAP1,0.216160435523394,0.693147180559945,-9.02760908313084,1.70137312249042,TRUE,TRUE
Young_2_GCCAACATCCACCCTG-1,Young,FAP1,0.216273287857276,0,-7.8241913051157,5.32588293389178,TRUE,TRUE
Young_3_TAGCGGCTCCTAAATG-1,Young,FAP1,0.216683167787829,0,-6.6415912837534,3.04607941941119,TRUE,TRUE
Young_5_TTTCGTCCAGTTTGGC-1,Young,FAP1,0.216888689871183,0.693147180559945,-7.81933042712498,4.59886982277728,TRUE,TRUE
Young_1_GAGGCAAGTGGAGCAA-1,Young,FAP1,0.216922393273122,0,-6.2994110316782,5.96086361245013,TRUE,TRUE
Young_3_ATCTATGAGTGAGGTA-1,Young,FAP1,0.216959062477348,0.693147180559945,-6.20870802111912,5.8389716370473,TRUE,TRUE
Young_3_ACAACAACAACACTTG-1,Young,FAP1,0.216960040980381,0.693147180559945,-8.40335581012058,2.05875017479755,TRUE,TRUE
Young_1_AGCGCTCAGGAACGCG-1,Young,FAP3,0.217768740642579,0.693147180559945,-8.79740736193943,3.37514808014728,FALSE,TRUE
Young_5_TCAAGGAAGTTCCCAC-1,Young,FAP1,0.217941957968157,0.693147180559945,-8.12106153674412,1.43875744179584,TRUE,TRUE
Young_3_GCAAACAAGTACTGGT-1,Young,FAP1,0.218031886271354,0,-7.2393786639719,2.35504438713885,TRUE,TRUE
Young_5_GGTAACCGTAATCGGC-1,Young,FAP1,0.218090176685452,1.09861228866811,-8.33695432849217,2.00935497120715,TRUE,TRUE
Young_5_ACAAACTGTTACTTCA-1,Young,FAP1,0.218426882279918,0,-6.81933901019383,2.38992502526141,TRUE,TRUE
Young_5_TTAAGGTGTTTGAGCA-1,Young,FAP1,0.2186666053663,0,-7.41858026690769,3.6353435738454,TRUE,TRUE
Young_1_GTACGTAGTGGACCTG-1,Young,FAP1,0.218866442265242,0,-7.25467989154148,6.42838480309345,TRUE,TRUE
Young_5_ACCACACCATCGTTCT-1,Young,FAP1,0.219189911077993,0.693147180559945,-6.9412362308054,2.08019234970905,TRUE,TRUE
Young_5_CTTAGGAGTGGGTGAA-1,Young,FAP1,0.219715098943664,0.693147180559945,-6.18200943179417,4.82322552040912,TRUE,TRUE
Young_3_AGGAAACGTGATTTGG-1,Young,FAP1,0.219745975553805,0,-6.683371278718,4.6842560990224,TRUE,TRUE
Young_5_CTGGACCAGCATTAGC-1,Young,FAP1,0.219789074901297,0.693147180559945,-7.144402238801,2.13737108544208,TRUE,TRUE
Young_2_AGTGCACGTTACATCC-1,Young,FAP1,0.219843158500185,0.693147180559945,-6.71244260974217,2.46621491745807,TRUE,TRUE
Young_1_TGTGGAGCAAATTGCT-1,Young,FAP1,0.220077165548267,0,-5.98125669665623,4.67902805641986,TRUE,TRUE
Young_3_AGTAACGAGGATTTGC-1,Young,FAP1,0.220491525263283,0.693147180559945,-6.79034778781224,1.31720658377505,TRUE,TRUE
Young_5_CTCCAAACAATTTGGT-1,Young,FAP1,0.220582189951636,0,-6.99981567569065,1.54225506619312,TRUE,TRUE
Young_2_CAGGGTGAGCCACAAT-1,Young,FAP1,0.220987230209577,0,-6.80885336108494,5.16222765282489,TRUE,TRUE
Young_2_ACCTGGATCACAGCGC-1,Young,FAP1,0.221106091733759,1.38629436111989,-8.61653921313572,4.16900851563312,TRUE,TRUE
Young_5_AGCTTGGTCACTTCAT-1,Young,FAP1,0.221117112695407,0,-6.80173227496433,4.65890934304095,TRUE,TRUE
Young_5_CCATTGTGTCAAGTAT-1,Young,FAP1,0.221161009916611,0.693147180559945,-5.94251844592381,3.45432426766254,TRUE,TRUE
Young_1_ACCTGGATCGGCTATG-1,Young,FAP3,0.22142431441798,0,-8.74214670367527,3.36324479416705,FALSE,TRUE
Young_3_GCGAAGCCAATAATGG-1,Young,FAP1,0.221461177019045,0,-5.9986469478159,4.69276859597064,TRUE,TRUE
Young_2_ACCCGGTAGGAAACTG-1,Young,FAP1,0.221511969720209,0,-6.58160803027439,5.59069540337421,TRUE,TRUE
Young_1_GGTTGCATCAAGACTC-1,Young,FAP3,0.221956577047472,0.693147180559945,-8.83653471179295,3.50781872109271,FALSE,TRUE
Young_2_GTTGGCCAGCGGATAA-1,Young,FAP1,0.222098747810025,1.09861228866811,-8.63739225573826,4.25804855660297,TRUE,TRUE
Young_5_AGAAACTAGCCTAACG-1,Young,FAP1,0.222601447872314,0,-5.51482078738499,2.49477197960712,TRUE,TRUE
Young_2_GCCACAATCGATTTGA-1,Young,FAP1,0.222657185213444,0.693147180559945,-6.01110574908543,4.70279314354755,TRUE,TRUE
Young_1_CCTCCTGAGCTTATGA-1,Young,FAP3,0.222838040965033,0.693147180559945,-8.64717600055027,3.3386762364278,FALSE,TRUE
Young_3_TCCATGCTCATCACTT-1,Young,FAP1,0.223410384424794,0,-6.55487558551121,2.46604182556964,TRUE,TRUE
Young_5_GCACTAAGTGTGCAAC-1,Young,FAP1,0.22364499694681,0.693147180559945,-6.52144691653538,3.06956174210406,TRUE,TRUE
Young_4_CAGTATGGTTGCGCGA-1,Young,FAP1,0.22368474499517,0.693147180559945,-6.85861370272923,2.08143999413348,TRUE,TRUE
Young_5_GCAAGTGCATTGTGGC-1,Young,FAP1,0.223817253203897,1.09861228866811,-8.12656614489842,0.894310138977539,TRUE,TRUE
Young_1_CTTAAGATCTTGCATT-1,Young,FAP1,0.223823069116314,0.693147180559945,-5.89540836520481,2.27864553765155,TRUE,TRUE
Young_5_TTGCTCTCACAGGGAC-1,Young,FAP1,0.223881984900449,0,-6.53243562884617,2.46605446175433,TRUE,TRUE
Young_1_TCTAAGGGTTCGCGCT-1,Young,FAP1,0.223944956702815,0,-8.70725080676365,2.55735757187701,TRUE,TRUE
Young_2_GTGCCTTTCCTAGTTT-1,Young,FAP1,0.224382259796147,0.693147180559945,-6.76026317782688,5.8171119912038,TRUE,TRUE
Young_5_GCAATCTAGTGAGCGG-1,Young,FAP1,0.224900065250552,0,-7.87609502978611,5.3543148262868,TRUE,TRUE
Young_1_GTGTTACAGCGATAAG-1,Young,FAP3,0.224953336704423,0,-8.62469312854099,3.33436372116901,FALSE,TRUE
Young_5_GCAGGAAGTTTGGGTA-1,Young,FAP1,0.225416352434578,0,-6.76347610659886,2.08661713436938,TRUE,TRUE
Young_5_CCTTCAGGTAACCAGC-1,Young,FAP1,0.225684380124818,0,-6.6702606410532,2.09324123696185,TRUE,TRUE
Young_5_ATCGGCCAGAGAGGAG-1,Young,FAP1,0.225740463114228,1.6094379124341,-6.77898380465794,2.08511473969318,TRUE,TRUE
Young_5_GTGAACAAGGTATTGC-1,Young,FAP2,0.225884868505975,0,-8.53473684497166,2.29325666264392,FALSE,TRUE
Young_1_TAGACCAGTGAATCGC-1,Young,FAP1,0.226319904725189,0.693147180559945,-6.94276354022312,4.83498480156757,TRUE,TRUE
Young_2_ATTGAAGCATCTTGAG-1,Young,FAP1,0.226609571889547,0.693147180559945,-6.35473034091282,6.04683163002826,TRUE,TRUE
Young_2_TGAACAGAGCTTGCTC-1,Young,FAP1,0.226613066789351,0,-7.01743576236058,4.79357578591205,TRUE,TRUE
Young_3_TCTCACCAGTCACTCC-1,Young,FAP3,0.226647187685392,1.09861228866811,-7.3283850879221,3.39907195404864,FALSE,TRUE
Young_1_CTTGCGCGTTGTGACA-1,Young,FAP2,0.227037640532357,0.693147180559945,-8.98831007190037,4.13827946022845,FALSE,TRUE
Young_5_GATCGAGCATCCAGGT-1,Young,FAP1,0.22764113645351,0,-6.8876793117075,1.87504317597247,TRUE,TRUE
Young_5_TAGGCTTAGGATTTGC-1,Young,FAP1,0.228111712051746,0.693147180559945,-6.66315242953587,2.45884325341083,TRUE,TRUE
Young_3_GGTATTTCAGCTTAAT-1,Young,FAP1,0.228238855195532,0,-7.02035877414036,3.52798225716449,TRUE,TRUE
Young_5_ATTCCTCCAACCTGGT-1,Young,FAP1,0.228727668391676,0.693147180559945,-6.14669820971775,2.12877645329333,TRUE,TRUE
Young_2_TTAACCAAGTGTTGTA-1,Young,FAP3,0.2287842152018,1.09861228866811,-7.84129068560887,4.69344141320087,FALSE,TRUE
Young_2_GTCGAAGCAATGCCCG-1,Young,FAP1,0.229328301221318,0,-7.15119287677098,3.55965521172382,TRUE,TRUE
Young_2_CATTGTGCATCATGGC-1,Young,FAP1,0.229556374585196,0,-6.18651840396214,5.82422592476703,TRUE,TRUE
Young_2_TCATACTTCACGTTAA-1,Young,FAP1,0.230039401662203,0.693147180559945,-7.13781091876316,1.66532232598163,TRUE,TRUE
Young_1_GACACCGGTAAGCTCA-1,Young,FAP1,0.23049741246025,0,-7.99740049548435,4.06037976578571,TRUE,TRUE
Young_3_GCTTAAATCTGGCTTC-1,Young,FAP1,0.230546906198314,1.38629436111989,-7.04103061862278,4.03903677300311,TRUE,TRUE
Young_3_CTGGACCAGGCTGTGC-1,Young,FAP1,0.230566558090179,1.09861228866811,-6.8083131045847,2.366172812737,TRUE,TRUE
Young_4_TCAGGTCCAGCATGTC-1,Young,FAP1,0.230670728564742,0.693147180559945,-7.07635280795384,1.60145416096545,TRUE,TRUE
Young_1_AACCTTGCATGTTGGC-1,Young,FAP1,0.23130274546586,0.693147180559945,-6.04753563113499,5.17940618828632,TRUE,TRUE
Young_5_CCACAGGGTGTTAGCA-1,Young,FAP1,0.2318659383823,0,-6.05155679889012,5.20721723870136,TRUE,TRUE
Young_5_GGTACTTAGGTCAAAG-1,Young,FAP1,0.232060950481688,0.693147180559945,-6.84436247058201,1.83518102005817,TRUE,TRUE
Young_5_AGCTTGGTCGAGCTAT-1,Young,FAP1,0.232443717397877,1.09861228866811,-5.81260606952,4.38751699761249,TRUE,TRUE
Young_1_AGTGAACCAGGTCCTG-1,Young,FAP1,0.232775626142597,1.38629436111989,-6.84596750445652,5.21605493859149,TRUE,TRUE
Young_1_GTGTTCCTCCTTAAGA-1,Young,FAP1,0.232880452890432,0.693147180559945,-6.29505655474949,5.97411873177386,TRUE,TRUE
Young_3_CGTTATCGTTAATCGG-1,Young,FAP1,0.233168831616095,1.6094379124341,-7.76920816607762,3.70531203583575,TRUE,TRUE
Young_1_CCGATGCAGGAGCACG-1,Young,FAP1,0.233307781399736,0,-6.52079651065159,2.45666816071368,TRUE,TRUE
Young_3_CGCTTGCGTGCTGTAA-1,Young,FAP1,0.233362160496422,0.693147180559945,-8.11212179370213,0.792844109095108,TRUE,TRUE
Young_3_CGAATCTAGTATTGGC-1,Young,FAP1,0.23465209198077,1.09861228866811,-6.71532842822361,5.77267649010516,TRUE,TRUE
Young_3_GGCTTCAAGATTGAGG-1,Young,FAP1,0.234859271442762,0,-6.8104669780283,2.31929185227252,TRUE,TRUE
Young_3_TCCTGTTCAATTGAAG-1,Young,FAP1,0.234946089709144,0.693147180559945,-5.52917215533543,5.65176775292255,TRUE,TRUE
Young_2_TTTGCATTCGCACACA-1,Young,FAP1,0.235357704582432,0,-6.55594513125706,3.07879926995135,TRUE,TRUE
Young_3_GTCTAGCCAAACCTAT-1,Young,FAP1,0.235434339638128,0.693147180559945,-6.59804222293186,2.77221777275897,TRUE,TRUE
Young_4_CGATTCCTCCGGGACT-1,Young,FAP1,0.23549221382028,0.693147180559945,-8.07597372241306,1.35677900151111,TRUE,TRUE
Young_2_TCCGCCATCGTCATTT-1,Young,FAP1,0.235771937397783,1.09861228866811,-5.99419710345555,4.70219805077411,TRUE,TRUE
Young_5_ATGAGCCGTGCACGCA-1,Young,FAP1,0.235805775912474,0.693147180559945,-6.588888856843,4.61365701989032,TRUE,TRUE
Young_1_GTTTAGCAGAGCCGCT-1,Young,FAP1,0.236160754496274,0,-6.94878456301975,5.41334726647235,TRUE,TRUE
Young_3_TAGCTTAAGAATGACG-1,Young,FAP1,0.236258091372738,0.693147180559945,-6.92033741183567,4.74326422051288,TRUE,TRUE
Young_1_CGCTGTGCACTTACAG-1,Young,FAP2,0.236260959257395,0,-9.49256059832859,4.84880735710956,FALSE,TRUE
Young_5_GCTAACCCAACGTGCT-1,Young,FAP1,0.23659496287444,0,-5.94811985202122,4.67811252907611,TRUE,TRUE
Young_5_CGATTATCAATGAGGT-1,Young,FAP1,0.236855306786732,0.693147180559945,-8.11443540759373,0.899777613438141,TRUE,TRUE
Young_1_AGCTTGGTCGTTACTT-1,Young,FAP1,0.237035203103043,0.693147180559945,-7.05936453051853,4.46765138939716,TRUE,TRUE
Young_2_GTCTATGCAGAAATTG-1,Young,FAP1,0.237073845000999,0,-8.18200418658543,1.49807824925281,TRUE,TRUE
Young_3_GTGGATGCATGAGCAG-1,Young,FAP1,0.237088806076929,0.693147180559945,-5.55294439502049,5.66456749276019,TRUE,TRUE
Young_1_CGGGTCTAGTAGGATG-1,Young,FAP1,0.237378975545118,0,-5.50012180514622,5.6318149788747,TRUE,TRUE
Young_2_TGCTTAAAGCAGGTTT-1,Young,FAP1,0.237497902992415,0,-6.12245151706028,5.74760773018695,TRUE,TRUE
Young_5_TGAGGTGCAAAGCGGC-1,Young,FAP1,0.237712038469174,0,-6.03409597583103,5.1315160019765,TRUE,TRUE
Young_1_GCAAGTCGTTCCATTA-1,Young,FAP1,0.238136076276088,0,-7.47183868594456,6.72156193093158,TRUE,TRUE
Young_5_CGATGTCCAGGACCAA-1,Young,FAP1,0.238179672585608,0,-6.86099168963719,4.77561809853412,TRUE,TRUE
Young_1_CTTTAGGCAGCAAGGC-1,Young,FAP1,0.238243438062269,0,-6.07085582919407,5.67913820580341,TRUE,TRUE
Young_3_TGTGCAAGTCATTAGG-1,Young,FAP3,0.238570233345009,0.693147180559945,-8.60831186480808,3.34141948059894,FALSE,TRUE
Young_5_ATCCACCTCAAATCGC-1,Young,FAP1,0.238794849586641,0,-6.64994070239353,3.07078125313617,TRUE,TRUE
Young_3_CTGGCTAAGCTTGCTC-1,Young,FAP1,0.238955399567608,0,-6.22333309359837,3.23173763588763,TRUE,TRUE
Young_5_TGCTTCCAGGACGTAA-1,Young,FAP1,0.238975442059752,0.693147180559945,-6.90144369311619,1.90059985951282,TRUE,TRUE
Young_5_AAACGGATCTCCTCAA-1,Young,FAP1,0.23921426588614,0.693147180559945,-6.77271768756199,2.44506742791034,TRUE,TRUE
Young_5_GCTCCTTAGCGAAGTA-1,Young,FAP1,0.239285672705824,1.09861228866811,-6.65923282809544,3.65790178612567,TRUE,TRUE
Young_5_CCATTATTCATGTGGT-1,Young,FAP3,0.239546373302455,0.693147180559945,-8.64660188861179,3.35263063744403,FALSE,TRUE
Young_3_GTTACTAAGTCTATGA-1,Young,FAP1,0.239925765580624,1.09861228866811,-7.74344179339695,4.65363933876849,TRUE,TRUE
Young_5_GTCATGCCAGGCTTGT-1,Young,FAP1,0.240013087511236,0,-6.79270050235081,2.39240290955402,TRUE,TRUE
Young_5_GGCTGAGAGCTCAATA-1,Young,FAP1,0.240097007719252,1.09861228866811,-6.39977047152806,3.10430028275348,TRUE,TRUE
Young_2_CTAGTAGGTTGCACAA-1,Young,FAP1,0.240110909126768,0,-7.42644426532078,4.12272670105792,TRUE,TRUE
Young_1_GCCTTTATCCCTCAGT-1,Young,FAP1,0.240505561953404,1.09861228866811,-6.84336969561863,2.06430234745837,TRUE,TRUE
Young_3_CGCTCAGCACTCAACA-1,Young,FAP1,0.241198290918425,1.09861228866811,-7.78296110339451,3.89928653076984,TRUE,TRUE
Young_3_GATTCAATCCAAGTGT-1,Young,FAP1,0.241416551881794,0,-6.81767246432591,4.74675896004535,TRUE,TRUE
Young_3_ACCCGCTGTTCCATTA-1,Young,FAP1,0.24173230157441,0,-6.81702873416233,2.06492414311267,TRUE,TRUE
Young_5_ACGGTTAGTTCGCGCT-1,Young,FAP1,0.242531706465806,0,-5.83267328448582,4.41325809792377,TRUE,TRUE
Young_3_CTCAATAAGTAAGGGC-1,Young,FAP1,0.243183315346652,0.693147180559945,-7.29834530062962,2.4410817845235,TRUE,TRUE
Young_2_AGCAATTGTGGTTCCC-1,Young,FAP1,0.2433017691733,0,-5.9582187861948,3.65923240021564,TRUE,TRUE
Young_3_CGTTTCTCAAGTAAGC-1,Young,FAP1,0.243537160814007,0.693147180559945,-5.95383188433933,3.63486792878009,TRUE,TRUE
Young_2_ATGTTCAAGGACACTT-1,Young,FAP1,0.243594995865401,0.693147180559945,-6.33526251025486,6.04099943474628,TRUE,TRUE
Young_5_CGCAATCCACAGCCAT-1,Young,FAP1,0.244567458781281,0,-6.01974651522923,5.08045055703021,TRUE,TRUE
Young_1_GTGATGAAGTGAGCAA-1,Young,FAP1,0.244596886043941,0,-6.79591533847141,2.33652617768146,TRUE,TRUE
Young_1_ATCCACCTCGTGCTTC-1,Young,FAP1,0.244630155176046,1.38629436111989,-6.72453043170262,4.68789436653949,TRUE,TRUE
Young_2_GCAAGTCGTATCTGGA-1,Young,FAP1,0.244843344141754,0.693147180559945,-5.57863399691868,5.67375757531024,TRUE,TRUE
Young_4_TATCCGGAGTCATTTC-1,Young,FAP1,0.245026700851674,0,-7.98243829913426,1.2189999444852,TRUE,TRUE
Young_5_AGGGCCTTCATGCTTT-1,Young,FAP1,0.245717231475346,0,-6.69665596194554,4.61651041344501,TRUE,TRUE
Young_5_CAAAGCGCACAGGGAC-1,Young,FAP1,0.24620022577359,0,-5.93300649829197,4.62732651070453,TRUE,TRUE
Young_1_GGCGTTATCTTAAGTG-1,Young,FAP3,0.24628705974897,0,-8.70695898242283,3.45212199524738,FALSE,TRUE
Young_3_GGCTCAATCACATTGA-1,Young,FAP3,0.246442666388795,0,-8.72019979663181,3.45558240250446,FALSE,TRUE
Young_2_TTGGCTTGTTCCATTA-1,Young,FAP3,0.24649508684608,0,-8.43895361132908,3.37924530342914,FALSE,TRUE
Young_2_CTCTATGTCTAAGTCA-1,Young,FAP2,0.246644663504614,0.693147180559945,-9.09557745166111,1.73328091935016,FALSE,TRUE
Young_3_GGTTACCCATAGCTGC-1,Young,FAP1,0.246756838106387,0.693147180559945,-6.88845607943821,4.73298122719623,TRUE,TRUE
Young_3_GCGATTTAGTTCCCGT-1,Young,FAP1,0.246800780158291,0.693147180559945,-6.68132278628636,4.66000940636493,TRUE,TRUE
Young_5_GACCTTTGTTTGAGGC-1,Young,FAP1,0.246840338684718,0,-6.5790331096201,2.75038339928485,TRUE,TRUE
Young_5_GCTGTAAGTGGGAACA-1,Young,FAP1,0.247057350721532,1.09861228866811,-7.3695809573679,3.59899594620563,TRUE,TRUE
Young_3_ATCCATAAGACTTATG-1,Young,FAP1,0.247255603107933,1.09861228866811,-6.79239198870945,2.06075312928058,TRUE,TRUE
Young_5_TGAAGCAAGCACTTGG-1,Young,FAP1,0.247579740696539,0.693147180559945,-8.0981113643198,0.78397744134761,TRUE,TRUE
Young_5_TTAAGCCAGGAAGTAT-1,Young,FAP1,0.247684069679632,1.6094379124341,-7.26553079791355,4.07791473702289,TRUE,TRUE
Young_2_TGCGCGAGTGAAGCCT-1,Young,FAP1,0.248054929961532,1.09861228866811,-8.41357919879246,1.33054896429874,TRUE,TRUE
Young_3_CGGATTAGTTAAGTGT-1,Young,FAP1,0.248269969826514,0,-7.20240757174778,2.21500828102924,TRUE,TRUE
Young_5_TAGGTGCGTTATAGCG-1,Young,FAP1,0.248276116371067,0.693147180559945,-5.972433778718,3.76756360367633,TRUE,TRUE
Young_3_TCACGGATCCAGGTCA-1,Young,FAP1,0.248345159538828,0.693147180559945,-6.7119996280222,2.43706562355853,TRUE,TRUE
Young_1_GCTCAACCACCTAAGC-1,Young,FAP1,0.248386890661417,0,-6.05822155185032,5.67429973915912,TRUE,TRUE
Young_5_TGTAAGCTCTCACTAT-1,Young,FAP1,0.248544135328039,0,-6.17386600680638,5.82995369271136,TRUE,TRUE
Young_1_CACCAACCATTGGGAG-1,Young,FAP1,0.248898672764496,0.693147180559945,-6.28169414706516,5.97533609703876,TRUE,TRUE
Young_5_ATGTGAGAGCCTCTGT-1,Young,FAP1,0.248986602400183,0.693147180559945,-6.03556272692967,4.74364139870502,TRUE,TRUE
Young_2_TTGCATTTCGAGGAGT-1,Young,FAP1,0.249230444779629,1.09861228866811,-7.08059904284764,4.52247669533588,TRUE,TRUE
Young_1_TATGGTCAGTGAGCGG-1,Young,FAP3,0.249230781048929,0.693147180559945,-8.65737077899265,3.43618442849017,FALSE,TRUE
Young_4_TCTAAGGGTTTGAGGC-1,Young,FAP1,0.249253095403542,0,-8.10086366839695,0.866367243088257,TRUE,TRUE
Young_2_CGGGCTTAGCCTGGTA-1,Young,FAP1,0.249258277873802,1.09861228866811,-6.85797760196018,5.21262504891254,TRUE,TRUE
Young_2_ATTACCCGTCATTAGG-1,Young,FAP1,0.249387032792601,1.79175946922806,-6.60706112094212,3.61692049340106,TRUE,TRUE
Young_5_ATTCCGGAGTTTAACG-1,Young,FAP1,0.249599545446715,0.693147180559945,-6.68423387713719,2.06623115376331,TRUE,TRUE
Young_1_ACCAAACTCATGAGCT-1,Young,FAP1,0.249729515106851,0.693147180559945,-6.51304218478489,2.07878985241748,TRUE,TRUE
Young_5_CCTTGCGTCTAAGTGC-1,Young,FAP1,0.25028527968343,1.6094379124341,-6.12004062838841,4.88510896996356,TRUE,TRUE
Young_2_CGGAGCAAGCGATACT-1,Young,FAP1,0.250698070566862,0,-8.90173647113133,1.73023023442126,TRUE,TRUE
Young_2_CTCATGACAAGTGTTT-1,Young,FAP3,0.250707696716969,0,-8.0483295650034,4.18167497948505,FALSE,TRUE
Young_2_GACTCACCATAATCCG-1,Young,FAP3,0.250749126507341,0.693147180559945,-8.53062650866795,3.33063103989459,FALSE,TRUE
Young_5_AGAATCGAGACAAAGT-1,Young,FAP3,0.250767008843609,0,-8.47177145190525,3.38454010323383,FALSE,TRUE
Young_3_GAACCAGCAATTGACT-1,Young,FAP1,0.250957840409622,0.693147180559945,-6.00451776690769,5.02144577339984,TRUE,TRUE
Young_3_AGGAACGGTTTGGCGG-1,Young,FAP1,0.25129307148018,0.693147180559945,-6.01310655780125,4.72951176003314,TRUE,TRUE
Young_5_CTGCAATAGTAGAGGC-1,Young,FAP1,0.251510558929529,0.693147180559945,-6.48049471087742,3.10727598503925,TRUE,TRUE
Young_1_AAAGCCCGTGGATTCA-1,Young,FAP1,0.251621267415781,0,-6.03437349505711,4.7451110108266,TRUE,TRUE
Young_5_GGAGCAAGTGCAATGC-1,Young,FAP1,0.251680663776338,0,-8.58522913165379,1.71980168656207,TRUE,TRUE
Young_3_ATTGAAGCAATTAACC-1,Young,FAP1,0.251900481970183,1.09861228866811,-5.59957334704685,5.68061973885394,TRUE,TRUE
Young_5_GCTATTGCAGTCTATG-1,Young,FAP1,0.252097948246514,1.09861228866811,-7.93743822284031,1.1497296316991,TRUE,TRUE
Young_3_AATAACCGTGATGAAA-1,Young,FAP1,0.252446860977521,1.79175946922806,-6.718292447999,5.79663469628192,TRUE,TRUE
Young_2_ACGAATCTCAGGGCCT-1,Young,FAP1,0.252586760188248,0,-6.83188507266331,5.9386768563161,TRUE,TRUE
Young_2_GGTTATATCCGGCTAA-1,Young,FAP1,0.252591481595954,0,-6.53953239627171,2.67101766899921,TRUE,TRUE
Young_1_GATTCAGGTTGAATCG-1,Young,FAP1,0.252964503617217,0,-5.98668596453953,4.78674509362079,TRUE,TRUE
Young_3_TTATCCGTCCTGTTCA-1,Young,FAP1,0.253051201098904,0,-8.09352132983494,0.795762412107956,TRUE,TRUE
Young_2_CGCAATGTCAAAGGCA-1,Young,FAP1,0.253120386774996,0,-6.85728857226658,5.97101452187396,TRUE,TRUE
Young_5_AGCTAACTCGTGCCTT-1,Young,FAP1,0.253334911952424,0.693147180559945,-6.00343820758152,4.79847767189838,TRUE,TRUE
Young_2_TAACCGGTCTAAGTGC-1,Young,FAP1,0.253802844280875,0,-6.11494276233006,4.87833406761981,TRUE,TRUE
Young_5_ACTTGAATCGCAAACT-1,Young,FAP1,0.253856507162131,0.693147180559945,-6.17942688174534,2.09905686215259,TRUE,TRUE
Young_1_TGAGCACGTTACGCGG-1,Young,FAP3,0.253871084529366,0.693147180559945,-8.62850210376072,2.47546770409442,FALSE,TRUE
Young_3_GTCCAAGTCGGTCAGC-1,Young,FAP3,0.254142800732756,0.693147180559945,-7.74325105853367,3.64259745911456,FALSE,TRUE
Young_3_ACCTAAGGTACGCGCA-1,Young,FAP1,0.254200715081563,0.693147180559945,-6.09589883990574,5.7319126351247,TRUE,TRUE
Young_5_CCCTCAGTCCAATAGC-1,Young,FAP1,0.254392922985036,0.693147180559945,-7.80482313342381,4.64851667717792,TRUE,TRUE
Young_2_CACTAGCCACTTACAG-1,Young,FAP1,0.254418302274228,1.38629436111989,-7.27157518573094,6.48995687798358,TRUE,TRUE
Young_5_AAAGGACGTTGTGACA-1,Young,FAP1,0.254461189688194,0.693147180559945,-6.69150993533421,5.76547481850482,TRUE,TRUE
Young_3_GAGCTGCTCTCAATTC-1,Young,FAP1,0.254750687146218,0,-7.3137366504221,2.45417835549213,TRUE,TRUE
Young_2_TATAACCCAGGCAAGC-1,Young,FAP1,0.255074336429483,0,-7.79191324420262,4.7600412590871,TRUE,TRUE
Young_1_AGCCAGTGTCCTTCTC-1,Young,FAP1,0.255731560508562,0,-8.0941412181406,0.85591205195285,TRUE,TRUE
Young_5_ATGAAGTAGGCTGTGC-1,Young,FAP1,0.25608294576182,0.693147180559945,-7.80989000506687,4.66773035363055,TRUE,TRUE
Young_1_CGGAGTCTCTAAATCG-1,Young,FAP1,0.256642533267081,0,-8.84667322345066,1.73399629429675,TRUE,TRUE
Young_5_ATTCCTCCAAACGCGA-1,Young,FAP1,0.256927230625373,0.693147180559945,-6.46274778552342,2.50377967194415,TRUE,TRUE
Young_1_ATGGCTGTCTCCTCTT-1,Young,FAP3,0.257394351594432,0.693147180559945,-8.7577440471201,3.39785244301654,FALSE,TRUE
Young_5_AAACGGATCCAGCACA-1,Young,FAP1,0.257405817124828,0,-5.95865604586888,3.73401572541095,TRUE,TRUE
Young_2_GAGTTGCGTTCCGGCT-1,Young,FAP3,0.257436792312817,0,-8.4920551509409,2.26928629711963,FALSE,TRUE
Young_1_CTCAATAAGTGAAGTG-1,Young,FAP1,0.257785998662755,0,-6.88864109225559,6.01548626259662,TRUE,TRUE
Young_1_GTGGCTTCAACTGGCT-1,Young,FAP1,0.258586130447942,0,-7.03305694766331,6.19677975014545,TRUE,TRUE
Young_1_TCAGGAGCATGACTAT-1,Young,FAP3,0.258628442712182,0.693147180559945,-8.62606165118504,3.3631735070119,FALSE,TRUE
Young_1_TGTCATAAGATGCCTG-1,Young,FAP3,0.258769156914994,0,-8.65174410052586,4.44511844948627,FALSE,TRUE
Young_2_CCTGACTTCTAATCTC-1,Young,FAP1,0.259141712610395,0.693147180559945,-6.7005340785532,3.0880224926839,TRUE,TRUE
Young_5_TTAGCAATCTTAGCGG-1,Young,FAP1,0.259400355694305,0,-6.66744301028538,2.05683245495654,TRUE,TRUE
Young_3_TCAGCCTTCACATTGA-1,Young,FAP3,0.259489390223904,0.693147180559945,-8.57925245471287,3.40633013085223,FALSE,TRUE
Young_3_ACGCTTGAGTCATTGA-1,Young,FAP1,0.259508154513921,0,-6.61628172107029,3.63593389824725,TRUE,TRUE
Young_2_GGCAATCGTTACCGGG-1,Young,FAP1,0.259601013812902,0,-5.80804416842747,4.32791068390704,TRUE,TRUE
Young_5_CTAGCTGAGATAAAGC-1,Young,FAP1,0.260188390758171,0,-7.45979330249119,6.73161890343524,TRUE,TRUE
Young_2_AAGAATCAGGGCCACT-1,Young,FAP3,0.26050741409707,0,-8.59290716357517,3.35576655701495,FALSE,TRUE
Young_3_TATCGAGGTAATCACG-1,Young,FAP3,0.261198402496358,0,-8.55531427569676,4.05790998772479,FALSE,TRUE
Young_2_CAGGTCCAGTTTGGGT-1,Young,FAP1,0.261892600520281,1.09861228866811,-7.79480383105564,4.63732006386615,TRUE,TRUE
Young_3_TGTCAGTAGTAGGATG-1,Young,FAP1,0.262174659274124,0,-6.16220638461399,4.90496780709125,TRUE,TRUE
Young_2_GGATGGCCAAGACTCC-1,Young,FAP3,0.262493785690429,0,-8.73598596759129,3.44630958870746,FALSE,TRUE
Young_3_CATGCGCAGCACTAGT-1,Young,FAP3,0.262759425995843,0,-8.50653574176121,3.38384296730853,FALSE,TRUE
Young_3_ACCTTCCAGGATTGAG-1,Young,FAP1,0.263476023763174,0,-7.99710199542332,1.21663876608707,TRUE,TRUE
Young_1_GTTGCCCGTTGCGGAT-1,Young,FAP2,0.263814670492374,0,-8.76169798083592,3.45216896370746,FALSE,TRUE
Young_2_TCTCACCAGAGGATAT-1,Young,FAP3,0.264089775868974,1.09861228866811,-8.55561086840916,4.06923343972064,FALSE,TRUE
Young_5_GTGGCTTCATCGCTTT-1,Young,FAP1,0.264137119862515,0,-6.68756124682713,2.42144872979022,TRUE,TRUE
Young_2_AGCAATTGTATTGAGT-1,Young,FAP1,0.264284393022678,0,-7.96931764788914,1.17814346388675,TRUE,TRUE
Young_1_ACCTGGATCGGTCATG-1,Young,FAP1,0.264298768358048,0,-6.93141338534641,5.33276464775897,TRUE,TRUE
Young_3_AAGACAAGTTTATTCG-1,Young,FAP1,0.265341685440262,1.09861228866811,-8.45440408892918,2.22160770729877,TRUE,TRUE
Young_5_CGGTTTGAGCCAGTAT-1,Young,FAP2,0.265665176733789,0,-8.6640464992075,4.5197053177724,FALSE,TRUE
Young_5_CAATGTGGTTATAGCG-1,Young,FAP2,0.266050961708001,0.693147180559945,-8.90776083178806,1.74528601006366,FALSE,TRUE
Young_3_TCCTCAATCCACCTTA-1,Young,FAP1,0.266235617364963,1.09861228866811,-7.8493377894907,4.80989029244281,TRUE,TRUE
Young_1_CAGGCTATCTTAGTGA-1,Young,FAP1,0.266311265286983,0,-8.37231371112156,1.20734824971057,TRUE,TRUE
Young_1_CGATCCTTCCTCATGC-1,Young,FAP3,0.266657936447263,0,-8.61176702685642,3.40909650162555,FALSE,TRUE
Young_2_AATCTTGAGCAAGGGT-1,Young,FAP3,0.266874314003176,0,-8.71138879962254,3.43593790367938,FALSE,TRUE
Young_3_GTAAGCAAGTTAGCTA-1,Young,FAP1,0.267054124917018,0,-5.90681144900608,3.48124363259174,TRUE,TRUE
Young_3_TGTAAAGCAGCAGGTA-1,Young,FAP1,0.267125590215141,0,-6.3671714992075,3.13997056321002,TRUE,TRUE
Young_2_ACGGTTTAGGCCTAAT-1,Young,FAP1,0.267677345533714,0.693147180559945,-6.44060632891941,3.13121988610126,TRUE,TRUE
Young_5_GATGACTTCCTCGATC-1,Young,FAP1,0.268053241928426,0.693147180559945,-6.60352680392552,2.84652283028461,TRUE,TRUE
Young_1_GTTTACCGTGACATGC-1,Young,FAP3,0.26819234068028,0,-8.68504926867771,3.42767979935504,FALSE,TRUE
Young_2_AACGCTAGTGTGAGGA-1,Young,FAP1,0.268216085341906,0,-6.76905414767552,2.4154777748952,TRUE,TRUE
Young_3_ACCAGGGAGAACCTGT-1,Young,FAP1,0.268275967531968,0,-6.79530784793186,5.05767586068011,TRUE,TRUE
Young_3_ACTAAAGCAACAGGTG-1,Young,FAP2,0.268744993205532,1.09861228866811,-9.51347276873875,4.83680536583759,FALSE,TRUE
Young_1_TGTGCAAGTCTATCGT-1,Young,FAP3,0.268976041326126,0,-8.49916383929539,3.37659337357379,FALSE,TRUE
Young_1_ACATCAATCAGCTAAC-1,Young,FAP3,0.269075181259185,0.693147180559945,-8.71945593066502,3.39733054474689,FALSE,TRUE
Young_3_GCATTAGGTGGGAACA-1,Young,FAP1,0.269212432945999,1.38629436111989,-6.2282612056284,5.92782881096698,TRUE,TRUE
Young_5_ACCCGCTGTCTAGCTT-1,Young,FAP1,0.269406784843825,0.693147180559945,-7.22129413790989,3.40874435738422,TRUE,TRUE
Young_2_TTGCCCGTCACATTGA-1,Young,FAP1,0.26963848972646,0,-6.77124283023167,2.41397430733539,TRUE,TRUE
Young_5_CATGCGGGTTAAGGTT-1,Young,FAP1,0.269678240765392,0,-6.72725889392185,3.09688355759479,TRUE,TRUE
Young_1_TCATCCATCCTAATTC-1,Young,FAP3,0.269721014321101,0,-8.78839513964939,3.45442321137286,FALSE,TRUE
Young_3_TAATTGCCAGAAACGT-1,Young,FAP1,0.269950574313213,0,-6.36132785983372,6.10759975746967,TRUE,TRUE
Young_3_CGCTAACCATTTAAGC-1,Young,FAP1,0.270206589423521,0.693147180559945,-5.98921129412937,5.03184225396014,TRUE,TRUE
Young_5_TACCTCATCGGTAACT-1,Young,FAP1,0.270208007937347,0,-7.8519708842783,4.82752277687885,TRUE,TRUE
Young_3_TTGACTAAGGCATGTT-1,Young,FAP3,0.270684800356992,0,-8.53479025073338,3.34859611824847,FALSE,TRUE
Young_5_TAGGAGTCAAACGGGC-1,Young,FAP1,0.270706933533968,0,-6.92248127169895,3.46748688057758,TRUE,TRUE
Young_3_ATCCACCTCGTTATAG-1,Young,FAP1,0.270891965376403,0,-6.73749897189427,2.41343643502093,TRUE,TRUE
Young_5_GAGTCAAAGGCTTAAC-1,Young,FAP1,0.271984342049919,0,-6.31615850634861,2.06922533348895,TRUE,TRUE
Young_1_TATGAAGCAATGCCTA-1,Young,FAP3,0.272061585953829,0,-8.64972612567234,3.38093712166644,FALSE,TRUE
Young_1_ATCATCAAGCTCGCTT-1,Young,FAP1,0.272249944342724,0,-6.98680278964329,6.15455963448383,TRUE,TRUE
Young_5_ACCTAAGGTGGATGTC-1,Young,FAP1,0.272410402603019,1.09861228866811,-6.3970935077219,3.14230205849506,TRUE,TRUE
Young_2_CGGTTGGGTCGTAATG-1,Young,FAP1,0.272646828112433,0,-6.07272550769139,4.83130838707782,TRUE,TRUE
Young_2_AAAGCACCAAACCCTA-1,Young,FAP1,0.272673211580755,0.693147180559945,-8.35763094134617,1.1637545450101,TRUE,TRUE
Young_5_ACGAACAAGGACCAGG-1,Young,FAP1,0.27328400396516,0.693147180559945,-6.64450237460423,5.72818615273334,TRUE,TRUE
Young_1_ACTCACCTCTAATCAG-1,Young,FAP1,0.273342948025907,0.693147180559945,-6.13611576266575,5.80889990166522,TRUE,TRUE
Young_3_ACTCACTGTTCCATTA-1,Young,FAP1,0.273449433648465,1.38629436111989,-6.09343502230931,5.75164987877704,TRUE,TRUE
Young_2_TATGAAGCAGGATGGC-1,Young,FAP1,0.273687489443498,0,-6.70862791247654,3.10393931702472,TRUE,TRUE
Young_1_TGCAATATCGAAGTAG-1,Young,FAP1,0.2738426519664,0,-7.21773073382664,6.44481327370502,TRUE,TRUE
Young_3_AATCATGTCTCCATGC-1,Young,FAP3,0.274102666700352,0,-8.67329523272801,3.38905432061053,FALSE,TRUE
Young_2_ACGCCTAAGCGAAGTA-1,Young,FAP1,0.274227268331754,0,-8.08568498797703,1.02958484724857,TRUE,TRUE
Young_1_CATAATGTCAGGAAGC-1,Young,FAP1,0.274660773548379,0,-5.94353649325657,3.73426081971027,TRUE,TRUE
Young_1_GATTAGCTCTAACTGA-1,Young,FAP1,0.274803295464177,0.693147180559945,-7.82401964373875,4.80655672386981,TRUE,TRUE
Young_5_GAAGTAAGTATTGTCC-1,Young,FAP1,0.275828529002406,0.693147180559945,-7.19879457660008,3.53197982148029,TRUE,TRUE
Young_1_ACCAATATCAACAAGG-1,Young,FAP1,0.276065539048711,0,-7.01907083697605,6.19920732811786,TRUE,TRUE
Young_3_GAGATAAGTGGGTGAA-1,Young,FAP1,0.276067516069153,0,-8.3921901912241,1.23307754830218,TRUE,TRUE
Young_1_GTGCTTCTCCTCCATA-1,Young,FAP3,0.276087098963887,0,-8.63149282641697,3.40648462609149,FALSE,TRUE
Young_1_ATCACTAAGGATCCGC-1,Young,FAP1,0.276112029921241,0,-6.75593826480198,2.03211738900043,TRUE,TRUE
Young_3_GTCGGTTCAACCTAAT-1,Young,FAP1,0.276814079184549,0,-6.71411201663304,3.10688164070941,TRUE,TRUE
Young_2_GTTAAGTGTCAATAGT-1,Young,FAP1,0.277218254292958,0,-5.43397686190891,5.55711033181049,TRUE,TRUE
Young_3_CCCAAACCACAATGCC-1,Young,FAP1,0.278146813488296,1.79175946922806,-6.18063137240696,5.87449648217059,TRUE,TRUE
Young_3_CGAGGCAAGCATGAAG-1,Young,FAP3,0.279339652516381,0.693147180559945,-8.55569765277195,3.36157657936908,FALSE,TRUE
Young_3_TACAAGCTCCTGTTCA-1,Young,FAP3,0.279486029668422,0,-8.56257650561619,3.36356618241168,FALSE,TRUE
Young_5_CCCGTTGTCTCCTCTT-1,Young,FAP1,0.279642895479741,0,-6.55877992816258,2.40842678383685,TRUE,TRUE
Young_3_CAAGTGAAGTGCACGC-1,Young,FAP1,0.280026688839353,1.09861228866811,-8.93207189746189,1.7596681340108,TRUE,TRUE
Young_5_CAAACTGGTAAAGCAA-1,Young,FAP1,0.280987702589196,0,-6.69510910220433,3.73417618111468,TRUE,TRUE
Young_2_ACACCTTGTGTTCCCA-1,Young,FAP1,0.281042817206667,0.693147180559945,-6.90692445941258,4.26728799179889,TRUE,TRUE
Young_3_TGCGGTTCACTATGGC-1,Young,FAP1,0.281148578100557,0,-5.85331794925022,4.38819744423724,TRUE,TRUE
Young_1_ACCAATATCTAATTGG-1,Young,FAP1,0.281596040697416,0,-5.47504350848484,5.5786447747121,TRUE,TRUE
Young_5_AATTGGACACATTAAC-1,Young,FAP1,0.281598291002625,0,-5.93732282824803,3.73357417420245,TRUE,TRUE
Young_5_TAGTACGGTGCATTAG-1,Young,FAP1,0.281984571200824,0,-6.03386518664646,4.77154829338886,TRUE,TRUE
Young_3_CGTACGGGTAGCCATA-1,Young,FAP1,0.282552698011378,0,-6.15433189578343,4.85877086953021,TRUE,TRUE
Young_1_GGCCTTCGTTCCGCAC-1,Young,FAP3,0.282712388170423,0,-8.5375816554575,2.37331750229694,FALSE,TRUE
Young_4_CGGACAACATCTTGAG-1,Young,FAP3,0.282849232698378,0,-8.55486700244236,3.36431505516864,FALSE,TRUE
Young_3_CAATGAACAGATTCAT-1,Young,FAP1,0.282871235637915,0.693147180559945,-6.50313350863743,3.14092900589801,TRUE,TRUE
Young_3_GTCATCACAATAGCCC-1,Young,FAP1,0.282926951958191,0.693147180559945,-6.34195444293308,3.39109065369464,TRUE,TRUE
Young_2_TTGGCTACAAACCTAT-1,Young,FAP3,0.283031223310239,0,-8.58255312152195,4.24599840477802,FALSE,TRUE
Young_4_GGTCCGTAGCAAGGAC-1,Young,FAP3,0.283275729884201,0,-8.60839101977635,3.37919452027179,FALSE,TRUE
Young_1_GTACTGGTCTTGACCC-1,Young,FAP2,0.28345359247828,0.693147180559945,-9.57594988055515,4.93339731530048,FALSE,TRUE
Young_1_CCAGCCTGTTGAGCCG-1,Young,FAP1,0.284170680288396,0.693147180559945,-5.92340776629734,3.6656420452962,TRUE,TRUE
Young_2_CCTTGCGTCGACCTGA-1,Young,FAP1,0.284200475179734,0,-7.3710605830698,6.64812042549945,TRUE,TRUE
Young_1_TCCTTAGTCCCTCAAC-1,Young,FAP3,0.284265591697908,0,-8.54345438189793,3.37569596604205,FALSE,TRUE
Young_1_CCGGTTAAGGAGTCTT-1,Young,FAP3,0.284852879907863,0.693147180559945,-8.69774744220066,3.40476586655475,FALSE,TRUE
Young_1_CCTTCAGGTTCGCGCT-1,Young,FAP3,0.285232215463805,0.693147180559945,-8.97165414996433,3.49103619889117,FALSE,TRUE
Young_1_TCAAGTATCGGTTACG-1,Young,FAP1,0.285309770355468,0,-6.08739492602635,4.81301834420062,TRUE,TRUE
Young_3_AGAGGAACATTGTGAT-1,Young,FAP1,0.285736708146003,0,-7.99672624774266,1.1893870456586,TRUE,TRUE
Young_3_ATCGCTTGTCCCGGAA-1,Young,FAP1,0.285877688534764,0,-7.4759418696909,6.7810316307912,TRUE,TRUE
Young_3_GAACTTATCACGTTAA-1,Young,FAP3,0.286177303527089,0.693147180559945,-7.98025057025242,2.49030949906207,FALSE,TRUE
Young_4_TTAGGCCCAGAAATTG-1,Young,FAP1,0.286721496648014,0,-8.21113893695164,1.47777893380023,TRUE,TRUE
Young_5_CGCTGTGCATTAGCGC-1,Young,FAP1,0.286780299260286,0.693147180559945,-6.5108892650156,2.67031576470233,TRUE,TRUE
Young_2_GGTTTCTGTTCACCCA-1,Young,FAP3,0.287129863620401,0.693147180559945,-8.97538110919285,3.8128178341756,FALSE,TRUE
Young_3_TGAGGCACAGCAACCT-1,Young,FAP1,0.287320498294449,0,-6.69175741381932,3.73716237381793,TRUE,TRUE
Young_5_TATTAGGTCACGTTAA-1,Young,FAP1,0.287352046086936,0,-6.7064196795969,3.9108140690694,TRUE,TRUE
Young_4_CTTGCATGTTTCCGGC-1,Young,FAP1,0.287359291557971,0,-8.6083070964365,4.36680795983173,TRUE,TRUE
Young_1_TCATTTGGTCCCGAAG-1,Young,FAP1,0.287464572387966,0,-6.33724949069309,6.09620239571429,TRUE,TRUE
Young_2_TGAGGGAGTAATAACC-1,Young,FAP1,0.287526885247784,0,-6.07566568560887,5.74461891487933,TRUE,TRUE
Young_2_TCCGCCATCCAATAGC-1,Young,FAP1,0.288355320761268,0,-5.99418470568943,5.16108419731952,TRUE,TRUE
Young_3_TCAAGAACAAGCTAAA-1,Young,FAP2,0.288410302010586,0,-9.57799741931248,4.92936518029071,FALSE,TRUE
Young_3_GCCATTACATTGTGAT-1,Young,FAP1,0.288554835562218,0,-9.027862760499,1.77135457829333,TRUE,TRUE
Young_1_GCATGAAAGTTGGCCA-1,Young,FAP3,0.288778670941441,0,-8.6319248408823,3.39022567108966,FALSE,TRUE
Young_3_AGAACCAAGGAGTCTT-1,Young,FAP3,0.288786088663969,0,-8.69629881091404,3.41334011391498,FALSE,TRUE
Young_5_ATTGCGCCATGGCCTG-1,Young,FAP1,0.288848079565255,0,-6.59582588382054,5.68510343865253,TRUE,TRUE
Young_5_GATTCATCATCCAGGT-1,Young,FAP1,0.28902717156042,0,-6.06480428881932,4.80003740624286,TRUE,TRUE
Young_1_GTCTATCGTGAGCGAA-1,Young,FAP2,0.289305384000618,0,-9.03526327319431,4.1031477673421,FALSE,TRUE
Young_1_GTTCCTTCAGTAAGTA-1,Young,FAP3,0.289950194002813,0,-8.78833028979588,3.43732216194965,FALSE,TRUE
Young_5_GTTCCTTCACTTAACG-1,Young,FAP1,0.289968510451328,0,-6.60583851046849,2.39682485894061,TRUE,TRUE
Young_3_GTCTAACAGAAACTGG-1,Young,FAP3,0.290084052094046,0.693147180559945,-7.88337156482029,2.42355301216937,FALSE,TRUE
Young_1_TTAAGTGTCAATACGC-1,Young,FAP3,0.290450297838972,0,-8.64962122149754,2.55681850746967,FALSE,TRUE
Young_5_AACGGTAAGCCTGTTC-1,Young,FAP1,0.290461815988034,1.38629436111989,-6.04474661059666,4.7868647797475,TRUE,TRUE
Young_3_TGGACAAAGGGTTAGA-1,Young,FAP1,0.291408254904935,0,-7.98473570056248,2.48872830704547,TRUE,TRUE
Young_3_CGTTAACAGTTCCTGC-1,Young,FAP1,0.291696592185703,0,-6.57767030902195,3.63003494576312,TRUE,TRUE
Young_5_AATTAGCGTTGTCCAT-1,Young,FAP1,0.292160642392463,1.09861228866811,-5.92158815570164,5.17297508553363,TRUE,TRUE
Young_3_CGGTGAGAGAACAAGT-1,Young,FAP1,0.292326974231417,0,-5.94098112292576,4.56068041161395,TRUE,TRUE
Young_2_TAGCTTGCAATAGCCC-1,Young,FAP1,0.292539925489873,0,-6.71302816577244,2.3918292744527,TRUE,TRUE
Young_1_GTTACAGGTATTTGGG-1,Young,FAP1,0.292758415424839,0,-7.41401025958348,6.71150829628803,TRUE,TRUE
Young_5_GTAGTTTCAATAGCAA-1,Young,FAP1,0.293017716202703,1.09861228866811,-7.39142057605076,3.56536056832172,TRUE,TRUE
Young_3_ATGGTCTAGGTACCGC-1,Young,FAP1,0.293102492015563,1.38629436111989,-7.72947714038182,3.8430216534505,TRUE,TRUE
Young_5_CATATCGCAAGGAATC-1,Young,FAP1,0.29329782488586,0,-5.9049699039011,5.23058798149921,TRUE,TRUE
Young_3_TTCGTGCTCGCTAGCA-1,Young,FAP1,0.29374208889715,1.38629436111989,-5.98329946704197,5.12335970238544,TRUE,TRUE
Young_2_ATCTTTGGTCCTTCAG-1,Young,FAP1,0.29409150079813,0,-6.56098243899632,3.61609985665179,TRUE,TRUE
Young_2_ATTACGTCATGTGGGA-1,Young,FAP1,0.295119144400083,0.693147180559945,-7.09443828769016,4.61393310860492,TRUE,TRUE
Young_2_ACTTACAAGGATTGCT-1,Young,FAP1,0.295325425568078,0.693147180559945,-7.3893768519907,3.4726615174184,TRUE,TRUE
Young_3_TATAACCCATTATGCG-1,Young,FAP1,0.295835816862925,0,-8.1588499278574,1.39620997742511,TRUE,TRUE
Young_1_AGTTACTCACTAGCGT-1,Young,FAP2,0.296095318855276,0.693147180559945,-9.5059482783823,4.77832844094135,FALSE,TRUE
Young_3_ATTTAGGTCGGTTTCC-1,Young,FAP1,0.296752436106967,1.09861228866811,-7.01158210940647,4.47229626015521,TRUE,TRUE
Young_5_TGCTCAACACTTACAG-1,Young,FAP1,0.296854286163486,0.693147180559945,-6.76406070895481,5.90435077980853,TRUE,TRUE
Young_1_TACTCAAAGGACACTT-1,Young,FAP1,0.297900641284178,0,-6.5787660808115,5.67409946755267,TRUE,TRUE
Young_3_CCGTTATGTTCCTCCT-1,Young,FAP1,0.298008881643563,0,-6.33101198382664,6.10044338539935,TRUE,TRUE
Young_1_GAGGCCTTCAGGAAGC-1,Young,FAP3,0.298256786777067,0,-8.53267309375096,4.09453489617206,FALSE,TRUE
Young_2_CAAGTGAAGCACAGCC-1,Young,FAP1,0.298273094204521,0,-6.27493021197605,3.34078457192279,TRUE,TRUE
Young_2_ATGGCCCAGGTCATTA-1,Young,FAP1,0.298786826411614,0,-5.98129675097752,5.13844873741962,TRUE,TRUE
Young_2_GGTTTCTGTTTGGTTC-1,Young,FAP1,0.299415380159536,0,-5.93176004596043,5.09359075859882,TRUE,TRUE
Young_5_CTGCAATAGTATTGTG-1,Young,FAP1,0.299720583559425,0,-5.87729952044773,4.40706589058734,TRUE,TRUE
Young_3_TTGCGTCTCATAACCA-1,Young,FAP1,0.29982620606999,0,-7.40293571658421,6.70572092369891,TRUE,TRUE
Young_3_GCAATCTAGCGGATAA-1,Young,FAP1,0.29987668004858,1.79175946922806,-7.32643625445652,6.61022665337421,TRUE,TRUE
Young_3_CTGGACCAGGCGCTTA-1,Young,FAP1,0.300039035366395,1.6094379124341,-5.89915821261692,5.21553518608905,TRUE,TRUE
Young_3_TGGCGGTTCAAGACTC-1,Young,FAP1,0.300067314576512,0,-6.52415344424534,2.72578646973468,TRUE,TRUE
Young_1_ATCGGCCAGATAACCC-1,Young,FAP1,0.300476342007845,0,-6.11073896594334,5.80727579430438,TRUE,TRUE
Young_3_GCTTTATTCAGGAACA-1,Young,FAP1,0.300673013610419,1.09861228866811,-7.11950466342259,4.66566517189838,TRUE,TRUE
Young_5_TTGCAAGGTAAAGCAA-1,Young,FAP1,0.300717592585069,0.693147180559945,-5.97496769137669,5.10998585060931,TRUE,TRUE
Young_2_CATCACACAATAGCCC-1,Young,FAP1,0.302541542944574,0.693147180559945,-7.18508217044163,3.42789389923907,TRUE,TRUE
Young_3_GAGCATGCAGCTTAAT-1,Young,FAP1,0.303095384762765,1.94591014905531,-6.09024975009251,5.78286745385028,TRUE,TRUE
Young_3_CCGCAAGGTTGGATAT-1,Young,FAP1,0.303161508415457,0,-8.05102464862156,0.895001970089447,TRUE,TRUE
Young_5_GTAAGCGCACTTAACG-1,Young,FAP1,0.303531211818402,0.693147180559945,-5.8824097842722,5.26058056191303,TRUE,TRUE
Young_1_CATCATAAGGGATGAC-1,Young,FAP2,0.303710971698853,0.693147180559945,-8.9659206599741,3.69351389244891,FALSE,TRUE
Young_5_GTCAGGCTCGGGACTC-1,Young,FAP1,0.303743642949422,0.693147180559945,-6.30470773883152,6.07194855049945,TRUE,TRUE
Young_5_GCTATCCTCCTTGTTG-1,Young,FAP1,0.30379944308258,1.38629436111989,-6.71681377597141,2.38022663430072,TRUE,TRUE
Young_3_TTGCATTTCGCTTGCT-1,Young,FAP1,0.304334761276905,0,-6.71311399646092,5.84923078850604,TRUE,TRUE
Young_2_ATCTATGAGAGGCTAA-1,Young,FAP3,0.304376741301341,0.693147180559945,-8.48382589526463,3.91548206642963,FALSE,TRUE
Young_3_GGAAACTCAACTAACT-1,Young,FAP2,0.304694908638846,0,-8.98046514697361,3.76205422715045,FALSE,TRUE
Young_1_CATCACACAGCCGCTA-1,Young,FAP1,0.305273463345974,0,-8.05574819751072,1.02267982796527,TRUE,TRUE
Young_3_AGGCTAAAGGAGTCGG-1,Young,FAP1,0.306222780929672,0,-7.36316606707859,2.46943499878741,TRUE,TRUE
Young_3_GCAATATGTCCTCCAA-1,Young,FAP1,0.30648511048332,1.09861228866811,-6.10552475161839,5.80746128395892,TRUE,TRUE
Young_2_GTTGCATAGGTTAGAG-1,Young,FAP1,0.306623275507865,0,-5.92539283938694,4.50028707817889,TRUE,TRUE
Young_3_CTAACCACAGGATTAA-1,Young,FAP1,0.306985827959414,1.6094379124341,-6.63896724887181,5.75963547066547,TRUE,TRUE
Young_4_ATGATGACAACATAAG-1,Young,FAP1,0.307400359612589,0,-7.28572151370335,2.29242005184985,TRUE,TRUE
Young_5_TCAGTAGGTTAGTGAT-1,Young,FAP1,0.307508363317377,0.693147180559945,-6.57724258609104,3.64524843529559,TRUE,TRUE
Young_4_GTTTAACCAAGGTCCT-1,Young,FAP3,0.30776405501668,0,-8.56062147326756,4.24245240525104,FALSE,TRUE
Young_5_CCTTAACGTCCTAATC-1,Young,FAP1,0.308096730139705,1.09861228866811,-6.33254787631321,6.11458780602313,TRUE,TRUE
Young_4_GGTCAATTCTTTAAGG-1,Young,FAP1,0.308241451716698,1.94591014905531,-6.4946276874094,2.01660778359271,TRUE,TRUE
Young_1_GCACGGTTCGAGGAAC-1,Young,FAP1,0.308452870827927,0,-6.76537201113987,4.0614738686452,TRUE,TRUE
Young_1_CGATTATCAAGACTCC-1,Young,FAP1,0.309427580448042,0,-6.97176620669651,3.38059785202838,TRUE,TRUE
Young_1_CCAGGATGTCACGAAC-1,Young,FAP1,0.310121554026567,1.09861228866811,-7.22657510943699,3.50974466637469,TRUE,TRUE
Young_5_CGCACACAGCAGGTGG-1,Young,FAP1,0.31046247790515,0.693147180559945,-8.04509279437351,0.914385758198272,TRUE,TRUE
Young_1_GGTTTCCTCCGCTAGA-1,Young,FAP1,0.310637008006612,0,-6.90501091189671,0.615994863070022,TRUE,TRUE
Young_2_ACCTCACTCGCATTAA-1,Young,FAP3,0.310784490303573,0.693147180559945,-8.62935087390232,2.55255725220538,FALSE,TRUE
Young_1_GTATTGATCCAACTGG-1,Young,FAP1,0.310972031565008,0,-5.89800712771702,5.15929415062762,TRUE,TRUE
Young_5_CACTGACCACTTCATC-1,Young,FAP2,0.311259559398399,0,-9.47539732165623,4.69513370827533,FALSE,TRUE
Young_1_TAGGCTTAGGATCACT-1,Young,FAP1,0.311609391993057,0,-6.8206102580576,5.99177982643939,TRUE,TRUE
Young_5_AAAGCCGCACCCACAG-1,Young,FAP1,0.311883063537382,0.693147180559945,-6.18720981784153,3.26854374245502,TRUE,TRUE
Young_5_CTCCATCAGGTTTGCG-1,Young,FAP1,0.312329813679532,0.693147180559945,-6.89380571551609,0.591981582201492,TRUE,TRUE
Young_5_GAACACAAGTGAGCAA-1,Young,FAP1,0.312465576482336,0.693147180559945,-6.81324217028904,5.02033569649554,TRUE,TRUE
Young_2_GGTCAAGCAACCCTCC-1,Young,FAP1,0.312480478066742,0,-5.92169496722508,5.05980684594012,TRUE,TRUE
Young_1_GAACCAAAGGGATTAG-1,Young,FAP1,0.312891043655586,0,-6.41171428866673,2.49315407112933,TRUE,TRUE
Young_3_GATAATCGTACTGAAT-1,Young,FAP1,0.313043300502325,0.693147180559945,-6.1529905528574,5.87912466362811,TRUE,TRUE
Young_4_ATGCAAACATTAGGTT-1,Young,FAP2,0.313217014153498,0.693147180559945,-9.0080463618784,3.86314823464252,FALSE,TRUE
Young_3_CCTTCAGGTTACTAGG-1,Young,FAP1,0.313382212223261,1.79175946922806,-6.46299717135716,3.18162205056049,TRUE,TRUE
Young_5_AAATCCGGTCGACTAA-1,Young,FAP1,0.313430696342278,0,-6.63179752536106,2.00079598263599,TRUE,TRUE
Young_4_CAGGAAGGTCGCAATA-1,Young,FAP1,0.313967323622473,0,-8.24230215258885,1.48713292912341,TRUE,TRUE
Young_1_TTTCGTCCAGCCGCTA-1,Young,FAP1,0.314307009924884,0,-6.90133592791844,5.19111873940326,TRUE,TRUE
Young_1_ATGAAGCCATCCTGAA-1,Young,FAP1,0.314600377517614,0,-7.9477379054575,0.870433233536255,TRUE,TRUE
Young_1_CAATCCCTCTAGCTTT-1,Young,FAP1,0.31460040038411,0.693147180559945,-7.98597356982517,0.929313681877624,TRUE,TRUE
Young_1_GCCTTTATCGAGCTAT-1,Young,FAP1,0.314600423250607,0.693147180559945,-8.01935789294529,0.886286876953613,TRUE,TRUE
Young_1_TACTGGCCAGTTTGTG-1,Young,FAP1,0.314600446117103,0,-7.83258077807713,0.987578593052398,TRUE,TRUE
Young_2_ATTAGGTGTCACAGAC-1,Young,FAP1,0.314600468983599,0,-8.01679441638279,0.884940706051361,TRUE,TRUE
Young_2_CTGTAACAGCATGACT-1,Young,FAP1,0.314600491850095,0.693147180559945,-7.69443247027683,0.948103926933777,TRUE,TRUE
Young_2_TGAGGTGCAGCCAGAA-1,Young,FAP1,0.314600514716592,1.09861228866811,-7.95873472399998,0.90312942103244,TRUE,TRUE
Young_3_AGGTCATTCATAAGCC-1,Young,FAP1,0.314600537583088,0,-7.94730684466648,1.0341563446889,TRUE,TRUE
Young_3_ATCCCGCGTGTGAGGA-1,Young,FAP1,0.314600560449584,0,-7.79964754290867,1.03899731472827,TRUE,TRUE
Young_3_CAAGACAAGCCAGTAT-1,Young,FAP1,0.31460058331608,0,-8.03155443377781,0.872755549705993,TRUE,TRUE
Young_3_CAGCCAATCATAATCG-1,Young,FAP1,0.314600606182577,0,-7.81234285540867,0.866570196903717,TRUE,TRUE
Young_3_GAGCATGCAATAACCT-1,Young,FAP1,0.314600629049073,1.38629436111989,-7.92688963122654,1.0249029620061,TRUE,TRUE
Young_3_GCATGAAAGTAAGTGG-1,Young,FAP1,0.314600651915569,0,-7.85039446063328,1.01913513974048,TRUE,TRUE
Young_3_GGATTTATCCCATAAA-1,Young,FAP1,0.314600674782065,1.09861228866811,-7.84446737475682,0.890139721191894,TRUE,TRUE
Young_3_GTATTGATCTGCAAGT-1,Young,FAP1,0.314600697648562,0,-7.77240488238621,0.946032725132476,TRUE,TRUE
Young_4_GGCTTAAGTATTGAGT-1,Young,FAP1,0.314600720515058,0,-7.94116899676609,1.02251084879733,TRUE,TRUE
Young_5_AACAGATAGGCCCAGT-1,Young,FAP1,0.314600743381554,0.693147180559945,-7.76638624377537,0.917280159748565,TRUE,TRUE
Young_5_ACGTCAAGTCCTAATC-1,Young,FAP1,0.31460076624805,0,-7.90143129535008,1.01059522465564,TRUE,TRUE
Young_5_AGCTTGGTCATTAGCA-1,Young,FAP1,0.314600789114547,0.693147180559945,-8.01167318530369,1.06068869665958,TRUE,TRUE
Young_5_CCATAATCAGAGGGAG-1,Young,FAP1,0.314600811981043,0,-7.83451196856785,0.973917923725616,TRUE,TRUE
Young_2_TCGGTTTGTGGATTGC-1,Young,FAP1,0.314724460852347,1.79175946922806,-6.72158119387913,3.15010859803058,TRUE,TRUE
Young_2_TACCTCATCCTCATCA-1,Young,FAP1,0.314878177215264,1.38629436111989,-7.26606342501927,2.2340539915929,TRUE,TRUE
Young_1_GGATGGCCATCCTAGA-1,Young,FAP2,0.314906067083285,0,-8.59798166461277,2.50955226258136,FALSE,TRUE
Young_2_CGGATTAGTTGTTCAC-1,Young,FAP1,0.315653904522396,0,-6.71706173129368,5.86704637841083,TRUE,TRUE
Young_1_CTAGCTTGTCATGAGC-1,Young,FAP1,0.315853487656905,0,-5.93175146289158,5.00240661934711,TRUE,TRUE
Young_5_TATCGCACAGCTAACC-1,Young,FAP1,0.316071787299154,0,-7.38288137622166,3.4886822922597,TRUE,TRUE
Young_1_TCACCTGGTACCGTAA-1,Young,FAP1,0.316846088708033,0,-5.57416364856053,5.60955431298114,TRUE,TRUE
Young_5_GCGCGATTCAGCAAGA-1,Young,FAP1,0.317070919887816,1.09861228866811,-5.87035963244724,5.23179867104388,TRUE,TRUE
Young_1_CAGAACCGTGTTTGAG-1,Young,FAP2,0.317580969745704,0,-9.51026174731541,4.75206997231342,FALSE,TRUE
Young_1_ACAACACTCATAACGC-1,Young,FAP1,0.317823766397297,0,-6.34735510058689,6.17546369866229,TRUE,TRUE
Young_1_AGGATATAGCGATACT-1,Young,FAP1,0.317823789263793,0,-6.22302791781712,6.03312113121845,TRUE,TRUE
Young_2_ATAGCATGTGACCTGG-1,Young,FAP1,0.317823812130289,0,-6.2328622073679,6.03032257393695,TRUE,TRUE
Young_3_CATGCGGGTGCTTTAC-1,Young,FAP1,0.317823834996785,1.79175946922806,-6.29168817706394,6.09840061501361,TRUE,TRUE
Young_3_CCCAAACCATGAAATG-1,Young,FAP1,0.317823857863282,0,-6.26590416140843,6.06982567147113,TRUE,TRUE
Young_3_GATTAGTGTAACCACA-1,Young,FAP1,0.317823880729778,0,-6.34068271823216,6.16856291130878,TRUE,TRUE
Young_4_GGTTGAGCAGGCGAGT-1,Young,FAP1,0.317823903596274,0.693147180559945,-6.28524896807957,6.12800552681781,TRUE,TRUE
Young_5_CTAACCACACTAAATC-1,Young,FAP1,0.31782392646277,1.38629436111989,-6.35178253360081,6.21418239907123,TRUE,TRUE
Young_5_TAGCTAATCGCAAACT-1,Young,FAP1,0.317823949329267,0,-6.17429754443455,5.92004730538226,TRUE,TRUE
Young_5_TCCAGGATCCTCATCA-1,Young,FAP1,0.317823972195763,0,-6.22458145327854,5.99258138970233,TRUE,TRUE
Young_5_TCTTGACGTATCTGGA-1,Young,FAP1,0.317823995062259,0,-6.18114349551487,5.92270185784198,TRUE,TRUE
Young_1_AAGCGTTTCACAGACT-1,Young,FAP1,0.318073942751393,1.09861228866811,-7.22528907962132,2.13603617981769,TRUE,TRUE
Young_1_ATGAGCCGTTCACTGT-1,Young,FAP2,0.318254687376685,0.693147180559945,-9.07017538256931,4.15230705574847,FALSE,TRUE
Young_3_TGCATTAAGGCTACAT-1,Young,FAP1,0.318449545597859,0,-8.44914648242283,1.2806654198537,TRUE,TRUE
Young_4_ATGACCAGTCAATGTG-1,Young,FAP1,0.318722910465009,0,-7.75176164813328,2.31272330120898,TRUE,TRUE
Young_3_AGCGTGCTCGTTATCT-1,Young,FAP1,0.318912386126961,0,-7.34508440203953,2.4048748238454,TRUE,TRUE
Young_5_CGAGTCGGTAGGTTTG-1,Young,FAP1,0.318922530691599,0,-6.78864738650608,3.14642216996051,TRUE,TRUE
Young_5_AAACATGCAGGTTAAA-1,Young,FAP1,0.319104194374298,0.693147180559945,-6.49996111102391,2.70655991867877,TRUE,TRUE
Young_1_AAGCCTTAGGCCCAGT-1,Young,FAP1,0.319220646376179,0,-6.56534740634251,3.64520647362567,TRUE,TRUE
Young_1_ACTAACGGTTACGCGG-1,Young,FAP1,0.319249552156334,0,-6.96431848712254,6.17997553185321,TRUE,TRUE
Young_5_ACAACATGTGTTTCAC-1,Young,FAP1,0.319300954231402,0,-6.79550573535252,3.14598586396075,TRUE,TRUE
Young_3_CTGTTTAGTTGTCATC-1,Young,FAP1,0.320659602924096,0,-7.19599172778416,2.06506647900439,TRUE,TRUE
Young_4_TTGCTTAGTTTACCGT-1,Young,FAP1,0.321070186865642,0,-5.84735605426121,5.29809095696307,TRUE,TRUE
Young_3_GTTCTTGTCCCGAACA-1,Young,FAP1,0.321616151541848,0,-6.80766555972386,3.14712860421039,TRUE,TRUE
Young_5_TGGTTGAGTCCGGTTC-1,Young,FAP1,0.321887878207129,0,-5.85254833407688,4.31214477852679,TRUE,TRUE
Young_3_TAATCACCAAAGCTCC-1,Young,FAP1,0.322135373466515,1.09861228866811,-6.70022079654026,3.87965228394366,TRUE,TRUE
Young_1_ACCGAAGCATTAGGTT-1,Young,FAP1,0.322140248938191,0,-6.64902851290989,3.72984220818378,TRUE,TRUE
Young_3_AAAGCTTGTCAAGACC-1,Young,FAP1,0.322514657544134,0.693147180559945,-5.67033312030125,5.66389515236713,TRUE,TRUE
Young_3_ATCCTCATCCTTCTAG-1,Young,FAP2,0.322893141488845,1.38629436111989,-9.59303400225926,4.90283920601703,FALSE,TRUE
Young_5_CGTATTGCAGTAGGAT-1,Young,FAP1,0.322974348638172,0,-6.41128036685276,3.49840667084552,TRUE,TRUE
Young_1_GATTAAGCATGTCAGC-1,Young,FAP1,0.323011904704446,0,-7.32129833407688,6.63014414147235,TRUE,TRUE
Young_3_GATCGATTCGCTTGCT-1,Young,FAP1,0.323298003773449,0,-7.35169050402928,2.41157986954547,TRUE,TRUE
Young_2_CAAATCATCCCTGGAA-1,Young,FAP1,0.323490903352339,1.6094379124341,-6.51593134112644,2.75135853127338,TRUE,TRUE
Young_1_ATGTAACGTAATTAGC-1,Young,FAP1,0.325374874304116,1.09861228866811,-5.90875503726292,4.42945244149066,TRUE,TRUE
Young_3_ATCTATGAGAACCTAC-1,Young,FAP1,0.325431840618472,0,-7.38835975833225,3.53703834847308,TRUE,TRUE
Young_5_TCTAATCTCCTGAGTG-1,Young,FAP1,0.325969707019347,0,-5.88624832339573,5.12130119637347,TRUE,TRUE
Young_5_GCTCTGGCAGTAGGTG-1,Young,FAP1,0.32599125069552,0,-7.19571420855808,3.45048072174884,TRUE,TRUE
Young_5_TGTTGTAAGAGGGACT-1,Young,FAP1,0.326222538250334,0,-6.58596298404026,5.71532776192523,TRUE,TRUE
Young_1_ATCACCCTCGCCTGTT-1,Young,FAP1,0.326227168152463,0.693147180559945,-6.94388649173069,5.25545551613666,TRUE,TRUE
Young_5_GAGTGAGGTGTTGCAA-1,Young,FAP2,0.326319723000017,1.38629436111989,-9.50925466723728,4.73607494667865,FALSE,TRUE
Young_5_GCGATATTCTCGACCT-1,Young,FAP1,0.326706185871577,0,-6.12228557772923,3.21977212265826,TRUE,TRUE
Young_5_GTTACGCCACCTGGTG-1,Young,FAP1,0.326795371317927,0,-5.93007061190891,4.47376062706805,TRUE,TRUE
Young_4_GCTTGACCATGTCAAT-1,Young,FAP1,0.327136646206342,0,-7.3337242335825,2.36384250954486,TRUE,TRUE
Young_5_ACTCGCGCACAGAACG-1,Young,FAP2,0.327195562663745,0,-8.61821577258396,4.54671099022723,FALSE,TRUE
Young_3_GTAAGGTCAATTGAGA-1,Young,FAP1,0.327413136410353,0,-7.23297187991429,3.49663665131427,TRUE,TRUE
Young_3_TACCAGGTCGAAGCGG-1,Young,FAP1,0.327444359589533,0,-6.53249141879368,3.62123873070575,TRUE,TRUE
Young_2_GCAGGACCACCAACCG-1,Young,FAP1,0.327975638223548,0.693147180559945,-5.86595365710545,5.18823482827045,TRUE,TRUE
Young_5_GGATAACCAATAAGCA-1,Young,FAP1,0.328298543942474,0,-7.36192009158421,1.1634055002103,TRUE,TRUE
Young_1_AACGACAAGGAGGGTT-1,Young,FAP3,0.328669580761722,0,-8.59867689318943,4.47168543175555,FALSE,TRUE
Young_5_ACCAGGCTCTAACCAA-1,Young,FAP1,0.328713232282612,0,-5.86787006564427,3.5700576527486,TRUE,TRUE
Young_3_TCTAGCCTCATAGACC-1,Young,FAP1,0.329249830216396,0,-5.87987968631077,5.12759687737323,TRUE,TRUE
Young_2_ACGGTTTAGTTAGTTG-1,Young,FAP1,0.329594235326482,0.693147180559945,-5.89313337512303,5.07470466927386,TRUE,TRUE
Young_3_GAGGCTACACTGGCTG-1,Young,FAP1,0.3298978261349,0,-8.19647905535984,1.40610744789935,TRUE,TRUE
Young_1_TCTCAAGCATCACTTC-1,Young,FAP1,0.330232352592551,0,-5.9150640697031,4.98680593804218,TRUE,TRUE
Young_3_AACTAGCTCCGGTATG-1,Young,FAP1,0.330892553320021,0,-7.32322427935887,4.02065327004291,TRUE,TRUE
Young_5_CTTGTAAAGTTCCTCA-1,Young,FAP1,0.330977142725287,0.693147180559945,-6.14786073870945,3.24897911385394,TRUE,TRUE
Young_4_TTAGGCTAGCACGATT-1,Young,FAP1,0.331178069262797,0,-7.28792450137425,2.25289871529437,TRUE,TRUE
Young_2_GGGTATTTCTGTAATG-1,Young,FAP1,0.331315772963386,0,-5.91633817858982,4.97589304283954,TRUE,TRUE
Young_3_TTGACTAAGGTCATTA-1,Young,FAP1,0.331708660704499,0,-5.93120405383396,4.46728660897113,TRUE,TRUE
Young_5_CTTACCTCAATTGACT-1,Young,FAP1,0.332010793894504,0.693147180559945,-5.86100790210057,5.18486788109637,TRUE,TRUE
Young_5_AGTGAACCACAGGAAT-1,Young,FAP1,0.332200349664566,0.693147180559945,-5.89341757006932,5.05915024117328,TRUE,TRUE
Young_1_TCATTGTTCATTAGCA-1,Young,FAP1,0.332670372650827,0,-5.70084163852024,5.67400123909808,TRUE,TRUE
Young_4_TGCTAACAGCTAATCA-1,Young,FAP1,0.333105249940462,0.693147180559945,-7.39180729098606,1.17426147297717,TRUE,TRUE
Young_5_ACAGCGCTCGGCCAGT-1,Young,FAP1,0.333112955198107,0,-5.40669891543675,5.49262001351215,TRUE,TRUE
Young_3_CATGAGGCACCAGGTT-1,Young,FAP1,0.333391356289216,0.693147180559945,-6.49758550830174,2.72818853691913,TRUE,TRUE
Young_5_AGCACTTAGATAACCC-1,Young,FAP1,0.333447495620767,0,-6.01424667544651,4.64683248833514,TRUE,TRUE
Young_5_CAATGAACACTAAATC-1,Young,FAP1,0.333727716074637,0.693147180559945,-5.99794885821629,4.61046078041888,TRUE,TRUE
Young_1_TAGCCTCTCATTATGG-1,Young,FAP1,0.333857056155391,0,-5.93705866046238,4.47624733284808,TRUE,TRUE
Young_1_CTAACCTGTCACAGAC-1,Young,FAP2,0.334173723422392,0,-9.5536720485239,4.80893280342914,FALSE,TRUE
Young_2_ATTCGTTTCGTTTCTG-1,Young,FAP1,0.334753679728506,1.79175946922806,-7.34619972415257,6.67461302117206,TRUE,TRUE
Young_2_GGCTATTAGACCATAC-1,Young,FAP1,0.335996107628543,0.693147180559945,-8.22563287921238,1.43815460041858,TRUE,TRUE
Young_5_TCCGGAATCGCAACAT-1,Young,FAP1,0.336276322938004,0.693147180559945,-5.91506502337742,4.95326378182269,TRUE,TRUE
Young_3_GCATTGCCATCGCTCC-1,Young,FAP1,0.336751435320122,0.693147180559945,-5.42202112384129,5.49894335106708,TRUE,TRUE
Young_1_CCCTGTTAGTTAGTTG-1,Young,FAP1,0.336825436131974,0,-6.413445207551,3.51421453789569,TRUE,TRUE
Young_5_GCGCTTAAGACAGGTA-1,Young,FAP1,0.336916852792007,0,-5.87908003039646,5.08812811211444,TRUE,TRUE
Young_5_TGTCCTGGTCTTACTA-1,Young,FAP1,0.337001334977468,0,-5.91238186068821,4.41621162728168,TRUE,TRUE
Young_4_CATCAATCAACACCTA-1,Young,FAP1,0.337192541694833,0,-6.77339813418675,4.11763741806842,TRUE,TRUE
Young_1_TTCGCAACACCTCAGG-1,Young,FAP2,0.338252660744657,0,-9.48815843768406,4.67627575234271,FALSE,TRUE
Young_5_TGACCAAGTGCAACTA-1,Young,FAP1,0.338278025386084,0.693147180559945,-7.03508159823704,3.94568016365863,TRUE,TRUE
Young_3_TTCCCGCCAAAGGCCA-1,Young,FAP1,0.338584074311913,0,-6.67478773303318,3.1839013321767,TRUE,TRUE
Young_2_GGGTGAAGTTGGTTCT-1,Young,FAP1,0.339662141261304,0.693147180559945,-5.83147546954441,4.23333575562335,TRUE,TRUE
Young_3_GGTTATGGTTGGGTTA-1,Young,FAP1,0.339956289550081,0,-8.47513601489353,1.29845239952899,TRUE,TRUE
Young_1_GCGCCTTGTTTCCTCC-1,Young,FAP1,0.340352956103532,0,-7.97506925769139,1.97100689247943,TRUE,TRUE
Young_5_ATTATGGTCACAAGCT-1,Young,FAP1,0.340426020361378,0,-5.90583297915745,4.96574833229877,TRUE,TRUE
Young_3_AGCCTAAGTCGACTCC-1,Young,FAP1,0.340459984557712,0,-7.09968111224461,3.43885447815753,TRUE,TRUE
Young_1_TGAGCACGTCTTGCAT-1,Young,FAP1,0.341022359091726,0,-7.34496423907566,2.36323025063373,TRUE,TRUE
Young_3_GTTGGAGCAGGAATCG-1,Young,FAP1,0.341583019399141,0.693147180559945,-6.55251953311253,3.20303680733539,TRUE,TRUE
Young_5_ATTTGCAAGCTCATAA-1,Young,FAP1,0.34288146516515,0.693147180559945,-7.92425844378758,2.40472581223346,TRUE,TRUE
Young_3_CACCTCAGTTGCATCT-1,Young,FAP2,0.342930952290454,1.09861228866811,-9.09668848223972,4.17796137169696,FALSE,TRUE
Young_4_AGGTTAGAGGGTTATC-1,Young,FAP1,0.343315078183938,0,-5.85123607821751,5.15972711876727,TRUE,TRUE
Young_2_TATCGCACAATCGCAC-1,Young,FAP1,0.343476610378389,0,-8.43587801165867,1.20633824900485,TRUE,TRUE
Young_1_AAGCTTGGTTCCGCAC-1,Young,FAP1,0.344757813176332,0,-6.74575588412571,5.93601610497333,TRUE,TRUE
Young_1_ACAACACTCCTAACGG-1,Young,FAP1,0.345048954315747,0,-6.02090952105808,4.64031746224261,TRUE,TRUE
Young_5_TGTTGTGCATTTAAGC-1,Young,FAP1,0.345290029829073,1.09861228866811,-5.55547449298191,5.57377769783832,TRUE,TRUE
Young_1_TCATGAGGTTTATCGC-1,Young,FAP2,0.345394022288359,0,-9.58312818713474,4.84757950142719,FALSE,TRUE
Young_5_ACAGCCGGTAAGTCGC-1,Young,FAP1,0.34590238510807,0.693147180559945,-8.03451654620457,1.16814097002841,TRUE,TRUE
Young_2_AAGAATCAGTCCTGAG-1,Young,FAP1,0.345954332319071,1.38629436111989,-7.409201356843,3.52478244141437,TRUE,TRUE
Young_2_GATCGAGCATCAATCG-1,Young,FAP1,0.346139999327109,0,-8.41669676013279,1.15962233380176,TRUE,TRUE
Young_2_CCTATAGCAAACGCGA-1,Young,FAP1,0.346217995678429,0.693147180559945,-7.78739759631443,2.31230308846332,TRUE,TRUE
Young_2_AGTTACTCATATAACC-1,Young,FAP1,0.346224091905939,0,-6.96505043216038,0.673584334410202,TRUE,TRUE
Young_1_GTGCACGGTCCACAAA-1,Young,FAP2,0.346294310227512,0.693147180559945,-9.51838609881687,4.72152044609882,FALSE,TRUE
Young_3_AGGCAGGTCCGTTAAA-1,Young,FAP1,0.346360112098786,0,-6.47956106372166,2.71156360939838,TRUE,TRUE
Young_1_ACCTGGTCAATAATGG-1,Young,FAP1,0.346412830314934,0.693147180559945,-8.15355226702976,4.26962449387408,TRUE,TRUE
Young_4_ATTGCAGGTAATTAGC-1,Young,FAP1,0.346555573022521,0,-6.87700721926975,5.09004356697894,TRUE,TRUE
Young_5_GGGCCTAGTTCGCGCT-1,Young,FAP1,0.348366444510251,0,-8.40637705035496,1.13305082157947,TRUE,TRUE
Young_1_GCTTAGTAGTCCTGAG-1,Young,FAP1,0.348908880972783,0.693147180559945,-7.83612177081394,2.34185840920306,TRUE,TRUE
Young_5_AGCTTAATCGGGACCT-1,Young,FAP1,0.34895336733537,0,-6.41145059771824,3.52425553635455,TRUE,TRUE
Young_1_CACTAAGGTTGGATAT-1,Young,FAP1,0.349948574425673,0.693147180559945,-5.85140487857151,4.25841142968036,TRUE,TRUE
Young_1_GGCTGGTTCAGGTCCA-1,Young,FAP1,0.349997118510839,0,-6.90879461474705,0.560546867407333,TRUE,TRUE
Young_5_TGGATTCAGACAAGTG-1,Young,FAP1,0.35090374223481,0,-6.95854017443943,5.24375631646014,TRUE,TRUE
Young_1_ACCATTAAGCGGATAA-1,Young,FAP3,0.351464367961896,0,-8.46855470843601,2.35815098122455,FALSE,TRUE
Young_3_GAAAGCCAGTAAACCC-1,Young,FAP1,0.351640636672129,0,-6.06800100512791,3.19139053658343,TRUE,TRUE
Young_5_GTCATGAGTATTGTGG-1,Young,FAP2,0.352214092780995,0,-9.55034181781101,4.7735042794118,FALSE,TRUE
Young_1_GGACATAAGCAGCTCA-1,Young,FAP1,0.353990781562339,0,-7.35112974353123,6.70266868904926,TRUE,TRUE
Young_1_GGTCAAGCATGCTCCC-1,Young,FAP1,0.35445318447533,0,-6.86346695132542,6.09407951668597,TRUE,TRUE
Young_4_ATTACTGAGAATGACG-1,Young,FAP1,0.355785092607908,1.09861228866811,-8.02035734362888,2.01395895317889,TRUE,TRUE
Young_2_TTGCACACAAACGCGA-1,Young,FAP1,0.356147427325407,0.693147180559945,-7.24216339297581,2.10288050011493,TRUE,TRUE
Young_4_AAATGCCTCCTGGTGA-1,Young,FAP1,0.35724462392203,0,-6.99893638797093,6.26646520928241,TRUE,TRUE
Young_5_ACATCATCATGCTATG-1,Young,FAP3,0.357460488574093,0,-8.20079729266453,2.13345970944263,FALSE,TRUE
Young_4_CGGTGAACATCCAGGT-1,Young,FAP1,0.358025088784605,0,-8.16893026538181,1.33510901764728,TRUE,TRUE
Young_2_CCACAGGGTTTATGGG-1,Young,FAP1,0.358373989702979,2.19722457733622,-6.93824550814915,4.43531515435077,TRUE,TRUE
Young_3_CTTCAATTCGCAGGCT-1,Young,FAP1,0.358612261812987,2.07944154167984,-5.87798711962986,4.97194101647235,TRUE,TRUE
Young_3_CGAAGCCTCGAGGAAC-1,Young,FAP1,0.358929195701952,0,-7.3034245700388,2.23595669106342,TRUE,TRUE
Young_1_GAACCAAAGCTATGAC-1,Young,FAP1,0.358970038633812,0,-5.53620550341892,5.55024483040668,TRUE,TRUE
Young_5_GAACCTTAGGACCAGG-1,Young,FAP1,0.359114863686206,0,-5.886740419343,4.31942989662982,TRUE,TRUE
Young_5_CGTCCTAGTACCTTAC-1,Young,FAP1,0.359554914365983,1.38629436111989,-8.42447206683445,1.15229430035449,TRUE,TRUE
Young_3_TGATGATGTTGCGCGA-1,Young,FAP1,0.359696287148169,1.6094379124341,-7.23165723986912,6.55993606881,TRUE,TRUE
Young_3_GCCTAATAGTTAGGCT-1,Young,FAP1,0.360410882820226,0.693147180559945,-6.92421981997776,0.573319949067604,TRUE,TRUE
Young_3_TTTAACCTCTTAGGGT-1,Young,FAP1,0.360735555875037,0,-8.01578733630467,2.01524247959949,TRUE,TRUE
Young_3_ACCCGCTGTCATAACG-1,Young,FAP1,0.36146114888709,0.693147180559945,-5.90554401583958,4.35652115181781,TRUE,TRUE
Young_5_ACCAGGACAAAGCTCC-1,Young,FAP1,0.361583156696073,0,-5.96053049273777,4.47728588417865,TRUE,TRUE
Young_2_GTTCTCATCCATAAGC-1,Young,FAP1,0.36232936998929,0,-8.24195596881199,1.42856266335345,TRUE,TRUE
Young_2_CAACTAATCCGGTTGA-1,Young,FAP1,0.362581812395274,0,-6.59420892901707,5.76701547936298,TRUE,TRUE
Young_1_TTAAAGGCATCGTTCT-1,Young,FAP1,0.362810785342788,0.693147180559945,-5.87364504046726,4.96534492806293,TRUE,TRUE
Young_2_TTTGTTGGTTAACGGC-1,Young,FAP1,0.363055425812789,1.38629436111989,-6.30731222338963,3.43646218613483,TRUE,TRUE
Young_3_TAACAAGCAGCAAATA-1,Young,FAP3,0.363383237909933,0,-7.66054174609471,3.79889848069049,FALSE,TRUE
Young_3_ACTATCCGTGCAATAT-1,Young,FAP2,0.364013788618179,1.79175946922806,-9.51493761248875,4.6863804085622,FALSE,TRUE
Young_1_CATAATGTCGTGCCTT-1,Young,FAP1,0.36441682390232,0.693147180559945,-6.56136247821141,3.68599393204547,TRUE,TRUE
Young_3_CATTGCGAGTTTGGGT-1,Young,FAP1,0.364745257275453,1.09861228866811,-6.03656027026463,4.63880350426532,TRUE,TRUE
Young_5_CTTGAATCAAGTCGCT-1,Young,FAP1,0.366054538337302,0,-8.19315263934422,1.35817589596606,TRUE,TRUE
Young_5_AGGTTTATCACTTCAT-1,Young,FAP2,0.366069885130118,0.693147180559945,-9.04591963000584,3.82341363266803,FALSE,TRUE
Young_5_CATTATCTCGATTTGA-1,Young,FAP1,0.366699569312559,1.09861228866811,-8.14588091082859,4.1810126526723,TRUE,TRUE
Young_3_GAGAACCAGTAAGGGC-1,Young,FAP1,0.366900293899914,0,-8.02122518725681,1.12496324614383,TRUE,TRUE
Young_1_GTATGTTCACAATACT-1,Young,FAP1,0.36703121061532,0,-6.48327371783543,2.75919344261981,TRUE,TRUE
Young_2_TATCACGCATGTCAAT-1,Young,FAP1,0.367152881557562,0.693147180559945,-5.78544923968601,5.28050091103412,TRUE,TRUE
Young_1_TCAAGAACATCCATCT-1,Young,FAP1,0.367177974876458,0.693147180559945,-7.03436205096531,5.36657335594989,TRUE,TRUE
Young_3_CAGGAAGGTTAACAGT-1,Young,FAP1,0.367842952797929,0.693147180559945,-7.35192892260838,2.32876303032733,TRUE,TRUE
Young_1_CCTGACTTCTTCAATC-1,Young,FAP3,0.368299559361296,0,-8.3473207683115,2.19315459565021,FALSE,TRUE
Young_3_TACCTCATCGCCTAAG-1,Young,FAP1,0.369506113600951,0,-5.89664098925877,4.32224776581622,TRUE,TRUE
Young_3_TTAGGATGTTCCGCAC-1,Young,FAP1,0.369570940504592,0,-6.75149700351048,4.12712027863361,TRUE,TRUE
Young_5_GCCTCGACAACCCTCC-1,Young,FAP1,0.369788264562913,0,-8.14012453265476,1.28207310274936,TRUE,TRUE
Young_3_ATGTCATCATAAGTCT-1,Young,FAP1,0.370054875882509,1.09861228866811,-7.18588278003025,3.95450045899249,TRUE,TRUE
Young_5_GATGCATTCCCTGGAA-1,Young,FAP1,0.370577254699349,0.693147180559945,-5.65736553378391,5.61489536599017,TRUE,TRUE
Young_5_ACTAACCAGGCTAATC-1,Young,FAP1,0.370619365444259,0,-6.84592077441502,4.98910524681903,TRUE,TRUE
Young_1_CCCTCATAGCTCCCTG-1,Young,FAP1,0.370918311200615,0,-7.00115749545384,6.2848043663869,TRUE,TRUE
Young_5_AATTTCCTCTCACAAA-1,Young,FAP3,0.371197177185054,0,-7.81120989032078,2.30631902054645,FALSE,TRUE
Young_4_GGATGTAAGTACCGCA-1,Young,FAP1,0.371373876485158,0,-7.77630731768894,2.28333117798663,TRUE,TRUE
Young_5_CTTACCTCACAATACT-1,Young,FAP1,0.371615860509143,0,-5.8352210254221,5.06428482369281,TRUE,TRUE
Young_3_ATGCATTCAATTAACC-1,Young,FAP1,0.372032799154113,0,-6.79757330127049,4.2108342869649,TRUE,TRUE
Young_4_AACAAGCCATTAAACC-1,Young,FAP1,0.373546412610456,0,-8.07021448321629,2.06191100910999,TRUE,TRUE
Young_3_ACTTACAAGATTGAGG-1,Young,FAP1,0.373994711700441,0,-6.58578655429173,5.76948692635394,TRUE,TRUE
Young_5_TTCAGGTAGCAGCTCA-1,Young,FAP1,0.374997763033607,0,-6.49522850222874,2.8015964253316,TRUE,TRUE
Young_1_CTATAACCAGCACGTT-1,Young,FAP2,0.375787092490577,0.693147180559945,-8.19293901629734,4.32199170426227,FALSE,TRUE
Young_2_GGGCCTAGTCGTAATG-1,Young,FAP1,0.375901775983986,0,-8.19824335284519,4.34062530831195,TRUE,TRUE
Young_3_AGATGCTTCTCATCAT-1,Young,FAP1,0.376386582511219,0.693147180559945,-6.33881447024632,2.44682838753558,TRUE,TRUE
Young_1_GGGTCAACAATTTGGT-1,Young,FAP1,0.376583079535043,0,-7.1644823283701,6.4952535851369,TRUE,TRUE
Young_3_GTCTTGCTCAGGCTAT-1,Young,FAP1,0.377315999952131,0,-6.83960792727757,4.96562864617206,TRUE,TRUE
Young_1_TAGCCTCTCATAGCCG-1,Young,FAP2,0.378241509002279,0,-9.55290624804783,4.73657371834613,FALSE,TRUE
Young_1_CGTTAAATCCTTGTTG-1,Young,FAP1,0.378246158640224,0.693147180559945,-7.28481218524266,6.64744474724628,TRUE,TRUE
Young_1_CAATGCCCAGGATTAA-1,Young,FAP1,0.378319345901239,0,-5.78941652484226,5.20327617958881,TRUE,TRUE
Young_3_AGTAAACAGTTATGGC-1,Young,FAP1,0.378852575794647,0,-5.82536432452488,5.06204178170062,TRUE,TRUE
Young_1_CATCAATCACAAAGAC-1,Young,FAP1,0.380089224744865,0,-7.89962122149754,1.9559469445119,TRUE,TRUE
Young_1_CCAACATAGGTCTTGG-1,Young,FAP2,0.380562990239221,1.09861228866811,-9.56763384051609,4.76118614510394,FALSE,TRUE
Young_1_CGAAGGCCAGGACACA-1,Young,FAP1,0.381887046368393,0,-8.22269174762058,1.37904860810138,TRUE,TRUE
Young_2_CAAGTATGTTAGCGTA-1,Young,FAP1,0.382295193162366,0,-6.21481725879002,3.36512257889606,TRUE,TRUE
Young_5_CGATCCTTCGAAGTAG-1,Young,FAP1,0.38257472453434,0,-6.40495607562351,2.60967757538654,TRUE,TRUE
Young_1_AAATGCCTCTTAGGAC-1,Young,FAP1,0.383182049840483,0,-6.91686174578953,5.10840036705829,TRUE,TRUE
Young_3_TAGCTAATCTTTGAGA-1,Young,FAP1,0.383236942301826,0.693147180559945,-8.55297205157566,2.53095271424152,TRUE,TRUE
Young_5_TTTCCACCACCTACGG-1,Young,FAP1,0.384709728264722,0,-8.24019357867527,1.39929451779224,TRUE,TRUE
Young_1_GTCTAATCATGAAATG-1,Young,FAP3,0.384949081946398,0,-8.20099184222508,2.15731670693256,FALSE,TRUE
Young_2_CTTCAAGCACTTCACT-1,Young,FAP1,0.386129526721023,0.693147180559945,-6.66642210192967,5.88401796654559,TRUE,TRUE
Young_1_TGTAAGCTCAAGCTAC-1,Young,FAP1,0.38653384060241,0,-5.8006112308054,5.11463167504169,TRUE,TRUE
Young_4_ATGACCAGTTGGATCA-1,Young,FAP1,0.386742187642389,0,-7.07111427493382,6.39019634560443,TRUE,TRUE
Young_1_CGTACGGGTCTTTGAC-1,Young,FAP3,0.386861484634363,1.09861228866811,-8.99948236651707,3.50073482827045,FALSE,TRUE
Young_1_GTATGTTCAGCCGCTA-1,Young,FAP1,0.38717149845221,0,-5.53286239810276,5.52411844567157,TRUE,TRUE
Young_2_ACAGCGCTCGCACACA-1,Young,FAP1,0.387220472828089,0,-8.13535616107273,1.25468995407916,TRUE,TRUE
Young_4_CCTAATAAGCGATAGA-1,Young,FAP1,0.387624244729203,0,-8.19413587756443,1.33358981446124,TRUE,TRUE
Young_3_ACGTACCCACGTAAGG-1,Young,FAP3,0.38892522956932,0.693147180559945,-7.91165659137058,1.97144892052509,FALSE,TRUE
Young_1_GATCGCTCATCAGCAC-1,Young,FAP1,0.38914785609741,0,-6.78283855624485,4.21035721138812,TRUE,TRUE
Young_3_TGAGGCACAGGAACCA-1,Young,FAP1,0.389513614979945,0,-5.92004034228611,4.33721496895648,TRUE,TRUE
Young_3_TCCTTAGTCGGTTCCT-1,Young,FAP1,0.389822132726049,0,-6.76986143298435,6.01742222145892,TRUE,TRUE
Young_1_CGCTAATAGATAACCC-1,Young,FAP1,0.389972382907525,0,-7.19043705172825,6.5429134590993,TRUE,TRUE
Young_1_ACGAACAAGGCATGAA-1,Young,FAP1,0.390709079731659,1.09861228866811,-6.8882691592722,4.39592888192035,TRUE,TRUE
Young_2_GCTGCATCACCTACTT-1,Young,FAP2,0.390860410105398,1.09861228866811,-9.58874151416111,4.78524877861835,FALSE,TRUE
Young_5_GTACTTCGTTGAATCG-1,Young,FAP1,0.392126249578664,0,-5.76927921481419,5.20411922768451,TRUE,TRUE
Young_2_AACCGCTCAATCTCTC-1,Young,FAP2,0.392163978557163,0.693147180559945,-9.07536718554783,3.85760595635272,FALSE,TRUE
Young_2_TATCGAGGTTTGTTGC-1,Young,FAP3,0.392334094969379,0,-9.01677915759373,3.56357695893146,FALSE,TRUE
Young_1_CGACCTGCAAGCTAAA-1,Young,FAP1,0.392712138649543,0,-7.30623314090061,1.20609619454242,TRUE,TRUE
Young_2_GAGGCCTTCGAGGAAC-1,Young,FAP1,0.393992089330523,0,-7.35817119784641,1.21889617279864,TRUE,TRUE
Young_5_CTGTTCATCCTCAGCT-1,Young,FAP1,0.394023186912174,0,-7.38355085559178,3.98115398720599,TRUE,TRUE
Young_1_ATTTGCGCACCACAAC-1,Young,FAP3,0.394795909298351,0,-8.41295549578953,3.94071509674884,FALSE,TRUE
Young_5_CGCATATAGCCTCTCG-1,Young,FAP1,0.39509287027709,1.09861228866811,-6.95457002826023,3.87800624207355,TRUE,TRUE
Young_5_CTAAGTCAGTTCCTGC-1,Young,FAP1,0.395300759534607,0,-7.39357254214573,6.80270531014301,TRUE,TRUE
Young_2_TATGGGCGTAGCCTCC-1,Young,FAP1,0.396196038611548,0,-7.36175081439305,2.29787745312549,TRUE,TRUE
Young_1_AGGATCCGTAATGACT-1,Young,FAP1,0.396207851240049,0,-5.68972131915379,5.61293079689838,TRUE,TRUE
Young_2_AAGCTTGGTAATGGAA-1,Young,FAP1,0.396317903634246,1.38629436111989,-6.86680051989842,4.98800852135516,TRUE,TRUE
Young_2_AGCGCTCAGGCGGATG-1,Young,FAP1,0.396385053548321,0,-8.16593477435398,4.16326715782977,TRUE,TRUE
Young_1_GCCAATTAGTTATCCT-1,Young,FAP2,0.396662801744558,0,-8.43611738391209,2.36818673447467,FALSE,TRUE
Young_3_GAGCTAGCATCAGTAT-1,Young,FAP1,0.39691410583651,0.693147180559945,-5.77946064181614,5.13838722542621,TRUE,TRUE
Young_5_GCCCATAAGTAGGCGG-1,Young,FAP1,0.39783489643355,0,-6.49417469210911,2.84243705109454,TRUE,TRUE
Young_5_GTCATGCCATGTCAAT-1,Young,FAP1,0.398641191840062,0.693147180559945,-6.95227405734349,5.15282871559955,TRUE,TRUE
Young_2_CGTAGCGGTGTCCAAA-1,Young,FAP1,0.39881801265817,0,-8.47591707415867,1.19349779919482,TRUE,TRUE
Young_3_GTTGGCCAGCCTGAGC-1,Young,FAP1,0.39888732840134,1.09861228866811,-5.47495290942478,5.47848417595721,TRUE,TRUE
Young_5_GATGACTTCTCCATGC-1,Young,FAP1,0.399289674198161,1.09861228866811,-7.01808187670994,0.690020881451141,TRUE,TRUE
Young_2_GGGCAATAGTTGCCTC-1,Young,FAP1,0.399685342893543,0.693147180559945,-6.89617750354099,3.8601708634267,TRUE,TRUE
Young_1_GTTCGCGCAGCATTAT-1,Young,FAP3,0.399726761382797,0,-8.44743272967625,4.0994274838338,FALSE,TRUE
Young_5_CTTCAAGCATACCCGG-1,Young,FAP1,0.400484255314791,0,-5.73020336337376,5.30804731682636,TRUE,TRUE
Young_3_GGAAGTATCAAGTGAG-1,Young,FAP1,0.400512247231813,0.693147180559945,-5.94174978442478,4.36490728691913,TRUE,TRUE
Young_2_CTTGAATCACGAATCC-1,Young,FAP1,0.400841234730526,0.693147180559945,-7.89798280902195,1.97278930977679,TRUE,TRUE
Young_5_TTGTCCATCTGTTCAT-1,Young,FAP1,0.400884922225583,1.09861228866811,-7.06497165866184,4.71805097893573,TRUE,TRUE
Young_3_TTGGATATCGTTAGCG-1,Young,FAP1,0.40203008356408,1.94591014905531,-6.01569673724461,4.52484323815204,TRUE,TRUE
Young_5_TCCGGTAAGTGCTGTG-1,Young,FAP1,0.402719998279911,0,-6.28172084994602,3.45067360237933,TRUE,TRUE
Young_3_ACTTCGCTCTGTGCCT-1,Young,FAP3,0.402787275059929,0.693147180559945,-8.37952634997654,2.88236071900226,FALSE,TRUE
Young_5_CCATTGTGTGGACCTG-1,Young,FAP1,0.402956845272112,0,-6.77208921618748,4.21195247010089,TRUE,TRUE
Young_2_TCTTGTCCAGGTTAAA-1,Young,FAP1,0.402984188436872,0.693147180559945,-7.03167364306736,4.66324951485492,TRUE,TRUE
Young_1_ATCGCCCGTCACAGAC-1,Young,FAP1,0.403774806203776,0,-5.37941095538426,5.41552021340228,TRUE,TRUE
Young_3_GAACCTGTCGTAATCA-1,Young,FAP1,0.404664091117659,0,-6.46966097064305,2.79935743645526,TRUE,TRUE
Young_1_CGAGCTGGTTCATCTA-1,Young,FAP1,0.40561873906609,0.693147180559945,-6.83367035098362,6.11510422066547,TRUE,TRUE
Young_1_CTCATTGTCATGCAAC-1,Young,FAP1,0.40563687980818,0,-6.64633009143162,5.88112737969257,TRUE,TRUE
Young_3_TAGCCTGAGGTGAAAT-1,Young,FAP1,0.405776145172835,0,-6.71928856082249,4.12430550888873,TRUE,TRUE
Young_1_GCCTTACTCAAATCGC-1,Young,FAP3,0.405784830414859,0,-8.44184515185642,2.38918664292194,FALSE,TRUE
Young_1_GTTCGCTTCACGCGGT-1,Young,FAP1,0.406569332341051,0,-5.7395498485117,5.23832847908832,TRUE,TRUE
Young_1_AGCAGGTAGGAGGACT-1,Young,FAP1,0.406572773887303,0,-5.47388574786473,5.47126819924213,TRUE,TRUE
Young_1_CGGATAAAGCGCATTG-1,Young,FAP1,0.406896430139683,0.693147180559945,-6.58559009738255,3.75165726975299,TRUE,TRUE
Young_3_ACGATTCAGGGCTTTG-1,Young,FAP1,0.407209862576684,0,-6.95357391543675,0.554682127989303,TRUE,TRUE
Young_3_GGCCATCAGGAGTAAT-1,Young,FAP1,0.407537900496547,1.94591014905531,-7.05391189761448,4.70859625176288,TRUE,TRUE
Young_5_CGTGCACAGCTAATTG-1,Young,FAP1,0.407831954692895,0,-6.93597671695042,5.10554745034076,TRUE,TRUE
Young_3_AAGCTCCCACAGAAAC-1,Young,FAP1,0.408113004944257,0,-6.98283979602146,6.30426361397601,TRUE,TRUE
Young_4_GTGATGAAGTCGCAAT-1,Young,FAP1,0.410259730685778,0,-8.87769052691746,1.88358928994037,TRUE,TRUE
Young_1_AGGAACGGTCAGTAAT-1,Young,FAP3,0.410854066278065,0,-8.22272226519871,4.32283379868365,FALSE,TRUE
Young_1_GCAGCTATCGGCTATG-1,Young,FAP1,0.410990668607547,0,-8.22159883685398,4.31840231255389,TRUE,TRUE
Young_5_GATTGCGTCTTGACCC-1,Young,FAP1,0.411401229195862,0,-6.22324249453831,3.40212728813983,TRUE,TRUE
Young_2_GGAAGCTAGTCACCTC-1,Young,FAP1,0.411404626102103,1.09861228866811,-8.4378387660532,2.39047577217914,TRUE,TRUE
Young_5_TATGGTCAGACAACAG-1,Young,FAP1,0.411697201558804,1.38629436111989,-5.40839264102268,5.42659284905292,TRUE,TRUE
Young_1_TAGTCAATCATTGACA-1,Young,FAP1,0.412078804719905,0.693147180559945,-6.28393766589451,3.46209122971393,TRUE,TRUE
Young_5_GCAGCTATCCGCCTCA-1,Young,FAP1,0.412539083040651,0.693147180559945,-6.73272487826634,4.15759589508868,TRUE,TRUE
Young_5_GCTTCGCGTTTCCTCC-1,Young,FAP1,0.412755730274987,0,-6.93894645877171,0.518024988330375,TRUE,TRUE
Young_1_CTGTATTTCATAAGCC-1,Young,FAP3,0.413572836027014,0.693147180559945,-8.37934992022801,2.30294658974506,FALSE,TRUE
Young_3_ATTCGTTTCCTTAATC-1,Young,FAP1,0.413713772777804,0.693147180559945,-6.48092624850559,3.65614893273212,TRUE,TRUE
Young_2_ATAACGACACTTCATC-1,Young,FAP1,0.413941662023338,0,-8.10718271441746,1.1202119214902,TRUE,TRUE
Young_5_TTGGATATCAAGCTTA-1,Young,FAP1,0.413941684889834,0,-8.12433263964939,1.15112956599094,TRUE,TRUE
Young_1_CAGCTAAGTATTGAGT-1,Young,FAP1,0.416047899182834,0,-6.96302673526097,4.97203304604388,TRUE,TRUE
Young_1_CGTTAGTAGCTCATAA-1,Young,FAP1,0.41604792204933,0,-6.96551773257542,4.88130476311542,TRUE,TRUE
Young_1_GTACCTTGTAGCAGCT-1,Young,FAP1,0.416047944915826,0.693147180559945,-6.98750803180027,4.85026647881366,TRUE,TRUE
Young_1_TGCACTTGTTCGGGAT-1,Young,FAP1,0.416047967782323,0.693147180559945,-6.94675323672581,4.99923326805927,TRUE,TRUE
Young_1_TTAGCAGGTATCTGGA-1,Young,FAP1,0.416047990648819,0.693147180559945,-6.92488786883641,4.94469406441547,TRUE,TRUE
Young_3_CGAAGGCCACTGACCG-1,Young,FAP1,0.416048013515315,0.693147180559945,-6.9770290584116,4.92810013131,TRUE,TRUE
Young_3_CTGGATGTCCGTAAAC-1,Young,FAP1,0.416048036381811,0.693147180559945,-6.95026037402439,5.00372984246112,TRUE,TRUE
Young_3_GATTCGCCACAAAGCG-1,Young,FAP1,0.416048059248308,1.6094379124341,-6.91627380557347,4.93349363640643,TRUE,TRUE
Young_3_TTTGCGACACCTGTAA-1,Young,FAP1,0.416048082114804,0,-6.94057199664402,5.08525469139911,TRUE,TRUE
Young_5_ACATCATCATAGCTGC-1,Young,FAP1,0.4160481049813,2.07944154167984,-6.9684898585825,4.97516395882465,TRUE,TRUE
Young_5_ACTATGTCAACTGGGA-1,Young,FAP1,0.416048127847796,0.693147180559945,-6.88663932986546,4.97197201088763,TRUE,TRUE
Young_5_CCAAACTAGCCTGTGA-1,Young,FAP1,0.416048150714293,1.09861228866811,-6.90561601825047,5.00938799218036,TRUE,TRUE
Young_5_CCCAAATAGTAGCGCC-1,Young,FAP1,0.416048173580789,0,-6.86970445819187,4.94640638665057,TRUE,TRUE
Young_5_GGGTCAACACGTTACA-1,Young,FAP1,0.416048196447285,0.693147180559945,-6.89541980929661,4.99345257119037,TRUE,TRUE
Young_5_GTGTGTTAGCCAAATC-1,Young,FAP1,0.416048219313781,0,-6.96616337008763,5.1450281365285,TRUE,TRUE
Young_3_GAGGACTAGCCGCTAA-1,Young,FAP1,0.416919428429049,0,-6.0395176143198,4.55007984474994,TRUE,TRUE
Young_1_CGAACAAAGCTTCCCG-1,Young,FAP3,0.41768731289128,0,-8.4430181712656,2.40684749916888,FALSE,TRUE
Young_3_ACGCCTTTCCCTGGAA-1,Young,FAP3,0.418057942859718,0.693147180559945,-8.44812891192722,4.16635873154498,FALSE,TRUE
Young_5_CCGCAAGGTTGTTGTC-1,Young,FAP1,0.418692536808027,0.693147180559945,-5.96464702792454,4.38210489586688,TRUE,TRUE
Young_3_CTAGTAGGTGTCCAGG-1,Young,FAP1,0.419115829823959,0,-7.30882904238987,2.13553109005786,TRUE,TRUE
Young_1_ACTTAGTCAAACGCGA-1,Young,FAP3,0.419573280190125,0,-8.37777921862888,2.89566900566913,FALSE,TRUE
Young_1_ACCGGCTAGAGAGCCG-1,Young,FAP1,0.419993174868205,0,-5.74236223407078,5.15301945046283,TRUE,TRUE
Young_1_GGAATCTTCATGCGTG-1,Young,FAP1,0.420118037376707,1.09861228866811,-7.32353756137181,6.74347784355975,TRUE,TRUE
Young_5_CTACTTAGTTATGTGG-1,Young,FAP1,0.420613641421876,1.38629436111989,-6.88469383425999,3.83957364395953,TRUE,TRUE
Young_5_CCGCTTAGTGGACCTG-1,Young,FAP1,0.420699250791353,0.693147180559945,-7.43926069445896,1.26006945208408,TRUE,TRUE
Young_3_GTATGTGGTTAAATGC-1,Young,FAP2,0.42082304883444,0,-9.6183807582407,4.79409982994891,FALSE,TRUE
Young_1_CGTAGCGGTGACATAT-1,Young,FAP1,0.421196137456122,0,-7.29953119464207,2.11065080002643,TRUE,TRUE
Young_5_ATTACCCGTAGTTAAC-1,Young,FAP1,0.421409502813845,0,-5.75893947787571,5.08139469460345,TRUE,TRUE
Young_1_CAGCTATAGTTATCCT-1,Young,FAP1,0.422015606522016,0,-6.83163377948094,6.13122513131,TRUE,TRUE
Young_2_CAACAGGCACGGTACT-1,Young,FAP1,0.42277162986198,0.693147180559945,-5.51063320346165,5.48005583123065,TRUE,TRUE
Young_5_GGAAGCTAGCGGTTAT-1,Young,FAP2,0.422894744884028,0,-8.53283045001316,2.99767687157489,FALSE,TRUE
Young_1_CTTTGGTGTCAAGTGC-1,Young,FAP1,0.422913824242414,0.693147180559945,-7.19855520434666,1.20773418978549,TRUE,TRUE
Young_5_AACAGATAGTTAGGCT-1,Young,FAP1,0.423734057018781,0.693147180559945,-7.39490816302586,1.25267865494586,TRUE,TRUE
Young_1_GAGAGGCGTCATTAGG-1,Young,FAP2,0.424680292535003,0,-9.12636491961765,3.97181227043964,FALSE,TRUE
Young_5_GAGTAATAGGTAAGGC-1,Young,FAP1,0.424917180661099,0,-6.04142639346409,4.53968193367816,TRUE,TRUE
Young_5_TCACGGATCGACAAAG-1,Young,FAP1,0.425732873860536,1.09861228866811,-6.41580841250706,2.71620681122638,TRUE,TRUE
Young_1_ATTTAGCCAGTAAAGC-1,Young,FAP1,0.425794355546868,0,-6.31889936633396,2.49489095047809,TRUE,TRUE
Young_3_TAATGGACAATTGAGA-1,Young,FAP1,0.426089097562466,0,-5.97472974963474,4.39078953102924,TRUE,TRUE
Young_1_GCTAGCTCAAGGTCCT-1,Young,FAP3,0.426362814976932,0,-8.4277879924326,4.11191847161151,FALSE,TRUE
Young_1_TAAGTGCTCACGTTAA-1,Young,FAP1,0.426429105227347,0.693147180559945,-7.27998802371311,6.69626619652606,TRUE,TRUE
Young_1_CGGATAAAGTAACAGG-1,Young,FAP1,0.42655906228408,0.693147180559945,-5.75538561053562,5.06648924187518,TRUE,TRUE
Young_2_AGTTGCGTCATGCTCC-1,Young,FAP1,0.427061427151763,1.09861228866811,-7.02005312152195,3.86632993058063,TRUE,TRUE
Young_2_CTCACTCAGCACTAGT-1,Young,FAP1,0.427088207947757,1.79175946922806,-6.76882145114231,3.80643346146442,TRUE,TRUE
Young_2_GCCTTAACATTAGCGC-1,Young,FAP3,0.427540658040448,0.693147180559945,-8.46323702044773,2.95716526345111,FALSE,TRUE
Young_2_AATGCGCGTTTATCGC-1,Young,FAP1,0.427671804761739,0,-7.70825788684178,1.87182178334094,TRUE,TRUE
Young_3_ACCCAGGGTTGTCCAT-1,Young,FAP3,0.427945210918184,1.09861228866811,-9.0289728374033,3.47010233239032,FALSE,TRUE
Young_1_GGCTCACAGGATCACT-1,Young,FAP1,0.428309229574901,0.693147180559945,-6.99572393603611,0.601294241703521,TRUE,TRUE
Young_5_GGCTGAGAGGCATTAC-1,Young,FAP1,0.428734927596725,0.693147180559945,-6.62765905566502,5.88409902886249,TRUE,TRUE
Young_1_CGCAAATTCAGCTAAC-1,Young,FAP3,0.428882750929373,0,-8.40494272418308,2.92104008034564,FALSE,TRUE
Young_3_TTAACTGAGGCGCTTA-1,Young,FAP2,0.428918734057662,1.09861228866811,-8.34306928820896,2.26729383305408,FALSE,TRUE
Young_1_CTGAATATCGATAACC-1,Young,FAP1,0.429003586942274,0.693147180559945,-5.7628538341074,5.62994339302875,TRUE,TRUE
Young_5_ACGAGTAAGCCGCTTT-1,Young,FAP1,0.429208204186513,0,-8.03844568438816,2.08917643860675,TRUE,TRUE
Young_5_TGATGATGTACCCACC-1,Young,FAP1,0.429313039474773,0,-7.25007841296482,1.9838348849187,TRUE,TRUE
Young_3_GTCTAACAGGATTGAG-1,Young,FAP3,0.42935424095879,0.693147180559945,-8.52616617389012,4.52606918648578,FALSE,TRUE
Young_2_AAACGGATCCACCCTG-1,Young,FAP1,0.430193693391231,0,-6.38273641772557,2.64908673600055,TRUE,TRUE
Young_5_CTGAATATCGTCCTTA-1,Young,FAP1,0.430892167526229,0,-5.98794910617161,4.4111094696889,TRUE,TRUE
Young_2_CGGTTTGAGCGCCTTT-1,Young,FAP3,0.431696216702479,0.693147180559945,-8.29530546374607,2.85334613159991,FALSE,TRUE
Young_5_CTACAACAGCATTATG-1,Young,FAP1,0.431748286278515,0.693147180559945,-6.69232055850315,5.96829464272357,TRUE,TRUE
Young_1_GCTCGATCAGCTTAAT-1,Young,FAP1,0.432222063220465,0,-6.92634842105198,6.26114656761981,TRUE,TRUE
Young_5_CTCGTTATCACCTGTC-1,Young,FAP1,0.432230100266727,0,-5.70481989093113,5.22952415779926,TRUE,TRUE
Young_2_CCTAAATCAGTAATAG-1,Young,FAP1,0.432661293499685,0,-6.65608856387425,3.8459992630849,TRUE,TRUE
Young_5_AGCGCTCAGTGTTGTA-1,Young,FAP1,0.432983499447999,0,-7.92562410540867,2.32783796624042,TRUE,TRUE
Young_1_ACCTTGCTCGAAGTGA-1,Young,FAP1,0.433465862958449,0,-6.60724994845677,5.86399223641254,TRUE,TRUE
Young_2_CCAAACCCAGGTTTGC-1,Young,FAP1,0.433477286256725,0.693147180559945,-5.68759033389378,5.57981111840106,TRUE,TRUE
Young_1_AGCAATTGTGCAATAT-1,Young,FAP3,0.433765091656087,0,-8.54223653979588,3.0130336506734,FALSE,TRUE
Young_1_CTTGAATCATATTGAC-1,Young,FAP3,0.433961650274096,0,-8.36737177081394,3.89056136444904,FALSE,TRUE
Young_5_AGCACTTAGTATCGCG-1,Young,FAP1,0.434106615864732,0,-7.31508371539402,6.74884178475238,TRUE,TRUE
Young_1_GCACATTAGGGTTATC-1,Young,FAP1,0.434639021052798,0,-6.47877285189915,3.67473175362445,TRUE,TRUE
Young_1_AAAGCCGCATAATCAC-1,Young,FAP2,0.435383483391762,0.693147180559945,-9.09048864550877,3.74577524498798,FALSE,TRUE
Young_3_TACGTACAGGAGCATA-1,Young,FAP1,0.43580361498233,1.38629436111989,-6.89255497165013,4.46961119011737,TRUE,TRUE
Young_3_CCTGAATAGGTGCGGA-1,Young,FAP1,0.436244238334102,0,-6.79423067279148,4.29933311776019,TRUE,TRUE
Young_4_GAGCCTTCAAGGATTA-1,Young,FAP1,0.436671918491784,0,-8.10174486346531,2.13703360394336,TRUE,TRUE
Young_4_TGGTTCCTCCGCAAGC-1,Young,FAP1,0.437155480046261,0,-7.90058538623142,2.30785467461444,TRUE,TRUE
Young_2_TTTATGGAGGCTAGAA-1,Young,FAP3,0.437346356533425,0,-8.46302530474949,4.29490616158343,FALSE,TRUE
Young_3_GTAGCGCTCAGCCAAT-1,Young,FAP1,0.438274139054812,0,-6.71947071261692,3.78512599305011,TRUE,TRUE
Young_2_GGTAAGGGTATTCGCT-1,Young,FAP1,0.440184187821387,1.09861228866811,-6.79305288501072,3.80103208855487,TRUE,TRUE
Young_5_GGTTGAGCAGAACCGA-1,Young,FAP1,0.440251735982343,0,-5.69259426303196,5.23203756646014,TRUE,TRUE
Young_2_GTCTAATCAAGGTAAC-1,Young,FAP1,0.440506619974125,1.09861228866811,-5.46478292651463,5.43670513466693,TRUE,TRUE
Young_3_TGATGAACATTATGGT-1,Young,FAP1,0.441117804595734,0,-5.69399759478855,5.22183372811176,TRUE,TRUE
Young_1_AATGGCGCAGTTTACG-1,Young,FAP3,0.441323937907434,0.693147180559945,-8.39551374621678,2.36488296822406,FALSE,TRUE
Young_2_ACTCACTGTTAGCAGC-1,Young,FAP1,0.441449091923511,0,-7.18944570727635,3.89442112282611,TRUE,TRUE
Young_1_ACATTAGTCGTTAACA-1,Young,FAP3,0.441868228574768,0,-8.02526781268406,2.38536097840167,FALSE,TRUE
Young_3_AGCTATATCAATTGGC-1,Young,FAP3,0.442868094674365,0.693147180559945,-8.59270212359715,3.05312874153949,FALSE,TRUE
Young_3_AGCGTGCTCAGGATGA-1,Young,FAP1,0.443986973206197,0.693147180559945,-5.66625950045872,5.31260874108173,TRUE,TRUE
Young_3_CCCAATTGTCATGCAA-1,Young,FAP3,0.44432629397584,0,-8.50860235400486,2.54370047882892,FALSE,TRUE
Young_5_CAGGTGGAGTCGCTAG-1,Young,FAP1,0.444327195081205,0,-5.69012090869236,5.21893646553851,TRUE,TRUE
Young_2_CAAACCGTCTCAATTC-1,Young,FAP1,0.444634621626991,0.693147180559945,-5.66922876544285,5.29759361580707,TRUE,TRUE
Young_5_CTAACCCTCCACCTGT-1,Young,FAP1,0.445476095238228,0.693147180559945,-5.68596861071873,5.56857254341937,TRUE,TRUE
Young_4_GGTACTAGTTGTTGCT-1,Young,FAP1,0.445932545539637,0,-6.29387161441136,3.5052633507619,TRUE,TRUE
Young_2_CTCTTGATCACGAATC-1,Young,FAP1,0.447412135678652,0,-7.79819318957615,1.94770374134875,TRUE,TRUE
Young_1_GGAACTAAGGTTTACA-1,Young,FAP1,0.447600704061096,0.693147180559945,-5.68113252826023,5.23534586266376,TRUE,TRUE
Young_2_TGGAACAAGCTCATAA-1,Young,FAP2,0.449043000718643,0.693147180559945,-9.09449693866062,3.70657231644489,FALSE,TRUE
Young_3_GCTAAGCGTAATCGTG-1,Young,FAP1,0.449573452394387,0.693147180559945,-5.7015425891428,5.14589025811053,TRUE,TRUE
Young_1_CAGGATGCATCGCTTT-1,Young,FAP1,0.450105860202878,0,-6.1288320750742,2.45502784088947,TRUE,TRUE
Young_1_GCACTTACAATATACC-1,Young,FAP1,0.450105883069375,0.693147180559945,-6.21993133731175,2.7358758671651,TRUE,TRUE
Young_2_CTGAATATCCTGGTCT-1,Young,FAP1,0.450105905935871,1.09861228866811,-6.07311365313816,2.35096599892474,TRUE,TRUE
Young_2_GCTGGATGTTAAATGC-1,Young,FAP1,0.450105928802367,0,-6.3228747577219,2.7727787716756,TRUE,TRUE
Young_3_CAAAGCGCAGCAGGTA-1,Young,FAP1,0.450105951668863,0.693147180559945,-6.24652025409031,2.78667166069843,TRUE,TRUE
Young_3_CGTTAACAGAATCTCA-1,Young,FAP1,0.45010597453536,0,-6.37050983615208,2.80762150124408,TRUE,TRUE
Young_3_GCAATAGAGGCGAATA-1,Young,FAP1,0.450105997401856,0,-6.23810503192234,2.58192159966327,TRUE,TRUE
Young_3_GCGAAGCCAATAATCC-1,Young,FAP1,0.450106020268352,0,-5.99017307467747,2.35865499810077,TRUE,TRUE
Young_3_GGAAGCTAGTTGGATC-1,Young,FAP1,0.450106043134849,0.693147180559945,-6.17749139972019,2.60703112915851,TRUE,TRUE
Young_5_CGCACAATCTCACAAA-1,Young,FAP1,0.450106066001345,0,-6.24676391787815,2.75101592377521,TRUE,TRUE
Young_5_CTTTGGTGTTAACAGT-1,Young,FAP1,0.450106088867841,0,-6.09060833163548,2.57914235428668,TRUE,TRUE
Young_5_GAAGTATAGGGTGGAT-1,Young,FAP1,0.450106111734337,0,-6.11307546801853,2.74347688988544,TRUE,TRUE
Young_5_GCTCGATCAATTTAGC-1,Young,FAP1,0.450106134600834,0,-6.1862723559885,2.33261706665851,TRUE,TRUE
Young_4_TCCATGCTCTTGCAAA-1,Young,FAP3,0.450355137417212,0.693147180559945,-8.35446188159275,2.31344678238727,FALSE,TRUE
Young_5_TCTGGCTTCCGGTTAG-1,Young,FAP1,0.450612772052311,0.693147180559945,-6.78013155169773,4.29592706993915,TRUE,TRUE
Young_3_CACGCTAAGTCAGGCC-1,Young,FAP3,0.451094750445598,1.38629436111989,-8.40536138720799,4.10633828476764,FALSE,TRUE
Young_2_AGTAATGCACTGACTA-1,Young,FAP1,0.451166340741498,0,-5.67767164416599,5.22887232140399,TRUE,TRUE
Young_1_CCTAAAGGTGGAGCAA-1,Young,FAP1,0.451572693543466,0,-6.74867222018528,3.78073623017169,TRUE,TRUE
Young_5_AGTTGGCGTTGGTTAG-1,Young,FAP1,0.451623088653316,1.09861228866811,-8.25856706805515,4.32817318276263,TRUE,TRUE
Young_2_ATGCTTAAGTGTGATC-1,Young,FAP1,0.451810847722475,0,-6.49700376696873,3.70951773957111,TRUE,TRUE
Young_3_GGTCATTAGTGAGCGG-1,Young,FAP1,0.452220368045841,0,-3.29576155848789,2.12080635861255,TRUE,TRUE
Young_1_GAGGCTTGTTCGGGAT-1,Young,FAP2,0.452220390912337,0,-3.47709080882359,2.12697281674243,FALSE,TRUE
Young_1_GACCTAAGTAAGCACC-1,Young,FAP2,0.452220413778834,0,-3.34229442782688,2.06272294358112,FALSE,TRUE
Young_1_TTGCAACAGTAACAGG-1,Young,FAP3,0.453197031783617,0,-8.39708540149021,4.07972600296832,FALSE,TRUE
Young_5_TCCATATTCTTGACCC-1,Young,FAP1,0.454266581576239,0,-7.0686661929636,0.698759429014694,TRUE,TRUE
Young_3_GGGCATGAGTAACTCA-1,Young,FAP2,0.454413197211854,0.693147180559945,-9.10293791003513,3.72552659348346,FALSE,TRUE
Young_3_ACCCAACCATGGAGGC-1,Young,FAP1,0.454507412689943,0,-5.97971269793797,4.34988310173846,TRUE,TRUE
Young_3_CTTGAATCAGAAATGC-1,Young,FAP2,0.455593666514716,2.77258872223978,-9.65585539050388,4.81029798821307,FALSE,TRUE
Young_2_TGAGCACGTCTTGCAT-1,Young,FAP1,0.456160919582876,0,-7.25692770190525,1.24939730004169,TRUE,TRUE
Young_4_TCACCGGCAATTAGGA-1,Young,FAP1,0.45632284125239,0,-6.27304670520115,3.4951908810506,TRUE,TRUE
Young_5_AACCGCTCAAACATAG-1,Young,FAP1,0.456360261020531,0.693147180559945,-7.38818523593235,1.2791424019704,TRUE,TRUE
Young_2_CCATAGCCAATACTGT-1,Young,FAP1,0.456757877354942,0,-5.66936132617283,5.22981026009418,TRUE,TRUE
Young_5_CCTGTATGTAAATTGC-1,Young,FAP1,0.457917882098766,1.09861228866811,-6.63698026843357,3.85230042771198,TRUE,TRUE
Young_1_CATAGGTTCCTCATGC-1,Young,FAP1,0.457953407121039,0,-5.6894051761179,5.14607622460223,TRUE,TRUE
Young_5_TGTGGCGGTCTAACCT-1,Young,FAP1,0.458459337620677,0,-6.00664589114475,4.40193130806781,TRUE,TRUE
Young_5_GAAAGGCTCACGCCAA-1,Young,FAP1,0.458815090420617,0.693147180559945,-6.88596079058933,4.49194576577045,TRUE,TRUE
Young_1_AGTAGGATCGGCTATG-1,Young,FAP3,0.459373425181796,0,-8.44629308886814,4.30323841408588,FALSE,TRUE
Young_5_CCCAGTTTCTTACTCG-1,Young,FAP1,0.45958041226429,0,-6.97923681445408,0.520153604305755,TRUE,TRUE
Young_2_CTTAATGAGTCTTGAA-1,Young,FAP3,0.45966637510119,0,-8.55551359362888,3.04378321007587,FALSE,TRUE
Young_1_ACCTGGTCATCCTGAA-1,Young,FAP1,0.459869200686958,0,-5.65367386050511,5.2098441346059,TRUE,TRUE
Young_1_AGCTAGTTCCAAATCA-1,Young,FAP1,0.459869223553454,1.38629436111989,-5.41020223803807,5.35053970650531,TRUE,TRUE
Young_1_CATAAGCTCCATAAGC-1,Young,FAP1,0.45986924641995,0,-5.61090156741429,5.26985838250018,TRUE,TRUE
Young_1_CGCACAATCGTCCTTA-1,Young,FAP1,0.459869269286446,0,-5.41394111819554,5.27001478508807,TRUE,TRUE
Young_1_GCCTCAAAGGATTGAG-1,Young,FAP1,0.459869292152943,0.693147180559945,-5.50201484866429,5.28630544976093,TRUE,TRUE
Young_1_GCGGTTGGTGCATTAG-1,Young,FAP1,0.459869315019439,0.693147180559945,-5.49567339129734,5.22657778099872,TRUE,TRUE
Young_1_TCGTTACGTTCCGGGA-1,Young,FAP1,0.459869337885935,0.693147180559945,-5.50179264254856,5.2905063851247,TRUE,TRUE
Young_1_TGAGCTTAGGCGGGTA-1,Young,FAP1,0.459869360752431,0,-5.48961851306248,5.3510565979848,TRUE,TRUE
Young_2_AGACTATGTTGCAATG-1,Young,FAP1,0.459869383618928,0.693147180559945,-5.51069185443211,5.20915319756366,TRUE,TRUE
Young_2_TCAACAATCCATAATG-1,Young,FAP1,0.459869406485424,0.693147180559945,-5.40518734164524,5.34702303246356,TRUE,TRUE
Young_2_TGGCCATCAGGATTAA-1,Young,FAP1,0.45986942935192,0.693147180559945,-5.62320253558445,5.19119980172015,TRUE,TRUE
Young_3_CAAGGGAGTACCGTTT-1,Young,FAP1,0.459869452218416,0.693147180559945,-5.67264673419285,5.19204571083881,TRUE,TRUE
Young_3_CCACAGGGTTGGTTGA-1,Young,FAP1,0.459869475084913,0,-5.58727237887669,5.24386455849506,TRUE,TRUE
Young_3_CGTAACTAGCTAAGTC-1,Young,FAP1,0.459869497951409,0.693147180559945,-5.44436762042332,5.28341390923358,TRUE,TRUE
Young_3_TGGAACAAGCACGTTG-1,Young,FAP1,0.459869520817905,0,-5.4933225841074,5.36395265892841,TRUE,TRUE
Young_3_TTGCGTCTCTTAGTCT-1,Young,FAP1,0.459869543684401,0.693147180559945,-5.53102895922947,5.21181251839496,TRUE,TRUE
Young_4_AGTGGACAGTAACAGG-1,Young,FAP1,0.459869566550898,1.09861228866811,-5.6148259372263,5.17346670464374,TRUE,TRUE
Young_5_CAGCCTAAGTCACTAA-1,Young,FAP1,0.459869589417394,0.693147180559945,-5.53820059008885,5.31955768898822,TRUE,TRUE
Young_5_CGGGACAAGACTATTG-1,Young,FAP1,0.45986961228389,0,-5.55827781863499,5.32004263237811,TRUE,TRUE
Young_5_GAGGTAGGTGGTTCCC-1,Young,FAP1,0.459869635150386,0,-5.52107164569187,5.24147131279803,TRUE,TRUE
Young_5_GTTAAGCTCGGTACGC-1,Young,FAP1,0.459869658016883,0,-5.4678909511118,5.25295402840472,TRUE,TRUE
Young_5_TACTGACAGTCAGTAC-1,Young,FAP1,0.459869680883379,1.09861228866811,-5.58166477389622,5.287315390862,TRUE,TRUE
Young_5_TTTAAGCCAAACCTAT-1,Young,FAP1,0.459886224582821,0,-8.19608804889012,2.21879842118121,TRUE,TRUE
Young_1_ACACTAATCTCACATT-1,Young,FAP3,0.460250740346314,0,-8.45189592547703,2.97802307442523,FALSE,TRUE
Young_3_ATAGATGCAACTAGAA-1,Young,FAP1,0.46157016902371,0,-6.66167137332249,4.10609152153827,TRUE,TRUE
Young_3_GATTGTTCATCCAGGT-1,Young,FAP3,0.463213757129403,0,-8.55814001269627,3.04851128891803,FALSE,TRUE
Young_5_ATCCGTGAGAAAGCAT-1,Young,FAP1,0.463589210461994,0,-7.17589924044895,1.23751052454806,TRUE,TRUE
Young_1_CTTGCATGTTTATGGG-1,Young,FAP2,0.464842745710533,0.693147180559945,-9.1007616252451,3.66937854126788,FALSE,TRUE
Young_3_CTGGACCAGATAGACG-1,Young,FAP1,0.465291391938709,0.693147180559945,-6.15179512210179,3.38560440377093,TRUE,TRUE
Young_3_ACGCTTGAGTAAGGGC-1,Young,FAP1,0.466202060538444,1.38629436111989,-6.81705162234593,3.78454758957721,TRUE,TRUE
Young_3_TTTAACGAGGTAGCTT-1,Young,FAP1,0.466556425395616,0,-5.53908464618016,5.46019460991718,TRUE,TRUE
Young_5_CTGTGTGAGGGCTTAT-1,Young,FAP1,0.466627517032296,0,-5.75847456164646,5.59513761834003,TRUE,TRUE
Young_4_GCTTTCATCAATGAGG-1,Young,FAP1,0.466627562765289,1.79175946922806,-5.50234720416355,5.43752720192767,TRUE,TRUE
Young_2_GGCTAGACATTGCGGT-1,Young,FAP1,0.466886448094621,0,-6.95038959689427,4.61580231026508,TRUE,TRUE
Young_5_GGCGGTAAGACAGGTA-1,Young,FAP1,0.467905240161865,0,-5.44577142901707,5.40162231758929,TRUE,TRUE
Young_2_TTGCAGCCAAGGTGGC-1,Young,FAP1,0.468183737582108,1.79175946922806,-8.22980138964939,4.17531826332904,TRUE,TRUE
Young_3_TGTTAGCAGATGGACA-1,Young,FAP1,0.468336737290162,0.693147180559945,-7.37070820040989,2.18310251072742,TRUE,TRUE
Young_5_GATTGCAGTCAAAGGG-1,Young,FAP1,0.473165210279862,0,-7.31101629443455,2.0393278820882,TRUE,TRUE
Young_2_ACCCAACCATTGCAGC-1,Young,FAP3,0.473383041251518,0,-8.38212129779148,2.38686516121722,FALSE,TRUE
Young_3_GCCAGGTTCCTTGAGG-1,Young,FAP1,0.47580489057353,1.6094379124341,-5.64503977008152,5.51750185326434,TRUE,TRUE
Young_3_AGCCGGTTCCCATAGG-1,Young,FAP3,0.477225211842967,0,-8.35181352801609,3.97794058159686,FALSE,TRUE
Young_5_CTTTGGTGTTCACCCA-1,Young,FAP3,0.477860455166904,0.693147180559945,-8.28118440814304,2.23679151371814,FALSE,TRUE
Young_3_AGTGCCGGTTTGCTGT-1,Young,FAP1,0.479225908956677,0,-7.68630335040379,1.90196230248309,TRUE,TRUE
Young_2_GTTAAACGTCACCAAA-1,Young,FAP3,0.479867378510657,0,-8.4433204860239,2.98939730957843,FALSE,TRUE
Young_3_CCTTCGGTCTTAGCGG-1,Young,FAP1,0.479950459338533,0,-5.77554628558445,5.59427215889789,TRUE,TRUE
Young_3_ACAACAACAGTTTACG-1,Young,FAP1,0.480349875589563,0,-6.08295843310642,3.33324339226581,TRUE,TRUE
Young_5_TAATCACCAGGCTTCG-1,Young,FAP2,0.481790850731306,1.09861228866811,-9.68794748492527,4.75518848732806,FALSE,TRUE
Young_5_CATAATCCAGGTCCTG-1,Young,FAP2,0.481790873597802,0,-9.75024149127293,4.66016008690692,FALSE,TRUE
Young_3_GGACTAAAGCTGTAAC-1,Young,FAP2,0.481790896464299,1.09861228866811,-9.67792532153416,4.74843790367938,FALSE,TRUE
Young_3_CTACCGGCATTCCTCG-1,Young,FAP2,0.481790919330795,0.693147180559945,-9.86842844195652,4.6491203530202,FALSE,TRUE
Young_3_ATAATGGCAGTCTATG-1,Young,FAP2,0.481790942197291,0,-9.65707513995457,4.74929764107562,FALSE,TRUE
Young_2_TTCAGGTAGCGCCTTT-1,Young,FAP2,0.481790965063787,0,-9.7775490016489,4.73518516854144,FALSE,TRUE
Young_2_TTCAGCACATTGACAT-1,Young,FAP2,0.481790987930284,0,-9.68754503436375,4.75233700112201,FALSE,TRUE
Young_2_GAGGACTAGTTAGTTG-1,Young,FAP2,0.48179101079678,0,-9.65270063586521,4.74956848458148,FALSE,TRUE
Young_2_CTTATGTTCTCCATAT-1,Young,FAP2,0.481791033663276,0,-9.70668241687107,4.73151113823749,FALSE,TRUE
Young_2_ACTCACTGTGCTTACT-1,Young,FAP2,0.481791056529772,0,-9.73451921649265,4.68587543801166,FALSE,TRUE
Young_2_ACGCACGGTCACACCC-1,Young,FAP2,0.481791079396269,1.09861228866811,-9.73641321368504,4.80751850441791,FALSE,TRUE
Young_1_GATGCATTCGGTTAGT-1,Young,FAP2,0.481791102262765,0,-9.69813368029881,4.82942201927997,FALSE,TRUE
Young_1_GATAAAGGTTACAAAC-1,Young,FAP2,0.481791125129261,0.693147180559945,-9.90709612078953,4.55410530403949,FALSE,TRUE
Young_1_GACGCAACAGGATAAC-1,Young,FAP2,0.481791147995757,0,-9.68305132098484,4.70690824822284,FALSE,TRUE
Young_1_AGTTATGTCGGCTAGC-1,Young,FAP2,0.481791170862254,0,-9.81112596698093,4.60203554467059,FALSE,TRUE
Young_1_AAGACAAGTACCTTAC-1,Young,FAP2,0.48179119372875,0.693147180559945,-9.77566454119968,4.69621565178729,FALSE,TRUE
Young_2_TGAAGTGAGCCTGATG-1,Young,FAP1,0.481944904925393,0,-5.47101041980076,5.40517093972064,TRUE,TRUE
Young_1_TGTGCTGAGGTCAAAG-1,Young,FAP1,0.481989672997558,0,-7.05587551303196,0.63029890493251,TRUE,TRUE
Young_5_GTACTTAAGCTCATAA-1,Young,FAP1,0.482649182215933,0,-5.65375206179905,5.51702167824603,TRUE,TRUE
Young_4_GATTGTTCAGTCTATG-1,Young,FAP1,0.484609816595475,0,-7.91547414965916,2.05654706791736,TRUE,TRUE
Young_3_TCGCGAGGTTTGGGCG-1,Young,FAP2,0.485314181658256,0,-9.1622793406992,3.88851024941302,FALSE,TRUE
Young_3_CAAACGCGTCAAAGAA-1,Young,FAP1,0.48532250224986,0,-7.56554672427464,3.94879176453448,TRUE,TRUE
Young_1_TGTGGAGCATAAGTTC-1,Young,FAP1,0.48632480741801,0,-7.60753795810032,2.08050753907062,TRUE,TRUE
Young_1_TTTGTGTTCAAAGGCA-1,Young,FAP1,0.486324830284507,0,-7.52887985415745,2.05607690647937,TRUE,TRUE
Young_2_AACTACTCAATTGAAG-1,Young,FAP1,0.486324853151003,0.693147180559945,-7.45635626025486,2.22225501374103,TRUE,TRUE
Young_2_ATGACTCAGCTTGCTC-1,Young,FAP1,0.486324876017499,1.09861228866811,-7.38743564791966,2.13195397690631,TRUE,TRUE
Young_2_CGGACCTAGTATCGCG-1,Young,FAP1,0.486324898883995,0,-7.31477520175266,2.00674214199878,TRUE,TRUE
Young_2_TACTTCGTCCGGAACC-1,Young,FAP1,0.486324921750492,1.38629436111989,-7.51389858432102,2.15889837578632,TRUE,TRUE
Young_2_TCAAACCAGTGAAGTG-1,Young,FAP1,0.486324944616988,0,-7.43936273761082,2.22157325581409,TRUE,TRUE
Young_3_ATGTGAGAGCTAGAAG-1,Young,FAP1,0.486324967483484,0,-7.44808075137425,2.03117325142718,TRUE,TRUE
Young_3_CGAAGTAAGCACTTGG-1,Young,FAP1,0.48632499034998,0.693147180559945,-7.34143850512791,1.89847590760089,TRUE,TRUE
Young_3_GTTCGCGCATTAAGCT-1,Young,FAP1,0.486325013216477,0,-7.60300466723728,1.97091247872211,TRUE,TRUE
Young_3_TTGAGGCGTCTTGCAT-1,Young,FAP1,0.486325036082973,0,-7.49480220980931,2.01460292176105,TRUE,TRUE
Young_5_AAATGGCCATTGCGGT-1,Young,FAP1,0.486325058949469,0.693147180559945,-7.49823782153416,2.04627456501819,TRUE,TRUE
Young_5_ACACGGACAATGCGCT-1,Young,FAP1,0.486325081815966,0.693147180559945,-7.33529922671604,1.92198457554675,TRUE,TRUE
Young_5_CCAGGAACACCTACTT-1,Young,FAP1,0.486325104682462,0.693147180559945,-7.43484327502537,2.04705908135272,TRUE,TRUE
Young_5_GATTAAGCAAATACCT-1,Young,FAP1,0.486325127548958,0,-7.44581434436131,2.19993855789996,TRUE,TRUE
Young_5_GGTTATATCGGTTAGT-1,Young,FAP1,0.486325150415454,0,-7.45975038714695,2.10105838612415,TRUE,TRUE
Young_1_GTCCTAGAGAAAGGAA-1,Young,FAP1,0.489089867266743,0.693147180559945,-7.87777731128025,2.24809946850635,TRUE,TRUE
Young_4_TGAGTTTCATAAGTTC-1,Young,FAP1,0.489168970035085,0,-7.89131471820164,2.25688817337848,TRUE,TRUE
Young_2_TACTGAGGTTACAAAC-1,Young,FAP3,0.489744775259057,0,-8.4739601344614,3.01747944191791,FALSE,TRUE
Young_5_CAAGGCCTCTTACTCG-1,Young,FAP1,0.492604270960409,1.09861228866811,-6.83069679446507,4.44550325707294,TRUE,TRUE
Young_3_CGGGCTTAGACAGGTA-1,Young,FAP1,0.49267749408903,0,-8.05742857165623,2.15638651684619,TRUE,TRUE
Young_3_ATTTGTGAGTTGTCAA-1,Young,FAP2,0.492792733719249,0.693147180559945,-9.70138761706638,4.6073894722829,FALSE,TRUE
Young_1_ATTGCGCCAAAGCCTC-1,Young,FAP3,0.49292686413066,0,-8.39792272754002,4.22203280762531,FALSE,TRUE
Young_3_CAGGCTGGTGCTCCAC-1,Young,FAP2,0.493238208270286,1.38629436111989,-9.71822378344822,4.59909536675311,FALSE,TRUE
Young_1_AAGGTGCAGACTCGCA-1,Young,FAP2,0.493398512105368,0.693147180559945,-9.8645441264658,4.53485729531146,FALSE,TRUE
Young_5_CTTTGGTGTTCATTTG-1,Young,FAP1,0.493818196733116,0,-5.54025051303196,5.43764498070575,TRUE,TRUE
Young_3_CTCATGCTCGAAGTGA-1,Young,FAP1,0.49410445064329,1.79175946922806,-8.39379713244724,4.20921947792865,TRUE,TRUE
Young_2_ATCGGCCAGTTAGCCG-1,Young,FAP1,0.494343467004572,0,-8.8427049846201,1.96360232666827,TRUE,TRUE
Young_3_GACAATACAATAGTCT-1,Young,FAP3,0.495025799975398,1.94591014905531,-8.23280546374607,4.10513999298907,FALSE,TRUE
Young_2_AACTCACAGTTGGGCC-1,Young,FAP1,0.495136408510408,0.693147180559945,-5.86191436953831,3.67972543076373,TRUE,TRUE
Young_5_CAAACACTCCCGTTTA-1,Young,FAP1,0.495560523328296,0.693147180559945,-7.67747089572239,1.91028454140521,TRUE,TRUE
Young_1_GATTAAGCATTTGCTC-1,Young,FAP3,0.496395025901436,0,-8.39059087939549,2.96988084153033,FALSE,TRUE
Young_3_GATTAGTGTTTATCTG-1,Young,FAP3,0.496465158646255,0,-8.27805158801365,4.26269438103534,FALSE,TRUE
Young_2_CTCATTAGTTACAACG-1,Young,FAP2,0.497967608597886,0,-9.77272054858494,4.56529905632831,FALSE,TRUE
Young_1_ACTCCTCAGACTCGCA-1,Young,FAP3,0.49807700136002,0,-8.32860681720066,3.9555967076192,FALSE,TRUE
Young_1_ATCCCGCGTTTAGCGA-1,Young,FAP1,0.49853649778337,0,-6.59598800845433,3.8524096234212,TRUE,TRUE
Young_5_CGCTAATAGGCATTAC-1,Young,FAP1,0.499521533747601,0,-5.57660314746189,5.4551472885976,TRUE,TRUE
Young_4_GGTTATATCTTTAGGA-1,Young,FAP1,0.50032432541594,0,-7.12344190783787,0.729668550051223,TRUE,TRUE
Young_3_GCATTAGGTGTTGCAA-1,Young,FAP1,0.500486074302921,0.693147180559945,-7.39719555087376,1.3190125449071,TRUE,TRUE
Young_1_AGACTATGTTTATTCG-1,Young,FAP3,0.500786497586851,0,-8.34839842028904,2.94667317704059,FALSE,TRUE
Young_4_TCTAATCTCAATCTCT-1,Young,FAP2,0.500881455649044,0,-9.09741899676609,3.49627401665546,FALSE,TRUE
Young_1_AAACGGATCACTAAGC-1,Young,FAP2,0.501992072802354,1.09861228866811,-9.76562807269383,4.55988933876849,FALSE,TRUE
Young_5_AGGTTTATCACTCAAA-1,Young,FAP1,0.502075198215374,0.693147180559945,-5.84791776843357,3.68281271294452,TRUE,TRUE
Young_5_CTGGTTTGTTTGGGTA-1,Young,FAP1,0.50300707005041,0.693147180559945,-7.03229829974461,0.551988966620933,TRUE,TRUE
Young_2_CTCATTAGTTTACTTG-1,Young,FAP1,0.503131017344411,1.38629436111989,-5.74031803317356,5.55281021431781,TRUE,TRUE
Young_3_GCTCGATCAAGCTTAT-1,Young,FAP1,0.503583132415208,0.693147180559945,-6.58278343386936,4.03066017464496,TRUE,TRUE
Young_3_CGTGCTTTCATAGCCG-1,Young,FAP1,0.504260552694102,0.693147180559945,-5.71730968661595,5.53768780068256,TRUE,TRUE
Young_5_TCATGCCTCTGCAAAC-1,Young,FAP3,0.5054073174782,0,-8.41244909472752,2.99160387352802,FALSE,TRUE
Young_5_GGGAATATCGCAACAT-1,Young,FAP1,0.505510900220697,1.38629436111989,-8.28339883990574,2.27703001335956,TRUE,TRUE
Young_3_GCCGTGAGTAACGGGA-1,Young,FAP1,0.505731455367272,0.693147180559945,-8.46148798175144,2.55262591675616,TRUE,TRUE
Young_1_CGTGACATCGCTTCTA-1,Young,FAP1,0.507180089563464,0.693147180559945,-5.71591684527683,5.5343389733205,TRUE,TRUE
Young_3_CAATGTGGTCAAAGAA-1,Young,FAP2,0.507458532901787,1.38629436111989,-9.77243158526707,4.54536297158099,FALSE,TRUE
Young_1_CACATAATCCTGAGTG-1,Young,FAP1,0.507485909964295,0.693147180559945,-6.32285234637547,3.59442617729999,TRUE,TRUE
Young_3_TCTAAGGGTCCTTAGT-1,Young,FAP1,0.508332831932147,0.693147180559945,-6.73126289553929,3.72814752892352,TRUE,TRUE
Young_2_ACCCAGGGTCTTGCTG-1,Young,FAP1,0.508339419411409,0.693147180559945,-5.70857164569187,5.52882959679462,TRUE,TRUE
Young_1_CTCCCTGAGGTCCTGA-1,Young,FAP1,0.509183478623586,0,-5.76074955172825,5.56021740273334,TRUE,TRUE
Young_5_CAAGACAAGCCACATG-1,Young,FAP1,0.510347524867683,0,-6.98994085498142,3.78807642296649,TRUE,TRUE
Young_1_CAGATTCAGGGTCCAC-1,Young,FAP2,0.510430855797837,0,-9.84551355548191,4.50716450051166,FALSE,TRUE
Young_1_AGCACAGCAAGGTGGC-1,Young,FAP1,0.510641983561896,0.693147180559945,-6.35290262408543,3.62690284088947,TRUE,TRUE
Young_1_TTGCGTCTCACCTGTC-1,Young,FAP2,0.510930790758449,0.693147180559945,-9.57151338763523,4.62576582268573,FALSE,TRUE
Young_5_CTCTATGTCGGTTAGT-1,Young,FAP1,0.511460135509837,0,-7.13508817858982,1.26936682299472,TRUE,TRUE
Young_5_ACCGGTTCAGTTTACG-1,Young,FAP1,0.511888766315589,0.693147180559945,-7.00472137637425,0.485384769595634,TRUE,TRUE
Young_3_TCCTGGTTCCCGCATT-1,Young,FAP1,0.51223331312549,0.693147180559945,-7.24031898684788,3.8461373074422,TRUE,TRUE
Young_2_AGTAACCTCTTGTCTG-1,Young,FAP2,0.512493841040731,1.09861228866811,-8.39258119769383,4.26850774124957,FALSE,TRUE
Young_2_CTTGGACCAATTGAAG-1,Young,FAP2,0.512632195449641,0,-9.56493875689793,4.6250405533681,FALSE,TRUE
Young_1_AGGATTGAGCATGTTA-1,Young,FAP1,0.512956973576685,0.693147180559945,-6.82161781497288,3.74573471382953,TRUE,TRUE
Young_3_TGTATCGCAAACCTTG-1,Young,FAP1,0.513641240657416,1.38629436111989,-6.6100856990366,3.88111426667072,TRUE,TRUE
Young_3_CATGGATTCAGGGCCT-1,Young,FAP1,0.514075060747142,0,-6.7464587420969,4.33060028389789,TRUE,TRUE
Young_3_TCAATCGCACCAACCG-1,Young,FAP1,0.514491721257124,2.30258509299405,-6.40213463015843,3.67880418137408,TRUE,TRUE
Young_3_CTTACCTCACCGTTCC-1,Young,FAP1,0.514673043149854,1.09861228866811,-6.84776661105442,4.50759031609393,TRUE,TRUE
Young_1_GCAGCAACATCCTAGA-1,Young,FAP1,0.515132985353944,1.09861228866811,-5.48056003756809,5.38272239998676,TRUE,TRUE
Young_2_AGGGTTGCAGGCTAAG-1,Young,FAP3,0.515577535640498,0,-8.49635622210789,3.05400159195758,FALSE,TRUE
Young_1_TAGCTTAAGGATCCGC-1,Young,FAP3,0.516450468437696,0,-8.33335611529637,2.36882283524371,FALSE,TRUE
Young_3_AGGGCTACATTGTGTG-1,Young,FAP1,0.516615912198926,0,-6.9971329898386,0.463423259414207,TRUE,TRUE
Young_5_ACCATAATCTCGACCT-1,Young,FAP3,0.520512970024522,0,-7.51477262683201,3.77710797623492,FALSE,TRUE
Young_1_AACATTGTCATGAGCT-1,Young,FAP1,0.521573956956883,0.693147180559945,-6.21438333697605,3.50238826111652,TRUE,TRUE
Young_5_CCATCATGTGTTGTAG-1,Young,FAP2,0.522609005953655,0,-9.54474565692234,4.6127696259389,FALSE,TRUE
Young_1_CAATGACTCCTAGTCC-1,Young,FAP2,0.52268875805427,0.693147180559945,-9.18563291735935,3.84325029686786,FALSE,TRUE
Young_1_AAGGATGTCAGGCCTA-1,Young,FAP2,0.523114601822204,0,-9.76222917743015,4.51672413185931,FALSE,TRUE
Young_2_ACGTCAAGTTAAGTGT-1,Young,FAP1,0.525451577105668,1.09861228866811,-5.63657591052342,3.65912248925067,TRUE,TRUE
Young_5_CTCCAACTCGCTAAAC-1,Young,FAP1,0.525789463125085,0,-5.7226402492075,3.67728426293231,TRUE,TRUE
Young_3_TTGTTTGGTTTACCGT-1,Young,FAP3,0.526567634851769,0.693147180559945,-8.33521768756199,4.08230998352863,FALSE,TRUE
Young_3_TGTCAATCATCATGGC-1,Young,FAP1,0.526772265274695,0,-6.71820852465916,3.70930006340839,TRUE,TRUE
Young_4_CTTGCAACAGTAGGAT-1,Young,FAP1,0.528544325890054,0,-8.02907583422947,2.1687988264928,TRUE,TRUE
Young_3_CGGTTCCGTGAATCGC-1,Young,FAP3,0.529058776645305,0,-8.41201040454197,3.01164891556598,FALSE,TRUE
Young_5_TAGCCTCTCCGTCCAT-1,Young,FAP1,0.52907023364085,0,-5.53485748477268,3.64112784699298,TRUE,TRUE
Young_3_CCAGCTAAGTGAACAG-1,Young,FAP1,0.529481156319558,0,-8.1319362849741,2.83290769890643,TRUE,TRUE
Young_3_GTCCTCAGTTTGGGCG-1,Young,FAP1,0.529612709106367,1.09861228866811,-7.17205259509373,3.81503631905414,TRUE,TRUE
Young_1_ATATGCATCACCATTT-1,Young,FAP1,0.530229604862083,0,-7.7930690974741,2.15716411904193,TRUE,TRUE
Young_2_GACTATTCAATTGAAG-1,Young,FAP2,0.53081046553466,1.38629436111989,-9.71075842089939,4.52293398217059,FALSE,TRUE
Young_3_GGCCTCTGTTTGCAGA-1,Young,FAP1,0.531044941986254,0,-7.94047662921238,2.2529030068288,TRUE,TRUE
Young_5_CCCAAATAGCTAATTG-1,Young,FAP1,0.531802586324753,0,-7.45933267779637,1.35986831024982,TRUE,TRUE
Young_3_AGTCCTGAGGCAATAG-1,Young,FAP3,0.533269574358742,1.09861228866811,-8.3455593318491,2.97277285889484,FALSE,TRUE
Young_3_GTCGAAGCAGGCCAAA-1,Young,FAP1,0.533588983454771,0.693147180559945,-5.79125044055271,5.55815698937274,TRUE,TRUE
Young_2_AAGCGCTGTTACTTGC-1,Young,FAP1,0.533712282976335,0.693147180559945,-7.01636669345188,3.77443458870746,TRUE,TRUE
Young_3_GGTACAAAGGAACGCG-1,Young,FAP3,0.535598751585669,0,-8.40144369311619,3.01051189736224,FALSE,TRUE
Young_5_ATCATCAAGGCTTAAC-1,Young,FAP1,0.536322375266505,0.693147180559945,-6.62181684680271,4.14660050705768,TRUE,TRUE
Young_1_GAGGCAAGTGCACGCA-1,Young,FAP1,0.53694677266484,0,-5.75139305300999,5.53076460198261,TRUE,TRUE
Young_1_CTTCACTCACAGAAAC-1,Young,FAP1,0.536966407237791,0,-6.53230735965061,3.82819034890033,TRUE,TRUE
Young_1_CTACAACAGTTATCCT-1,Young,FAP3,0.538827161276708,0,-8.38166544146824,2.47329618767596,FALSE,TRUE
Young_1_AGGTTGCGTCGCGCAA-1,Young,FAP1,0.538901223739544,0,-7.22580167956639,1.31333788470126,TRUE,TRUE
Young_5_TGGATTGGTAGCCTCC-1,Young,FAP1,0.540469701127064,0,-6.43624326892185,3.73780705765582,TRUE,TRUE
Young_5_CGATTCCTCGGGACCT-1,Young,FAP1,0.540853878726304,0,-6.22551891513157,3.53232672051288,TRUE,TRUE
Young_5_TATAACCCACGAACAG-1,Young,FAP3,0.54094568627448,0.693147180559945,-8.34127828784275,4.15743639305927,FALSE,TRUE
Young_4_CAGCCTAAGGATTGAG-1,Young,FAP1,0.54150191044744,0,-7.82250806994724,2.1666939480672,TRUE,TRUE
Young_3_CTGGTCAAGCGTGCGT-1,Young,FAP1,0.541707027742762,1.09861228866811,-7.49403736300755,1.37618126705981,TRUE,TRUE
Young_1_GCTAACAGTTGTTGTC-1,Young,FAP3,0.542466987071317,0,-8.36633703418064,4.265582345284,FALSE,TRUE
Young_1_CTCACACTCCCGAAGC-1,Young,FAP3,0.543376223809129,1.09861228866811,-8.42668077655125,3.03333451584674,FALSE,TRUE
Young_5_ATCGCCCGTTCGGGAT-1,Young,FAP1,0.545646654182666,0.693147180559945,-7.20739195056248,3.80977489785052,TRUE,TRUE
Young_4_AACATAGCATCCATCT-1,Young,FAP1,0.546136949103794,0,-8.55930063433933,2.00347485379077,TRUE,TRUE
Young_5_ACCTTCCAGGAATAAC-1,Young,FAP1,0.547694946346128,0,-7.32020494647312,1.34214927986957,TRUE,TRUE
Young_3_AACCTCACAGCCTGCA-1,Young,FAP2,0.548084754231216,1.6094379124341,-9.65755293078709,4.50965406731464,FALSE,TRUE
Young_2_CGATCCTTCGGTTTCC-1,Young,FAP1,0.548686355457638,0,-7.11456415362644,3.78505804375507,TRUE,TRUE
Young_1_GTATTGCAGGCTACTG-1,Young,FAP1,0.549966721396431,1.09861228866811,-7.49762794680882,3.86668994263507,TRUE,TRUE
Young_3_CCAGCCTGTTACTAGG-1,Young,FAP1,0.552177861319655,0,-7.78233263202,2.13119270638324,TRUE,TRUE
Young_2_TTCCTTGAGTAACGAG-1,Young,FAP3,0.553300464409808,0.693147180559945,-8.3037473887949,4.04661300019122,FALSE,TRUE
Young_1_CTTGAACAGTTAACCA-1,Young,FAP1,0.55410905983007,0.693147180559945,-5.89061615176487,3.73662330941058,TRUE,TRUE
Young_5_TCTAACTTCGCTTCTA-1,Young,FAP1,0.554777359516073,0.693147180559945,-6.95849535174656,3.74266555146075,TRUE,TRUE
Young_5_TATGACATCAAGACTC-1,Young,FAP1,0.556516410327977,0,-7.08569261737156,0.568409614122879,TRUE,TRUE
Young_5_GCACGAACAGTACCGT-1,Young,FAP2,0.55662439706199,0,-9.47846147723484,4.56981327370502,FALSE,TRUE
Young_1_GTTTCAGCAGCAAGGC-1,Young,FAP1,0.557148040728877,0,-5.6184971065073,3.68274690941669,TRUE,TRUE
Young_1_GGCTCAATCACGCATG-1,Young,FAP1,0.557461591019846,1.38629436111989,-5.58114549823094,3.67526223496295,TRUE,TRUE
Young_4_CATCCTCAGAACAAGT-1,Young,FAP3,0.557677743242534,1.38629436111989,-8.35388872332859,4.26766803101398,FALSE,TRUE
Young_1_ATTATCCTCGATTTAG-1,Young,FAP1,0.557690822907938,0.693147180559945,-7.50673267550755,4.01532986000873,TRUE,TRUE
Young_4_GCAATCTAGTTAGCTA-1,Young,FAP2,0.558760265140681,0,-9.15666029162693,3.54169990853168,FALSE,TRUE
Young_5_CTCTTGATCAGCACCA-1,Young,FAP1,0.55898988290593,0,-7.07284996218968,0.540038369453918,TRUE,TRUE
Young_3_GCCTTTGGTTGGGTTA-1,Young,FAP1,0.560899820784244,1.09861228866811,-6.95264885134983,1.27065750197269,TRUE,TRUE
Young_3_CTATTACTCACTAAGC-1,Young,FAP2,0.562517692771031,1.38629436111989,-9.58065340228367,4.51272775963641,FALSE,TRUE
Young_3_GTTGGAGCAAACCTAT-1,Young,FAP1,0.56253000612932,0,-5.56126281924534,5.39193155602313,TRUE,TRUE
Young_1_CTCCTAATCGGTAACT-1,Young,FAP1,0.564213871183964,1.09861228866811,-7.47587463565159,3.78616788224078,TRUE,TRUE
Young_2_TCAGCGATCAAGGACA-1,Young,FAP1,0.565552726394268,0.693147180559945,-7.30407640643406,1.35382916764117,TRUE,TRUE
Young_5_GTCCTAGAGTATGTGC-1,Young,FAP2,0.565642943775928,0,-9.40106222338963,4.58455040291644,FALSE,TRUE
Young_1_GCATTGCCAGGCTACT-1,Young,FAP1,0.567248073105514,0,-5.37444803424168,3.6407978756795,TRUE,TRUE
Young_1_CGCATATAGAAGCTAG-1,Young,FAP1,0.567319135053212,0,-8.01583692736912,2.193609855927,TRUE,TRUE
Young_1_GGCAATCGTGCTTAGA-1,Young,FAP3,0.568237624605626,0,-8.32768270678806,4.19704248741962,FALSE,TRUE
Young_2_GCCTGTGCAGCAAGTG-1,Young,FAP1,0.568378698165162,0,-5.65459701724339,3.69994308785297,TRUE,TRUE
Young_1_GCAGCTATCTTTGACT-1,Young,FAP1,0.570484026919647,1.6094379124341,-6.16812441058445,3.50554921463824,TRUE,TRUE
Young_1_CGAGGCAAGCTGCACA-1,Young,FAP3,0.570616315244057,0.693147180559945,-8.20753500170994,2.41195108727313,FALSE,TRUE
Young_2_CGCTTAACAATATAGG-1,Young,FAP3,0.570616338110554,0.693147180559945,-8.26398393817234,2.44161989525653,FALSE,TRUE
Young_2_GTGTAACTCTAGCTAA-1,Young,FAP3,0.57061636097705,0,-8.24478838153172,2.51082374886371,FALSE,TRUE
Young_3_AACATCATCCCTCAGT-1,Young,FAP3,0.570616383843546,0,-8.1153871745615,2.51009085015155,FALSE,TRUE
Young_3_CTGTTAAAGCCTGTGA-1,Young,FAP3,0.570616406710042,0,-8.27071592517185,2.34488823250629,FALSE,TRUE
Young_3_GCTTAGTAGTCACGAT-1,Young,FAP3,0.570616429576539,0,-8.11491987414646,2.42430069283343,FALSE,TRUE
Young_3_TGACTTCGTCTTGCAT-1,Young,FAP3,0.570616452443035,0,-8.320662710145,2.52830817536212,FALSE,TRUE
Young_5_TCATTGTTCTGCAAAC-1,Young,FAP3,0.570616475309531,0,-8.1495029658823,2.40863778427936,FALSE,TRUE
Young_3_GTTCCTGGTCAAACTG-1,Young,FAP1,0.571336226444661,1.6094379124341,-7.02189228244114,3.74364282921649,TRUE,TRUE
Young_3_TCGGTTTGTACCGTTT-1,Young,FAP1,0.571358232462138,0,-8.58689901538181,2.02884449795581,TRUE,TRUE
Young_2_GGACGAAGTTGCGCGA-1,Young,FAP1,0.571673573879821,0,-5.67534849353123,3.70709779099323,TRUE,TRUE
Young_5_CAGGATGCACCTAAGC-1,Young,FAP1,0.572466870727397,0.693147180559945,-7.05774757571507,1.30425699786044,TRUE,TRUE
Young_4_CATCCTCAGCGATAGA-1,Young,FAP1,0.572742764045857,1.6094379124341,-8.27443620868015,2.96121289566852,TRUE,TRUE
Young_1_TTTGCGGAGAGCCGCT-1,Young,FAP3,0.573591556163782,1.09861228866811,-7.80338880725193,2.12648334339954,FALSE,TRUE
Young_2_TTCTTAGGTTCCGCAC-1,Young,FAP1,0.57448675747404,1.09861228866811,-5.61228010363865,5.4131207688222,TRUE,TRUE
Young_2_GTCATCACACAACCTA-1,Young,FAP1,0.575487979119108,0.693147180559945,-7.37064144320774,1.37734713391162,TRUE,TRUE
Young_5_TCCATGCTCGTTAGCG-1,Young,FAP2,0.575878080457204,1.38629436111989,-9.16678831286717,3.51812674836017,FALSE,TRUE
Young_2_GCCTGCTGTGGGTACT-1,Young,FAP1,0.576103454222765,0.693147180559945,-6.38817045398045,3.72607114151813,TRUE,TRUE
Young_2_TCACCGGCATAAGGAC-1,Young,FAP2,0.576357583378181,0.693147180559945,-9.68654176898289,4.43723013237811,FALSE,TRUE
Young_3_TCTGTGACAGCTCATA-1,Young,FAP1,0.576530594497351,0.693147180559945,-7.16835615344334,0.69382988647319,TRUE,TRUE
Young_5_AGCCTAAGTGCACGCA-1,Young,FAP1,0.57674379844505,0,-7.07710144229222,0.519869528568756,TRUE,TRUE
Young_1_TACAATGTCATAACGC-1,Young,FAP3,0.577074876080719,0,-8.33686945147801,4.26562979058124,FALSE,TRUE
Young_3_AACAGCAAGACTATTG-1,Young,FAP1,0.577711058282641,0,-7.23586580462742,3.78919675186969,TRUE,TRUE
Young_3_TTGCGAGTCAGGATGA-1,Young,FAP1,0.578877629921907,0.693147180559945,-7.46292421527195,3.79014398888446,TRUE,TRUE
Young_3_TGAAGTGAGCAGGTGG-1,Young,FAP1,0.579521213781798,0,-5.58395931430149,5.39139654473163,TRUE,TRUE
Young_1_CCTGTTGGTAAGCACC-1,Young,FAP1,0.5806990037422,0.693147180559945,-8.04174062915135,2.8192441685567,TRUE,TRUE
Young_1_AGGCTAAAGGCCTTAG-1,Young,FAP1,0.580897266478693,1.09861228866811,-5.67025444217015,5.43013050392963,TRUE,TRUE
Young_1_CGCTAACCAAACATAG-1,Young,FAP1,0.580897289345189,0,-5.65930149264622,5.37494375542499,TRUE,TRUE
Young_2_GGTTCTTGTGGACATC-1,Young,FAP1,0.580897312211685,0.693147180559945,-5.73639604754734,5.47325374916888,TRUE,TRUE
Young_2_TACGCTTGTATTACCC-1,Young,FAP1,0.580897335078182,0,-5.72829696841526,5.43674137429095,TRUE,TRUE
Young_3_CGATATTCATCTAGCA-1,Young,FAP1,0.580897357944678,0,-5.68738052554417,5.40843202904559,TRUE,TRUE
Young_5_ACTATGTCATTAGCCA-1,Young,FAP1,0.580897380811174,0.693147180559945,-5.733673307374,5.47810938195087,TRUE,TRUE
Young_5_AGGAACGGTGGTTATG-1,Young,FAP1,0.58089740367767,0.693147180559945,-5.73800346560765,5.33159305886127,TRUE,TRUE
Young_5_CAAACAACAGAACCGA-1,Young,FAP1,0.580897426544167,0,-5.73914692111302,5.47188141182758,TRUE,TRUE
Young_5_GTATTGCAGGGTTAGA-1,Young,FAP1,0.580897449410663,1.09861228866811,-5.73228475756932,5.39498188332416,TRUE,TRUE
Young_5_TAGTGGCGTCACAAAT-1,Young,FAP1,0.580897472277159,0.693147180559945,-5.70995924182224,5.45470764473773,TRUE,TRUE
Young_5_TAGCGGCTCGCTAAGT-1,Young,FAP1,0.582757222758669,1.6094379124341,-8.36265871234226,4.39131786660052,TRUE,TRUE
Young_5_ATATGTCCAGGCCTTG-1,Young,FAP1,0.583286698940586,0,-7.12970182605076,3.75913741425372,TRUE,TRUE
Young_1_ATCATGTCATATTGAC-1,Young,FAP2,0.583903567327006,0,-9.18896791644383,3.25327517823077,FALSE,TRUE
Young_1_ATCCTTAGTTAGCTGA-1,Young,FAP2,0.583903590193502,0,-9.29572889514256,3.65199019745685,FALSE,TRUE
Young_1_CTGTTGGAGTCAATCA-1,Young,FAP2,0.583903613059999,0,-9.52095625109959,3.20079853371478,FALSE,TRUE
Young_1_GATCGATTCCTGGCTT-1,Young,FAP2,0.583903635926495,0,-9.46336481280613,3.11974146202899,FALSE,TRUE
Young_1_GGACCTCAGCAAGGAC-1,Young,FAP2,0.583903658792991,0.693147180559945,-9.24549886889744,3.42736556366779,FALSE,TRUE
Young_1_TAGGCTGTCCTCGATC-1,Young,FAP2,0.583903681659487,0,-9.34901449389744,3.67527940110065,FALSE,TRUE
Young_1_TCGCGCACACAGAAAC-1,Young,FAP2,0.583903704525984,1.38629436111989,-9.44462034411717,3.73050715760089,FALSE,TRUE
Young_1_TTGGCTGAGGGTGAAC-1,Young,FAP2,0.58390372739248,0,-9.48904726214695,3.75537111595966,FALSE,TRUE
Young_1_TTTAAGCCATTTGCTC-1,Young,FAP2,0.583903750258976,0,-9.35204336352635,3.28438165024615,FALSE,TRUE
Young_2_CGTTAACAGGTAAGCA-1,Young,FAP2,0.583903773125472,0,-9.53493616290379,3.40074732140399,FALSE,TRUE
Young_2_CTACTTAGTCTTACTA-1,Young,FAP2,0.583903795991969,1.6094379124341,-9.90254709430027,2.80921413735248,FALSE,TRUE
Young_2_GGCCTTAAGGGACGCA-1,Young,FAP2,0.583903818858465,1.09861228866811,-9.30218336291599,3.80784299210406,FALSE,TRUE
Young_3_ACCAGCTCAGTAGCCT-1,Young,FAP2,0.583903841724961,0.693147180559945,-9.39273473925877,3.62916519478656,FALSE,TRUE
Young_3_ACCCGTAAGAATGACG-1,Young,FAP2,0.583903864591457,0.693147180559945,-9.38205358691502,3.47945835427142,FALSE,TRUE
Young_3_ACGAAGTCAGCCGCTA-1,Young,FAP2,0.583903887457954,0.693147180559945,-9.49831411547947,3.65951969460345,FALSE,TRUE
Young_3_CTTGTTCCATGTCGCG-1,Young,FAP2,0.58390391032445,0.693147180559945,-9.34470674701023,3.82479884461261,FALSE,TRUE
Young_3_GCCAATTAGGGTGAGT-1,Young,FAP2,0.583903933190946,0.693147180559945,-9.41688844867039,3.6975093109975,FALSE,TRUE
Young_4_CGTGCACAGATAACCC-1,Young,FAP2,0.583903956057442,0,-9.6659939021616,3.21586420372821,FALSE,TRUE
Young_4_GACCTCAAGAAGGTGC-1,Young,FAP2,0.583903978923939,0,-9.58459684558201,3.21031095818378,FALSE,TRUE
Young_4_TCATTACTCCAACTGG-1,Young,FAP2,0.583904001790435,1.09861228866811,-9.85156748004246,2.82494213417865,FALSE,TRUE
Young_4_TGTTCATTCTGTTGCC-1,Young,FAP2,0.583904024656931,0,-9.8235809535532,2.8832741005788,FALSE,TRUE
Young_4_TTCCTTCTCTAAATCG-1,Young,FAP2,0.583904047523427,0.693147180559945,-9.69305631823826,2.90787007645465,FALSE,TRUE
Young_5_CGTTAGTAGCACGTTG-1,Young,FAP2,0.583904070389924,0,-9.3257724971323,3.53632619217731,FALSE,TRUE
Young_5_GGACATAAGGCTGGCT-1,Young,FAP2,0.58390409325642,0,-9.45929357714939,3.67606046036578,FALSE,TRUE
Young_5_TATGTGATCGAAGTGA-1,Young,FAP2,0.583904116122916,0.693147180559945,-9.42310068316746,3.64749767617084,FALSE,TRUE
Young_3_GGAATCTTCGTTAAGC-1,Young,FAP1,0.584721314364946,1.09861228866811,-7.46209594912815,3.8315949662099,TRUE,TRUE
Young_5_GGTTCTTGTTTACCGT-1,Young,FAP1,0.585512220197935,0,-7.05101463504124,0.456280715621483,TRUE,TRUE
Young_5_AATTGCCAGCAAGGGT-1,Young,FAP2,0.585763647599226,1.09861228866811,-9.36225149340916,3.83232118920184,FALSE,TRUE
Young_2_GGTCAGGAGGTCTTGG-1,Young,FAP1,0.586759079751345,0.693147180559945,-5.8875686854868,3.76419236496783,TRUE,TRUE
Young_3_TCCCTCACAATGCCCG-1,Young,FAP1,0.587953532826864,0,-7.1473753184824,0.635730735815536,TRUE,TRUE
Young_2_AGGCTAAAGGTCCACA-1,Young,FAP1,0.58825147206305,1.38629436111989,-7.45821258731175,3.82550670937396,TRUE,TRUE
Young_1_TAAGCTATCCAGCACA-1,Young,FAP2,0.588432011668945,0,-9.36053201861668,3.83934523896075,FALSE,TRUE
Young_5_CCGTTATGTTTGGGCG-1,Young,FAP1,0.58853502961215,0,-7.18855545230198,1.34750904873706,TRUE,TRUE
Young_3_GAGTGTTTCAAGCTTA-1,Young,FAP1,0.592382670194902,0.693147180559945,-8.01040765948582,2.21169402436114,TRUE,TRUE
Young_5_TCGGTTCTCGTTAGCG-1,Young,FAP1,0.594363059341151,0,-7.20252868838597,1.35565521553851,TRUE,TRUE
Young_3_CGTGTGTCAGACAAAC-1,Young,FAP1,0.595130839460678,0.693147180559945,-8.30634519763279,4.20348598793842,TRUE,TRUE
Young_5_TAGTGAGAGGGACGCA-1,Young,FAP1,0.595761564726537,0,-7.95306131549168,2.17709150151111,TRUE,TRUE
Young_5_ACGGTTTAGATAACCC-1,Young,FAP2,0.596180687014698,0.693147180559945,-8.36328336901951,4.4408011658559,FALSE,TRUE
Young_5_GAGGACTAGCGGATAA-1,Young,FAP1,0.59661634611851,0.693147180559945,-7.28690263934422,1.37659814194537,TRUE,TRUE
Young_5_ATTGCTCGTCACACCC-1,Young,FAP3,0.596997977281786,0,-8.54372045703221,2.05207421616412,FALSE,TRUE
Young_5_GAGGAGGCAAGATTCT-1,Young,FAP2,0.598997065166988,0,-9.53089925952244,4.45734407738544,FALSE,TRUE
Young_5_TGATCAATCCAAGTGT-1,Young,FAP1,0.60122493693934,0.693147180559945,-7.02191040225315,1.32084371880389,TRUE,TRUE
Young_5_TTACACCGTCTAGCTT-1,Young,FAP1,0.601836306168758,0,-5.97179577060032,3.79470398262836,TRUE,TRUE
Young_2_ATGTAACGTCGTAATG-1,Young,FAP3,0.601984672125683,0.693147180559945,-8.2789785594492,2.98924758271075,FALSE,TRUE
Young_5_TACTTGTTCCCTCAGT-1,Young,FAP3,0.602182705063764,0,-8.27471277423191,2.98668982819415,FALSE,TRUE
Young_3_TTTAAGCCACGTAAGG-1,Young,FAP2,0.603244383210524,1.09861228866811,-9.38877412982273,3.86043312386371,FALSE,TRUE
Young_3_CTCATCATCAGCAAAG-1,Young,FAP3,0.60406811793881,0.693147180559945,-7.83717367358494,2.12227823571063,FALSE,TRUE
Young_3_CCAAATCAGCGGTTAT-1,Young,FAP1,0.604680874725853,1.79175946922806,-7.44128582186985,3.8077216370473,TRUE,TRUE
Young_1_GAAGCCTGTTCATTTG-1,Young,FAP2,0.605072631709104,0,-9.45030328936863,4.479698203362,FALSE,TRUE
Young_3_ATACCGGTCCTCATGC-1,Young,FAP1,0.605640693111211,0,-7.16185209460545,0.635122738636505,TRUE,TRUE
Young_2_TCTTAGCGTTAGGACC-1,Young,FAP3,0.60685295902704,0,-8.29093191333103,3.0010752900014,FALSE,TRUE
Young_5_TTAGCAGGTCATCCTG-1,Young,FAP2,0.607286310932874,0,-9.33103582568455,4.52710392311908,FALSE,TRUE
Young_5_GATCACTAGAGAGGAG-1,Young,FAP2,0.607592156668524,0,-9.33644315905857,4.52409603432513,FALSE,TRUE
Young_2_AGGTCATTCATAGACC-1,Young,FAP2,0.608022989223191,0.693147180559945,-9.51623174853611,3.81116344765521,FALSE,TRUE
Young_5_CTCGTTATCTTAATGG-1,Young,FAP1,0.611165367523088,0.693147180559945,-7.1304280490427,0.566542170799743,TRUE,TRUE
Young_4_GAGCTTAGTTGGATCA-1,Young,FAP1,0.612383018677604,0,-7.14703008837986,0.596191160238754,TRUE,TRUE
Young_1_AGCAAGGGTGTAACCA-1,Young,FAP1,0.613503130919123,0,-5.85843774981785,3.78124430016376,TRUE,TRUE
Young_2_ATTCCTAGTCGCAAAC-1,Young,FAP1,0.614895936797053,0,-5.85001537509251,3.78069856003619,TRUE,TRUE
Young_3_GCACTAAGTGCAATGC-1,Young,FAP2,0.615513974548184,0.693147180559945,-9.77168390460301,4.31727745369769,FALSE,TRUE
Young_5_CGACTAAGTACCGTTT-1,Young,FAP2,0.615578513076182,1.09861228866811,-9.53308317370701,3.82076122597552,FALSE,TRUE
Young_5_TAGTAGGAGACTTACA-1,Young,FAP1,0.615612905436902,0,-7.09884283252049,0.499369405067932,TRUE,TRUE
Young_5_TTGCGAGTCCACCTGT-1,Young,FAP1,0.615965755631093,0,-5.69426796145725,3.74928405121661,TRUE,TRUE
Young_5_TCAAGAACACGCAACT-1,Young,FAP1,0.616001370995001,0,-7.11366865344334,0.526958726204406,TRUE,TRUE
Young_5_ATCACCCTCTATTGTC-1,Young,FAP1,0.61747766280796,0.693147180559945,-7.47362968631077,1.43655993775226,TRUE,TRUE
Young_5_ACCCGCTGTTCCTGAT-1,Young,FAP2,0.617920338084988,1.38629436111989,-9.64778444476414,4.36629869774677,FALSE,TRUE
Young_4_AAACGGATCCCTCACG-1,Young,FAP1,0.618440715087194,0,-8.85239336200047,2.08389618233539,TRUE,TRUE
Young_5_TAGCGGACAGGAAGCC-1,Young,FAP2,0.61943271550286,0.693147180559945,-9.25981733508396,3.95920398072101,FALSE,TRUE
Young_3_TAGTGGCGTAACGGGA-1,Young,FAP3,0.620386701729574,0,-8.25159666247654,2.98755147293903,FALSE,TRUE
Young_3_GTCTTTAGTATTCGCT-1,Young,FAP2,0.621175789731025,0,-9.47372457690525,4.43543054894305,FALSE,TRUE
Young_3_GTACTGGTCGTAATCA-1,Young,FAP3,0.621254066694292,0.693147180559945,-8.33465120501804,3.04140927628375,FALSE,TRUE
Young_2_AATTCGTCAATCCCTT-1,Young,FAP1,0.62684643245826,0.693147180559945,-8.9556143016367,2.09573139981128,TRUE,TRUE
Young_4_TTAAGCCAGACACCGC-1,Young,FAP1,0.627783916571179,0,-7.23211595721531,1.3909815771947,TRUE,TRUE
Young_4_GGCTCACAGGGACCTC-1,Young,FAP1,0.628721173437845,0.693147180559945,-7.16040537066746,0.595634661472809,TRUE,TRUE
Young_5_AGCATTTCACGTAATT-1,Young,FAP2,0.629051060976771,0.693147180559945,-9.38542291827488,4.45734550789691,FALSE,TRUE
Young_1_GGAACCTGTGCATTAG-1,Young,FAP2,0.629192401617883,0,-9.29856130786228,3.96355821923114,FALSE,TRUE
Young_2_ATGTCCACAGGTTACC-1,Young,FAP3,0.630372551529722,0,-8.09343454547215,2.89499022797443,FALSE,TRUE
Young_2_GTTTAGCAGCAGCTAT-1,Young,FAP1,0.631590666197311,0,-5.45802232928562,3.7137274964223,TRUE,TRUE
Young_2_GGCCTTCGTGACATGC-1,Young,FAP1,0.631626381920287,1.09861228866811,-7.08591720767308,1.36133601502277,TRUE,TRUE
Young_2_GCACATTAGATTGAGG-1,Young,FAP1,0.632181824645949,0.693147180559945,-7.40244552798558,3.68127348259784,TRUE,TRUE
Young_5_CGCTTAACATTGCGTA-1,Young,FAP2,0.635248202345006,0.693147180559945,-9.51747152514744,4.3865790589223,FALSE,TRUE
Young_5_ACGTACCCAATCCTAG-1,Young,FAP2,0.635722150175554,1.09861228866811,-9.79325029559422,4.26514246300555,FALSE,TRUE
Young_1_GGGTCAACATCCGTAA-1,Young,FAP1,0.635738149378076,0,-7.13010332293797,0.52681360379554,TRUE,TRUE
Young_5_CAAGAACCAAGGTAAC-1,Young,FAP2,0.636212315617302,0,-9.47727415271092,3.89521934822894,FALSE,TRUE
Young_5_CTCTAGCTCGGCCAGT-1,Young,FAP1,0.636349689797156,0,-5.86313841052342,3.80195429161884,TRUE,TRUE
Young_5_TATTGACCAGATAGAC-1,Young,FAP2,0.636891231704759,0.693147180559945,-9.58140775866795,4.35518457726337,FALSE,TRUE
Young_3_CACAATATCCAAACAC-1,Young,FAP1,0.638589575051769,0,-7.16569540210057,0.589992634809982,TRUE,TRUE
Young_1_TGACTCCTCATTACAG-1,Young,FAP1,0.638650992837281,0.693147180559945,-5.771186563447,3.78484966591693,TRUE,TRUE
Young_1_TCCACAACAAACCTAT-1,Young,FAP2,0.639930034803939,0,-9.3669101924448,4.44243385628558,FALSE,TRUE
Young_3_GGATGTAAGGATCACT-1,Young,FAP1,0.639990772615034,0,-7.07378360934544,0.412891261137497,TRUE,TRUE
Young_5_AAGCCTGTCAAGTGAG-1,Young,FAP3,0.640592187618235,0.693147180559945,-8.22319338031101,2.9867520554433,FALSE,TRUE
Young_3_GGTTTGTAGTCATGCG-1,Young,FAP2,0.641508329218588,0,-9.52062914080906,4.37196733788348,FALSE,TRUE
Young_1_CGTGTTACAAATTGCT-1,Young,FAP3,0.642867254109852,1.09861228866811,-8.3549062938242,3.07293608025409,FALSE,TRUE
Young_4_AGTCAAGAGAGCAAGC-1,Young,FAP1,0.644195508988887,0.693147180559945,-7.39137193866062,1.44093789891101,TRUE,TRUE
Young_2_TATCCGGAGCCGCTAA-1,Young,FAP1,0.644840088171806,0.693147180559945,-7.13814994998265,0.527636237300407,TRUE,TRUE
Young_1_ATATGTCCAAAGCGGC-1,Young,FAP2,0.647351217673002,0,-9.55947992511082,4.34264995888568,FALSE,TRUE
Young_5_ACCTGGATCAATAGCC-1,Young,FAP2,0.64923103543967,0.693147180559945,-9.30804464526463,4.4484801514516,FALSE,TRUE
Young_5_GTACTAATCCCTTGCG-1,Young,FAP1,0.651847081766008,0,-7.39417383380223,3.770300887383,TRUE,TRUE
Young_5_CTCCCTGAGGACTAAG-1,Young,FAP2,0.65427461292627,0.693147180559945,-9.69630071826267,4.26826431588031,FALSE,TRUE
Young_2_CCGGTTAAGCGCCTAA-1,Young,FAP2,0.655277693834544,0,-9.61584684558201,4.30127885178424,FALSE,TRUE
Young_3_GATTATGTCAGCACGC-1,Young,FAP3,0.655724240453015,0.693147180559945,-8.27264425463963,3.03137948349811,FALSE,TRUE
Young_5_TTAAGTGTCTCATCAT-1,Young,FAP1,0.656800409306782,1.79175946922806,-8.89289877124119,2.12242867783405,TRUE,TRUE
Young_1_TGAAGGATCTAAGGTC-1,Young,FAP3,0.658356545414534,0,-8.65549776263523,2.11539830998279,FALSE,TRUE
Young_3_CTTCAATTCTAGCGAT-1,Young,FAP2,0.659925194744856,0.693147180559945,-9.62129804797459,4.28907420472003,FALSE,TRUE
Young_4_GCTGTGATCGCGCTAA-1,Young,FAP1,0.660164887102789,0,-8.68457338519383,2.11819138363696,TRUE,TRUE
Young_2_CTATGAGGTAGTTAAC-1,Young,FAP2,0.661496371682251,0,-9.60392782397556,3.89404775933124,FALSE,TRUE
Young_4_TATGGGCGTCTTTGAC-1,Young,FAP1,0.662198112009414,0,-8.69275686450291,2.12045075730182,TRUE,TRUE
Young_1_TACCTTAGTGCTCCGT-1,Young,FAP2,0.662759692209066,1.38629436111989,-9.32242510028172,4.03036405876971,FALSE,TRUE
Young_1_CGCCTCATCTCATCAT-1,Young,FAP2,0.663024422252678,1.09861228866811,-9.19722196765232,4.09030153588153,FALSE,TRUE
Young_5_GAGTATCTCACTTTAC-1,Young,FAP3,0.664284851089477,0,-8.53577253527928,2.1168241722951,FALSE,TRUE
Young_4_GTTGCCCGTTGGTTCT-1,Young,FAP2,0.66567061958573,0,-9.13878080554295,2.13984134034015,FALSE,TRUE
Young_3_GATCACTAGGTCCTAG-1,Young,FAP2,0.666952600100729,0,-9.51158353991795,3.95049741104938,FALSE,TRUE
Young_5_CGCCAAATCCTAGTAA-1,Young,FAP1,0.668651065386773,0,-7.08154985614109,0.382050625837814,TRUE,TRUE
Young_1_TTATGCGCAGGCTAAG-1,Young,FAP1,0.669391564173668,0,-7.39399835772801,3.91601612404681,TRUE,TRUE
Young_2_TTAACCAAGTAGGCGG-1,Young,FAP1,0.673067462627692,0.693147180559945,-8.8650152415781,2.13714899853564,TRUE,TRUE
Young_5_TTGGTGAGTAGCCTCC-1,Young,FAP1,0.673419812638347,1.09861228866811,-5.84790918536473,3.83081199959613,TRUE,TRUE
Young_5_ACACGGACAATCCTGA-1,Young,FAP1,0.674219518407433,0.693147180559945,-7.45492574878025,1.4810044987569,TRUE,TRUE
Young_1_CAAACACTCTTAAGTG-1,Young,FAP1,0.674399940783217,0,-7.14974281497288,0.311170080534589,TRUE,TRUE
Young_1_GTTCCCAGTGTCCTGC-1,Young,FAP1,0.674399963649713,0.693147180559945,-7.24130508609104,0.410965226448547,TRUE,TRUE
Young_1_TTGACATCACCCACCT-1,Young,FAP1,0.674399986516209,0.693147180559945,-7.21754429049778,0.395842216766845,TRUE,TRUE
Young_3_GACATAGAGCCTGTGA-1,Young,FAP1,0.674400009382706,0,-7.17179033465672,0.422355338788997,TRUE,TRUE
Young_3_GAGGCTACAATGAAGC-1,Young,FAP1,0.674400032249202,0,-7.18036672778416,0.370072044290077,TRUE,TRUE
Young_5_GACTAATGTTTAGCGA-1,Young,FAP1,0.674400055115698,0,-7.18852970309544,0.485352866209518,TRUE,TRUE
Young_5_GCTTAAATCGCTAGCA-1,Young,FAP1,0.674400077982194,0.693147180559945,-7.15084383197117,0.440261781073581,TRUE,TRUE
Young_5_GTGCTTACATTGTGAT-1,Young,FAP1,0.674400100848691,0,-7.27016088671971,0.363679837293398,TRUE,TRUE
Young_5_TCTGGCTTCTCCTCAA-1,Young,FAP1,0.674400123715187,0,-7.17938825793553,0.521939299858581,TRUE,TRUE
Young_3_TAAGCTGGTCAAGTGC-1,Young,FAP2,0.674948180670548,0.693147180559945,-9.13263437457371,4.47072126702167,FALSE,TRUE
Young_5_CGAGGAAGTAGTAAGA-1,Young,FAP1,0.675165228257517,0,-7.55088827319432,1.50343718365527,TRUE,TRUE
Young_1_TGACCTTGTCAAAGGG-1,Young,FAP2,0.676598964409779,0,-9.26792642779636,4.08839013413287,FALSE,TRUE
Young_3_GGACCGAAGAACCTGT-1,Young,FAP1,0.677512237188711,0,-5.72068044848728,3.80792977646686,TRUE,TRUE
Young_1_CCATAATCACTTAACG-1,Young,FAP2,0.680864875219835,0,-9.29358884997654,4.38792421654559,FALSE,TRUE
Young_1_TTTGTGTTCAATACGC-1,Young,FAP2,0.681528942143555,0.693147180559945,-9.1910879344492,4.43128349617816,FALSE,TRUE
Young_2_CAACTAGGTCTTACTA-1,Young,FAP1,0.682797416988398,0,-5.75686952777195,3.82000901535846,TRUE,TRUE
Young_5_GTAGCTGTCGAGGAAC-1,Young,FAP2,0.683478664777359,0.693147180559945,-9.31171819873142,4.08365084961749,FALSE,TRUE
Young_3_ACCTTGCTCTCTAGCC-1,Young,FAP1,0.684029816397111,0,-7.14020416446018,1.41850604847766,TRUE,TRUE
Young_3_GAGCTGCTCTCTAGCC-1,Young,FAP2,0.68495625294982,0,-9.29248354144383,4.09620263413287,FALSE,TRUE
Young_2_CTTCGCGTCGCACAAT-1,Young,FAP2,0.686810425294019,0,-9.35522196002293,4.07079174355365,FALSE,TRUE
Young_3_GGACGAAGTTACCGGG-1,Young,FAP2,0.688519477732685,0.693147180559945,-9.23346826739597,2.16532971695758,FALSE,TRUE
Young_4_GTGTGTTAGCAGCTCA-1,Young,FAP1,0.689458017128512,0,-7.36782762713719,3.84371521309711,TRUE,TRUE
Young_4_TTATAGCCAGGTTAAA-1,Young,FAP1,0.692890816556497,0,-8.53602907367039,2.14448227719165,TRUE,TRUE
Young_3_CGAATATGTGAGCACT-1,Young,FAP3,0.695086985427556,0.693147180559945,-8.16491434283543,2.99631502465106,FALSE,TRUE
Young_1_TGCTCAACAGCAAGAT-1,Young,FAP2,0.695153558193146,0,-9.09981939502049,4.44234087303973,FALSE,TRUE
Young_2_ATAGCATGTGGTTAGC-1,Young,FAP2,0.696851248233566,0,-9.51138231463718,4.02016808823444,FALSE,TRUE
Young_3_CACCAACCATTGTCCT-1,Young,FAP2,0.697080878591404,0.693147180559945,-9.51144525714207,4.25850655869342,FALSE,TRUE
Young_1_AACGCCCAGCTTCTCA-1,Young,FAP2,0.697209249086634,0,-9.28119108386326,4.13006617859698,FALSE,TRUE
Young_3_AAGCTAGAGTATTGTG-1,Young,FAP2,0.698638048642476,1.09861228866811,-9.04748365588474,4.24412205056049,FALSE,TRUE
Young_1_TGTGCTGAGCGTGCGT-1,Young,FAP1,0.707950250458782,0,-7.35150739856053,3.84883382157184,TRUE,TRUE
Young_3_CGCTAATAGCCTGAGC-1,Young,FAP2,0.708984521359082,0,-9.59341261096287,4.00953652695514,FALSE,TRUE
Young_2_GTTAAACGTATTCGCT-1,Young,FAP1,0.710873478665719,0,-5.81381008334446,3.85608293846942,TRUE,TRUE
Young_5_ACTTGAATCATGCTAA-1,Young,FAP1,0.715286973145109,0,-7.41410562701512,1.50702442959644,TRUE,TRUE
Young_1_AAAGCCCGTTTAAAGC-1,Young,FAP2,0.718447224901943,0,-9.18935320086765,4.22300078705646,FALSE,TRUE
Young_5_GAGTCATTCCTCCATA-1,Young,FAP3,0.718585103679742,0.693147180559945,-8.12832472033787,2.99311020211078,FALSE,TRUE
Young_1_TGCGCAGGTTTACCGT-1,Young,FAP2,0.720603755849062,0,-9.5249273509531,4.06902339295245,FALSE,TRUE
Young_1_AGTGAACCATCAGCAC-1,Young,FAP2,0.72228746919085,0,-9.2680856914072,4.19463350609637,FALSE,TRUE
Young_5_AACCTTGCATTAAAGG-1,Young,FAP1,0.723404421757178,0,-7.33278104968357,3.80630042389728,TRUE,TRUE
Young_3_GATTGTTCAGCAACAG-1,Young,FAP3,0.72595788206887,0.693147180559945,-8.54836580462742,2.17688658074237,FALSE,TRUE
Young_2_TGAGGCACATTAAAGG-1,Young,FAP2,0.727364745708058,0.693147180559945,-9.69353315539646,4.00487067536212,FALSE,TRUE
Young_2_CACCTGTTCGTAATCA-1,Young,FAP2,0.731183113635314,0,-9.15084097094822,4.27088477448322,FALSE,TRUE
Young_3_GATGCATTCAGGGCCT-1,Young,FAP1,0.731444778985053,0,-5.48010561175633,3.80456306771136,TRUE,TRUE
Young_1_CTGTTCATCGAGGAGT-1,Young,FAP1,0.736909550927867,0.693147180559945,-5.50775549121189,3.81502439812518,TRUE,TRUE
Young_3_GCGATTAGTGAGCACT-1,Young,FAP1,0.737450591987851,0.693147180559945,-5.84657022662449,3.88584139183856,TRUE,TRUE
Young_1_GGTTTAATCAAGTGAG-1,Young,FAP2,0.740811237092474,0,-9.49319193072605,4.13108327225543,FALSE,TRUE
Young_5_CCCTTAATCGCGACAC-1,Young,FAP1,0.741108564124579,0.693147180559945,-5.68528291888523,3.85551216439105,TRUE,TRUE
Young_3_CGCTGTGCATACTCCT-1,Young,FAP1,0.742220075421233,0,-5.51490661807347,3.82109620407916,TRUE,TRUE
Young_5_GTTTATCTCAGCACCA-1,Young,FAP2,0.744028028801625,0,-9.30883333392429,4.22591831520892,FALSE,TRUE
Young_5_TTTAAGGTCACTCAAA-1,Young,FAP2,0.744507166693473,0,-9.35883829303074,4.20334079102374,FALSE,TRUE
Young_5_CGAAGGCCAATAGTCT-1,Young,FAP1,0.744678741319412,0.693147180559945,-5.8138005466013,3.88528063134052,TRUE,TRUE
Young_4_GACGCAACAACAGGAT-1,Young,FAP1,0.744895845603334,0,-8.66888925738621,2.19952370957233,TRUE,TRUE
Young_3_GGCTATTAGTGACCTG-1,Young,FAP1,0.745862390590103,1.09861228866811,-5.55388138003636,3.83233477906085,TRUE,TRUE
Young_5_GAGTGAGGTTTGAGGC-1,Young,FAP2,0.746322007616528,0,-9.23713323779392,4.26522805527545,FALSE,TRUE
Young_1_CCTATAGCAGCAACAG-1,Young,FAP2,0.74655708714255,0,-9.55579874224949,4.11479070023395,FALSE,TRUE
Young_1_GAAGTCAAGTATGTGC-1,Young,FAP2,0.747194636617467,0,-10.071114751771,2.25215473011829,FALSE,TRUE
Young_1_GATTGCAGTGAAACAA-1,Young,FAP2,0.747782543217301,0,-9.34698793597508,4.2165773136983,FALSE,TRUE
Young_5_TACAATGTCTGGCTTC-1,Young,FAP3,0.752134944549179,0,-8.31093332476902,3.13871838883258,FALSE,TRUE
Young_1_GATTCGCCAATATAGG-1,Young,FAP1,0.754444884925792,1.09861228866811,-9.0362159938364,2.22195842102863,TRUE,TRUE
Young_2_AAGGCCCTCACCTGTC-1,Young,FAP1,0.754669375572063,1.09861228866811,-8.74576494403172,2.21173384026385,TRUE,TRUE
Young_4_TATTCGTTCTAAATCG-1,Young,FAP2,0.756548230187881,0,-10.2927744121103,2.26916386917926,FALSE,TRUE
Young_2_CATGGATTCAAATCGC-1,Young,FAP2,0.760222846557165,0,-9.4922296733408,4.17671062783099,FALSE,TRUE
Young_3_TTGTCCGGTTAGACCA-1,Young,FAP3,0.760804410389012,0.693147180559945,-8.32235262103367,3.15347125367023,FALSE,TRUE
Young_2_TCGCTAACAGCTAATT-1,Young,FAP2,0.766286098042491,1.38629436111989,-9.50888178057957,4.18293025330402,FALSE,TRUE
Young_4_TAAGGCTTCCTCAGCT-1,Young,FAP1,0.768484709458059,0.693147180559945,-5.69730350680638,3.88165452317096,TRUE,TRUE
Young_4_TAATCCGCACGCAACT-1,Young,FAP2,0.768578269742454,0,-10.2711670131235,2.28001465634204,FALSE,TRUE
Young_3_GCCCATAAGGTGTCCA-1,Young,FAP3,0.771529813528726,0,-8.2779848308115,3.13431575135089,FALSE,TRUE
Young_1_CAATATGTCCCATAGG-1,Young,FAP3,0.772652367068362,0,-8.12735483355808,3.03895428017474,FALSE,TRUE
Young_4_TACGTAATCTCATCAT-1,Young,FAP2,0.773995291921799,0,-10.2624628276377,2.28493752316333,FALSE,TRUE
Young_1_TTTCTTGCACCCTCAC-1,Young,FAP1,0.776557297321601,0,-5.49833986468601,3.84731557206012,TRUE,TRUE
Young_1_GAGGACTAGTATTGTG-1,Young,FAP2,0.778040021156818,0,-9.32401010699558,4.29787471131183,FALSE,TRUE
Young_4_GCAGGTTGTTAATCGG-1,Young,FAP2,0.781435222206858,0.693147180559945,-10.2284948558359,2.29090740517474,FALSE,TRUE
Young_4_GTCTAGCCAGGTTATT-1,Young,FAP2,0.781658188460851,0,-10.2712795466928,2.29266097382404,FALSE,TRUE
Young_1_TTTGTGTTCCTAGTTT-1,Young,FAP1,0.781810746685951,0.693147180559945,-5.58701011843968,3.87026431397296,TRUE,TRUE
Young_5_CTGATCACAGCTACGT-1,Young,FAP1,0.784526068172379,0.693147180559945,-8.16872045703221,3.07561113671161,TRUE,TRUE
Young_4_ATGTCCACACTTCATC-1,Young,FAP2,0.785035490256108,0,-10.2813341350107,2.29628672436572,FALSE,TRUE
Young_1_GAGCTGCTCGCATCCT-1,Young,FAP2,0.790176862684276,0,-9.23055956073093,4.37039472893573,FALSE,TRUE
Young_2_GTGCTGATCCTGAATA-1,Young,FAP1,0.790304979390005,0.693147180559945,-5.81377241320896,3.92468502358295,TRUE,TRUE
Young_1_GCTAGCCAGTTGCCTC-1,Young,FAP2,0.791289151111903,1.38629436111989,-8.20603391833592,3.10528471306659,FALSE,TRUE
Young_3_CTGCTATGTTAACAGT-1,Young,FAP1,0.793256778182802,1.09861228866811,-5.53641483493138,3.86964561776019,TRUE,TRUE
Young_1_ACCTAAGGTCAAAGAA-1,Young,FAP1,0.7993385206053,0,-5.49179527468968,3.86563422516681,TRUE,TRUE
Young_1_GAGTGTTTCGGCTATG-1,Young,FAP1,0.803781125891935,0,-5.60400554843235,3.89277031258441,TRUE,TRUE
Young_4_GACATAGAGAAGGTGC-1,Young,FAP2,0.80410550336773,0,-9.91657755084324,2.30160596207477,FALSE,TRUE
Young_1_TACCGAAGTTAGAGCC-1,Young,FAP2,0.804118984323879,0,-10.2312452525644,2.31293108300067,FALSE,TRUE
Young_3_TTTGCATTCATGCATA-1,Young,FAP1,0.815992237862126,0,-8.92410967059422,2.27741637066699,TRUE,TRUE
Young_2_GCTGACATCCCGCCTA-1,Young,FAP3,0.816251856149964,0.693147180559945,-8.00584814257908,2.9987206681142,FALSE,TRUE
Young_4_AACAGATAGGACACTT-1,Young,FAP2,0.817561360628763,1.09861228866811,-10.2757694453745,2.32752432659961,FALSE,TRUE
Young_3_AGTCAAGAGCTTGCTC-1,Young,FAP3,0.818843929939318,0,-8.05459711261082,3.03212263420917,FALSE,TRUE
Young_4_CCGCTTAGTTGGTTCT-1,Young,FAP2,0.822755845397962,0,-10.1377908916025,2.32758476570941,FALSE,TRUE
Young_4_TAGCTAGGTTCCGGGA-1,Young,FAP2,0.823979461663499,0.693147180559945,-10.2481786937265,2.3327357991109,FALSE,TRUE
Young_3_AAATGGCCACACCAAC-1,Young,FAP2,0.827752990411164,0,-9.70887777514744,2.31699552372791,FALSE,TRUE
Young_2_CATCATGCATAATCCG-1,Young,FAP1,0.828482754948943,0,-5.71214840121556,3.93656089142657,TRUE,TRUE
Young_3_GTTGCATAGTGCACGC-1,Young,FAP1,0.829867192971627,0.693147180559945,-5.70674631305027,3.93663503960468,TRUE,TRUE
Young_4_GTATTGTCACATAGCC-1,Young,FAP2,0.830559596041801,1.09861228866811,-10.2462780208139,2.33902742699481,FALSE,TRUE
Young_4_ATGGTGCGTATGGTGC-1,Young,FAP2,0.83190616372687,0.693147180559945,-10.2400314540415,2.34010436371661,FALSE,TRUE
Young_5_GCTTTACGTAATCCCT-1,Young,FAP2,0.834164217931452,0,-10.1850979060678,2.34031202629901,FALSE,TRUE
Young_5_ATTAGCGGTTAGCAGC-1,Young,FAP3,0.835057849166501,0,-8.7308714122324,2.28889717892505,FALSE,TRUE
Young_4_AGGTCTTAGGACAACA-1,Young,FAP2,0.838462359855605,0,-10.2363874644785,2.34631016091205,FALSE,TRUE
Young_4_ACCTAAATCATTCATC-1,Young,FAP2,0.83852938893415,1.09861228866811,-10.2342874736338,2.34629943207599,FALSE,TRUE
Young_4_CTACCTCAGGCATTGT-1,Young,FAP2,0.840020146724007,0,-10.2518264979868,2.34837081269122,FALSE,TRUE
Young_4_GTGCTTACAACCTAAT-1,Young,FAP2,0.84002197617142,0,-10.2262909144907,2.34745457009174,FALSE,TRUE
Young_4_GGCTTAAGTTCCTCCT-1,Young,FAP2,0.840037614295417,0.693147180559945,-10.2332260341196,2.34771897629596,FALSE,TRUE
Young_1_TCAGCGATCCCGTTAC-1,Young,FAP3,0.840280465857387,0,-8.17483827777195,3.12743761376239,FALSE,TRUE
Young_5_GTAGGTGCATCCATCT-1,Young,FAP2,0.841178702876621,0,-9.82048723407078,2.33398415879108,FALSE,TRUE
Young_4_AGGTTTGGTGAGACTC-1,Young,FAP2,0.841461062505505,0.693147180559945,-10.2439205379038,2.34947922066547,FALSE,TRUE
Young_1_AATGTCCAGTAATCCA-1,Young,FAP2,0.84240045776409,0.693147180559945,-10.1607820720224,2.43126633004047,FALSE,TRUE
Young_1_ACAACATGTAAGCTCA-1,Young,FAP2,0.842400480630586,0,-10.2446090907602,2.38029267624713,FALSE,TRUE
Young_1_ACTAACGGTAGCTAAT-1,Young,FAP2,0.842400503497083,1.09861228866811,-10.2050993175058,2.38993146256305,FALSE,TRUE
Young_1_AGCTAACTCAGGAAGC-1,Young,FAP2,0.842400526363579,0.693147180559945,-10.2238666743784,2.39208986595966,FALSE,TRUE
Young_1_ATCCACCTCAAAGGCA-1,Young,FAP2,0.842400549230075,0,-10.1708290309458,2.40133073166705,FALSE,TRUE
Young_1_CGATTGAGTTGTCCAT-1,Young,FAP2,0.842400572096571,0,-9.91074869342136,2.37288787201739,FALSE,TRUE
Young_1_CGATTTGCATAGGCGA-1,Young,FAP2,0.842400594963068,0,-9.85107252307224,2.79806735352374,FALSE,TRUE
Young_1_CGGGTATGTTAGCTGA-1,Young,FAP2,0.842400617829564,0,-10.2180521220713,2.40623476342059,FALSE,TRUE
Young_1_GAGCTGCTCGACCTGA-1,Young,FAP2,0.84240064069606,0,-10.0054304332285,2.37137439087726,FALSE,TRUE
Young_1_GGACATAAGAAAGCAT-1,Young,FAP2,0.842400663562556,0.693147180559945,-10.2369987697153,2.38100697831012,FALSE,TRUE
Young_1_GGCCTAATCACACAGT-1,Young,FAP2,0.842400686429053,0,-10.2256138057261,2.35641910866595,FALSE,TRUE
Young_1_GGGAGTAGTAAAGCAA-1,Young,FAP1,0.842400709295549,0.693147180559945,-8.89624235339451,2.39591672257281,TRUE,TRUE
Young_1_GGTTAGCGTTCATCTA-1,Young,FAP2,0.842400732162045,0.693147180559945,-10.2337915629892,2.38206770256854,FALSE,TRUE
Young_1_TATTGACCATAGCGAG-1,Young,FAP2,0.842400755028541,0,-8.93628141589451,2.47936131790973,FALSE,TRUE
Young_1_TGCACCTTCCTTAGGG-1,Young,FAP2,0.842400777895038,1.09861228866811,-10.2559501857309,2.35664942101337,FALSE,TRUE
Young_2_ATTCAACCAGGCCATT-1,Young,FAP1,0.842400800761534,0,-9.00128481097508,2.54160597161151,TRUE,TRUE
Young_2_CTTTCTTGTCACAAAT-1,Young,FAP2,0.84240082362803,0.693147180559945,-10.2521602839975,2.35793068245746,FALSE,TRUE
Young_2_GAAAGGCTCTAGCTTT-1,Young,FAP2,0.842400846494526,0,-10.1530534953623,2.43546893433429,FALSE,TRUE
Young_2_GGCTTAAGTGTGTGGT-1,Young,FAP2,0.842400869361023,0,-10.0985386104136,2.39300110176898,FALSE,TRUE
Young_2_GTCCAGGGTAACTACG-1,Young,FAP2,0.842400892227519,0,-10.1624405116587,2.37311127022601,FALSE,TRUE
Young_2_TCTTGTCCAGTACCGT-1,Young,FAP2,0.842400915094015,1.6094379124341,-10.2597324580698,2.37442948654987,FALSE,TRUE
Young_2_TTGACATCAGCTCATA-1,Young,FAP2,0.842400937960511,0.693147180559945,-10.0879070491343,2.42801811531879,FALSE,TRUE
Young_3_CTGTTTAGTTGTTGGA-1,Young,FAP2,0.842400960827008,0,-9.00147077746678,2.31942226723529,FALSE,TRUE
Young_3_GCAATGTTCTTAGGAC-1,Young,FAP2,0.842400983693504,0,-9.52604124255467,2.65889837578632,FALSE,TRUE
Young_4_AAAGCACCATCCTGAA-1,Young,FAP2,0.84240100656,0,-10.0208837718515,2.48052861527301,FALSE,TRUE
Young_4_AAATGGCCATGTGGGA-1,Young,FAP2,0.842401029426496,0.693147180559945,-10.177276822999,2.38788630799152,FALSE,TRUE
Young_4_AAGCAAGTCCTTGTTG-1,Young,FAP2,0.842401052292993,0,-9.95376989550877,2.48592665032245,FALSE,TRUE
Young_4_AAGGATTAGGAAACTG-1,Young,FAP2,0.842401075159489,0,-9.88977453418064,2.59486439064838,FALSE,TRUE
Young_4_AAGGTATAGAGAGGCT-1,Young,FAP1,0.842401098025985,0.693147180559945,-8.93386194415379,2.42250945404864,TRUE,TRUE
Young_4_AAGTTACGTTGCCTCA-1,Young,FAP2,0.842401120892481,1.09861228866811,-10.1701843471079,2.41599442795612,FALSE,TRUE
Young_4_AATCCGTAGGATGATG-1,Young,FAP2,0.842401143758978,0,-10.1556122035532,2.46220853165485,FALSE,TRUE
Young_4_AATCTCAAGTGAACCT-1,Young,FAP2,0.842401166625474,1.09861228866811,-10.2291223735361,2.3517947419057,FALSE,TRUE
Young_4_ACAGTATGTAGCTAAT-1,Young,FAP2,0.84240118949197,0,-9.29857656665135,2.4328448994527,FALSE,TRUE
Young_4_ACCTTCATCCCTCATA-1,Young,FAP2,0.842401212358466,0,-10.0279867381601,2.56070163086749,FALSE,TRUE
Young_4_ACGCCTTTCCTAAGTA-1,Young,FAP2,0.842401235224963,0.693147180559945,-9.70539781756687,2.55561830834247,FALSE,TRUE
Young_4_ACTAACCAGGGTCTAT-1,Young,FAP2,0.842401258091459,0,-9.86285803027439,2.55447795227863,FALSE,TRUE
Young_4_AGACCCGGTTTGGCTT-1,Young,FAP2,0.842401280957955,0,-9.55364343829441,2.45952489212848,FALSE,TRUE
Young_4_AGCTCATAGCTAATTG-1,Young,FAP2,0.842401303824451,0.693147180559945,-10.1825220317392,2.37569858864642,FALSE,TRUE
Young_4_AGCTTCCTCTCACAAA-1,Young,FAP2,0.842401326690948,0,-10.0727159709482,2.39092805222369,FALSE,TRUE
Young_4_AGGGCTACACGCAACT-1,Young,FAP2,0.842401349557444,0,-10.0644056529551,2.45686819390155,FALSE,TRUE
Young_4_AGTGATGAGCCTCTCG-1,Young,FAP2,0.84240137242394,0,-10.0159742564707,2.58407475785114,FALSE,TRUE
Young_4_AGTTGCAGTGCTCCGT-1,Young,FAP2,0.842401395290436,1.09861228866811,-9.9891140193491,2.45622207955218,FALSE,TRUE
Young_4_AGTTGCGTCTGGCATG-1,Young,FAP2,0.842401418156933,0.693147180559945,-10.1132805079966,2.48679568604327,FALSE,TRUE
Young_4_ATAAGTCGTGTTTGCT-1,Young,FAP2,0.842401441023429,0,-10.2151653499155,2.39354064301349,FALSE,TRUE
Young_4_ATGTCCACAGGACACA-1,Young,FAP2,0.842401463889925,0,-9.77055666156101,2.6136527283559,FALSE,TRUE
Young_4_ATTGTGATCGCTAAGT-1,Young,FAP2,0.842401486756421,0,-9.83715364642429,2.44424369171954,FALSE,TRUE
Young_4_CACGCAATCCTACCTA-1,Young,FAP2,0.842401509622918,0.693147180559945,-10.2419578761606,2.36862971619464,FALSE,TRUE
Young_4_CACTTTGTCCTCCTAA-1,Young,FAP2,0.842401532489414,1.09861228866811,-10.2056762904673,2.41408636406757,FALSE,TRUE
Young_4_CATTATGAGTTATGTG-1,Young,FAP2,0.84240155535591,0,-10.1594288081675,2.37453439072467,FALSE,TRUE
Young_4_CCACAATAGTCACCTC-1,Young,FAP1,0.842401578222406,1.6094379124341,-8.90199396319676,2.4007506592641,TRUE,TRUE
Young_4_CCACACAAGCTTATGA-1,Young,FAP2,0.842401601088903,0,-10.074421140626,2.45794083908893,FALSE,TRUE
Young_4_CCTGAATAGTTAACCA-1,Young,FAP2,0.842401623955399,1.38629436111989,-10.1728908748178,2.43509414032794,FALSE,TRUE
Young_4_CGAAGAATCACGCCAA-1,Young,FAP2,0.842401646821895,0,-10.2228567332773,2.38400461510516,FALSE,TRUE
Young_4_CGAATATGTATGGTGC-1,Young,FAP2,0.842401669688391,0,-10.2067415446787,2.36508586243488,FALSE,TRUE
Young_4_CGAGTCGGTTGGCCGA-1,Young,FAP2,0.842401692554888,1.09861228866811,-10.1763345927744,2.43408849076129,FALSE,TRUE
Young_4_CGCTAATAGCTTGCTC-1,Young,FAP2,0.842401715421384,0,-10.1921760768442,2.40336325005389,FALSE,TRUE
Young_4_CGCTAATAGGAGGGTT-1,Young,FAP2,0.84240173828788,1.38629436111989,-10.2516987056284,2.35189463929034,FALSE,TRUE
Young_4_CTAATGTCAAGGTGGC-1,Young,FAP2,0.842401761154376,0.693147180559945,-10.2311231822519,2.37546875313617,FALSE,TRUE
Young_4_CTAATTGAGTAGGCGG-1,Young,FAP2,0.842401784020873,0.693147180559945,-9.74233267016697,2.73768665627338,FALSE,TRUE
Young_4_CTACAACAGCGATAAG-1,Young,FAP2,0.842401806887369,0.693147180559945,-10.1251289577036,2.47307398156024,FALSE,TRUE
Young_4_CTCACACTCGTTTCTG-1,Young,FAP2,0.842401829753865,0.693147180559945,-10.1490547389536,2.46916916207172,FALSE,TRUE
Young_4_CTCTAGCTCCTCATGC-1,Young,FAP2,0.842401852620361,0,-9.84261533923435,2.49828722313739,FALSE,TRUE
Young_4_CTTAAGGGTTCATTTG-1,Young,FAP2,0.842401875486858,0,-9.69158479876804,2.54223611191608,FALSE,TRUE
Young_4_GAGGGAGCATGCATAT-1,Young,FAP2,0.842401898353354,0,-10.2168571681528,2.3879595024953,FALSE,TRUE
Young_4_GATGACTTCAATGTCA-1,Young,FAP2,0.84240192121985,0.693147180559945,-10.063751432374,2.48052551583148,FALSE,TRUE
Young_4_GATTAGCTCCTTTACG-1,Young,FAP2,0.842401944086346,0.693147180559945,-10.2296049327402,2.40096070603229,FALSE,TRUE
Young_4_GCGTGCTAGGTACCGC-1,Young,FAP2,0.842401966952843,0,-9.80999204821873,2.65497662857867,FALSE,TRUE
Young_4_GCTAGTGTCCTTCTAG-1,Young,FAP2,0.842401989819339,0.693147180559945,-10.1945192546396,2.39281060532428,FALSE,TRUE
Young_4_GGCATGGAGTTACCGG-1,Young,FAP2,0.842402012685835,0,-10.1695272655039,2.39813282326556,FALSE,TRUE
Young_4_GGGTTACGTTGCGGAT-1,Young,FAP2,0.842402035552331,0,-9.77470514483738,2.77503135041095,FALSE,TRUE
Young_4_GTAGGCGAGAAAGCAT-1,Young,FAP2,0.842402058418828,0,-10.0245315761118,2.45358135537006,FALSE,TRUE
Young_4_GTCTAATCACCCTCAC-1,Young,FAP2,0.842402081285324,0,-10.0248825282602,2.46850397423602,FALSE,TRUE
Young_4_GTTAACGGTCGCAATA-1,Young,FAP2,0.84240210415182,0,-9.9304096431284,2.68049623802997,FALSE,TRUE
Young_4_GTTCACCTCGTACCGA-1,Young,FAP2,0.842402127018316,0,-10.2617485255747,2.3565018399129,FALSE,TRUE
Young_4_GTTCACCTCTAATCCT-1,Young,FAP2,0.842402149884813,1.38629436111989,-9.98578378863621,2.53304316834308,FALSE,TRUE
Young_4_GTTGGCGGTAGCAGCT-1,Young,FAP2,0.842402172751309,0.693147180559945,-10.0009653300791,2.58399393395282,FALSE,TRUE
Young_4_TAACCGGTCTCAATAG-1,Young,FAP2,0.842402195617805,0,-10.1540434093027,2.47016622856952,FALSE,TRUE
Young_4_TAAGCCTAGCATTTCT-1,Young,FAP2,0.842402218484302,0,-10.2434065074472,2.35148265198566,FALSE,TRUE
Young_4_TAGTACGGTTTGTGGA-1,Young,FAP2,0.842402241350798,0.693147180559945,-10.2521764964609,2.38989116982318,FALSE,TRUE
Young_4_TATCACGCAGGCCAAA-1,Young,FAP2,0.842402264217294,0.693147180559945,-10.1798193187265,2.40868594483234,FALSE,TRUE
Young_4_TATCGCGAGTTGTCTT-1,Young,FAP2,0.84240228708379,0,-9.84381029315281,2.69281771019794,FALSE,TRUE
Young_4_TCATTACTCCTCCATA-1,Young,FAP2,0.842402309950287,1.09861228866811,-10.2178652019053,2.41238095597125,FALSE,TRUE
Young_4_TCGCGCACAGATAGAC-1,Young,FAP2,0.842402332816783,0,-10.1390001506357,2.43245937661029,FALSE,TRUE
Young_4_TCGGTAAGTTTCCTCC-1,Young,FAP2,0.842402355683279,0.693147180559945,-9.75707552142429,2.59581878022052,FALSE,TRUE
Young_4_TGAAACTGTAATAACC-1,Young,FAP2,0.842402378549775,0,-10.207324239686,2.37656166390277,FALSE,TRUE
Young_4_TGCTGGATCTTTGACT-1,Young,FAP2,0.842402401416272,0.693147180559945,-10.0403463573008,2.53329613045551,FALSE,TRUE
Young_4_TGTGCTGAGCTTCCCG-1,Young,FAP2,0.842402424282768,0.693147180559945,-10.119189474061,2.44262029961444,FALSE,TRUE
Young_4_TTACCTGTCACCTGCT-1,Young,FAP2,0.842402447149264,0,-10.179697248414,2.40566732720233,FALSE,TRUE
Young_4_TTACGTTTCACTAAGC-1,Young,FAP2,0.84240247001576,0,-10.161935064271,2.38150145844318,FALSE,TRUE
Young_4_TTAGACTCACTAGCGT-1,Young,FAP2,0.842402492882257,0,-10.1880657405405,2.38981392220355,FALSE,TRUE
Young_4_TTAGCGGTCGATTATG-1,Young,FAP2,0.842402515748753,0,-10.2009861201792,2.38075568512775,FALSE,TRUE
Young_4_TTATTGCTCTTGAGGT-1,Young,FAP2,0.842402538615249,0,-9.73096868701267,2.49551346138812,FALSE,TRUE
Young_4_TTGCATTTCATAGACC-1,Young,FAP2,0.842402561481745,0,-10.1445705623179,2.39950516060687,FALSE,TRUE
Young_4_TTGCGAGTCGTTACTT-1,Young,FAP2,0.842402584348242,0,-10.0248491496592,2.52849247292377,FALSE,TRUE
Young_4_TTTCGTCCAAGGTCGA-1,Young,FAP2,0.842402607214738,0.693147180559945,-10.1777498454599,2.46027614907123,FALSE,TRUE
Young_4_TTTCGTCCACCAGCAT-1,Young,FAP2,0.842402630081234,0,-10.2600080699472,2.35132672623492,FALSE,TRUE
Young_4_TTTGTGAAGTAGCTTA-1,Young,FAP2,0.84240265294773,0,-9.54855177111912,2.33948423699237,FALSE,TRUE
Young_5_GCCTGACAGCGCCTAA-1,Young,FAP2,0.842402675814227,1.09861228866811,-10.2250768870859,2.36696102455951,FALSE,TRUE
Young_5_GGAAACTCAGCTACGT-1,Young,FAP2,0.842402698680723,0,-10.1047775477915,2.47522237137653,FALSE,TRUE
Young_5_TGAGGAGGTTACCTGT-1,Young,FAP2,0.842402721547219,0.693147180559945,-9.91539308734226,2.47079517678119,FALSE,TRUE
Young_5_TGATCCTGTACCAGGT-1,Young,FAP2,0.842402744413715,0,-10.2371217937021,2.35396768883563,FALSE,TRUE
Young_4_CGTTAGGTCTGTTCAT-1,Young,FAP1,0.852453349959334,0.693147180559945,-5.64652797885227,3.943640731133,TRUE,TRUE
Young_2_AGATGAAGTTACAAAC-1,Young,FAP1,0.855064319595681,0.693147180559945,-5.49806234545994,3.9150693638692,TRUE,TRUE
Young_5_AGGATGCAGTCAATTG-1,Young,FAP2,0.855706785704316,0.693147180559945,-8.20074484057713,3.15726163224078,FALSE,TRUE
Young_2_TGTATCCGTCCACAAA-1,Young,FAP1,0.862716404922532,0,-5.72777912326145,3.96937610939838,TRUE,TRUE
Young_1_TAGCTAATCCTCCTAA-1,Young,FAP1,0.909682327243089,0,-5.64714214511204,3.99320056275226,TRUE,TRUE
Young_3_AAATCCGGTTTGGCTT-1,Young,FAP1,0.922336558639753,0,-5.62638065524388,3.99982001618243,TRUE,TRUE
